transaction_id,transaction_date,amount,currency,vendor_id,gst_applicable,gst_slab,itc_eligible,is_anomaly
NTX0000001,01-04-2024,2016.36,INR,V0033,TRUE,5%,FALSE,0
NTX0000002,01-04-2024,8530.6,INR,V0005,TRUE,18%,TRUE,0
NTX0000003,01-04-2024,33181.64,INR,V0014,TRUE,18%,TRUE,0
NTX0000004,01-04-2024,14510.68,INR,V0004,TRUE,18%,TRUE,0
NTX0000005,01-04-2024,4667.38,INR,V0021,TRUE,5%,FALSE,0
NTX0000006,01-04-2024,8319.7,INR,V0017,TRUE,18%,TRUE,0
NTX0000007,01-04-2024,73249.36,INR,V0003,TRUE,18%,TRUE,0
NTX0000008,01-04-2024,15495.94,INR,V0002,TRUE,18%,TRUE,0
NTX0000009,01-04-2024,29368.62,INR,V0027,TRUE,18%,TRUE,0
NTX0000010,01-04-2024,2724.11,INR,V0009,FALSE,exempt,FALSE,0
NTX0000011,01-04-2024,4857.02,INR,V0011,TRUE,12%,TRUE,0
NTX0000012,01-04-2024,13229.56,INR,V0004,TRUE,18%,TRUE,0
NTX0000013,01-04-2024,80699.69,INR,V0031,TRUE,18%,TRUE,0
NTX0000014,01-04-2024,92197.7,INR,V0013,TRUE,18%,TRUE,0
NTX0000015,01-04-2024,2364.41,INR,V0033,TRUE,5%,FALSE,0
NTX0000016,01-04-2024,7446.14,INR,V0004,TRUE,18%,TRUE,0
NTX0000017,01-04-2024,14433.4,INR,V0002,TRUE,18%,TRUE,0
NTX0000018,02-04-2024,6677.36,INR,V0019,TRUE,12%,TRUE,0
NTX0000019,02-04-2024,29876.57,INR,V0023,TRUE,18%,TRUE,1
NTX0000020,02-04-2024,25029.84,INR,V0032,TRUE,18%,TRUE,0
NTX0000021,02-04-2024,2566.29,INR,V0022,FALSE,exempt,FALSE,0
NTX0000022,02-04-2024,7469.02,INR,V0001,TRUE,18%,TRUE,0
NTX0000023,02-04-2024,5639.82,INR,V0025,TRUE,12%,TRUE,0
NTX0000024,02-04-2024,10662.28,INR,V0025,TRUE,12%,TRUE,0
NTX0000025,02-04-2024,6047.62,INR,V0012,TRUE,5%,FALSE,0
NTX0000026,02-04-2024,5228.54,INR,V0025,TRUE,12%,TRUE,0
NTX0000027,02-04-2024,5640.66,INR,V0021,TRUE,5%,FALSE,0
NTX0000028,03-04-2024,10480.89,INR,V0015,TRUE,5%,TRUE,1
NTX0000029,03-04-2024,10937,INR,V0002,TRUE,18%,TRUE,0
NTX0000030,03-04-2024,6522.1,INR,V0019,TRUE,12%,TRUE,0
NTX0000031,03-04-2024,6772.84,INR,V0012,TRUE,5%,FALSE,0
NTX0000032,03-04-2024,35095.72,INR,V0027,TRUE,18%,TRUE,0
NTX0000033,03-04-2024,7733.36,INR,V0012,TRUE,5%,FALSE,0
NTX0000034,03-04-2024,32134.03,INR,V0014,TRUE,18%,TRUE,0
NTX0000035,03-04-2024,63757.74,INR,V0013,TRUE,18%,TRUE,0
NTX0000036,03-04-2024,2797.94,INR,V0009,FALSE,exempt,FALSE,0
NTX0000037,03-04-2024,30363.46,INR,V0017,TRUE,18%,TRUE,0
NTX0000038,03-04-2024,41156.01,INR,V0028,TRUE,18%,TRUE,0
NTX0000039,03-04-2024,4621.04,INR,V0029,TRUE,5%,FALSE,0
NTX0000040,03-04-2024,5271.51,INR,V0025,TRUE,12%,TRUE,0
NTX0000041,03-04-2024,103762.36,INR,V0003,TRUE,18%,TRUE,0
NTX0000042,04-04-2024,14220.85,INR,V0004,TRUE,18%,TRUE,0
NTX0000043,04-04-2024,93721.83,INR,V0013,TRUE,18%,TRUE,0
NTX0000044,04-04-2024,3998.22,INR,V0011,TRUE,12%,TRUE,0
NTX0000045,04-04-2024,7583.01,INR,V0001,TRUE,18%,TRUE,0
NTX0000046,04-04-2024,12258.91,INR,V0004,TRUE,18%,TRUE,0
NTX0000047,04-04-2024,15503.15,INR,V0017,TRUE,18%,TRUE,0
NTX0000048,04-04-2024,21390.09,INR,V0006,TRUE,18%,unknown,0
NTX0000049,04-04-2024,54527.17,INR,V0010,TRUE,18%,TRUE,0
NTX0000050,04-04-2024,22817.81,INR,V0006,TRUE,18%,unknown,0
NTX0000051,04-04-2024,96039.33,INR,V0013,TRUE,18%,TRUE,0
NTX0000052,04-04-2024,7799.18,INR,V0029,TRUE,5%,FALSE,0
NTX0000053,04-04-2024,36980.94,INR,V0032,TRUE,18%,TRUE,0
NTX0000054,04-04-2024,3713.11,INR,V0016,TRUE,5%,FALSE,0
NTX0000055,04-04-2024,33246.44,INR,V0032,TRUE,18%,TRUE,0
NTX0000056,04-04-2024,28458.46,INR,V0027,TRUE,18%,TRUE,0
NTX0000057,04-04-2024,16317.41,INR,V0006,TRUE,18%,unknown,0
NTX0000058,04-04-2024,25623.88,INR,V0015,TRUE,18%,TRUE,0
NTX0000059,05-04-2024,3609.58,INR,V0016,TRUE,5%,FALSE,0
NTX0000060,05-04-2024,5184.16,INR,V0025,TRUE,12%,TRUE,0
NTX0000061,05-04-2024,6468.06,INR,V0029,TRUE,5%,FALSE,0
NTX0000062,05-04-2024,2622.81,INR,V0033,TRUE,5%,FALSE,0
NTX0000063,05-04-2024,44583.5,INR,V0030,TRUE,18%,unknown,0
NTX0000064,05-04-2024,25389.43,INR,V0030,TRUE,18%,unknown,0
NTX0000065,05-04-2024,2155.86,INR,V0033,TRUE,5%,FALSE,0
NTX0000066,05-04-2024,10351.71,INR,V0005,TRUE,18%,TRUE,0
NTX0000067,05-04-2024,6088.22,INR,V0029,TRUE,5%,FALSE,0
NTX0000068,05-04-2024,38264.57,INR,V0027,TRUE,18%,TRUE,0
NTX0000069,05-04-2024,6820.07,INR,V0001,TRUE,18%,TRUE,0
NTX0000070,05-04-2024,13830.89,INR,V0017,TRUE,18%,TRUE,0
NTX0000071,05-04-2024,33646.17,INR,V0032,TRUE,18%,TRUE,0
NTX0000072,05-04-2024,8838.1,INR,V0019,TRUE,12%,TRUE,0
NTX0000073,05-04-2024,5169.1,INR,V0012,TRUE,5%,FALSE,0
NTX0000074,06-04-2024,14401.44,INR,V0002,TRUE,18%,TRUE,0
NTX0000075,06-04-2024,134557.18,INR,V0003,TRUE,18%,TRUE,0
NTX0000076,06-04-2024,5869.41,INR,V0025,TRUE,12%,TRUE,0
NTX0000077,06-04-2024,12711.16,INR,V0017,TRUE,18%,TRUE,0
NTX0000078,06-04-2024,4489.05,INR,V0005,TRUE,18%,TRUE,0
NTX0000079,06-04-2024,5041.48,INR,V0029,TRUE,5%,FALSE,0
NTX0000080,06-04-2024,39755.03,INR,V0014,TRUE,18%,TRUE,0
NTX0000081,06-04-2024,36659.9,INR,V0032,TRUE,18%,TRUE,0
NTX0000082,06-04-2024,3691.54,INR,V0007,TRUE,5%,FALSE,0
NTX0000083,06-04-2024,6892.62,INR,V0018,TRUE,18%,TRUE,0
NTX0000084,06-04-2024,22512.09,INR,V0023,TRUE,18%,unknown,0
NTX0000085,06-04-2024,5767.34,INR,V0011,TRUE,12%,TRUE,0
NTX0000086,07-04-2024,75135.23,INR,V0031,TRUE,18%,TRUE,0
NTX0000087,07-04-2024,23675.3,INR,V0027,TRUE,18%,TRUE,0
NTX0000088,07-04-2024,22868.44,INR,V0030,TRUE,18%,unknown,0
NTX0000089,07-04-2024,4448.55,INR,V0024,FALSE,exempt,FALSE,0
NTX0000090,07-04-2024,4042.46,INR,V0029,TRUE,5%,FALSE,0
NTX0000091,07-04-2024,10953.49,INR,V0002,TRUE,18%,TRUE,0
NTX0000092,07-04-2024,7589.14,INR,V0018,TRUE,18%,TRUE,0
NTX0000093,07-04-2024,3002.19,INR,V0033,TRUE,5%,FALSE,0
NTX0000094,07-04-2024,44795.05,INR,V0032,TRUE,18%,TRUE,0
NTX0000095,07-04-2024,8175.34,INR,V0005,TRUE,18%,TRUE,0
NTX0000096,07-04-2024,70256.16,INR,V0013,TRUE,18%,TRUE,0
NTX0000097,07-04-2024,6343.66,INR,V0005,TRUE,18%,TRUE,0
NTX0000098,08-04-2024,10821.85,INR,V0018,TRUE,18%,TRUE,0
NTX0000099,08-04-2024,27449.97,INR,V0014,TRUE,18%,TRUE,0
NTX0000100,08-04-2024,9951.68,INR,V0015,TRUE,18%,TRUE,0
NTX0000101,08-04-2024,5565.56,INR,V0025,TRUE,12%,TRUE,0
NTX0000102,08-04-2024,6753.03,INR,V0015,TRUE,18%,TRUE,0
NTX0000103,08-04-2024,3362.85,INR,V0012,TRUE,5%,FALSE,0
NTX0000104,08-04-2024,8404.1,INR,V0005,TRUE,18%,TRUE,0
NTX0000105,08-04-2024,4600.97,INR,V0021,TRUE,5%,FALSE,0
NTX0000106,08-04-2024,159611.72,INR,V0031,TRUE,18%,TRUE,0
NTX0000107,08-04-2024,13193.85,INR,V0015,TRUE,18%,TRUE,0
NTX0000108,08-04-2024,7057.58,INR,V0008,TRUE,18%,TRUE,0
NTX0000109,08-04-2024,85894.74,INR,V0013,TRUE,18%,TRUE,0
NTX0000110,09-04-2024,11087.72,INR,V0002,TRUE,18%,TRUE,0
NTX0000111,09-04-2024,10506.37,INR,V0002,TRUE,18%,TRUE,0
NTX0000112,09-04-2024,3202.22,INR,V0033,TRUE,28%,FALSE,1
NTX0000113,09-04-2024,51476.19,INR,V0014,TRUE,18%,TRUE,0
NTX0000114,09-04-2024,5340.9,INR,V0001,TRUE,18%,TRUE,0
NTX0000115,09-04-2024,11353.43,INR,V0002,TRUE,18%,TRUE,0
NTX0000116,09-04-2024,28856.58,INR,V0023,TRUE,18%,unknown,0
NTX0000117,09-04-2024,80073.1,INR,V0013,TRUE,18%,TRUE,0
NTX0000118,09-04-2024,9729.35,INR,V0019,TRUE,12%,TRUE,0
NTX0000119,09-04-2024,46155.95,INR,V0014,TRUE,18%,TRUE,0
NTX0000120,09-04-2024,213772.64,INR,V0032,TRUE,18%,TRUE,1
NTX0000121,09-04-2024,28173.14,INR,V0032,TRUE,18%,TRUE,0
NTX0000122,10-04-2024,16930.65,INR,V0017,TRUE,18%,TRUE,0
NTX0000123,10-04-2024,3096.66,INR,V0022,FALSE,exempt,FALSE,0
NTX0000124,10-04-2024,9079.68,INR,V0015,TRUE,18%,TRUE,0
NTX0000125,10-04-2024,3548.58,INR,V0016,TRUE,5%,FALSE,0
NTX0000126,10-04-2024,110576.3,INR,V0013,TRUE,18%,TRUE,0
NTX0000127,10-04-2024,35480,INR,V0014,TRUE,18%,TRUE,0
NTX0000128,10-04-2024,116338.95,INR,V0013,TRUE,18%,TRUE,0
NTX0000129,10-04-2024,38863.77,INR,V0010,TRUE,18%,TRUE,0
NTX0000130,10-04-2024,33016.21,INR,V0032,TRUE,18%,TRUE,0
NTX0000131,10-04-2024,33477,INR,V0030,TRUE,18%,unknown,0
NTX0000132,10-04-2024,9281.64,INR,V0017,TRUE,18%,TRUE,0
NTX0000133,11-04-2024,55626.94,INR,V0027,TRUE,18%,TRUE,0
NTX0000134,11-04-2024,10550.82,INR,V0002,TRUE,18%,TRUE,0
NTX0000135,11-04-2024,89008.66,INR,V0003,TRUE,18%,TRUE,0
NTX0000136,11-04-2024,3871.85,INR,V0008,TRUE,18%,TRUE,0
NTX0000137,11-04-2024,3350.37,INR,V0026,TRUE,5%,FALSE,0
NTX0000138,11-04-2024,35520.88,INR,V0003,TRUE,18%,TRUE,0
NTX0000139,11-04-2024,5130.84,INR,V0025,TRUE,12%,TRUE,0
NTX0000140,11-04-2024,100918.1,INR,V0031,TRUE,18%,TRUE,0
NTX0000141,11-04-2024,49331.82,INR,V0013,TRUE,18%,TRUE,0
NTX0000142,11-04-2024,34896.65,INR,V0028,TRUE,18%,TRUE,0
NTX0000143,11-04-2024,35738.12,INR,V0027,TRUE,18%,TRUE,0
NTX0000144,11-04-2024,31818.14,INR,V0010,TRUE,18%,TRUE,0
NTX0000145,11-04-2024,83735.96,INR,V0013,TRUE,18%,TRUE,0
NTX0000146,11-04-2024,3437.19,INR,V0016,TRUE,5%,FALSE,0
NTX0000147,12-04-2024,2803.82,INR,V0024,FALSE,exempt,FALSE,0
NTX0000148,12-04-2024,71102.06,INR,V0013,TRUE,18%,TRUE,0
NTX0000149,12-04-2024,36513.45,INR,V0032,TRUE,18%,TRUE,0
NTX0000150,12-04-2024,4066.24,INR,V0020,TRUE,5%,FALSE,0
NTX0000151,12-04-2024,30103.23,INR,V0032,TRUE,18%,TRUE,0
NTX0000152,12-04-2024,34265.24,INR,V0028,TRUE,18%,TRUE,0
NTX0000153,12-04-2024,9324.82,INR,V0029,TRUE,5%,FALSE,0
NTX0000154,12-04-2024,29679.47,INR,V0028,TRUE,18%,TRUE,0
NTX0000155,12-04-2024,16464.87,INR,V0017,TRUE,18%,TRUE,0
NTX0000156,12-04-2024,100796.57,INR,V0031,TRUE,18%,TRUE,0
NTX0000157,12-04-2024,17511.08,INR,V0006,TRUE,18%,unknown,0
NTX0000158,12-04-2024,7666.19,INR,V0018,TRUE,18%,TRUE,0
NTX0000159,12-04-2024,8585.87,INR,V0025,TRUE,12%,TRUE,0
NTX0000160,12-04-2024,30965.69,INR,V0014,TRUE,18%,TRUE,0
NTX0000161,13-04-2024,12981.64,INR,V0002,TRUE,18%,TRUE,0
NTX0000162,13-04-2024,26605.39,INR,V0027,TRUE,18%,TRUE,0
NTX0000163,13-04-2024,4106.89,INR,V0012,TRUE,5%,FALSE,0
NTX0000164,13-04-2024,3917.62,INR,V0007,TRUE,5%,FALSE,0
NTX0000165,13-04-2024,10191.83,INR,V0002,TRUE,18%,TRUE,0
NTX0000166,13-04-2024,11308.52,INR,V0015,TRUE,18%,TRUE,0
NTX0000167,13-04-2024,5896.2,INR,V0018,TRUE,18%,TRUE,0
NTX0000168,13-04-2024,4871.67,INR,V0009,FALSE,exempt,FALSE,0
NTX0000169,13-04-2024,74718.73,INR,V0003,TRUE,18%,TRUE,0
NTX0000170,13-04-2024,87762.08,INR,V0003,TRUE,18%,TRUE,0
NTX0000171,13-04-2024,3092.81,INR,V0007,TRUE,5%,FALSE,0
NTX0000172,13-04-2024,10665.94,INR,V0012,TRUE,5%,FALSE,0
NTX0000173,13-04-2024,4496.37,INR,V0012,TRUE,5%,FALSE,0
NTX0000174,14-04-2024,44510.78,INR,V0028,TRUE,18%,TRUE,0
NTX0000175,14-04-2024,135600.26,INR,V0003,TRUE,18%,TRUE,0
NTX0000176,14-04-2024,82052.49,INR,V0031,TRUE,18%,TRUE,0
NTX0000177,14-04-2024,13037.14,INR,V0004,TRUE,18%,TRUE,0
NTX0000178,14-04-2024,10986.83,INR,V0008,TRUE,5%,TRUE,1
NTX0000179,14-04-2024,92504.51,INR,V0013,TRUE,18%,TRUE,0
NTX0000180,14-04-2024,57374.82,INR,V0031,TRUE,18%,TRUE,0
NTX0000181,14-04-2024,11602.58,INR,V0005,TRUE,18%,TRUE,0
NTX0000182,14-04-2024,2602.13,INR,V0026,TRUE,5%,FALSE,0
NTX0000183,14-04-2024,9433.59,INR,V0001,TRUE,18%,TRUE,0
NTX0000184,14-04-2024,5225.25,INR,V0011,TRUE,12%,TRUE,0
NTX0000185,15-04-2024,5841.09,INR,V0011,TRUE,12%,TRUE,0
NTX0000186,15-04-2024,41239.25,INR,V0032,TRUE,18%,TRUE,0
NTX0000187,15-04-2024,44283.63,INR,V0027,TRUE,18%,TRUE,0
NTX0000188,15-04-2024,59567.96,INR,V0010,TRUE,18%,TRUE,0
NTX0000189,15-04-2024,6052.76,INR,V0012,TRUE,5%,FALSE,0
NTX0000190,15-04-2024,6956.02,INR,V0018,TRUE,18%,TRUE,0
NTX0000191,15-04-2024,4799.3,INR,V0019,TRUE,12%,TRUE,0
NTX0000192,15-04-2024,2329.15,INR,V0016,TRUE,5%,FALSE,0
NTX0000193,16-04-2024,44794.56,INR,V0028,TRUE,18%,TRUE,0
NTX0000194,16-04-2024,5151.16,INR,V0012,TRUE,5%,FALSE,0
NTX0000195,16-04-2024,71421.28,INR,V0019,TRUE,12%,TRUE,1
NTX0000196,16-04-2024,39231.78,INR,V0010,TRUE,18%,TRUE,0
NTX0000197,16-04-2024,3454.32,INR,V0016,TRUE,5%,FALSE,0
NTX0000198,16-04-2024,90724.34,INR,V0003,TRUE,18%,TRUE,0
NTX0000199,16-04-2024,10996.09,INR,V0002,TRUE,18%,TRUE,0
NTX0000200,16-04-2024,74615.97,INR,V0003,TRUE,18%,TRUE,0
NTX0000201,16-04-2024,34311.11,INR,V0010,TRUE,18%,TRUE,0
NTX0000202,16-04-2024,87610.2,INR,V0013,TRUE,18%,TRUE,0
NTX0000203,16-04-2024,9083.96,INR,V0030,TRUE,18%,unknown,0
NTX0000204,16-04-2024,67341.91,INR,V0013,TRUE,18%,TRUE,0
NTX0000205,16-04-2024,27616.08,INR,V0023,TRUE,18%,unknown,0
NTX0000206,16-04-2024,98126.63,INR,V0013,TRUE,18%,TRUE,0
NTX0000207,17-04-2024,8126.16,INR,V0017,TRUE,18%,TRUE,0
NTX0000208,17-04-2024,5498.89,INR,V0005,TRUE,18%,TRUE,0
NTX0000209,17-04-2024,2622.06,INR,V0033,TRUE,5%,FALSE,0
NTX0000210,17-04-2024,36927.56,INR,V0032,TRUE,18%,TRUE,0
NTX0000211,17-04-2024,8734.79,INR,V0017,TRUE,18%,TRUE,0
NTX0000212,17-04-2024,4167.05,INR,V0016,TRUE,5%,FALSE,0
NTX0000213,17-04-2024,65723.7,INR,V0013,TRUE,18%,TRUE,0
NTX0000214,17-04-2024,12152.66,INR,V0001,TRUE,18%,TRUE,0
NTX0000215,17-04-2024,10234.96,INR,V0004,TRUE,18%,TRUE,0
NTX0000216,17-04-2024,31916.63,INR,V0027,TRUE,18%,TRUE,0
NTX0000217,17-04-2024,5579.75,INR,V0011,TRUE,12%,TRUE,0
NTX0000218,17-04-2024,23486.09,INR,V0006,TRUE,18%,unknown,0
NTX0000219,17-04-2024,54614.97,INR,V0028,TRUE,18%,TRUE,0
NTX0000220,18-04-2024,8111.19,INR,V0025,TRUE,12%,TRUE,0
NTX0000221,18-04-2024,20289.49,INR,V0028,TRUE,18%,TRUE,0
NTX0000222,18-04-2024,8370.69,INR,V0001,TRUE,18%,unknown,1
NTX0000223,18-04-2024,14429.47,INR,V0015,TRUE,18%,TRUE,0
NTX0000224,18-04-2024,4414.68,INR,V0025,TRUE,12%,TRUE,0
NTX0000225,18-04-2024,238348.64,INR,V0014,TRUE,18%,TRUE,1
NTX0000226,18-04-2024,3756.97,INR,V0024,FALSE,exempt,FALSE,0
NTX0000227,18-04-2024,12357.25,INR,V0002,TRUE,18%,TRUE,0
NTX0000228,18-04-2024,5259.74,INR,V0011,TRUE,12%,TRUE,0
NTX0000229,18-04-2024,76749.94,INR,V0013,TRUE,18%,TRUE,0
NTX0000230,18-04-2024,33206.42,INR,V0032,TRUE,18%,TRUE,0
NTX0000231,18-04-2024,40595.98,INR,V0027,TRUE,18%,TRUE,0
NTX0000232,19-04-2024,12119.27,INR,V0015,TRUE,18%,TRUE,0
NTX0000233,19-04-2024,18771.31,INR,V0006,TRUE,18%,unknown,0
NTX0000234,19-04-2024,7063.33,INR,V0001,TRUE,18%,TRUE,0
NTX0000235,19-04-2024,3353.57,INR,V0007,TRUE,5%,FALSE,0
NTX0000236,19-04-2024,19969.28,INR,V0030,TRUE,18%,unknown,0
NTX0000237,19-04-2024,62387.84,INR,V0021,TRUE,5%,FALSE,1
NTX0000238,19-04-2024,4945.09,INR,V0025,TRUE,12%,TRUE,0
NTX0000239,19-04-2024,3795.17,INR,V0007,TRUE,5%,FALSE,0
NTX0000240,19-04-2024,4820.21,INR,V0020,TRUE,5%,FALSE,0
NTX0000241,19-04-2024,24995.08,INR,V0027,TRUE,18%,TRUE,0
NTX0000242,19-04-2024,6570.66,INR,V0008,TRUE,18%,TRUE,0
NTX0000243,19-04-2024,5588.31,INR,V0029,TRUE,5%,FALSE,0
NTX0000244,19-04-2024,18253.7,INR,V0023,TRUE,18%,unknown,0
NTX0000245,19-04-2024,32797.19,INR,V0028,TRUE,18%,TRUE,0
NTX0000246,19-04-2024,31584.24,INR,V0027,TRUE,18%,TRUE,0
NTX0000247,19-04-2024,4400.92,INR,V0011,TRUE,12%,TRUE,0
NTX0000248,19-04-2024,26759.74,INR,V0032,TRUE,18%,TRUE,0
NTX0000249,19-04-2024,43284.39,INR,V0027,TRUE,18%,TRUE,0
NTX0000250,20-04-2024,76553.22,INR,V0031,TRUE,18%,TRUE,0
NTX0000251,20-04-2024,17626.96,INR,V0023,TRUE,18%,unknown,0
NTX0000252,20-04-2024,10952.56,INR,V0015,TRUE,18%,TRUE,0
NTX0000253,20-04-2024,5726.54,INR,V0005,TRUE,18%,TRUE,0
NTX0000254,20-04-2024,12847.73,INR,V0017,TRUE,18%,TRUE,0
NTX0000255,20-04-2024,12156.3,INR,V0017,TRUE,18%,TRUE,0
NTX0000256,20-04-2024,42130.26,INR,V0027,TRUE,18%,TRUE,0
NTX0000257,20-04-2024,39859.05,INR,V0014,TRUE,18%,TRUE,0
NTX0000258,20-04-2024,31502.89,INR,V0006,TRUE,18%,unknown,0
NTX0000259,20-04-2024,143028.91,INR,V0013,TRUE,18%,TRUE,0
NTX0000260,20-04-2024,23798.88,INR,V0006,TRUE,18%,unknown,0
NTX0000261,20-04-2024,133516.69,INR,V0031,TRUE,18%,TRUE,0
NTX0000262,20-04-2024,21105.71,INR,V0027,TRUE,18%,TRUE,0
NTX0000263,20-04-2024,24997.68,INR,V0027,TRUE,18%,TRUE,0
NTX0000264,20-04-2024,28783.04,INR,V0010,TRUE,18%,TRUE,0
NTX0000265,20-04-2024,47782.45,INR,V0032,TRUE,18%,TRUE,0
NTX0000266,20-04-2024,5863.44,INR,V0011,TRUE,12%,TRUE,0
NTX0000267,21-04-2024,24691.41,INR,V0006,TRUE,18%,unknown,0
NTX0000268,21-04-2024,2375.12,INR,V0026,TRUE,5%,FALSE,0
NTX0000269,21-04-2024,111495.08,INR,V0013,TRUE,18%,TRUE,0
NTX0000270,21-04-2024,20238.39,INR,V0030,TRUE,18%,unknown,0
NTX0000271,21-04-2024,98992.7,INR,V0013,TRUE,18%,TRUE,0
NTX0000272,21-04-2024,24109.12,INR,V0030,TRUE,18%,unknown,0
NTX0000273,21-04-2024,5437.4,INR,V0011,TRUE,12%,TRUE,0
NTX0000274,21-04-2024,22702.61,INR,V0032,TRUE,18%,TRUE,0
NTX0000275,21-04-2024,11079.33,INR,V0015,TRUE,18%,TRUE,0
NTX0000276,21-04-2024,5938.09,INR,V0017,TRUE,18%,TRUE,0
NTX0000277,21-04-2024,64911.24,INR,V0013,TRUE,18%,TRUE,0
NTX0000278,21-04-2024,26344.87,INR,V0006,TRUE,18%,unknown,0
NTX0000279,21-04-2024,26972.5,INR,V0027,TRUE,18%,TRUE,0
NTX0000280,21-04-2024,11347.23,INR,V0004,TRUE,18%,unknown,1
NTX0000281,21-04-2024,17474.8,INR,V0006,TRUE,18%,unknown,0
NTX0000282,21-04-2024,12128.66,INR,V0015,TRUE,18%,TRUE,0
NTX0000283,22-04-2024,63404.73,INR,V0013,TRUE,18%,TRUE,0
NTX0000284,22-04-2024,26437.06,INR,V0014,TRUE,18%,TRUE,0
NTX0000285,22-04-2024,62446.73,INR,V0031,TRUE,18%,TRUE,0
NTX0000286,22-04-2024,4810.25,INR,V0022,FALSE,28%,FALSE,1
NTX0000287,22-04-2024,39880.96,INR,V0031,TRUE,18%,TRUE,0
NTX0000288,22-04-2024,25629.28,INR,V0027,TRUE,18%,TRUE,0
NTX0000289,22-04-2024,8261.14,INR,V0025,TRUE,12%,TRUE,0
NTX0000290,22-04-2024,5795.17,INR,V0011,TRUE,12%,TRUE,0
NTX0000291,22-04-2024,72901.58,INR,V0003,TRUE,18%,TRUE,0
NTX0000292,22-04-2024,75197.97,INR,V0013,TRUE,18%,TRUE,0
NTX0000293,22-04-2024,8187.87,INR,V0019,TRUE,12%,TRUE,0
NTX0000294,22-04-2024,52198.76,INR,V0031,TRUE,18%,TRUE,0
NTX0000295,22-04-2024,8476.84,INR,V0001,TRUE,18%,TRUE,0
NTX0000296,22-04-2024,37240.07,INR,V0027,TRUE,18%,TRUE,0
NTX0000297,23-04-2024,47202.99,INR,V0010,TRUE,18%,TRUE,0
NTX0000298,23-04-2024,37940.07,INR,V0014,TRUE,18%,TRUE,0
NTX0000299,23-04-2024,142333.57,INR,V0013,TRUE,18%,TRUE,0
NTX0000300,23-04-2024,51023.12,INR,V0028,TRUE,18%,TRUE,0
NTX0000301,23-04-2024,52729.67,INR,V0014,TRUE,18%,TRUE,0
NTX0000302,23-04-2024,6643.29,INR,V0008,TRUE,18%,TRUE,0
NTX0000303,23-04-2024,101998.22,INR,V0013,TRUE,18%,TRUE,0
NTX0000304,23-04-2024,76796.7,INR,V0003,TRUE,18%,TRUE,0
NTX0000305,23-04-2024,10957.48,INR,V0002,TRUE,18%,TRUE,0
NTX0000306,23-04-2024,22403.51,INR,V0014,TRUE,18%,TRUE,0
NTX0000307,23-04-2024,62607.37,INR,V0031,TRUE,18%,TRUE,0
NTX0000308,23-04-2024,156305.24,INR,V0003,TRUE,18%,TRUE,0
NTX0000309,23-04-2024,13167.02,INR,V0018,TRUE,18%,TRUE,0
NTX0000310,24-04-2024,6738.01,INR,V0008,TRUE,18%,TRUE,0
NTX0000311,24-04-2024,29358.39,INR,V0032,TRUE,18%,TRUE,0
NTX0000312,24-04-2024,85846.27,INR,V0013,TRUE,18%,TRUE,0
NTX0000313,24-04-2024,13995.43,INR,V0015,TRUE,18%,TRUE,0
NTX0000314,24-04-2024,29476.27,INR,V0014,TRUE,18%,TRUE,0
NTX0000315,24-04-2024,44968.16,INR,V0028,TRUE,18%,TRUE,0
NTX0000316,24-04-2024,3972.34,INR,V0033,TRUE,5%,FALSE,0
NTX0000317,24-04-2024,5620.43,INR,V0012,TRUE,5%,FALSE,0
NTX0000318,24-04-2024,14697.34,INR,V0002,TRUE,18%,TRUE,0
NTX0000319,24-04-2024,13978.81,INR,V0015,TRUE,18%,TRUE,0
NTX0000320,24-04-2024,121201.97,INR,V0031,TRUE,18%,TRUE,0
NTX0000321,24-04-2024,5687.22,INR,V0025,TRUE,12%,TRUE,0
NTX0000322,24-04-2024,2345.86,INR,V0026,TRUE,5%,FALSE,0
NTX0000323,24-04-2024,10018.25,INR,V0019,TRUE,12%,TRUE,0
NTX0000324,25-04-2024,2485.93,INR,V0026,TRUE,5%,FALSE,0
NTX0000325,25-04-2024,63353.75,INR,V0003,TRUE,18%,TRUE,0
NTX0000326,25-04-2024,7577.64,INR,V0001,TRUE,18%,TRUE,0
NTX0000327,25-04-2024,65335.17,INR,V0013,TRUE,18%,TRUE,0
NTX0000328,25-04-2024,3054.31,INR,V0016,TRUE,5%,FALSE,0
NTX0000329,25-04-2024,44740.33,INR,V0010,TRUE,18%,TRUE,0
NTX0000330,25-04-2024,87411.67,INR,V0013,TRUE,18%,TRUE,0
NTX0000331,25-04-2024,37971.7,INR,V0027,TRUE,18%,TRUE,0
NTX0000332,25-04-2024,80737.91,INR,V0031,TRUE,18%,TRUE,0
NTX0000333,25-04-2024,4629.23,INR,V0011,TRUE,12%,TRUE,0
NTX0000334,25-04-2024,4280.88,INR,V0019,TRUE,12%,TRUE,0
NTX0000335,25-04-2024,6458.14,INR,V0019,TRUE,12%,TRUE,0
NTX0000336,26-04-2024,36506.93,INR,V0028,TRUE,18%,TRUE,0
NTX0000337,26-04-2024,8851.38,INR,V0005,TRUE,12%,TRUE,1
NTX0000338,26-04-2024,598139.84,INR,V0032,TRUE,18%,TRUE,1
NTX0000339,26-04-2024,4682.45,INR,V0029,TRUE,5%,FALSE,0
NTX0000340,26-04-2024,27994.4,INR,V0027,TRUE,18%,TRUE,0
NTX0000341,26-04-2024,5899.44,INR,V0019,TRUE,12%,TRUE,0
NTX0000342,26-04-2024,63259.57,INR,V0013,TRUE,18%,TRUE,0
NTX0000343,26-04-2024,10348.49,INR,V0004,TRUE,18%,TRUE,0
NTX0000344,26-04-2024,5113.72,INR,V0025,TRUE,12%,TRUE,0
NTX0000345,26-04-2024,1941.83,INR,V0016,TRUE,5%,FALSE,0
NTX0000346,26-04-2024,61650,INR,V0013,TRUE,18%,TRUE,0
NTX0000347,26-04-2024,19474.49,INR,V0027,TRUE,18%,TRUE,0
NTX0000348,26-04-2024,37849.16,INR,V0014,TRUE,18%,TRUE,0
NTX0000349,26-04-2024,22139.38,INR,V0030,TRUE,18%,unknown,0
NTX0000350,27-04-2024,31012.05,INR,V0032,TRUE,18%,TRUE,0
NTX0000351,27-04-2024,25619.03,INR,V0010,TRUE,18%,TRUE,0
NTX0000352,27-04-2024,1897.86,INR,V0016,TRUE,5%,FALSE,0
NTX0000353,27-04-2024,6246.54,INR,V0019,TRUE,12%,TRUE,0
NTX0000354,27-04-2024,2450.58,INR,V0026,TRUE,5%,FALSE,0
NTX0000355,27-04-2024,67788.98,INR,V0031,TRUE,18%,TRUE,0
NTX0000356,27-04-2024,4954.63,INR,V0021,TRUE,5%,FALSE,0
NTX0000357,27-04-2024,107161.96,INR,V0003,TRUE,18%,TRUE,0
NTX0000358,27-04-2024,12889.27,INR,V0002,TRUE,18%,TRUE,0
NTX0000359,27-04-2024,10901.33,INR,V0018,TRUE,18%,TRUE,0
NTX0000360,27-04-2024,26659.94,INR,V0030,TRUE,18%,unknown,0
NTX0000361,27-04-2024,12167.44,INR,V0002,TRUE,18%,TRUE,0
NTX0000362,27-04-2024,15308.72,INR,V0015,TRUE,18%,TRUE,0
NTX0000363,27-04-2024,23107.1,INR,V0006,TRUE,18%,unknown,0
NTX0000364,27-04-2024,108538.44,INR,V0013,TRUE,18%,TRUE,0
NTX0000365,28-04-2024,6461.14,INR,V0001,TRUE,18%,TRUE,0
NTX0000366,28-04-2024,2364.35,INR,V0026,TRUE,5%,FALSE,0
NTX0000367,28-04-2024,4221.92,INR,V0024,FALSE,exempt,FALSE,0
NTX0000368,28-04-2024,5338,INR,V0019,TRUE,12%,TRUE,0
NTX0000369,28-04-2024,15285.51,INR,V0004,TRUE,18%,TRUE,0
NTX0000370,28-04-2024,4424.37,INR,V0012,TRUE,5%,FALSE,0
NTX0000371,28-04-2024,3040.13,INR,V0033,TRUE,5%,FALSE,0
NTX0000372,28-04-2024,29406.64,INR,V0027,TRUE,18%,TRUE,0
NTX0000373,28-04-2024,5431.71,INR,V0011,TRUE,12%,TRUE,0
NTX0000374,28-04-2024,7137.52,INR,V0008,TRUE,18%,TRUE,0
NTX0000375,28-04-2024,5544.29,INR,V0011,TRUE,12%,TRUE,0
NTX0000376,28-04-2024,11308.28,INR,V0030,TRUE,18%,unknown,0
NTX0000377,29-04-2024,3852.79,INR,V0011,TRUE,12%,TRUE,0
NTX0000378,29-04-2024,12129.85,INR,V0002,TRUE,18%,TRUE,0
NTX0000379,29-04-2024,7290.3,INR,V0019,TRUE,12%,TRUE,0
NTX0000380,29-04-2024,6382.92,INR,V0019,TRUE,12%,TRUE,0
NTX0000381,29-04-2024,1778.94,INR,V0026,TRUE,5%,FALSE,0
NTX0000382,29-04-2024,4488.18,INR,V0021,TRUE,5%,FALSE,0
NTX0000383,29-04-2024,25879.67,INR,V0010,TRUE,18%,TRUE,0
NTX0000384,29-04-2024,11866.46,INR,V0017,TRUE,18%,TRUE,0
NTX0000385,29-04-2024,5674.49,INR,V0020,TRUE,5%,FALSE,0
NTX0000386,29-04-2024,37160.46,INR,V0010,TRUE,18%,TRUE,0
NTX0000387,29-04-2024,16293.21,INR,V0015,TRUE,18%,TRUE,0
NTX0000388,29-04-2024,10742.57,INR,V0017,TRUE,18%,TRUE,0
NTX0000389,29-04-2024,3456.33,INR,V0021,TRUE,5%,FALSE,0
NTX0000390,30-04-2024,3277.64,INR,V0025,TRUE,12%,TRUE,0
NTX0000391,30-04-2024,55298.65,INR,V0013,TRUE,18%,TRUE,0
NTX0000392,30-04-2024,22992.65,INR,V0017,TRUE,18%,TRUE,0
NTX0000393,30-04-2024,3585.43,INR,V0016,TRUE,5%,FALSE,0
NTX0000394,30-04-2024,8115.6,INR,V0004,TRUE,18%,TRUE,0
NTX0000395,30-04-2024,7150.86,INR,V0011,TRUE,12%,TRUE,0
NTX0000396,30-04-2024,3913.13,INR,V0033,TRUE,5%,FALSE,0
NTX0000397,30-04-2024,64303.92,INR,V0031,TRUE,18%,TRUE,0
NTX0000398,30-04-2024,81971.99,INR,V0013,TRUE,18%,TRUE,0
NTX0000399,30-04-2024,40718.96,INR,V0031,TRUE,18%,TRUE,0
NTX0000400,30-04-2024,5125.99,INR,V0020,TRUE,5%,FALSE,0
NTX0000401,30-04-2024,10907.17,INR,V0001,TRUE,18%,TRUE,0
NTX0000402,01-05-2024,7020.15,INR,V0008,TRUE,18%,TRUE,0
NTX0000403,01-05-2024,5473.36,INR,V0019,TRUE,12%,TRUE,0
NTX0000404,01-05-2024,6086.61,INR,V0019,TRUE,12%,TRUE,0
NTX0000405,01-05-2024,9730.14,INR,V0017,TRUE,18%,TRUE,0
NTX0000406,02-05-2024,7251.98,INR,V0008,TRUE,12%,TRUE,1
NTX0000407,02-05-2024,9762.71,INR,V0018,TRUE,18%,TRUE,0
NTX0000408,02-05-2024,6714.18,INR,V0018,TRUE,18%,TRUE,0
NTX0000409,02-05-2024,22594.66,INR,V0023,TRUE,18%,unknown,0
NTX0000410,02-05-2024,5967.16,INR,V0025,TRUE,12%,TRUE,0
NTX0000411,02-05-2024,14545.89,INR,V0015,TRUE,18%,TRUE,0
NTX0000412,02-05-2024,5461.34,INR,V0018,TRUE,18%,TRUE,0
NTX0000413,02-05-2024,5102.27,INR,V0011,TRUE,12%,TRUE,0
NTX0000414,02-05-2024,4725.72,INR,V0019,TRUE,12%,TRUE,0
NTX0000415,02-05-2024,5672.23,INR,V0033,TRUE,5%,FALSE,0
NTX0000416,02-05-2024,3889.03,INR,V0033,TRUE,5%,FALSE,1
NTX0000417,02-05-2024,48384.48,INR,V0028,TRUE,18%,TRUE,0
NTX0000418,02-05-2024,9765.71,INR,V0002,TRUE,18%,TRUE,0
NTX0000419,02-05-2024,87594.95,INR,V0013,TRUE,18%,TRUE,0
NTX0000420,02-05-2024,8814.77,INR,V0002,TRUE,18%,TRUE,0
NTX0000421,02-05-2024,8452.06,INR,V0025,TRUE,12%,TRUE,0
NTX0000422,03-05-2024,3622.02,INR,V0021,TRUE,5%,FALSE,0
NTX0000423,03-05-2024,2268.83,INR,V0033,TRUE,5%,FALSE,0
NTX0000424,03-05-2024,73077.68,INR,V0005,TRUE,18%,TRUE,1
NTX0000425,03-05-2024,5008.07,INR,V0022,FALSE,exempt,FALSE,0
NTX0000426,03-05-2024,3787.62,INR,V0022,FALSE,exempt,FALSE,0
NTX0000427,03-05-2024,8812.8,INR,V0018,TRUE,18%,TRUE,0
NTX0000428,03-05-2024,10588.38,INR,V0018,TRUE,18%,TRUE,0
NTX0000429,03-05-2024,4402.03,INR,V0009,FALSE,exempt,FALSE,0
NTX0000430,03-05-2024,120675.31,INR,V0031,TRUE,18%,TRUE,0
NTX0000431,03-05-2024,16170.78,INR,V0017,TRUE,18%,TRUE,0
NTX0000432,03-05-2024,8701.71,INR,V0005,TRUE,18%,TRUE,0
NTX0000433,03-05-2024,7950.26,INR,V0017,TRUE,18%,TRUE,0
NTX0000434,04-05-2024,42506.81,INR,V0027,TRUE,18%,TRUE,0
NTX0000435,04-05-2024,8812.26,INR,V0008,TRUE,18%,TRUE,0
NTX0000436,04-05-2024,138950.76,INR,V0031,TRUE,18%,TRUE,0
NTX0000437,04-05-2024,2344.82,INR,V0033,TRUE,5%,FALSE,0
NTX0000438,04-05-2024,7062.93,INR,V0029,TRUE,5%,FALSE,0
NTX0000439,04-05-2024,5456.82,INR,V0011,TRUE,12%,TRUE,0
NTX0000440,04-05-2024,13376,INR,V0025,TRUE,12%,TRUE,0
NTX0000441,04-05-2024,4710.96,INR,V0025,TRUE,12%,TRUE,0
NTX0000442,04-05-2024,6315.15,INR,V0011,TRUE,12%,TRUE,0
NTX0000443,04-05-2024,7773.75,INR,V0025,TRUE,12%,TRUE,0
NTX0000444,04-05-2024,5048.24,INR,V0018,TRUE,18%,TRUE,0
NTX0000445,04-05-2024,64171.68,INR,V0008,TRUE,18%,TRUE,1
NTX0000446,04-05-2024,53046.89,INR,V0014,TRUE,18%,TRUE,0
NTX0000447,04-05-2024,9554.3,INR,V0005,TRUE,18%,TRUE,0
NTX0000448,04-05-2024,79922.43,INR,V0003,TRUE,18%,TRUE,0
NTX0000449,05-05-2024,30755.37,INR,V0006,TRUE,18%,unknown,0
NTX0000450,05-05-2024,12607.04,INR,V0008,TRUE,18%,TRUE,0
NTX0000451,05-05-2024,14418.51,INR,V0017,TRUE,18%,TRUE,0
NTX0000452,05-05-2024,2640.95,INR,V0024,FALSE,exempt,FALSE,0
NTX0000453,05-05-2024,28931.66,INR,V0028,TRUE,18%,TRUE,0
NTX0000454,05-05-2024,6482.41,INR,V0011,TRUE,12%,TRUE,0
NTX0000455,05-05-2024,12317.98,INR,V0004,TRUE,18%,TRUE,0
NTX0000456,05-05-2024,9620.32,INR,V0001,TRUE,18%,TRUE,0
NTX0000457,05-05-2024,6136.74,INR,V0019,TRUE,12%,TRUE,0
NTX0000458,05-05-2024,10906.94,INR,V0015,TRUE,18%,TRUE,0
NTX0000459,05-05-2024,85280.49,INR,V0031,TRUE,18%,TRUE,0
NTX0000460,05-05-2024,6264.96,INR,V0012,TRUE,5%,FALSE,0
NTX0000461,05-05-2024,13060.41,INR,V0017,TRUE,18%,TRUE,0
NTX0000462,05-05-2024,43271.25,INR,V0010,TRUE,18%,TRUE,0
NTX0000463,05-05-2024,46990.29,INR,V0028,TRUE,18%,TRUE,0
NTX0000464,05-05-2024,68234.47,INR,V0013,TRUE,18%,TRUE,0
NTX0000465,05-05-2024,4872.19,INR,V0019,TRUE,12%,TRUE,0
NTX0000466,05-05-2024,38753.26,INR,V0027,TRUE,18%,TRUE,0
NTX0000467,05-05-2024,4111.47,INR,V0011,TRUE,12%,TRUE,0
NTX0000468,05-05-2024,62840.97,INR,V0028,TRUE,18%,TRUE,0
NTX0000469,05-05-2024,6279.21,INR,V0018,TRUE,18%,TRUE,0
NTX0000470,05-05-2024,20136.65,INR,V0030,TRUE,18%,unknown,0
NTX0000471,05-05-2024,10794.39,INR,V0002,TRUE,18%,TRUE,0
NTX0000472,05-05-2024,89339.31,INR,V0031,TRUE,18%,TRUE,0
NTX0000473,06-05-2024,7445.25,INR,V0001,TRUE,18%,TRUE,0
NTX0000474,06-05-2024,5496.45,INR,V0011,TRUE,12%,TRUE,0
NTX0000475,06-05-2024,33715.13,INR,V0027,TRUE,18%,TRUE,0
NTX0000476,06-05-2024,6055.06,INR,V0029,TRUE,5%,FALSE,0
NTX0000477,06-05-2024,180473.72,INR,V0031,TRUE,18%,TRUE,0
NTX0000478,06-05-2024,3742.16,INR,V0019,TRUE,12%,TRUE,0
NTX0000479,06-05-2024,66891.98,INR,V0003,TRUE,18%,TRUE,0
NTX0000480,06-05-2024,2574.75,INR,V0016,TRUE,5%,FALSE,0
NTX0000481,06-05-2024,2878.79,INR,V0007,TRUE,5%,FALSE,0
NTX0000482,06-05-2024,5661.8,INR,V0015,TRUE,18%,TRUE,0
NTX0000483,06-05-2024,29372.5,INR,V0032,TRUE,18%,TRUE,0
NTX0000484,06-05-2024,30442.95,INR,V0032,TRUE,18%,TRUE,0
NTX0000485,06-05-2024,13829.5,INR,V0017,TRUE,18%,TRUE,0
NTX0000486,06-05-2024,5380.33,INR,V0011,TRUE,12%,TRUE,0
NTX0000487,06-05-2024,6775.17,INR,V0012,TRUE,5%,TRUE,1
NTX0000488,07-05-2024,11847.58,INR,V0015,TRUE,18%,TRUE,0
NTX0000489,07-05-2024,10733.49,INR,V0017,TRUE,18%,TRUE,0
NTX0000490,07-05-2024,15177.14,INR,V0004,TRUE,18%,TRUE,0
NTX0000491,07-05-2024,138429.1,INR,V0003,TRUE,18%,TRUE,0
NTX0000492,07-05-2024,7824.11,INR,V0001,TRUE,18%,TRUE,0
NTX0000493,07-05-2024,5448.86,INR,V0007,TRUE,5%,FALSE,0
NTX0000494,07-05-2024,6307.35,INR,V0019,TRUE,12%,TRUE,0
NTX0000495,07-05-2024,105124.76,INR,V0031,TRUE,18%,TRUE,0
NTX0000496,07-05-2024,11125.18,INR,V0005,TRUE,18%,TRUE,0
NTX0000497,07-05-2024,5241.94,INR,V0008,TRUE,exempt,TRUE,1
NTX0000498,07-05-2024,3534.53,INR,V0007,TRUE,5%,FALSE,0
NTX0000499,07-05-2024,13275.06,INR,V0015,TRUE,18%,TRUE,0
NTX0000500,07-05-2024,9774.88,INR,V0018,TRUE,18%,TRUE,0
NTX0000501,07-05-2024,9880.59,INR,V0004,TRUE,18%,TRUE,0
NTX0000502,08-05-2024,67642.64,INR,V0031,TRUE,18%,TRUE,0
NTX0000503,08-05-2024,32316.59,INR,V0032,TRUE,18%,TRUE,0
NTX0000504,08-05-2024,140520.69,INR,V0013,TRUE,18%,TRUE,0
NTX0000505,08-05-2024,14694.52,INR,V0015,TRUE,18%,TRUE,0
NTX0000506,08-05-2024,107183.01,INR,V0031,TRUE,18%,TRUE,0
NTX0000507,08-05-2024,104549.92,INR,V0017,TRUE,18%,TRUE,1
NTX0000508,08-05-2024,22699.23,INR,V0023,TRUE,18%,unknown,0
NTX0000509,08-05-2024,4636.42,INR,V0005,TRUE,18%,TRUE,0
NTX0000510,08-05-2024,29074.28,INR,V0032,TRUE,18%,TRUE,0
NTX0000511,08-05-2024,32972.86,INR,V0014,TRUE,18%,TRUE,0
NTX0000512,08-05-2024,99131.68,INR,V0013,TRUE,18%,TRUE,0
NTX0000513,08-05-2024,30078.77,INR,V0027,TRUE,18%,TRUE,0
NTX0000514,08-05-2024,7017.05,INR,V0011,TRUE,12%,TRUE,0
NTX0000515,08-05-2024,61618.31,INR,V0003,TRUE,18%,TRUE,0
NTX0000516,08-05-2024,6817,INR,V0019,TRUE,12%,TRUE,0
NTX0000517,08-05-2024,6063.23,INR,V0022,FALSE,exempt,FALSE,0
NTX0000518,08-05-2024,40712.22,INR,V0010,TRUE,18%,TRUE,0
NTX0000519,09-05-2024,2788.39,INR,V0033,TRUE,5%,FALSE,0
NTX0000520,09-05-2024,6387.56,INR,V0001,TRUE,18%,TRUE,0
NTX0000521,09-05-2024,29971.9,INR,V0010,TRUE,18%,TRUE,0
NTX0000522,09-05-2024,3229.73,INR,V0026,TRUE,5%,FALSE,0
NTX0000523,09-05-2024,8291.16,INR,V0008,TRUE,18%,TRUE,0
NTX0000524,09-05-2024,99687.57,INR,V0003,TRUE,18%,TRUE,0
NTX0000525,09-05-2024,4792.46,INR,V0012,TRUE,5%,FALSE,0
NTX0000526,09-05-2024,24664.27,INR,V0028,TRUE,18%,TRUE,0
NTX0000527,09-05-2024,13034.42,INR,V0002,TRUE,18%,TRUE,0
NTX0000528,09-05-2024,35755.28,INR,V0010,TRUE,18%,TRUE,0
NTX0000529,09-05-2024,9529.65,INR,V0005,TRUE,18%,TRUE,0
NTX0000530,09-05-2024,9509.46,INR,V0005,TRUE,18%,unknown,1
NTX0000531,09-05-2024,93006.63,INR,V0013,TRUE,18%,TRUE,0
NTX0000532,09-05-2024,3282.73,INR,V0026,TRUE,5%,FALSE,0
NTX0000533,09-05-2024,26473.63,INR,V0010,TRUE,18%,TRUE,0
NTX0000534,09-05-2024,2436.74,INR,V0016,TRUE,5%,FALSE,0
NTX0000535,09-05-2024,8752.11,INR,V0002,TRUE,18%,TRUE,0
NTX0000536,09-05-2024,17692.26,INR,V0006,TRUE,18%,unknown,0
NTX0000537,09-05-2024,10888.94,INR,V0019,TRUE,12%,TRUE,0
NTX0000538,09-05-2024,5424.43,INR,V0011,TRUE,12%,TRUE,0
NTX0000539,10-05-2024,60276.7,INR,V0013,TRUE,18%,TRUE,0
NTX0000540,10-05-2024,6497.19,INR,V0001,TRUE,18%,TRUE,0
NTX0000541,10-05-2024,77072.19,INR,V0003,TRUE,18%,TRUE,0
NTX0000542,10-05-2024,117435.2,INR,V0013,TRUE,18%,TRUE,0
NTX0000543,10-05-2024,9414.42,INR,V0018,TRUE,18%,TRUE,0
NTX0000544,10-05-2024,42576.99,INR,V0027,TRUE,18%,TRUE,0
NTX0000545,10-05-2024,10203.88,INR,V0002,TRUE,18%,TRUE,0
NTX0000546,11-05-2024,3676.13,INR,V0022,FALSE,exempt,FALSE,0
NTX0000547,11-05-2024,30936.92,INR,V0014,TRUE,18%,TRUE,0
NTX0000548,11-05-2024,44042.76,INR,V0003,TRUE,18%,TRUE,0
NTX0000549,11-05-2024,7684.1,INR,V0025,TRUE,12%,TRUE,0
NTX0000550,11-05-2024,9672.2,INR,V0018,TRUE,18%,TRUE,0
NTX0000551,11-05-2024,11985.03,INR,V0017,TRUE,18%,TRUE,0
NTX0000552,11-05-2024,82447.84,INR,V0013,TRUE,18%,TRUE,0
NTX0000553,11-05-2024,3737.35,INR,V0026,TRUE,5%,FALSE,0
NTX0000554,11-05-2024,31103.44,INR,V0027,TRUE,18%,TRUE,0
NTX0000555,11-05-2024,8487.55,INR,V0008,TRUE,18%,TRUE,0
NTX0000556,11-05-2024,4476.66,INR,V0018,TRUE,18%,TRUE,0
NTX0000557,12-05-2024,12910.54,INR,V0004,TRUE,18%,TRUE,0
NTX0000558,12-05-2024,9254.88,INR,V0018,TRUE,18%,TRUE,0
NTX0000559,12-05-2024,3846.77,INR,V0007,TRUE,5%,FALSE,0
NTX0000560,12-05-2024,7099.33,INR,V0029,TRUE,5%,FALSE,0
NTX0000561,12-05-2024,10073.46,INR,V0008,TRUE,18%,TRUE,0
NTX0000562,12-05-2024,12365.35,INR,V0017,TRUE,18%,TRUE,0
NTX0000563,12-05-2024,16989.3,INR,V0015,TRUE,18%,TRUE,0
NTX0000564,12-05-2024,5420.17,INR,V0018,TRUE,18%,TRUE,0
NTX0000565,12-05-2024,5750.18,INR,V0011,TRUE,12%,TRUE,1
NTX0000566,12-05-2024,3668.72,INR,V0012,TRUE,5%,FALSE,0
NTX0000567,12-05-2024,12788.74,INR,V0004,TRUE,18%,TRUE,0
NTX0000568,12-05-2024,5034.24,INR,V0025,TRUE,12%,TRUE,0
NTX0000569,12-05-2024,45596.1,INR,V0028,TRUE,18%,TRUE,0
NTX0000570,12-05-2024,94687.69,INR,V0013,TRUE,18%,TRUE,0
NTX0000571,12-05-2024,56909.44,INR,V0005,TRUE,18%,TRUE,1
NTX0000572,12-05-2024,2013.16,INR,V0016,TRUE,5%,FALSE,0
NTX0000573,12-05-2024,8393.66,INR,V0015,TRUE,18%,TRUE,0
NTX0000574,12-05-2024,6357.01,INR,V0025,TRUE,12%,TRUE,0
NTX0000575,12-05-2024,23453.1,INR,V0030,TRUE,18%,unknown,0
NTX0000576,13-05-2024,3823.86,INR,V0033,TRUE,5%,FALSE,0
NTX0000577,13-05-2024,5256.53,INR,V0024,FALSE,exempt,FALSE,0
NTX0000578,13-05-2024,66280.32,INR,V0003,TRUE,18%,TRUE,0
NTX0000579,13-05-2024,33087.68,INR,V0010,TRUE,18%,TRUE,0
NTX0000580,13-05-2024,24721.03,INR,V0032,TRUE,18%,TRUE,0
NTX0000581,13-05-2024,11066.08,INR,V0018,TRUE,18%,TRUE,0
NTX0000582,13-05-2024,61550.64,INR,V0008,TRUE,18%,TRUE,1
NTX0000583,13-05-2024,9836.9,INR,V0008,TRUE,18%,TRUE,0
NTX0000584,13-05-2024,40455.72,INR,V0027,TRUE,18%,TRUE,0
NTX0000585,13-05-2024,9423.93,INR,V0001,TRUE,18%,TRUE,0
NTX0000586,13-05-2024,6288.05,INR,V0019,TRUE,12%,TRUE,0
NTX0000587,13-05-2024,46728.03,INR,V0032,TRUE,18%,TRUE,0
NTX0000588,13-05-2024,3032.99,INR,V0020,TRUE,5%,FALSE,0
NTX0000589,14-05-2024,27441.13,INR,V0027,TRUE,18%,TRUE,0
NTX0000590,14-05-2024,10725.98,INR,V0002,TRUE,18%,TRUE,0
NTX0000591,14-05-2024,10899.55,INR,V0004,TRUE,18%,TRUE,0
NTX0000592,14-05-2024,87998.23,INR,V0013,TRUE,18%,TRUE,0
NTX0000593,14-05-2024,3960.97,INR,V0019,TRUE,12%,TRUE,0
NTX0000594,14-05-2024,2259.79,INR,V0033,TRUE,5%,FALSE,0
NTX0000595,14-05-2024,22499.04,INR,V0032,TRUE,18%,TRUE,0
NTX0000596,14-05-2024,7668.91,INR,V0005,TRUE,18%,TRUE,0
NTX0000597,14-05-2024,11079.33,INR,V0017,TRUE,18%,TRUE,0
NTX0000598,14-05-2024,7123.24,INR,V0005,TRUE,18%,TRUE,0
NTX0000599,14-05-2024,4239.5,INR,V0016,TRUE,5%,FALSE,0
NTX0000600,15-05-2024,4866.96,INR,V0008,TRUE,18%,TRUE,0
NTX0000601,15-05-2024,6076.25,INR,V0005,TRUE,18%,TRUE,0
NTX0000602,15-05-2024,14106.94,INR,V0004,TRUE,18%,TRUE,0
NTX0000603,15-05-2024,22948.75,INR,V0030,TRUE,18%,unknown,0
NTX0000604,15-05-2024,62772,INR,V0005,TRUE,18%,TRUE,1
NTX0000605,15-05-2024,10950.47,INR,V0004,TRUE,18%,TRUE,0
NTX0000606,15-05-2024,3514.32,INR,V0011,TRUE,12%,TRUE,0
NTX0000607,15-05-2024,13310.8,INR,V0023,TRUE,18%,unknown,0
NTX0000608,15-05-2024,2550.03,INR,V0007,TRUE,5%,FALSE,0
NTX0000609,15-05-2024,4739.54,INR,V0024,FALSE,exempt,FALSE,0
NTX0000610,15-05-2024,6951.62,INR,V0025,TRUE,12%,TRUE,0
NTX0000611,15-05-2024,17234.96,INR,V0004,TRUE,18%,FALSE,1
NTX0000612,16-05-2024,7531.23,INR,V0005,TRUE,18%,TRUE,0
NTX0000613,16-05-2024,6522.28,INR,V0021,TRUE,5%,FALSE,0
NTX0000614,16-05-2024,6856.72,INR,V0005,TRUE,18%,unknown,1
NTX0000615,16-05-2024,4553.39,INR,V0019,TRUE,12%,TRUE,0
NTX0000616,16-05-2024,45154.58,INR,V0014,TRUE,18%,TRUE,0
NTX0000617,16-05-2024,50446.26,INR,V0014,TRUE,18%,TRUE,0
NTX0000618,16-05-2024,10487.54,INR,V0004,TRUE,18%,TRUE,0
NTX0000619,16-05-2024,59016.96,INR,V0032,TRUE,18%,TRUE,0
NTX0000620,16-05-2024,6862.33,INR,V0021,TRUE,5%,FALSE,0
NTX0000621,16-05-2024,13478.94,INR,V0015,TRUE,18%,TRUE,0
NTX0000622,16-05-2024,80549.92,INR,V0003,TRUE,18%,TRUE,0
NTX0000623,16-05-2024,6200.33,INR,V0001,TRUE,18%,TRUE,0
NTX0000624,17-05-2024,51308.2,INR,V0028,TRUE,18%,TRUE,0
NTX0000625,17-05-2024,8113.38,INR,V0008,TRUE,18%,TRUE,0
NTX0000626,17-05-2024,2597.92,INR,V0026,TRUE,5%,FALSE,0
NTX0000627,17-05-2024,82579.03,INR,V0031,TRUE,18%,TRUE,0
NTX0000628,17-05-2024,123215.57,INR,V0031,TRUE,18%,TRUE,0
NTX0000629,17-05-2024,8071.55,INR,V0025,TRUE,12%,TRUE,0
NTX0000630,17-05-2024,9216.03,INR,V0029,TRUE,5%,FALSE,0
NTX0000631,17-05-2024,23881.78,INR,V0032,TRUE,18%,TRUE,0
NTX0000632,17-05-2024,112189.15,INR,V0031,TRUE,18%,TRUE,0
NTX0000633,17-05-2024,11774.85,INR,V0017,TRUE,18%,TRUE,0
NTX0000634,18-05-2024,15332.8,INR,V0017,TRUE,18%,TRUE,0
NTX0000635,18-05-2024,8365.25,INR,V0017,TRUE,18%,TRUE,0
NTX0000636,18-05-2024,10402.21,INR,V0018,TRUE,18%,TRUE,0
NTX0000637,18-05-2024,27936.62,INR,V0032,TRUE,18%,TRUE,0
NTX0000638,18-05-2024,12976.37,INR,V0017,TRUE,12%,TRUE,1
NTX0000639,18-05-2024,4424.54,INR,V0022,FALSE,exempt,FALSE,0
NTX0000640,18-05-2024,2285.75,INR,V0033,TRUE,5%,FALSE,0
NTX0000641,18-05-2024,7553.79,INR,V0018,TRUE,18%,TRUE,0
NTX0000642,18-05-2024,74007.73,INR,V0031,TRUE,18%,TRUE,0
NTX0000643,19-05-2024,3271.77,INR,V0016,TRUE,5%,FALSE,0
NTX0000644,19-05-2024,3487.24,INR,V0021,TRUE,5%,FALSE,0
NTX0000645,19-05-2024,7927.13,INR,V0008,TRUE,18%,TRUE,0
NTX0000646,19-05-2024,8899.91,INR,V0004,TRUE,18%,TRUE,0
NTX0000647,19-05-2024,44127.06,INR,V0027,TRUE,18%,TRUE,0
NTX0000648,19-05-2024,5405.63,INR,V0021,TRUE,5%,FALSE,0
NTX0000649,19-05-2024,17617.51,INR,V0028,TRUE,18%,TRUE,0
NTX0000650,19-05-2024,26572.54,INR,V0030,TRUE,18%,unknown,0
NTX0000651,19-05-2024,39709.18,INR,V0014,TRUE,18%,TRUE,0
NTX0000652,19-05-2024,9601.8,INR,V0017,TRUE,18%,TRUE,0
NTX0000653,19-05-2024,102573.75,INR,V0003,TRUE,18%,TRUE,0
NTX0000654,19-05-2024,23839.48,INR,V0014,TRUE,18%,TRUE,0
NTX0000655,19-05-2024,6632.14,INR,V0011,TRUE,12%,TRUE,0
NTX0000656,19-05-2024,14086.84,INR,V0015,TRUE,18%,TRUE,0
NTX0000657,19-05-2024,69740.63,INR,V0013,TRUE,18%,TRUE,0
NTX0000658,19-05-2024,15010.37,INR,V0017,TRUE,18%,TRUE,0
NTX0000659,20-05-2024,5478.58,INR,V0012,TRUE,5%,FALSE,0
NTX0000660,20-05-2024,74494.32,INR,V0013,TRUE,18%,TRUE,0
NTX0000661,20-05-2024,27513.47,INR,V0028,TRUE,18%,TRUE,0
NTX0000662,20-05-2024,19789.96,INR,V0030,TRUE,18%,unknown,0
NTX0000663,20-05-2024,5940.78,INR,V0011,TRUE,12%,TRUE,0
NTX0000664,20-05-2024,93760.17,INR,V0013,TRUE,18%,TRUE,0
NTX0000665,20-05-2024,21089.31,INR,V0015,TRUE,18%,TRUE,0
NTX0000666,20-05-2024,85124.82,INR,V0003,TRUE,18%,TRUE,0
NTX0000667,20-05-2024,27242.12,INR,V0014,TRUE,18%,TRUE,0
NTX0000668,20-05-2024,14824.73,INR,V0014,TRUE,18%,TRUE,0
NTX0000669,20-05-2024,5632.91,INR,V0007,TRUE,5%,FALSE,0
NTX0000670,20-05-2024,25521.35,INR,V0010,TRUE,18%,TRUE,0
NTX0000671,20-05-2024,3599.6,INR,V0019,TRUE,12%,TRUE,0
NTX0000672,20-05-2024,66946.93,INR,V0031,TRUE,18%,TRUE,0
NTX0000673,20-05-2024,21735.82,INR,V0010,TRUE,18%,TRUE,0
NTX0000674,21-05-2024,5040.47,INR,V0005,TRUE,18%,TRUE,0
NTX0000675,21-05-2024,14561.97,INR,V0002,TRUE,18%,TRUE,0
NTX0000676,21-05-2024,8789.74,INR,V0017,TRUE,18%,TRUE,0
NTX0000677,21-05-2024,8491.4,INR,V0011,TRUE,12%,TRUE,0
NTX0000678,21-05-2024,9690.67,INR,V0015,TRUE,18%,TRUE,0
NTX0000679,21-05-2024,21347.17,INR,V0017,TRUE,18%,TRUE,0
NTX0000680,21-05-2024,44949.18,INR,V0027,TRUE,18%,TRUE,0
NTX0000681,21-05-2024,136257.68,INR,V0003,TRUE,18%,TRUE,0
NTX0000682,21-05-2024,10029.1,INR,V0005,TRUE,18%,TRUE,0
NTX0000683,21-05-2024,5409.27,INR,V0029,TRUE,5%,FALSE,0
NTX0000684,21-05-2024,6088.55,INR,V0008,TRUE,18%,TRUE,0
NTX0000685,21-05-2024,9410.82,INR,V0015,TRUE,18%,TRUE,0
NTX0000686,21-05-2024,38363.55,INR,V0032,TRUE,18%,TRUE,0
NTX0000687,22-05-2024,33859.76,INR,V0010,TRUE,18%,TRUE,0
NTX0000688,22-05-2024,91999.26,INR,V0003,TRUE,18%,TRUE,0
NTX0000689,22-05-2024,11938.23,INR,V0015,TRUE,18%,TRUE,0
NTX0000690,22-05-2024,10774.61,INR,V0004,TRUE,18%,TRUE,0
NTX0000691,22-05-2024,18570.6,INR,V0027,TRUE,18%,TRUE,0
NTX0000692,22-05-2024,3133.31,INR,V0029,TRUE,5%,FALSE,0
NTX0000693,22-05-2024,8143.33,INR,V0025,TRUE,12%,TRUE,0
NTX0000694,22-05-2024,28825.1,INR,V0027,TRUE,18%,TRUE,0
NTX0000695,22-05-2024,101392.46,INR,V0003,TRUE,18%,TRUE,0
NTX0000696,22-05-2024,82385.87,INR,V0013,TRUE,18%,TRUE,0
NTX0000697,22-05-2024,5903.53,INR,V0018,TRUE,18%,TRUE,0
NTX0000698,22-05-2024,11372.49,INR,V0001,TRUE,18%,TRUE,0
NTX0000699,22-05-2024,105000.57,INR,V0013,TRUE,18%,TRUE,0
NTX0000700,22-05-2024,5569.27,INR,V0026,TRUE,5%,FALSE,0
NTX0000701,22-05-2024,39522.21,INR,V0032,TRUE,18%,TRUE,0
NTX0000702,23-05-2024,50353.2,INR,V0013,TRUE,18%,TRUE,0
NTX0000703,23-05-2024,6029.46,INR,V0029,TRUE,5%,FALSE,0
NTX0000704,23-05-2024,5893.37,INR,V0009,FALSE,exempt,FALSE,0
NTX0000705,23-05-2024,51166.19,INR,V0032,TRUE,18%,TRUE,0
NTX0000706,23-05-2024,12150.49,INR,V0002,TRUE,18%,TRUE,0
NTX0000707,23-05-2024,37690.9,INR,V0010,TRUE,18%,TRUE,0
NTX0000708,23-05-2024,69397.5,INR,V0031,TRUE,18%,TRUE,0
NTX0000709,23-05-2024,5964.11,INR,V0025,TRUE,12%,TRUE,0
NTX0000710,23-05-2024,23721.26,INR,V0002,TRUE,18%,TRUE,0
NTX0000711,23-05-2024,34581.09,INR,V0010,TRUE,18%,TRUE,0
NTX0000712,23-05-2024,45654.04,INR,V0032,TRUE,18%,TRUE,0
NTX0000713,23-05-2024,8023.63,INR,V0011,TRUE,12%,TRUE,0
NTX0000714,23-05-2024,12640.59,INR,V0015,TRUE,18%,TRUE,0
NTX0000715,23-05-2024,44250.34,INR,V0032,TRUE,18%,TRUE,0
NTX0000716,23-05-2024,106718.92,INR,V0031,TRUE,18%,TRUE,0
NTX0000717,23-05-2024,29759.51,INR,V0028,TRUE,18%,TRUE,0
NTX0000718,23-05-2024,20047.64,INR,V0004,TRUE,18%,TRUE,0
NTX0000719,23-05-2024,35170.2,INR,V0032,TRUE,18%,TRUE,0
NTX0000720,24-05-2024,5426.65,INR,V0012,TRUE,5%,FALSE,0
NTX0000721,24-05-2024,7573.6,INR,V0017,TRUE,18%,TRUE,0
NTX0000722,24-05-2024,34892.33,INR,V0028,TRUE,18%,TRUE,0
NTX0000723,24-05-2024,26754.45,INR,V0027,TRUE,18%,TRUE,0
NTX0000724,24-05-2024,44348.69,INR,V0014,TRUE,18%,TRUE,0
NTX0000725,24-05-2024,3143.41,INR,V0029,TRUE,5%,FALSE,0
NTX0000726,24-05-2024,16794.04,INR,V0030,TRUE,18%,unknown,0
NTX0000727,24-05-2024,97346.04,INR,V0031,TRUE,18%,TRUE,0
NTX0000728,24-05-2024,2618.4,INR,V0007,TRUE,5%,FALSE,0
NTX0000729,24-05-2024,4239.55,INR,V0029,TRUE,5%,FALSE,0
NTX0000730,24-05-2024,3041.55,INR,V0024,FALSE,exempt,FALSE,0
NTX0000731,25-05-2024,35250.88,INR,V0010,TRUE,18%,TRUE,0
NTX0000732,25-05-2024,8831.74,INR,V0015,TRUE,18%,TRUE,0
NTX0000733,25-05-2024,7111.93,INR,V0025,TRUE,12%,TRUE,0
NTX0000734,25-05-2024,8698.72,INR,V0001,TRUE,18%,TRUE,0
NTX0000735,25-05-2024,9900.39,INR,V0029,TRUE,5%,FALSE,0
NTX0000736,25-05-2024,4529.75,INR,V0020,TRUE,5%,FALSE,0
NTX0000737,25-05-2024,110363.46,INR,V0013,TRUE,18%,TRUE,0
NTX0000738,25-05-2024,3545.01,INR,V0016,TRUE,5%,FALSE,0
NTX0000739,25-05-2024,26802.36,INR,V0010,TRUE,18%,TRUE,0
NTX0000740,25-05-2024,5537.71,INR,V0012,TRUE,5%,FALSE,0
NTX0000741,25-05-2024,23891.67,INR,V0006,TRUE,18%,unknown,0
NTX0000742,25-05-2024,3143.82,INR,V0024,FALSE,exempt,FALSE,0
NTX0000743,25-05-2024,5497.22,INR,V0025,TRUE,12%,TRUE,0
NTX0000744,26-05-2024,17164.02,INR,V0023,TRUE,18%,unknown,0
NTX0000745,26-05-2024,2583.5,INR,V0016,TRUE,5%,FALSE,0
NTX0000746,26-05-2024,2665.39,INR,V0019,TRUE,12%,TRUE,0
NTX0000747,26-05-2024,41680.77,INR,V0032,TRUE,18%,TRUE,0
NTX0000748,26-05-2024,13037,INR,V0002,TRUE,18%,TRUE,0
NTX0000749,26-05-2024,5603.67,INR,V0020,TRUE,5%,FALSE,0
NTX0000750,26-05-2024,92347.86,INR,V0003,TRUE,18%,TRUE,0
NTX0000751,26-05-2024,92544.62,INR,V0031,TRUE,18%,TRUE,0
NTX0000752,26-05-2024,45354.11,INR,V0028,TRUE,18%,TRUE,0
NTX0000753,26-05-2024,10870.59,INR,V0002,TRUE,18%,TRUE,0
NTX0000754,26-05-2024,2238.45,INR,V0026,TRUE,5%,FALSE,0
NTX0000755,26-05-2024,8842.87,INR,V0005,TRUE,18%,TRUE,0
NTX0000756,26-05-2024,7555.05,INR,V0008,TRUE,18%,TRUE,0
NTX0000757,26-05-2024,7940.85,INR,V0018,TRUE,18%,TRUE,0
NTX0000758,26-05-2024,3946.11,INR,V0011,TRUE,12%,TRUE,0
NTX0000759,26-05-2024,3971.02,INR,V0033,TRUE,5%,FALSE,0
NTX0000760,27-05-2024,49995.65,INR,V0010,TRUE,18%,TRUE,0
NTX0000761,27-05-2024,9965.96,INR,V0002,TRUE,18%,TRUE,0
NTX0000762,27-05-2024,75200.61,INR,V0031,TRUE,18%,TRUE,0
NTX0000763,27-05-2024,115920.05,INR,V0003,TRUE,18%,TRUE,0
NTX0000764,27-05-2024,21035.91,INR,V0023,TRUE,18%,unknown,0
NTX0000765,27-05-2024,36736.85,INR,V0014,TRUE,18%,unknown,1
NTX0000766,27-05-2024,13291.22,INR,V0004,TRUE,18%,TRUE,0
NTX0000767,27-05-2024,39042.67,INR,V0028,TRUE,18%,TRUE,0
NTX0000768,27-05-2024,69541.11,INR,V0013,TRUE,18%,TRUE,0
NTX0000769,27-05-2024,10704.75,INR,V0017,TRUE,18%,TRUE,0
NTX0000770,27-05-2024,25235.93,INR,V0028,TRUE,18%,TRUE,0
NTX0000771,27-05-2024,23175.22,INR,V0023,TRUE,18%,unknown,0
NTX0000772,27-05-2024,4932.98,INR,V0011,TRUE,12%,TRUE,0
NTX0000773,27-05-2024,16653.44,INR,V0015,TRUE,18%,TRUE,0
NTX0000774,27-05-2024,37300.75,INR,V0027,TRUE,18%,TRUE,0
NTX0000775,28-05-2024,43632.15,INR,V0032,TRUE,18%,TRUE,0
NTX0000776,28-05-2024,16904.01,INR,V0006,TRUE,exempt,unknown,1
NTX0000777,28-05-2024,5528.95,INR,V0011,TRUE,12%,TRUE,0
NTX0000778,28-05-2024,4599.41,INR,V0012,TRUE,5%,FALSE,0
NTX0000779,28-05-2024,8416.15,INR,V0001,TRUE,18%,TRUE,0
NTX0000780,28-05-2024,10391.2,INR,V0012,TRUE,5%,FALSE,0
NTX0000781,28-05-2024,18183.99,INR,V0028,TRUE,18%,TRUE,0
NTX0000782,28-05-2024,91158.87,INR,V0013,TRUE,18%,TRUE,0
NTX0000783,28-05-2024,16948.91,INR,V0002,TRUE,18%,TRUE,0
NTX0000784,28-05-2024,37157.04,INR,V0032,TRUE,18%,TRUE,0
NTX0000785,28-05-2024,2475.8,INR,V0033,TRUE,5%,FALSE,0
NTX0000786,28-05-2024,24106.01,INR,V0032,TRUE,18%,TRUE,0
NTX0000787,28-05-2024,7855.73,INR,V0005,TRUE,18%,TRUE,0
NTX0000788,28-05-2024,60214.39,INR,V0031,TRUE,18%,TRUE,0
NTX0000789,28-05-2024,11603.84,INR,V0001,TRUE,18%,TRUE,0
NTX0000790,28-05-2024,102388.4,INR,V0013,TRUE,18%,TRUE,0
NTX0000791,28-05-2024,5338.82,INR,V0025,TRUE,12%,TRUE,0
NTX0000792,28-05-2024,9961.31,INR,V0020,TRUE,5%,FALSE,0
NTX0000793,28-05-2024,85217.11,INR,V0031,TRUE,18%,TRUE,0
NTX0000794,28-05-2024,2267.56,INR,V0007,TRUE,5%,FALSE,0
NTX0000795,29-05-2024,19314.12,INR,V0010,TRUE,18%,TRUE,0
NTX0000796,29-05-2024,2177.87,INR,V0007,TRUE,5%,FALSE,0
NTX0000797,29-05-2024,6879.14,INR,V0019,TRUE,12%,TRUE,0
NTX0000798,29-05-2024,109551.22,INR,V0003,TRUE,18%,TRUE,0
NTX0000799,29-05-2024,6034.76,INR,V0021,TRUE,5%,FALSE,0
NTX0000800,29-05-2024,5172.03,INR,V0021,TRUE,5%,FALSE,0
NTX0000801,29-05-2024,33710.25,INR,V0032,TRUE,18%,TRUE,0
NTX0000802,29-05-2024,80607.4,INR,V0003,TRUE,18%,TRUE,0
NTX0000803,29-05-2024,12886.79,INR,V0015,TRUE,18%,TRUE,0
NTX0000804,29-05-2024,9276.63,INR,V0012,TRUE,5%,FALSE,0
NTX0000805,29-05-2024,61840.53,INR,V0003,TRUE,18%,TRUE,0
NTX0000806,29-05-2024,11512.41,INR,V0025,TRUE,exempt,TRUE,1
NTX0000807,29-05-2024,36674.23,INR,V0032,TRUE,18%,TRUE,0
NTX0000808,30-05-2024,15826.77,INR,V0023,TRUE,18%,unknown,0
NTX0000809,30-05-2024,28602.77,INR,V0014,TRUE,18%,TRUE,0
NTX0000810,30-05-2024,65780.13,INR,V0031,TRUE,18%,TRUE,0
NTX0000811,30-05-2024,11086.33,INR,V0017,TRUE,18%,TRUE,0
NTX0000812,30-05-2024,6345.49,INR,V0001,TRUE,18%,TRUE,0
NTX0000813,30-05-2024,68053.34,INR,V0027,TRUE,18%,TRUE,0
NTX0000814,30-05-2024,4300.8,INR,V0012,TRUE,5%,FALSE,0
NTX0000815,30-05-2024,6475.04,INR,V0018,TRUE,5%,TRUE,1
NTX0000816,30-05-2024,5160.03,INR,V0011,TRUE,12%,TRUE,0
NTX0000817,30-05-2024,75482.22,INR,V0013,TRUE,18%,TRUE,0
NTX0000818,30-05-2024,82795.47,INR,V0003,TRUE,18%,TRUE,0
NTX0000819,30-05-2024,4881.33,INR,V0033,TRUE,5%,FALSE,0
NTX0000820,30-05-2024,7383.51,INR,V0025,TRUE,12%,TRUE,0
NTX0000821,31-05-2024,7802.26,INR,V0005,TRUE,18%,TRUE,0
NTX0000822,31-05-2024,54069.86,INR,V0003,TRUE,18%,TRUE,0
NTX0000823,31-05-2024,6306.77,INR,V0011,TRUE,12%,TRUE,0
NTX0000824,31-05-2024,47364.64,INR,V0010,TRUE,18%,TRUE,0
NTX0000825,31-05-2024,62065.48,INR,V0013,TRUE,18%,TRUE,0
NTX0000826,31-05-2024,2149.95,INR,V0026,TRUE,5%,FALSE,0
NTX0000827,31-05-2024,5926.49,INR,V0025,TRUE,12%,TRUE,0
NTX0000828,31-05-2024,1778.42,INR,V0033,TRUE,5%,FALSE,0
NTX0000829,31-05-2024,112950.08,INR,V0030,TRUE,18%,unknown,1
NTX0000830,31-05-2024,165642.92,INR,V0031,TRUE,18%,TRUE,0
NTX0000831,31-05-2024,5639.29,INR,V0025,TRUE,12%,TRUE,0
NTX0000832,31-05-2024,108272.07,INR,V0031,TRUE,18%,TRUE,0
NTX0000833,31-05-2024,107070.44,INR,V0031,TRUE,18%,TRUE,0
NTX0000834,31-05-2024,29086.13,INR,V0028,TRUE,18%,TRUE,0
NTX0000835,31-05-2024,2572.58,INR,V0033,TRUE,5%,FALSE,0
NTX0000836,31-05-2024,9583.99,INR,V0002,TRUE,18%,TRUE,0
NTX0000837,31-05-2024,3155.66,INR,V0022,FALSE,exempt,FALSE,0
NTX0000838,31-05-2024,5688.64,INR,V0001,TRUE,18%,TRUE,0
NTX0000839,31-05-2024,4157.31,INR,V0033,TRUE,5%,FALSE,0
NTX0000840,31-05-2024,77859.22,INR,V0003,TRUE,18%,TRUE,0
NTX0000841,01-06-2024,9214.59,INR,V0025,TRUE,12%,TRUE,0
NTX0000842,01-06-2024,4390.24,INR,V0026,TRUE,5%,FALSE,0
NTX0000843,01-06-2024,10810.78,INR,V0004,TRUE,18%,TRUE,0
NTX0000844,01-06-2024,13377.76,INR,V0015,TRUE,18%,TRUE,0
NTX0000845,01-06-2024,21178.08,INR,V0014,TRUE,18%,TRUE,0
NTX0000846,01-06-2024,38426.81,INR,V0010,TRUE,18%,TRUE,0
NTX0000847,01-06-2024,9161.7,INR,V0008,TRUE,18%,TRUE,0
NTX0000848,01-06-2024,24043.2,INR,V0014,TRUE,18%,TRUE,0
NTX0000849,01-06-2024,3114.56,INR,V0016,TRUE,5%,FALSE,0
NTX0000850,01-06-2024,5808.34,INR,V0024,FALSE,exempt,FALSE,0
NTX0000851,01-06-2024,16461.52,INR,V0014,TRUE,18%,TRUE,0
NTX0000852,01-06-2024,11740.05,INR,V0002,TRUE,18%,TRUE,0
NTX0000853,01-06-2024,25617.02,INR,V0030,TRUE,18%,unknown,0
NTX0000854,01-06-2024,19238.69,INR,V0015,TRUE,18%,TRUE,0
NTX0000855,01-06-2024,76958.92,INR,V0013,TRUE,18%,TRUE,0
NTX0000856,01-06-2024,28519.78,INR,V0010,TRUE,18%,TRUE,0
NTX0000857,02-06-2024,3094.24,INR,V0026,TRUE,5%,FALSE,0
NTX0000858,02-06-2024,14411.37,INR,V0002,TRUE,18%,TRUE,0
NTX0000859,02-06-2024,10758.62,INR,V0019,TRUE,12%,TRUE,0
NTX0000860,02-06-2024,21447.67,INR,V0014,TRUE,18%,TRUE,0
NTX0000861,02-06-2024,17386.55,INR,V0004,TRUE,18%,TRUE,0
NTX0000862,02-06-2024,7204.64,INR,V0029,TRUE,5%,FALSE,0
NTX0000863,02-06-2024,5527.33,INR,V0016,TRUE,5%,FALSE,0
NTX0000864,02-06-2024,94843,INR,V0010,TRUE,18%,TRUE,0
NTX0000865,02-06-2024,34408.85,INR,V0032,TRUE,18%,TRUE,0
NTX0000866,02-06-2024,76347.55,INR,V0003,TRUE,18%,TRUE,0
NTX0000867,02-06-2024,37792.67,INR,V0028,TRUE,18%,TRUE,0
NTX0000868,02-06-2024,3205.73,INR,V0009,FALSE,exempt,FALSE,0
NTX0000869,03-06-2024,7853.91,INR,V0001,TRUE,18%,TRUE,0
NTX0000870,03-06-2024,55594.6,INR,V0028,TRUE,5%,TRUE,1
NTX0000871,03-06-2024,5708.33,INR,V0019,TRUE,12%,TRUE,0
NTX0000872,03-06-2024,221237.52,INR,V0028,TRUE,18%,TRUE,1
NTX0000873,03-06-2024,5032.11,INR,V0011,TRUE,12%,TRUE,0
NTX0000874,03-06-2024,3325.31,INR,V0021,TRUE,5%,FALSE,0
NTX0000875,03-06-2024,10388.09,INR,V0015,TRUE,18%,TRUE,0
NTX0000876,03-06-2024,28715.77,INR,V0030,TRUE,18%,unknown,0
NTX0000877,03-06-2024,8441.34,INR,V0008,TRUE,18%,TRUE,0
NTX0000878,03-06-2024,40033.8,INR,V0014,TRUE,18%,TRUE,0
NTX0000879,03-06-2024,46871.31,INR,V0014,TRUE,18%,TRUE,0
NTX0000880,03-06-2024,40056.11,INR,V0028,TRUE,18%,TRUE,0
NTX0000881,03-06-2024,48287.51,INR,V0027,TRUE,18%,TRUE,0
NTX0000882,03-06-2024,28726.54,INR,V0010,TRUE,18%,TRUE,0
NTX0000883,03-06-2024,31240.24,INR,V0032,TRUE,18%,TRUE,0
NTX0000884,03-06-2024,142041.6,INR,V0031,TRUE,18%,TRUE,0
NTX0000885,03-06-2024,11978.57,INR,V0004,TRUE,18%,TRUE,0
NTX0000886,04-06-2024,35747.08,INR,V0010,TRUE,18%,TRUE,0
NTX0000887,04-06-2024,4268.16,INR,V0019,TRUE,12%,TRUE,0
NTX0000888,04-06-2024,13200.07,INR,V0015,TRUE,18%,TRUE,0
NTX0000889,04-06-2024,6157.1,INR,V0001,TRUE,18%,TRUE,0
NTX0000890,04-06-2024,37606.78,INR,V0010,TRUE,18%,TRUE,0
NTX0000891,04-06-2024,12617.57,INR,V0004,TRUE,18%,TRUE,0
NTX0000892,04-06-2024,100491.54,INR,V0013,TRUE,18%,TRUE,0
NTX0000893,04-06-2024,28602.88,INR,V0027,TRUE,18%,TRUE,0
NTX0000894,04-06-2024,18552.31,INR,V0017,TRUE,18%,TRUE,0
NTX0000895,04-06-2024,88223.42,INR,V0031,TRUE,18%,TRUE,0
NTX0000896,04-06-2024,6654.46,INR,V0019,TRUE,12%,TRUE,0
NTX0000897,04-06-2024,5440.05,INR,V0024,FALSE,exempt,FALSE,0
NTX0000898,04-06-2024,1730.78,INR,V0012,TRUE,5%,FALSE,0
NTX0000899,04-06-2024,6419.03,INR,V0017,TRUE,18%,TRUE,0
NTX0000900,05-06-2024,4197.98,INR,V0016,TRUE,5%,FALSE,0
NTX0000901,05-06-2024,3401.09,INR,V0012,TRUE,5%,FALSE,0
NTX0000902,05-06-2024,39193.97,INR,V0032,TRUE,18%,TRUE,0
NTX0000903,05-06-2024,66358.66,INR,V0028,TRUE,18%,TRUE,0
NTX0000904,05-06-2024,5970.17,INR,V0011,TRUE,12%,TRUE,0
NTX0000905,05-06-2024,7534.2,INR,V0025,TRUE,12%,TRUE,0
NTX0000906,05-06-2024,5983.11,INR,V0029,TRUE,5%,FALSE,0
NTX0000907,05-06-2024,97010.02,INR,V0031,TRUE,18%,TRUE,0
NTX0000908,05-06-2024,6499.14,INR,V0005,TRUE,18%,TRUE,0
NTX0000909,05-06-2024,5624.93,INR,V0025,TRUE,12%,TRUE,0
NTX0000910,05-06-2024,38937.05,INR,V0010,TRUE,18%,TRUE,0
NTX0000911,05-06-2024,26328.16,INR,V0028,TRUE,18%,TRUE,0
NTX0000912,06-06-2024,58365.05,INR,V0031,TRUE,18%,TRUE,0
NTX0000913,06-06-2024,3602.47,INR,V0019,TRUE,12%,TRUE,0
NTX0000914,06-06-2024,25494.77,INR,V0032,TRUE,18%,TRUE,0
NTX0000915,06-06-2024,36446.63,INR,V0032,TRUE,18%,TRUE,0
NTX0000916,06-06-2024,3515.72,INR,V0011,TRUE,12%,TRUE,0
NTX0000917,06-06-2024,6962.85,INR,V0018,TRUE,18%,TRUE,0
NTX0000918,06-06-2024,13580.55,INR,V0017,TRUE,18%,TRUE,0
NTX0000919,06-06-2024,45154.95,INR,V0027,TRUE,18%,TRUE,0
NTX0000920,06-06-2024,7914.26,INR,V0005,TRUE,18%,TRUE,0
NTX0000921,06-06-2024,11630.37,INR,V0004,TRUE,18%,TRUE,0
NTX0000922,06-06-2024,8103.29,INR,V0005,TRUE,18%,TRUE,0
NTX0000923,06-06-2024,32820.32,INR,V0021,TRUE,5%,FALSE,1
NTX0000924,07-06-2024,15586.05,INR,V0017,TRUE,18%,TRUE,0
NTX0000925,07-06-2024,19482.9,INR,V0030,TRUE,18%,unknown,0
NTX0000926,07-06-2024,4554.43,INR,V0018,TRUE,18%,TRUE,0
NTX0000927,07-06-2024,9200.97,INR,V0009,FALSE,exempt,FALSE,0
NTX0000928,07-06-2024,3073.3,INR,V0016,TRUE,5%,FALSE,0
NTX0000929,07-06-2024,69496.85,INR,V0031,TRUE,18%,TRUE,0
NTX0000930,07-06-2024,10320.08,INR,V0008,TRUE,18%,TRUE,0
NTX0000931,07-06-2024,75549.31,INR,V0003,TRUE,18%,TRUE,0
NTX0000932,07-06-2024,3869.11,INR,V0025,TRUE,12%,TRUE,0
NTX0000933,07-06-2024,10469.73,INR,V0015,TRUE,18%,TRUE,0
NTX0000934,07-06-2024,79661.37,INR,V0031,TRUE,18%,TRUE,0
NTX0000935,07-06-2024,28648.08,INR,V0028,TRUE,18%,TRUE,0
NTX0000936,07-06-2024,3067.18,INR,V0020,TRUE,5%,FALSE,0
NTX0000937,07-06-2024,113623.58,INR,V0013,TRUE,18%,TRUE,0
NTX0000938,07-06-2024,2016.42,INR,V0033,TRUE,5%,FALSE,0
NTX0000939,07-06-2024,27399.2,INR,V0014,TRUE,18%,TRUE,0
NTX0000940,08-06-2024,9205.89,INR,V0004,TRUE,18%,TRUE,0
NTX0000941,08-06-2024,55805.64,INR,V0032,TRUE,18%,TRUE,0
NTX0000942,08-06-2024,10431.97,INR,V0011,TRUE,12%,TRUE,0
NTX0000943,08-06-2024,136455.07,INR,V0013,TRUE,18%,TRUE,0
NTX0000944,08-06-2024,6760.25,INR,V0005,TRUE,18%,TRUE,0
NTX0000945,08-06-2024,4435.14,INR,V0033,TRUE,5%,FALSE,0
NTX0000946,08-06-2024,7982.63,INR,V0001,TRUE,18%,TRUE,0
NTX0000947,08-06-2024,15998.53,INR,V0023,TRUE,18%,unknown,0
NTX0000948,08-06-2024,12055.08,INR,V0015,TRUE,18%,TRUE,0
NTX0000949,08-06-2024,47973.98,INR,V0032,TRUE,18%,TRUE,0
NTX0000950,09-06-2024,31800.4,INR,V0027,TRUE,18%,TRUE,0
NTX0000951,09-06-2024,9152.29,INR,V0008,TRUE,18%,TRUE,0
NTX0000952,09-06-2024,5170.14,INR,V0020,TRUE,5%,FALSE,0
NTX0000953,09-06-2024,7318.52,INR,V0020,TRUE,5%,FALSE,0
NTX0000954,09-06-2024,6454.9,INR,V0025,TRUE,12%,TRUE,0
NTX0000955,09-06-2024,76003.87,INR,V0003,TRUE,18%,TRUE,0
NTX0000956,09-06-2024,10057.65,INR,V0004,TRUE,18%,TRUE,0
NTX0000957,09-06-2024,10066.26,INR,V0002,TRUE,18%,TRUE,0
NTX0000958,09-06-2024,7490.84,INR,V0020,TRUE,5%,FALSE,0
NTX0000959,10-06-2024,25222.86,INR,V0027,TRUE,18%,TRUE,0
NTX0000960,10-06-2024,10859.49,INR,V0001,TRUE,18%,TRUE,0
NTX0000961,10-06-2024,10115.19,INR,V0005,TRUE,18%,TRUE,0
NTX0000962,10-06-2024,4415.9,INR,V0019,TRUE,12%,TRUE,0
NTX0000963,10-06-2024,8983.35,INR,V0015,TRUE,18%,TRUE,0
NTX0000964,10-06-2024,9248.99,INR,V0002,TRUE,18%,TRUE,0
NTX0000965,10-06-2024,2850.31,INR,V0007,TRUE,5%,FALSE,0
NTX0000966,10-06-2024,3012.33,INR,V0011,TRUE,12%,TRUE,0
NTX0000967,10-06-2024,6948.33,INR,V0020,TRUE,5%,FALSE,0
NTX0000968,10-06-2024,44772.34,INR,V0028,TRUE,18%,TRUE,0
NTX0000969,10-06-2024,15743.39,INR,V0015,TRUE,18%,TRUE,0
NTX0000970,10-06-2024,64280.04,INR,V0003,TRUE,18%,TRUE,0
NTX0000971,10-06-2024,50134.5,INR,V0032,TRUE,18%,TRUE,0
NTX0000972,10-06-2024,30205.29,INR,V0030,TRUE,18%,unknown,0
NTX0000973,10-06-2024,16235.83,INR,V0017,TRUE,18%,TRUE,0
NTX0000974,10-06-2024,16090,INR,V0030,TRUE,18%,unknown,0
NTX0000975,11-06-2024,5935.34,INR,V0019,TRUE,12%,TRUE,0
NTX0000976,11-06-2024,3423.45,INR,V0016,TRUE,5%,FALSE,0
NTX0000977,11-06-2024,87479.87,INR,V0031,TRUE,18%,TRUE,0
NTX0000978,11-06-2024,17184.52,INR,V0023,TRUE,18%,unknown,0
NTX0000979,11-06-2024,10682.65,INR,V0005,TRUE,12%,TRUE,1
NTX0000980,11-06-2024,22207.25,INR,V0023,TRUE,18%,unknown,0
NTX0000981,11-06-2024,13607.26,INR,V0017,TRUE,18%,TRUE,0
NTX0000982,11-06-2024,5985.3,INR,V0008,TRUE,18%,TRUE,0
NTX0000983,11-06-2024,48719.09,INR,V0010,TRUE,18%,TRUE,0
NTX0000984,11-06-2024,8460.9,INR,V0025,TRUE,12%,TRUE,0
NTX0000985,11-06-2024,152763.76,INR,V0002,TRUE,18%,TRUE,1
NTX0000986,11-06-2024,7690.5,INR,V0011,TRUE,12%,TRUE,0
NTX0000987,12-06-2024,7311.53,INR,V0017,TRUE,18%,TRUE,0
NTX0000988,12-06-2024,5284.74,INR,V0011,TRUE,12%,TRUE,0
NTX0000989,12-06-2024,4389.26,INR,V0019,TRUE,12%,TRUE,0
NTX0000990,12-06-2024,9805.81,INR,V0005,TRUE,18%,TRUE,0
NTX0000991,12-06-2024,30001.15,INR,V0014,TRUE,18%,TRUE,0
NTX0000992,12-06-2024,98062.43,INR,V0013,TRUE,18%,TRUE,0
NTX0000993,12-06-2024,7440.01,INR,V0018,TRUE,18%,TRUE,0
NTX0000994,12-06-2024,8421.8,INR,V0005,TRUE,18%,TRUE,0
NTX0000995,12-06-2024,13028.85,INR,V0002,TRUE,18%,TRUE,0
NTX0000996,13-06-2024,5091.7,INR,V0025,TRUE,12%,TRUE,0
NTX0000997,13-06-2024,3247.87,INR,V0016,TRUE,5%,FALSE,0
NTX0000998,13-06-2024,6110.01,INR,V0005,TRUE,18%,TRUE,0
NTX0000999,13-06-2024,8001.23,INR,V0011,TRUE,12%,TRUE,0
NTX0001000,13-06-2024,49903.71,INR,V0010,TRUE,exempt,TRUE,1
NTX0001001,13-06-2024,2783.1,INR,V0021,TRUE,5%,FALSE,0
NTX0001002,13-06-2024,6888.77,INR,V0002,TRUE,18%,TRUE,0
NTX0001003,13-06-2024,5131.46,INR,V0019,TRUE,12%,TRUE,0
NTX0001004,13-06-2024,6355.95,INR,V0018,TRUE,18%,TRUE,0
NTX0001005,13-06-2024,22205.83,INR,V0032,TRUE,18%,TRUE,0
NTX0001006,13-06-2024,15283.84,INR,V0014,TRUE,18%,TRUE,0
NTX0001007,13-06-2024,4602.1,INR,V0029,TRUE,5%,FALSE,0
NTX0001008,13-06-2024,207028.16,INR,V0028,TRUE,18%,TRUE,1
NTX0001009,13-06-2024,85192.88,INR,V0031,TRUE,5%,TRUE,1
NTX0001010,13-06-2024,5331.3,INR,V0019,TRUE,12%,TRUE,0
NTX0001011,13-06-2024,87691.85,INR,V0003,TRUE,18%,TRUE,0
NTX0001012,13-06-2024,4178.8,INR,V0016,TRUE,5%,FALSE,0
NTX0001013,14-06-2024,33764.73,INR,V0010,TRUE,18%,TRUE,0
NTX0001014,14-06-2024,65710.64,INR,V0031,TRUE,18%,TRUE,0
NTX0001015,14-06-2024,19270,INR,V0014,TRUE,18%,TRUE,0
NTX0001016,14-06-2024,3478.48,INR,V0025,TRUE,12%,TRUE,0
NTX0001017,14-06-2024,4060.61,INR,V0020,TRUE,5%,FALSE,0
NTX0001018,14-06-2024,3548.98,INR,V0026,TRUE,5%,FALSE,0
NTX0001019,14-06-2024,9674.63,INR,V0001,TRUE,18%,TRUE,0
NTX0001020,14-06-2024,8291.98,INR,V0011,TRUE,12%,TRUE,0
NTX0001021,14-06-2024,6250.92,INR,V0022,FALSE,exempt,FALSE,0
NTX0001022,14-06-2024,35925.72,INR,V0032,TRUE,18%,TRUE,0
NTX0001023,14-06-2024,14510.75,INR,V0023,TRUE,18%,unknown,0
NTX0001024,14-06-2024,4631.25,INR,V0008,TRUE,18%,TRUE,0
NTX0001025,14-06-2024,61248.11,INR,V0031,TRUE,18%,TRUE,0
NTX0001026,14-06-2024,106738.7,INR,V0031,TRUE,18%,TRUE,0
NTX0001027,15-06-2024,2740.68,INR,V0033,TRUE,5%,FALSE,0
NTX0001028,15-06-2024,3699.88,INR,V0026,TRUE,5%,FALSE,0
NTX0001029,15-06-2024,6298.14,INR,V0011,TRUE,12%,TRUE,0
NTX0001030,15-06-2024,4986.39,INR,V0018,TRUE,18%,TRUE,0
NTX0001031,15-06-2024,59586.92,INR,V0003,TRUE,18%,TRUE,0
NTX0001032,15-06-2024,5543.84,INR,V0005,TRUE,18%,TRUE,0
NTX0001033,15-06-2024,1980.86,INR,V0007,TRUE,5%,FALSE,0
NTX0001034,15-06-2024,32672.5,INR,V0027,TRUE,18%,TRUE,0
NTX0001035,16-06-2024,14814.86,INR,V0002,TRUE,18%,TRUE,0
NTX0001036,16-06-2024,5792.63,INR,V0019,TRUE,12%,TRUE,0
NTX0001037,16-06-2024,33878.98,INR,V0032,TRUE,18%,TRUE,0
NTX0001038,16-06-2024,5345.3,INR,V0026,TRUE,5%,FALSE,0
NTX0001039,16-06-2024,19079.35,INR,V0006,TRUE,18%,unknown,0
NTX0001040,16-06-2024,3312.64,INR,V0026,TRUE,5%,FALSE,0
NTX0001041,16-06-2024,5522.91,INR,V0018,TRUE,18%,TRUE,0
NTX0001042,16-06-2024,6170.67,INR,V0002,TRUE,18%,TRUE,0
NTX0001043,16-06-2024,34773.05,INR,V0014,TRUE,18%,TRUE,0
NTX0001044,16-06-2024,37609.95,INR,V0027,TRUE,18%,TRUE,0
NTX0001045,16-06-2024,11075.59,INR,V0002,TRUE,18%,TRUE,0
NTX0001046,16-06-2024,57591.21,INR,V0010,TRUE,18%,TRUE,0
NTX0001047,16-06-2024,28090.51,INR,V0028,TRUE,18%,TRUE,0
NTX0001048,16-06-2024,5073.92,INR,V0001,TRUE,18%,TRUE,0
NTX0001049,16-06-2024,11815.36,INR,V0015,TRUE,18%,TRUE,0
NTX0001050,16-06-2024,9330.9,INR,V0019,TRUE,12%,TRUE,0
NTX0001051,16-06-2024,35288.86,INR,V0032,TRUE,18%,TRUE,0
NTX0001052,17-06-2024,34824.84,INR,V0027,TRUE,18%,TRUE,0
NTX0001053,17-06-2024,12558.29,INR,V0001,TRUE,18%,TRUE,0
NTX0001054,17-06-2024,39628.72,INR,V0032,TRUE,18%,TRUE,0
NTX0001055,17-06-2024,6300.07,INR,V0011,TRUE,12%,TRUE,0
NTX0001056,17-06-2024,122431.01,INR,V0031,TRUE,18%,TRUE,0
NTX0001057,17-06-2024,5100.1,INR,V0022,FALSE,exempt,FALSE,0
NTX0001058,17-06-2024,42985.59,INR,V0028,TRUE,18%,TRUE,0
NTX0001059,17-06-2024,8014.38,INR,V0002,TRUE,18%,TRUE,0
NTX0001060,17-06-2024,3755.28,INR,V0019,TRUE,12%,TRUE,0
NTX0001061,17-06-2024,10496.52,INR,V0018,TRUE,18%,TRUE,0
NTX0001062,17-06-2024,19138.31,INR,V0004,TRUE,18%,TRUE,0
NTX0001063,17-06-2024,27033.17,INR,V0014,TRUE,18%,TRUE,0
NTX0001064,18-06-2024,100184.36,INR,V0003,TRUE,18%,TRUE,0
NTX0001065,18-06-2024,96365.86,INR,V0013,TRUE,18%,TRUE,0
NTX0001066,18-06-2024,65908.11,INR,V0003,TRUE,18%,TRUE,0
NTX0001067,18-06-2024,10560.21,INR,V0008,TRUE,18%,TRUE,0
NTX0001068,18-06-2024,56888.19,INR,V0028,TRUE,18%,TRUE,0
NTX0001069,18-06-2024,19610.04,INR,V0030,TRUE,18%,unknown,0
NTX0001070,18-06-2024,5283.16,INR,V0021,TRUE,12%,FALSE,1
NTX0001071,18-06-2024,9625.29,INR,V0025,TRUE,12%,TRUE,0
NTX0001072,18-06-2024,18435.49,INR,V0017,TRUE,18%,TRUE,0
NTX0001073,18-06-2024,9981.23,INR,V0015,TRUE,18%,TRUE,0
NTX0001074,18-06-2024,50534.19,INR,V0010,TRUE,18%,TRUE,0
NTX0001075,18-06-2024,122604.31,INR,V0031,TRUE,18%,TRUE,0
NTX0001076,18-06-2024,84161.23,INR,V0013,TRUE,18%,TRUE,0
NTX0001077,18-06-2024,4594.88,INR,V0019,TRUE,12%,TRUE,0
NTX0001078,19-06-2024,101132.94,INR,V0003,TRUE,18%,TRUE,0
NTX0001079,19-06-2024,10885.06,INR,V0017,TRUE,18%,TRUE,0
NTX0001080,19-06-2024,11427.81,INR,V0005,TRUE,18%,TRUE,0
NTX0001081,19-06-2024,5848.13,INR,V0018,TRUE,18%,TRUE,0
NTX0001082,19-06-2024,20600.47,INR,V0027,TRUE,18%,TRUE,0
NTX0001083,19-06-2024,77719.32,INR,V0013,TRUE,18%,TRUE,0
NTX0001084,19-06-2024,118210.3,INR,V0013,TRUE,18%,TRUE,0
NTX0001085,19-06-2024,21088.41,INR,V0002,TRUE,18%,TRUE,0
NTX0001086,19-06-2024,24496.14,INR,V0032,TRUE,18%,TRUE,0
NTX0001087,19-06-2024,15869.63,INR,V0004,TRUE,18%,TRUE,0
NTX0001088,19-06-2024,26355.31,INR,V0028,TRUE,18%,TRUE,0
NTX0001089,19-06-2024,5133.88,INR,V0025,TRUE,12%,TRUE,0
NTX0001090,19-06-2024,6136.45,INR,V0012,TRUE,5%,FALSE,0
NTX0001091,19-06-2024,9395.7,INR,V0004,TRUE,18%,TRUE,0
NTX0001092,19-06-2024,4788.76,INR,V0021,TRUE,5%,FALSE,0
NTX0001093,19-06-2024,65111.29,INR,V0013,TRUE,18%,TRUE,0
NTX0001094,20-06-2024,98424.71,INR,V0013,TRUE,18%,TRUE,0
NTX0001095,20-06-2024,33110.45,INR,V0014,TRUE,18%,TRUE,0
NTX0001096,20-06-2024,2748.63,INR,V0033,TRUE,5%,FALSE,0
NTX0001097,20-06-2024,7052.73,INR,V0018,TRUE,18%,TRUE,0
NTX0001098,20-06-2024,26177.67,INR,V0027,TRUE,18%,TRUE,0
NTX0001099,20-06-2024,4782.48,INR,V0011,TRUE,12%,TRUE,0
NTX0001100,20-06-2024,164106,INR,V0031,TRUE,18%,TRUE,0
NTX0001101,20-06-2024,16776.93,INR,V0017,TRUE,18%,TRUE,0
NTX0001102,20-06-2024,5216.26,INR,V0012,TRUE,5%,FALSE,0
NTX0001103,20-06-2024,12172.98,INR,V0002,TRUE,18%,TRUE,0
NTX0001104,20-06-2024,3622.87,INR,V0007,TRUE,5%,FALSE,0
NTX0001105,20-06-2024,4810.94,INR,V0021,TRUE,5%,FALSE,0
NTX0001106,21-06-2024,14585.79,INR,V0004,TRUE,18%,TRUE,0
NTX0001107,21-06-2024,24580.19,INR,V0032,TRUE,18%,TRUE,0
NTX0001108,21-06-2024,75708.71,INR,V0031,TRUE,18%,TRUE,0
NTX0001109,21-06-2024,65746.21,INR,V0013,TRUE,18%,TRUE,0
NTX0001110,21-06-2024,2685.81,INR,V0033,TRUE,5%,FALSE,0
NTX0001111,21-06-2024,9258.89,INR,V0004,TRUE,18%,TRUE,0
NTX0001112,21-06-2024,44906.5,INR,V0028,TRUE,18%,TRUE,0
NTX0001113,21-06-2024,7834.97,INR,V0008,TRUE,18%,TRUE,0
NTX0001114,21-06-2024,9698.43,INR,V0002,TRUE,18%,TRUE,0
NTX0001115,21-06-2024,32530.5,INR,V0010,TRUE,5%,TRUE,1
NTX0001116,21-06-2024,10619.26,INR,V0018,TRUE,18%,TRUE,0
NTX0001117,21-06-2024,25718.5,INR,V0032,TRUE,18%,TRUE,0
NTX0001118,22-06-2024,85111.38,INR,V0003,TRUE,18%,TRUE,0
NTX0001119,22-06-2024,15565.16,INR,V0004,TRUE,18%,TRUE,0
NTX0001120,22-06-2024,28037.18,INR,V0004,TRUE,18%,TRUE,0
NTX0001121,22-06-2024,31312.99,INR,V0027,TRUE,18%,TRUE,0
NTX0001122,22-06-2024,2360.88,INR,V0016,TRUE,5%,FALSE,0
NTX0001123,22-06-2024,6339.61,INR,V0019,TRUE,12%,TRUE,0
NTX0001124,22-06-2024,22283.29,INR,V0006,TRUE,18%,unknown,0
NTX0001125,22-06-2024,4118.98,INR,V0021,TRUE,5%,FALSE,0
NTX0001126,22-06-2024,7015.73,INR,V0008,TRUE,18%,TRUE,0
NTX0001127,22-06-2024,20677.82,INR,V0027,TRUE,18%,TRUE,0
NTX0001128,22-06-2024,13096.25,INR,V0015,TRUE,18%,TRUE,0
NTX0001129,22-06-2024,6669.33,INR,V0019,TRUE,12%,TRUE,0
NTX0001130,22-06-2024,6951.28,INR,V0011,TRUE,12%,TRUE,0
NTX0001131,22-06-2024,79144.57,INR,V0013,TRUE,18%,TRUE,0
NTX0001132,22-06-2024,143314.64,INR,V0030,TRUE,18%,unknown,1
NTX0001133,23-06-2024,5957.45,INR,V0021,TRUE,5%,FALSE,0
NTX0001134,23-06-2024,12550.98,INR,V0004,TRUE,18%,TRUE,0
NTX0001135,23-06-2024,8988.77,INR,V0008,TRUE,18%,TRUE,0
NTX0001136,23-06-2024,12724.9,INR,V0008,TRUE,18%,TRUE,0
NTX0001137,23-06-2024,6039.72,INR,V0018,TRUE,18%,TRUE,0
NTX0001138,23-06-2024,50527.08,INR,V0032,TRUE,18%,TRUE,0
NTX0001139,23-06-2024,24215.8,INR,V0027,TRUE,18%,TRUE,0
NTX0001140,23-06-2024,2910.99,INR,V0026,TRUE,5%,FALSE,0
NTX0001141,23-06-2024,8458.87,INR,V0004,TRUE,18%,TRUE,0
NTX0001142,23-06-2024,28063.35,INR,V0028,TRUE,18%,TRUE,0
NTX0001143,23-06-2024,1718.64,INR,V0007,TRUE,5%,FALSE,0
NTX0001144,23-06-2024,40235.04,INR,V0010,TRUE,18%,TRUE,0
NTX0001145,24-06-2024,4706.87,INR,V0021,TRUE,5%,FALSE,0
NTX0001146,24-06-2024,70393.71,INR,V0003,TRUE,18%,TRUE,0
NTX0001147,24-06-2024,32486.47,INR,V0027,TRUE,18%,TRUE,0
NTX0001148,24-06-2024,47952.61,INR,V0031,TRUE,18%,TRUE,0
NTX0001149,24-06-2024,10072.18,INR,V0002,TRUE,18%,TRUE,0
NTX0001150,24-06-2024,5421.25,INR,V0024,FALSE,exempt,FALSE,0
NTX0001151,24-06-2024,3045.02,INR,V0007,TRUE,5%,FALSE,0
NTX0001152,24-06-2024,26245.49,INR,V0028,TRUE,18%,TRUE,0
NTX0001153,24-06-2024,39414.16,INR,V0010,TRUE,18%,TRUE,0
NTX0001154,24-06-2024,5357.82,INR,V0020,TRUE,5%,FALSE,0
NTX0001155,24-06-2024,13805.44,INR,V0004,TRUE,18%,TRUE,0
NTX0001156,24-06-2024,27826.56,INR,V0028,TRUE,18%,TRUE,0
NTX0001157,24-06-2024,8021.89,INR,V0018,TRUE,18%,TRUE,0
NTX0001158,25-06-2024,10378.25,INR,V0004,TRUE,18%,TRUE,0
NTX0001159,25-06-2024,11032.39,INR,V0008,TRUE,18%,TRUE,0
NTX0001160,25-06-2024,40875.59,INR,V0010,TRUE,18%,TRUE,0
NTX0001161,25-06-2024,103259.96,INR,V0013,TRUE,18%,TRUE,0
NTX0001162,25-06-2024,65833.75,INR,V0013,TRUE,18%,TRUE,0
NTX0001163,25-06-2024,5119.13,INR,V0022,FALSE,exempt,FALSE,0
NTX0001164,25-06-2024,32839.91,INR,V0002,TRUE,18%,TRUE,0
NTX0001165,25-06-2024,8034.75,INR,V0002,TRUE,18%,TRUE,0
NTX0001166,25-06-2024,97660.07,INR,V0031,TRUE,18%,TRUE,0
NTX0001167,25-06-2024,10565.89,INR,V0001,TRUE,18%,TRUE,0
NTX0001168,25-06-2024,4646.13,INR,V0019,TRUE,12%,TRUE,0
NTX0001169,25-06-2024,10627.72,INR,V0008,TRUE,18%,TRUE,0
NTX0001170,25-06-2024,6818.4,INR,V0011,TRUE,12%,TRUE,0
NTX0001171,25-06-2024,10734.82,INR,V0017,TRUE,18%,TRUE,0
NTX0001172,25-06-2024,6106.44,INR,V0012,TRUE,5%,FALSE,0
NTX0001173,25-06-2024,12996.83,INR,V0002,TRUE,18%,TRUE,0
NTX0001174,25-06-2024,3447.34,INR,V0033,TRUE,5%,FALSE,0
NTX0001175,25-06-2024,3010.7,INR,V0016,TRUE,5%,FALSE,0
NTX0001176,25-06-2024,14078.29,INR,V0005,TRUE,18%,TRUE,0
NTX0001177,25-06-2024,31194.99,INR,V0010,TRUE,18%,TRUE,0
NTX0001178,26-06-2024,3482.3,INR,V0007,TRUE,5%,FALSE,0
NTX0001179,26-06-2024,49241.71,INR,V0003,TRUE,18%,TRUE,0
NTX0001180,26-06-2024,61834.99,INR,V0031,TRUE,18%,TRUE,0
NTX0001181,26-06-2024,48943.95,INR,V0028,TRUE,18%,TRUE,0
NTX0001182,26-06-2024,5025.96,INR,V0019,TRUE,12%,TRUE,0
NTX0001183,26-06-2024,10108.91,INR,V0017,TRUE,18%,TRUE,0
NTX0001184,26-06-2024,4705.06,INR,V0016,TRUE,5%,FALSE,0
NTX0001185,26-06-2024,101483.82,INR,V0013,TRUE,18%,TRUE,0
NTX0001186,26-06-2024,36620.93,INR,V0028,TRUE,18%,TRUE,0
NTX0001187,26-06-2024,12361.32,INR,V0004,TRUE,18%,TRUE,0
NTX0001188,26-06-2024,15126.61,INR,V0018,TRUE,18%,TRUE,0
NTX0001189,26-06-2024,24174.88,INR,V0027,TRUE,18%,TRUE,0
NTX0001190,26-06-2024,10461.77,INR,V0005,TRUE,18%,TRUE,0
NTX0001191,26-06-2024,3725.93,INR,V0024,FALSE,exempt,FALSE,0
NTX0001192,26-06-2024,62643.51,INR,V0031,TRUE,18%,TRUE,0
NTX0001193,26-06-2024,2845.14,INR,V0033,TRUE,5%,FALSE,0
NTX0001194,26-06-2024,17196.08,INR,V0002,TRUE,18%,TRUE,0
NTX0001195,27-06-2024,11889.59,INR,V0004,TRUE,18%,TRUE,0
NTX0001196,27-06-2024,2456.1,INR,V0024,FALSE,exempt,FALSE,0
NTX0001197,27-06-2024,13084.99,INR,V0017,TRUE,18%,TRUE,0
NTX0001198,27-06-2024,68087.72,INR,V0031,TRUE,18%,TRUE,0
NTX0001199,27-06-2024,3753.84,INR,V0009,FALSE,exempt,FALSE,0
NTX0001200,27-06-2024,2906.85,INR,V0026,TRUE,5%,FALSE,0
NTX0001201,27-06-2024,9476.11,INR,V0008,TRUE,18%,TRUE,0
NTX0001202,27-06-2024,90741.63,INR,V0013,TRUE,18%,TRUE,0
NTX0001203,27-06-2024,84144.85,INR,V0013,TRUE,18%,TRUE,0
NTX0001204,27-06-2024,9745.52,INR,V0017,TRUE,18%,TRUE,0
NTX0001205,27-06-2024,27385.85,INR,V0015,TRUE,18%,TRUE,0
NTX0001206,27-06-2024,7331.58,INR,V0017,TRUE,18%,TRUE,0
NTX0001207,27-06-2024,8335.08,INR,V0011,TRUE,12%,TRUE,0
NTX0001208,27-06-2024,34153.95,INR,V0010,TRUE,18%,TRUE,0
NTX0001209,27-06-2024,21289.47,INR,V0006,TRUE,18%,unknown,0
NTX0001210,27-06-2024,33882.94,INR,V0027,TRUE,18%,TRUE,0
NTX0001211,27-06-2024,10135.53,INR,V0018,TRUE,18%,TRUE,0
NTX0001212,27-06-2024,37350.23,INR,V0027,TRUE,18%,TRUE,0
NTX0001213,28-06-2024,16810.59,INR,V0002,TRUE,18%,TRUE,0
NTX0001214,28-06-2024,23041.23,INR,V0014,TRUE,18%,TRUE,0
NTX0001215,28-06-2024,6434.65,INR,V0011,TRUE,12%,TRUE,0
NTX0001216,28-06-2024,41757.29,INR,V0028,TRUE,18%,TRUE,0
NTX0001217,28-06-2024,8100.11,INR,V0004,TRUE,18%,TRUE,0
NTX0001218,28-06-2024,3787.49,INR,V0009,FALSE,exempt,FALSE,0
NTX0001219,28-06-2024,5476.39,INR,V0018,TRUE,18%,TRUE,0
NTX0001220,28-06-2024,19458.88,INR,V0014,TRUE,18%,TRUE,0
NTX0001221,28-06-2024,4794.1,INR,V0020,TRUE,5%,FALSE,0
NTX0001222,28-06-2024,34095.84,INR,V0032,TRUE,18%,TRUE,0
NTX0001223,29-06-2024,3223.67,INR,V0016,TRUE,5%,FALSE,0
NTX0001224,29-06-2024,69365.35,INR,V0013,TRUE,18%,TRUE,0
NTX0001225,29-06-2024,77810.07,INR,V0013,TRUE,18%,TRUE,0
NTX0001226,29-06-2024,3414.57,INR,V0012,TRUE,5%,FALSE,0
NTX0001227,29-06-2024,51180.9,INR,V0027,TRUE,18%,TRUE,0
NTX0001228,29-06-2024,128469.2,INR,V0031,TRUE,18%,TRUE,0
NTX0001229,29-06-2024,64761.89,INR,V0003,TRUE,18%,TRUE,0
NTX0001230,29-06-2024,5565.1,INR,V0018,TRUE,18%,TRUE,0
NTX0001231,29-06-2024,15322.43,INR,V0002,TRUE,18%,TRUE,0
NTX0001232,29-06-2024,3007.23,INR,V0016,TRUE,5%,FALSE,0
NTX0001233,29-06-2024,2341.12,INR,V0026,TRUE,5%,FALSE,0
NTX0001234,29-06-2024,6473.42,INR,V0008,TRUE,18%,TRUE,0
NTX0001235,29-06-2024,131585.36,INR,V0031,TRUE,18%,TRUE,0
NTX0001236,29-06-2024,105979.08,INR,V0013,TRUE,18%,TRUE,0
NTX0001237,29-06-2024,38288.82,INR,V0014,TRUE,18%,TRUE,0
NTX0001238,29-06-2024,12553.28,INR,V0008,TRUE,18%,TRUE,0
NTX0001239,29-06-2024,9638.82,INR,V0023,TRUE,18%,unknown,0
NTX0001240,30-06-2024,27932.91,INR,V0014,TRUE,18%,TRUE,0
NTX0001241,30-06-2024,5598.92,INR,V0008,TRUE,18%,TRUE,0
NTX0001242,30-06-2024,5902.39,INR,V0025,TRUE,12%,TRUE,0
NTX0001243,30-06-2024,3911.61,INR,V0008,TRUE,18%,TRUE,0
NTX0001244,30-06-2024,7514.1,INR,V0024,FALSE,exempt,FALSE,0
NTX0001245,30-06-2024,42903.64,INR,V0010,TRUE,18%,TRUE,0
NTX0001246,30-06-2024,31766.09,INR,V0010,TRUE,18%,TRUE,0
NTX0001247,30-06-2024,3329.64,INR,V0019,TRUE,12%,TRUE,0
NTX0001248,30-06-2024,75412.3,INR,V0003,TRUE,18%,TRUE,0
NTX0001249,30-06-2024,4560.3,INR,V0016,TRUE,5%,FALSE,0
NTX0001250,30-06-2024,5318.84,INR,V0026,TRUE,5%,FALSE,0
NTX0001251,30-06-2024,36169.99,INR,V0014,TRUE,18%,TRUE,1
NTX0001252,30-06-2024,20655.59,INR,V0014,TRUE,18%,TRUE,0
NTX0001253,30-06-2024,13134.58,INR,V0002,TRUE,18%,TRUE,0
NTX0001254,30-06-2024,17943.42,INR,V0032,TRUE,18%,TRUE,0
NTX0001255,01-07-2024,122427.9,INR,V0031,TRUE,18%,TRUE,0
NTX0001256,01-07-2024,26693.7,INR,V0010,TRUE,18%,TRUE,0
NTX0001257,01-07-2024,11980.13,INR,V0030,TRUE,18%,unknown,0
NTX0001258,01-07-2024,47475.22,INR,V0028,TRUE,18%,TRUE,0
NTX0001259,01-07-2024,13516.01,INR,V0015,TRUE,18%,TRUE,0
NTX0001260,01-07-2024,9337.79,INR,V0005,TRUE,18%,TRUE,0
NTX0001261,01-07-2024,7398.82,INR,V0002,TRUE,18%,TRUE,0
NTX0001262,01-07-2024,4356.66,INR,V0026,TRUE,5%,FALSE,0
NTX0001263,01-07-2024,3879.64,INR,V0007,TRUE,5%,FALSE,0
NTX0001264,01-07-2024,7576.95,INR,V0018,TRUE,18%,TRUE,0
NTX0001265,01-07-2024,13720.52,INR,V0030,TRUE,18%,unknown,0
NTX0001266,01-07-2024,36689.14,INR,V0027,TRUE,18%,TRUE,0
NTX0001267,01-07-2024,4732.06,INR,V0019,TRUE,12%,TRUE,0
NTX0001268,01-07-2024,6736.65,INR,V0001,TRUE,18%,TRUE,0
NTX0001269,01-07-2024,149465.68,INR,V0027,TRUE,18%,TRUE,1
NTX0001270,02-07-2024,100510.93,INR,V0013,TRUE,18%,TRUE,0
NTX0001271,02-07-2024,6017.34,INR,V0029,TRUE,5%,FALSE,0
NTX0001272,02-07-2024,14962.85,INR,V0017,TRUE,18%,TRUE,0
NTX0001273,02-07-2024,7586.98,INR,V0025,TRUE,12%,TRUE,0
NTX0001274,02-07-2024,20711.32,INR,V0030,TRUE,18%,unknown,0
NTX0001275,02-07-2024,4761.95,INR,V0020,TRUE,5%,FALSE,0
NTX0001276,02-07-2024,31689.03,INR,V0032,TRUE,18%,TRUE,0
NTX0001277,02-07-2024,4315.91,INR,V0025,TRUE,12%,TRUE,0
NTX0001278,02-07-2024,29402.07,INR,V0023,TRUE,18%,unknown,0
NTX0001279,02-07-2024,27758.92,INR,V0010,TRUE,18%,TRUE,0
NTX0001280,02-07-2024,35480.81,INR,V0010,TRUE,18%,TRUE,0
NTX0001281,02-07-2024,50121.09,INR,V0032,TRUE,18%,TRUE,0
NTX0001282,02-07-2024,11564.54,INR,V0017,TRUE,18%,TRUE,0
NTX0001283,02-07-2024,18427.64,INR,V0015,TRUE,18%,TRUE,0
NTX0001284,02-07-2024,5202.74,INR,V0022,FALSE,exempt,FALSE,0
NTX0001285,02-07-2024,3766.98,INR,V0019,TRUE,12%,TRUE,0
NTX0001286,03-07-2024,12215.91,INR,V0017,TRUE,18%,TRUE,0
NTX0001287,03-07-2024,72416.4,INR,V0003,TRUE,18%,TRUE,0
NTX0001288,03-07-2024,12677.79,INR,V0019,TRUE,12%,TRUE,0
NTX0001289,03-07-2024,4601.32,INR,V0024,FALSE,exempt,FALSE,0
NTX0001290,03-07-2024,50884.33,INR,V0003,TRUE,18%,TRUE,0
NTX0001291,03-07-2024,5475.95,INR,V0018,TRUE,18%,TRUE,0
NTX0001292,03-07-2024,113703.57,INR,V0003,TRUE,18%,TRUE,0
NTX0001293,03-07-2024,88884.91,INR,V0003,TRUE,18%,TRUE,0
NTX0001294,03-07-2024,2511.1,INR,V0026,TRUE,5%,FALSE,0
NTX0001295,03-07-2024,11979.03,INR,V0002,TRUE,18%,TRUE,0
NTX0001296,03-07-2024,38364.38,INR,V0010,TRUE,18%,TRUE,0
NTX0001297,03-07-2024,8487.57,INR,V0004,TRUE,18%,TRUE,0
NTX0001298,03-07-2024,7397.89,INR,V0008,TRUE,5%,TRUE,1
NTX0001299,03-07-2024,3318.21,INR,V0026,TRUE,5%,FALSE,0
NTX0001300,03-07-2024,12889.64,INR,V0015,TRUE,18%,TRUE,0
NTX0001301,03-07-2024,31870.28,INR,V0010,TRUE,18%,TRUE,0
NTX0001302,03-07-2024,6999.99,INR,V0025,TRUE,12%,TRUE,0
NTX0001303,03-07-2024,45036.09,INR,V0028,TRUE,18%,TRUE,0
NTX0001304,04-07-2024,9664.35,INR,V0018,TRUE,18%,TRUE,0
NTX0001305,04-07-2024,17381.8,INR,V0006,TRUE,18%,unknown,0
NTX0001306,04-07-2024,8329.51,INR,V0018,TRUE,18%,TRUE,0
NTX0001307,04-07-2024,39455.98,INR,V0010,TRUE,18%,TRUE,0
NTX0001308,04-07-2024,43506.74,INR,V0027,TRUE,18%,TRUE,0
NTX0001309,04-07-2024,24918.85,INR,V0030,TRUE,18%,unknown,0
NTX0001310,04-07-2024,8536.97,INR,V0017,TRUE,18%,TRUE,0
NTX0001311,04-07-2024,3994.5,INR,V0025,TRUE,12%,TRUE,0
NTX0001312,04-07-2024,31818.99,INR,V0028,TRUE,18%,TRUE,0
NTX0001313,04-07-2024,56052.64,INR,V0010,TRUE,18%,TRUE,0
NTX0001314,04-07-2024,28115.08,INR,V0027,TRUE,18%,TRUE,0
NTX0001315,04-07-2024,26492.13,INR,V0010,TRUE,18%,TRUE,0
NTX0001316,04-07-2024,42547.67,INR,V0027,TRUE,18%,TRUE,0
NTX0001317,05-07-2024,12891.62,INR,V0004,TRUE,18%,TRUE,0
NTX0001318,05-07-2024,16735.75,INR,V0002,TRUE,18%,TRUE,0
NTX0001319,05-07-2024,10198.45,INR,V0005,TRUE,18%,TRUE,0
NTX0001320,05-07-2024,11142.42,INR,V0001,TRUE,18%,TRUE,0
NTX0001321,05-07-2024,5703.68,INR,V0011,TRUE,12%,TRUE,0
NTX0001322,05-07-2024,116791,INR,V0003,TRUE,28%,TRUE,1
NTX0001323,06-07-2024,20046.81,INR,V0002,TRUE,18%,TRUE,0
NTX0001324,06-07-2024,5171.75,INR,V0009,FALSE,exempt,FALSE,0
NTX0001325,06-07-2024,4441.59,INR,V0026,TRUE,5%,FALSE,0
NTX0001326,06-07-2024,5869.79,INR,V0011,TRUE,12%,TRUE,0
NTX0001327,06-07-2024,4946.03,INR,V0025,TRUE,12%,TRUE,0
NTX0001328,06-07-2024,12108.54,INR,V0004,TRUE,18%,TRUE,0
NTX0001329,06-07-2024,3483.93,INR,V0025,TRUE,12%,TRUE,0
NTX0001330,06-07-2024,6281.49,INR,V0019,TRUE,12%,TRUE,0
NTX0001331,06-07-2024,6253.29,INR,V0011,TRUE,12%,TRUE,0
NTX0001332,06-07-2024,5255.18,INR,V0024,FALSE,exempt,FALSE,0
NTX0001333,06-07-2024,8812.25,INR,V0025,TRUE,12%,TRUE,0
NTX0001334,06-07-2024,5687.94,INR,V0019,TRUE,5%,TRUE,1
NTX0001335,06-07-2024,70576.3,INR,V0013,TRUE,18%,TRUE,0
NTX0001336,06-07-2024,4684.85,INR,V0012,TRUE,5%,FALSE,0
NTX0001337,06-07-2024,26254.14,INR,V0027,TRUE,18%,TRUE,0
NTX0001338,07-07-2024,4566.61,INR,V0005,TRUE,18%,TRUE,0
NTX0001339,07-07-2024,3340.21,INR,V0009,FALSE,exempt,FALSE,0
NTX0001340,07-07-2024,7303.05,INR,V0025,TRUE,12%,TRUE,0
NTX0001341,07-07-2024,109663.11,INR,V0031,TRUE,18%,TRUE,0
NTX0001342,07-07-2024,77089.57,INR,V0003,TRUE,18%,TRUE,0
NTX0001343,07-07-2024,10594.49,INR,V0002,TRUE,18%,TRUE,0
NTX0001344,07-07-2024,2325.21,INR,V0016,TRUE,5%,FALSE,0
NTX0001345,07-07-2024,12467.4,INR,V0011,TRUE,12%,TRUE,0
NTX0001346,07-07-2024,9585.22,INR,V0005,TRUE,18%,TRUE,0
NTX0001347,07-07-2024,4755.66,INR,V0029,TRUE,5%,FALSE,0
NTX0001348,08-07-2024,4045.16,INR,V0029,TRUE,5%,FALSE,0
NTX0001349,08-07-2024,24754.07,INR,V0010,TRUE,18%,TRUE,0
NTX0001350,08-07-2024,33476.24,INR,V0014,TRUE,18%,TRUE,0
NTX0001351,08-07-2024,5123.79,INR,V0021,TRUE,5%,FALSE,0
NTX0001352,08-07-2024,101109.72,INR,V0013,TRUE,18%,TRUE,0
NTX0001353,08-07-2024,179354.06,INR,V0031,TRUE,18%,TRUE,0
NTX0001354,08-07-2024,11179.9,INR,V0002,TRUE,18%,TRUE,0
NTX0001355,08-07-2024,80533.44,INR,V0031,TRUE,18%,TRUE,0
NTX0001356,08-07-2024,4829.54,INR,V0029,TRUE,5%,FALSE,0
NTX0001357,08-07-2024,2900.05,INR,V0007,TRUE,5%,FALSE,0
NTX0001358,08-07-2024,16738.92,INR,V0028,TRUE,18%,TRUE,0
NTX0001359,08-07-2024,10382.7,INR,V0017,TRUE,18%,TRUE,0
NTX0001360,09-07-2024,5495.91,INR,V0020,TRUE,5%,FALSE,0
NTX0001361,09-07-2024,4985.41,INR,V0019,TRUE,12%,TRUE,0
NTX0001362,09-07-2024,44919.44,INR,V0013,TRUE,18%,TRUE,0
NTX0001363,09-07-2024,11962.23,INR,V0002,TRUE,18%,TRUE,0
NTX0001364,09-07-2024,9311.99,INR,V0001,TRUE,18%,TRUE,0
NTX0001365,09-07-2024,40943.58,INR,V0014,TRUE,18%,TRUE,0
NTX0001366,09-07-2024,40090.95,INR,V0010,TRUE,18%,TRUE,0
NTX0001367,09-07-2024,150964.28,INR,V0003,TRUE,18%,TRUE,0
NTX0001368,09-07-2024,5879.33,INR,V0011,TRUE,12%,TRUE,0
NTX0001369,09-07-2024,32862.6,INR,V0027,TRUE,18%,TRUE,0
NTX0001370,09-07-2024,9081.59,INR,V0002,TRUE,18%,TRUE,0
NTX0001371,09-07-2024,5791.16,INR,V0008,TRUE,18%,TRUE,0
NTX0001372,09-07-2024,10943.55,INR,V0018,TRUE,18%,TRUE,0
NTX0001373,09-07-2024,11011.53,INR,V0015,TRUE,18%,TRUE,0
NTX0001374,09-07-2024,3749.59,INR,V0026,TRUE,5%,FALSE,0
NTX0001375,10-07-2024,10101.47,INR,V0018,TRUE,18%,TRUE,0
NTX0001376,10-07-2024,3924.11,INR,V0020,TRUE,5%,FALSE,0
NTX0001377,10-07-2024,4976,INR,V0020,TRUE,5%,FALSE,0
NTX0001378,10-07-2024,5534.2,INR,V0012,TRUE,5%,FALSE,0
NTX0001379,10-07-2024,3619.87,INR,V0016,TRUE,5%,FALSE,0
NTX0001380,10-07-2024,2706.97,INR,V0026,TRUE,5%,FALSE,0
NTX0001381,10-07-2024,56281.48,INR,V0032,TRUE,18%,TRUE,0
NTX0001382,10-07-2024,7586.87,INR,V0004,TRUE,18%,FALSE,1
NTX0001383,10-07-2024,12636.96,INR,V0004,TRUE,18%,TRUE,0
NTX0001384,10-07-2024,5117.55,INR,V0019,TRUE,12%,FALSE,1
NTX0001385,10-07-2024,9263.2,INR,V0005,TRUE,18%,TRUE,0
NTX0001386,10-07-2024,10921.73,INR,V0018,TRUE,18%,TRUE,0
NTX0001387,10-07-2024,14006.75,INR,V0017,TRUE,18%,TRUE,0
NTX0001388,10-07-2024,69685.33,INR,V0003,TRUE,18%,TRUE,0
NTX0001389,10-07-2024,12105.21,INR,V0002,TRUE,18%,TRUE,0
NTX0001390,11-07-2024,7248.94,INR,V0011,TRUE,12%,TRUE,0
NTX0001391,11-07-2024,111153.83,INR,V0031,TRUE,18%,TRUE,0
NTX0001392,11-07-2024,7639.85,INR,V0001,TRUE,18%,TRUE,0
NTX0001393,11-07-2024,2148.7,INR,V0016,TRUE,5%,FALSE,0
NTX0001394,11-07-2024,9003.86,INR,V0002,TRUE,18%,TRUE,0
NTX0001395,11-07-2024,4255.61,INR,V0029,TRUE,18%,FALSE,1
NTX0001396,11-07-2024,12818.79,INR,V0002,TRUE,18%,TRUE,0
NTX0001397,11-07-2024,100316.39,INR,V0031,TRUE,18%,TRUE,0
NTX0001398,11-07-2024,119080.74,INR,V0013,TRUE,18%,TRUE,0
NTX0001399,11-07-2024,8642.21,INR,V0017,TRUE,18%,TRUE,0
NTX0001400,11-07-2024,99982.96,INR,V0031,TRUE,18%,TRUE,0
NTX0001401,11-07-2024,17418.18,INR,V0015,TRUE,18%,TRUE,0
NTX0001402,11-07-2024,90335.62,INR,V0013,TRUE,18%,TRUE,0
NTX0001403,11-07-2024,88538.96,INR,V0013,TRUE,28%,TRUE,1
NTX0001404,11-07-2024,85042.89,INR,V0031,TRUE,18%,TRUE,0
NTX0001405,11-07-2024,1567.73,INR,V0007,TRUE,5%,FALSE,0
NTX0001406,11-07-2024,82091.84,INR,V0013,TRUE,18%,TRUE,0
NTX0001407,11-07-2024,2588.14,INR,V0016,TRUE,5%,FALSE,0
NTX0001408,12-07-2024,34294.16,INR,V0032,TRUE,18%,TRUE,0
NTX0001409,12-07-2024,4051,INR,V0011,TRUE,12%,TRUE,0
NTX0001410,12-07-2024,3313.85,INR,V0012,TRUE,5%,FALSE,0
NTX0001411,12-07-2024,9187.26,INR,V0001,TRUE,18%,TRUE,0
NTX0001412,12-07-2024,3667.43,INR,V0020,TRUE,5%,FALSE,0
NTX0001413,12-07-2024,8854.62,INR,V0008,TRUE,18%,TRUE,0
NTX0001414,12-07-2024,121921.11,INR,V0013,TRUE,18%,TRUE,0
NTX0001415,12-07-2024,82614.81,INR,V0013,TRUE,18%,TRUE,0
NTX0001416,12-07-2024,31093.64,INR,V0032,TRUE,18%,TRUE,0
NTX0001417,12-07-2024,4087.91,INR,V0012,TRUE,5%,FALSE,0
NTX0001418,12-07-2024,26962,INR,V0027,TRUE,18%,TRUE,0
NTX0001419,12-07-2024,10247.58,INR,V0001,TRUE,18%,TRUE,0
NTX0001420,12-07-2024,4000.39,INR,V0012,TRUE,5%,FALSE,0
NTX0001421,12-07-2024,5175.66,INR,V0021,TRUE,5%,FALSE,0
NTX0001422,12-07-2024,5775.48,INR,V0025,TRUE,12%,TRUE,0
NTX0001423,13-07-2024,7319.11,INR,V0004,TRUE,18%,TRUE,0
NTX0001424,13-07-2024,5904.19,INR,V0005,TRUE,18%,TRUE,0
NTX0001425,13-07-2024,49978.93,INR,V0014,TRUE,18%,TRUE,0
NTX0001426,13-07-2024,37032.45,INR,V0032,TRUE,18%,TRUE,0
NTX0001427,13-07-2024,70868.52,INR,V0003,TRUE,18%,TRUE,0
NTX0001428,13-07-2024,7758.29,INR,V0001,TRUE,18%,TRUE,0
NTX0001429,13-07-2024,4937.44,INR,V0008,TRUE,18%,TRUE,0
NTX0001430,13-07-2024,9205.12,INR,V0008,TRUE,18%,TRUE,0
NTX0001431,13-07-2024,30974.64,INR,V0014,TRUE,18%,TRUE,0
NTX0001432,13-07-2024,7822.71,INR,V0005,TRUE,18%,TRUE,0
NTX0001433,13-07-2024,12356.23,INR,V0017,TRUE,18%,TRUE,0
NTX0001434,13-07-2024,8265.1,INR,V0018,TRUE,18%,TRUE,0
NTX0001435,13-07-2024,11127.01,INR,V0020,TRUE,5%,FALSE,0
NTX0001436,14-07-2024,22323.8,INR,V0010,TRUE,18%,TRUE,0
NTX0001437,14-07-2024,31247.05,INR,V0014,TRUE,18%,TRUE,0
NTX0001438,14-07-2024,6612.08,INR,V0004,TRUE,18%,TRUE,0
NTX0001439,14-07-2024,7437.09,INR,V0025,TRUE,12%,TRUE,0
NTX0001440,14-07-2024,110836.22,INR,V0003,TRUE,18%,TRUE,0
NTX0001441,14-07-2024,62589.46,INR,V0031,TRUE,18%,TRUE,0
NTX0001442,14-07-2024,4847.23,INR,V0020,TRUE,5%,FALSE,0
NTX0001443,14-07-2024,3944.95,INR,V0025,TRUE,12%,TRUE,0
NTX0001444,14-07-2024,68729.73,INR,V0013,TRUE,18%,TRUE,0
NTX0001445,14-07-2024,30010.51,INR,V0010,TRUE,18%,TRUE,0
NTX0001446,14-07-2024,39746.1,INR,V0028,TRUE,18%,TRUE,0
NTX0001447,14-07-2024,85587.91,INR,V0031,TRUE,18%,TRUE,0
NTX0001448,15-07-2024,55968.48,INR,V0031,TRUE,18%,TRUE,0
NTX0001449,15-07-2024,4152.22,INR,V0033,TRUE,5%,FALSE,0
NTX0001450,15-07-2024,11934.69,INR,V0004,TRUE,18%,TRUE,0
NTX0001451,15-07-2024,6584.73,INR,V0011,TRUE,12%,TRUE,0
NTX0001452,15-07-2024,158666.88,INR,V0017,TRUE,18%,TRUE,1
NTX0001453,15-07-2024,43085.78,INR,V0032,TRUE,18%,TRUE,0
NTX0001454,15-07-2024,28519.72,INR,V0030,TRUE,18%,unknown,0
NTX0001455,15-07-2024,21034.41,INR,V0028,TRUE,18%,TRUE,0
NTX0001456,15-07-2024,12997.02,INR,V0015,TRUE,18%,TRUE,0
NTX0001457,15-07-2024,4424.3,INR,V0021,TRUE,5%,FALSE,0
NTX0001458,15-07-2024,59808.74,INR,V0010,TRUE,18%,TRUE,0
NTX0001459,16-07-2024,29971.86,INR,V0028,TRUE,18%,TRUE,0
NTX0001460,16-07-2024,16786.43,INR,V0017,TRUE,18%,TRUE,0
NTX0001461,16-07-2024,6375.34,INR,V0018,TRUE,18%,TRUE,0
NTX0001462,16-07-2024,77360.29,INR,V0003,TRUE,18%,TRUE,0
NTX0001463,16-07-2024,2786.14,INR,V0007,TRUE,5%,FALSE,0
NTX0001464,16-07-2024,5096.04,INR,V0020,TRUE,5%,FALSE,0
NTX0001465,16-07-2024,5372.56,INR,V0011,TRUE,12%,TRUE,0
NTX0001466,16-07-2024,7597.28,INR,V0002,TRUE,18%,TRUE,0
NTX0001467,16-07-2024,15515.83,INR,V0017,TRUE,18%,TRUE,0
NTX0001468,16-07-2024,20837.21,INR,V0014,TRUE,18%,TRUE,0
NTX0001469,16-07-2024,4853.87,INR,V0029,TRUE,5%,FALSE,0
NTX0001470,16-07-2024,10824.85,INR,V0002,TRUE,18%,TRUE,0
NTX0001471,16-07-2024,9381.23,INR,V0029,TRUE,5%,FALSE,0
NTX0001472,17-07-2024,31814.01,INR,V0027,TRUE,18%,TRUE,0
NTX0001473,17-07-2024,31006.16,INR,V0010,TRUE,18%,TRUE,0
NTX0001474,17-07-2024,34187.85,INR,V0032,TRUE,18%,TRUE,0
NTX0001475,17-07-2024,12029.37,INR,V0011,TRUE,12%,TRUE,0
NTX0001476,17-07-2024,41188.47,INR,V0003,TRUE,18%,TRUE,0
NTX0001477,17-07-2024,26121.5,INR,V0028,TRUE,18%,TRUE,0
NTX0001478,17-07-2024,34491.84,INR,V0010,TRUE,18%,TRUE,0
NTX0001479,17-07-2024,5361.86,INR,V0018,TRUE,18%,TRUE,0
NTX0001480,17-07-2024,3239.31,INR,V0026,TRUE,5%,FALSE,0
NTX0001481,17-07-2024,74803.58,INR,V0027,TRUE,18%,TRUE,0
NTX0001482,17-07-2024,2426.02,INR,V0007,TRUE,5%,FALSE,0
NTX0001483,17-07-2024,6652.94,INR,V0019,TRUE,5%,TRUE,1
NTX0001484,17-07-2024,109461.85,INR,V0003,TRUE,18%,TRUE,0
NTX0001485,17-07-2024,9476.36,INR,V0004,TRUE,18%,TRUE,0
NTX0001486,17-07-2024,9922.46,INR,V0008,TRUE,18%,TRUE,0
NTX0001487,17-07-2024,10521.77,INR,V0002,TRUE,18%,TRUE,0
NTX0001488,18-07-2024,5016.66,INR,V0005,TRUE,18%,TRUE,0
NTX0001489,18-07-2024,2600.59,INR,V0016,TRUE,5%,FALSE,0
NTX0001490,18-07-2024,7668.6,INR,V0008,TRUE,18%,TRUE,0
NTX0001491,18-07-2024,2657.95,INR,V0033,TRUE,5%,FALSE,0
NTX0001492,18-07-2024,10234.91,INR,V0002,TRUE,18%,TRUE,0
NTX0001493,18-07-2024,4927.61,INR,V0029,TRUE,5%,FALSE,0
NTX0001494,18-07-2024,66374.85,INR,V0014,TRUE,18%,TRUE,0
NTX0001495,18-07-2024,2634.83,INR,V0022,FALSE,exempt,FALSE,0
NTX0001496,18-07-2024,40868.83,INR,V0014,TRUE,18%,TRUE,0
NTX0001497,18-07-2024,22002.92,INR,V0014,TRUE,18%,TRUE,0
NTX0001498,18-07-2024,26763.48,INR,V0014,TRUE,18%,TRUE,0
NTX0001499,18-07-2024,96893.95,INR,V0031,TRUE,18%,TRUE,0
NTX0001500,19-07-2024,53001.52,INR,V0014,TRUE,18%,TRUE,0
NTX0001501,19-07-2024,115340.14,INR,V0013,TRUE,18%,TRUE,0
NTX0001502,19-07-2024,26382.71,INR,V0010,TRUE,18%,TRUE,0
NTX0001503,19-07-2024,90537.91,INR,V0013,TRUE,18%,TRUE,0
NTX0001504,19-07-2024,98559.09,INR,V0031,TRUE,18%,TRUE,0
NTX0001505,19-07-2024,87270.46,INR,V0031,TRUE,18%,TRUE,0
NTX0001506,19-07-2024,26718.06,INR,V0032,TRUE,18%,TRUE,0
NTX0001507,19-07-2024,3556.76,INR,V0026,TRUE,5%,FALSE,0
NTX0001508,19-07-2024,12852.56,INR,V0004,TRUE,18%,TRUE,0
NTX0001509,19-07-2024,6481.78,INR,V0012,TRUE,5%,FALSE,0
NTX0001510,19-07-2024,6484.69,INR,V0011,TRUE,12%,TRUE,0
NTX0001511,19-07-2024,65378.9,INR,V0003,TRUE,18%,TRUE,0
NTX0001512,19-07-2024,9039.3,INR,V0011,TRUE,12%,TRUE,0
NTX0001513,19-07-2024,108579.36,INR,V0003,TRUE,18%,TRUE,0
NTX0001514,19-07-2024,115346.15,INR,V0003,TRUE,18%,TRUE,0
NTX0001515,19-07-2024,11465.8,INR,V0008,TRUE,18%,TRUE,0
NTX0001516,20-07-2024,4298.48,INR,V0020,TRUE,5%,FALSE,0
NTX0001517,20-07-2024,3299.06,INR,V0012,TRUE,5%,FALSE,0
NTX0001518,20-07-2024,23611.23,INR,V0023,TRUE,18%,unknown,0
NTX0001519,20-07-2024,30704.8,INR,V0014,TRUE,18%,TRUE,0
NTX0001520,20-07-2024,6645.96,INR,V0001,TRUE,18%,TRUE,0
NTX0001521,20-07-2024,2548.82,INR,V0016,TRUE,5%,FALSE,0
NTX0001522,20-07-2024,95208.29,INR,V0013,TRUE,18%,TRUE,0
NTX0001523,20-07-2024,39453.67,INR,V0032,TRUE,18%,TRUE,0
NTX0001524,20-07-2024,12611.76,INR,V0002,TRUE,18%,TRUE,0
NTX0001525,21-07-2024,9629.42,INR,V0019,TRUE,12%,TRUE,0
NTX0001526,21-07-2024,92071.44,INR,V0013,TRUE,18%,TRUE,0
NTX0001527,21-07-2024,107394.5,INR,V0031,TRUE,18%,TRUE,0
NTX0001528,21-07-2024,11604.7,INR,V0004,TRUE,18%,TRUE,0
NTX0001529,21-07-2024,59044.9,INR,V0010,TRUE,18%,TRUE,0
NTX0001530,21-07-2024,35191.97,INR,V0027,TRUE,18%,TRUE,0
NTX0001531,21-07-2024,46489.34,INR,V0027,TRUE,18%,TRUE,0
NTX0001532,21-07-2024,3701.24,INR,V0026,TRUE,5%,FALSE,0
NTX0001533,21-07-2024,95763.32,INR,V0031,TRUE,18%,TRUE,0
NTX0001534,21-07-2024,12428.66,INR,V0015,TRUE,18%,TRUE,0
NTX0001535,22-07-2024,28742.1,INR,V0004,TRUE,18%,TRUE,0
NTX0001536,22-07-2024,16334.82,INR,V0017,TRUE,18%,TRUE,0
NTX0001537,22-07-2024,73747.06,INR,V0003,TRUE,18%,TRUE,0
NTX0001538,22-07-2024,83863.97,INR,V0013,TRUE,18%,TRUE,0
NTX0001539,22-07-2024,10316.81,INR,V0025,TRUE,12%,TRUE,0
NTX0001540,22-07-2024,3874.33,INR,V0019,TRUE,12%,TRUE,0
NTX0001541,22-07-2024,40266.81,INR,V0032,TRUE,18%,TRUE,0
NTX0001542,22-07-2024,5364.83,INR,V0025,TRUE,12%,TRUE,0
NTX0001543,22-07-2024,12845.25,INR,V0015,TRUE,18%,TRUE,0
NTX0001544,22-07-2024,5741.34,INR,V0029,TRUE,5%,FALSE,0
NTX0001545,22-07-2024,2929.31,INR,V0007,TRUE,5%,FALSE,0
NTX0001546,22-07-2024,62225.05,INR,V0028,TRUE,18%,TRUE,0
NTX0001547,22-07-2024,58744.47,INR,V0031,TRUE,18%,TRUE,0
NTX0001548,22-07-2024,5336.81,INR,V0025,TRUE,12%,TRUE,0
NTX0001549,22-07-2024,5523.13,INR,V0012,TRUE,5%,FALSE,0
NTX0001550,22-07-2024,76346.51,INR,V0031,TRUE,18%,TRUE,0
NTX0001551,22-07-2024,7516.4,INR,V0025,TRUE,12%,TRUE,0
NTX0001552,22-07-2024,6925.23,INR,V0011,TRUE,12%,TRUE,0
NTX0001553,22-07-2024,6597.13,INR,V0005,TRUE,18%,TRUE,0
NTX0001554,22-07-2024,8625.33,INR,V0019,TRUE,12%,TRUE,0
NTX0001555,22-07-2024,43810.31,INR,V0032,TRUE,18%,TRUE,0
NTX0001556,22-07-2024,24639.67,INR,V0014,TRUE,18%,TRUE,0
NTX0001557,22-07-2024,17409.31,INR,V0017,TRUE,18%,TRUE,0
NTX0001558,23-07-2024,7310.56,INR,V0005,TRUE,18%,TRUE,0
NTX0001559,23-07-2024,2990.36,INR,V0016,TRUE,5%,FALSE,0
NTX0001560,23-07-2024,117134.09,INR,V0013,TRUE,18%,TRUE,0
NTX0001561,23-07-2024,82321.14,INR,V0031,TRUE,18%,TRUE,0
NTX0001562,23-07-2024,78799.11,INR,V0003,TRUE,18%,TRUE,0
NTX0001563,23-07-2024,46406.56,INR,V0032,TRUE,18%,TRUE,0
NTX0001564,24-07-2024,3574.19,INR,V0021,TRUE,5%,FALSE,0
NTX0001565,24-07-2024,14889.35,INR,V0015,TRUE,18%,TRUE,0
NTX0001566,24-07-2024,9382.5,INR,V0008,TRUE,18%,TRUE,0
NTX0001567,24-07-2024,8730.27,INR,V0018,TRUE,18%,TRUE,0
NTX0001568,24-07-2024,64528.31,INR,V0003,TRUE,18%,TRUE,0
NTX0001569,24-07-2024,5179.19,INR,V0019,TRUE,12%,TRUE,0
NTX0001570,24-07-2024,40783.04,INR,V0031,TRUE,18%,TRUE,0
NTX0001571,24-07-2024,30538.92,INR,V0014,TRUE,18%,TRUE,0
NTX0001572,24-07-2024,8258.26,INR,V0015,TRUE,18%,TRUE,0
NTX0001573,24-07-2024,3373.27,INR,V0009,FALSE,exempt,FALSE,0
NTX0001574,24-07-2024,5664.81,INR,V0025,TRUE,12%,TRUE,0
NTX0001575,24-07-2024,10438.23,INR,V0015,TRUE,18%,TRUE,0
NTX0001576,24-07-2024,5200.57,INR,V0020,TRUE,5%,FALSE,0
NTX0001577,24-07-2024,6822.73,INR,V0005,TRUE,18%,TRUE,0
NTX0001578,24-07-2024,120601.57,INR,V0013,TRUE,18%,TRUE,0
NTX0001579,24-07-2024,1684.55,INR,V0026,TRUE,5%,FALSE,0
NTX0001580,24-07-2024,25453.99,INR,V0028,TRUE,18%,TRUE,0
NTX0001581,24-07-2024,11254.9,INR,V0002,TRUE,18%,TRUE,0
NTX0001582,25-07-2024,2726.23,INR,V0007,TRUE,5%,FALSE,0
NTX0001583,25-07-2024,71497.55,INR,V0003,TRUE,18%,TRUE,0
NTX0001584,25-07-2024,11579.28,INR,V0019,TRUE,12%,TRUE,0
NTX0001585,25-07-2024,11511.56,INR,V0002,TRUE,18%,TRUE,0
NTX0001586,25-07-2024,66136.44,INR,V0028,TRUE,18%,TRUE,0
NTX0001587,25-07-2024,34693.31,INR,V0014,TRUE,18%,TRUE,0
NTX0001588,25-07-2024,81981.78,INR,V0013,TRUE,18%,TRUE,0
NTX0001589,25-07-2024,7996.28,INR,V0005,TRUE,18%,TRUE,0
NTX0001590,25-07-2024,16493.56,INR,V0017,TRUE,18%,TRUE,0
NTX0001591,25-07-2024,39034.57,INR,V0010,TRUE,18%,TRUE,0
NTX0001592,25-07-2024,11336.27,INR,V0005,TRUE,18%,TRUE,0
NTX0001593,25-07-2024,4474.88,INR,V0011,TRUE,12%,TRUE,0
NTX0001594,25-07-2024,35540.41,INR,V0014,TRUE,18%,TRUE,0
NTX0001595,25-07-2024,5493.64,INR,V0021,TRUE,5%,FALSE,0
NTX0001596,25-07-2024,44878.53,INR,V0003,TRUE,18%,TRUE,0
NTX0001597,25-07-2024,6440.36,INR,V0022,FALSE,exempt,FALSE,0
NTX0001598,25-07-2024,6057.13,INR,V0020,TRUE,5%,FALSE,0
NTX0001599,25-07-2024,8849.97,INR,V0004,TRUE,18%,TRUE,0
NTX0001600,26-07-2024,12711.33,INR,V0002,TRUE,18%,TRUE,0
NTX0001601,26-07-2024,39202.51,INR,V0014,TRUE,18%,TRUE,0
NTX0001602,26-07-2024,5677.96,INR,V0011,TRUE,12%,TRUE,0
NTX0001603,26-07-2024,71495.97,INR,V0031,TRUE,18%,TRUE,0
NTX0001604,26-07-2024,5102.65,INR,V0012,TRUE,5%,FALSE,0
NTX0001605,26-07-2024,19247.85,INR,V0014,TRUE,18%,TRUE,0
NTX0001606,26-07-2024,37093.08,INR,V0028,TRUE,18%,TRUE,0
NTX0001607,26-07-2024,27446.49,INR,V0027,TRUE,18%,TRUE,0
NTX0001608,26-07-2024,2874.76,INR,V0026,TRUE,5%,FALSE,0
NTX0001609,26-07-2024,11196.7,INR,V0002,TRUE,18%,TRUE,0
NTX0001610,26-07-2024,76239.44,INR,V0031,TRUE,18%,TRUE,0
NTX0001611,26-07-2024,3472,INR,V0025,TRUE,12%,TRUE,0
NTX0001612,26-07-2024,12696.24,INR,V0017,TRUE,18%,TRUE,0
NTX0001613,26-07-2024,6345.45,INR,V0020,TRUE,5%,FALSE,0
NTX0001614,26-07-2024,16872.49,INR,V0002,TRUE,18%,unknown,1
NTX0001615,27-07-2024,12421.19,INR,V0017,TRUE,18%,TRUE,0
NTX0001616,27-07-2024,59595.91,INR,V0013,TRUE,18%,TRUE,0
NTX0001617,27-07-2024,4984.12,INR,V0008,TRUE,18%,TRUE,0
NTX0001618,27-07-2024,53634.34,INR,V0010,TRUE,18%,TRUE,0
NTX0001619,27-07-2024,15599.96,INR,V0015,TRUE,18%,TRUE,0
NTX0001620,27-07-2024,38636.24,INR,V0014,TRUE,18%,TRUE,0
NTX0001621,27-07-2024,2630.25,INR,V0016,TRUE,5%,FALSE,0
NTX0001622,27-07-2024,17978.77,INR,V0017,TRUE,18%,TRUE,0
NTX0001623,27-07-2024,86827.65,INR,V0003,TRUE,18%,TRUE,0
NTX0001624,27-07-2024,2922.66,INR,V0007,TRUE,5%,FALSE,0
NTX0001625,27-07-2024,51092.02,INR,V0028,TRUE,18%,TRUE,0
NTX0001626,27-07-2024,24957.01,INR,V0032,TRUE,18%,TRUE,0
NTX0001627,27-07-2024,10963.99,INR,V0002,TRUE,18%,TRUE,0
NTX0001628,27-07-2024,24208.6,INR,V0028,TRUE,18%,TRUE,0
NTX0001629,27-07-2024,100425.53,INR,V0031,TRUE,18%,TRUE,0
NTX0001630,28-07-2024,68780.94,INR,V0031,TRUE,18%,TRUE,0
NTX0001631,28-07-2024,10274.04,INR,V0004,TRUE,18%,TRUE,0
NTX0001632,28-07-2024,8422.5,INR,V0021,TRUE,5%,FALSE,0
NTX0001633,28-07-2024,7352.83,INR,V0001,TRUE,18%,TRUE,0
NTX0001634,28-07-2024,130453.21,INR,V0003,TRUE,18%,TRUE,0
NTX0001635,28-07-2024,2104.28,INR,V0016,TRUE,5%,FALSE,0
NTX0001636,28-07-2024,8233.35,INR,V0002,TRUE,18%,TRUE,0
NTX0001637,28-07-2024,26827.82,INR,V0010,TRUE,18%,TRUE,0
NTX0001638,28-07-2024,72608.02,INR,V0031,TRUE,18%,TRUE,0
NTX0001639,28-07-2024,11870.27,INR,V0002,TRUE,18%,TRUE,0
NTX0001640,28-07-2024,4210.14,INR,V0019,TRUE,12%,TRUE,0
NTX0001641,28-07-2024,4114.77,INR,V0019,TRUE,12%,TRUE,0
NTX0001642,28-07-2024,3022.62,INR,V0007,TRUE,5%,FALSE,0
NTX0001643,28-07-2024,3706.9,INR,V0022,FALSE,exempt,FALSE,0
NTX0001644,28-07-2024,99830.47,INR,V0013,TRUE,18%,TRUE,0
NTX0001645,28-07-2024,5671.96,INR,V0033,TRUE,5%,FALSE,0
NTX0001646,28-07-2024,8566.07,INR,V0018,TRUE,18%,TRUE,0
NTX0001647,28-07-2024,27681.88,INR,V0010,TRUE,18%,TRUE,0
NTX0001648,28-07-2024,34367.43,INR,V0027,TRUE,18%,TRUE,0
NTX0001649,28-07-2024,29236.27,INR,V0028,TRUE,18%,TRUE,0
NTX0001650,28-07-2024,5930.55,INR,V0025,TRUE,12%,TRUE,0
NTX0001651,29-07-2024,24954.81,INR,V0032,TRUE,18%,TRUE,0
NTX0001652,29-07-2024,1940.11,INR,V0016,TRUE,5%,FALSE,0
NTX0001653,29-07-2024,70956.12,INR,V0027,TRUE,18%,TRUE,0
NTX0001654,29-07-2024,3902.23,INR,V0020,TRUE,5%,FALSE,0
NTX0001655,29-07-2024,40472.06,INR,V0032,TRUE,18%,TRUE,0
NTX0001656,29-07-2024,5259.15,INR,V0025,TRUE,12%,TRUE,0
NTX0001657,29-07-2024,23628.1,INR,V0030,TRUE,18%,unknown,0
NTX0001658,29-07-2024,45559.66,INR,V0032,TRUE,18%,TRUE,0
NTX0001659,29-07-2024,3418.32,INR,V0009,FALSE,exempt,unknown,1
NTX0001660,29-07-2024,1275.07,INR,V0007,TRUE,5%,FALSE,0
NTX0001661,29-07-2024,25551.66,INR,V0030,TRUE,18%,unknown,0
NTX0001662,29-07-2024,40115.97,INR,V0032,TRUE,18%,TRUE,0
NTX0001663,29-07-2024,12527.87,INR,V0015,TRUE,18%,TRUE,0
NTX0001664,29-07-2024,20544.12,INR,V0002,TRUE,18%,TRUE,0
NTX0001665,29-07-2024,34514.81,INR,V0014,TRUE,18%,TRUE,0
NTX0001666,29-07-2024,75995.72,INR,V0003,TRUE,18%,TRUE,0
NTX0001667,30-07-2024,3347.64,INR,V0033,TRUE,5%,FALSE,0
NTX0001668,30-07-2024,61086.61,INR,V0003,TRUE,18%,TRUE,0
NTX0001669,30-07-2024,21609.84,INR,V0023,TRUE,18%,unknown,0
NTX0001670,30-07-2024,3197.91,INR,V0019,TRUE,12%,TRUE,0
NTX0001671,30-07-2024,6568.92,INR,V0019,TRUE,12%,TRUE,0
NTX0001672,30-07-2024,3067.73,INR,V0026,TRUE,5%,FALSE,0
NTX0001673,30-07-2024,35723.45,INR,V0010,TRUE,18%,TRUE,0
NTX0001674,30-07-2024,26433.11,INR,V0032,TRUE,18%,TRUE,0
NTX0001675,30-07-2024,4471.42,INR,V0025,TRUE,12%,TRUE,0
NTX0001676,30-07-2024,24174.39,INR,V0023,TRUE,18%,unknown,0
NTX0001677,30-07-2024,29867.53,INR,V0027,TRUE,18%,TRUE,0
NTX0001678,30-07-2024,36433.54,INR,V0010,TRUE,18%,TRUE,0
NTX0001679,30-07-2024,3552.09,INR,V0025,TRUE,12%,TRUE,0
NTX0001680,30-07-2024,30626.74,INR,V0032,TRUE,18%,TRUE,0
NTX0001681,30-07-2024,3494.76,INR,V0024,FALSE,exempt,FALSE,0
NTX0001682,30-07-2024,42646.41,INR,V0014,TRUE,18%,TRUE,0
NTX0001683,30-07-2024,3535.19,INR,V0009,FALSE,exempt,FALSE,0
NTX0001684,31-07-2024,4978.18,INR,V0019,TRUE,12%,TRUE,0
NTX0001685,31-07-2024,10000.39,INR,V0005,TRUE,18%,TRUE,0
NTX0001686,31-07-2024,6902.62,INR,V0008,TRUE,18%,TRUE,0
NTX0001687,31-07-2024,45649.32,INR,V0028,TRUE,18%,TRUE,0
NTX0001688,31-07-2024,109860.64,INR,V0015,TRUE,18%,TRUE,1
NTX0001689,31-07-2024,11003.11,INR,V0018,TRUE,18%,TRUE,0
NTX0001690,31-07-2024,14851.68,INR,V0002,TRUE,18%,TRUE,0
NTX0001691,31-07-2024,17495.45,INR,V0023,TRUE,18%,unknown,0
NTX0001692,31-07-2024,8923,INR,V0001,TRUE,18%,TRUE,0
NTX0001693,31-07-2024,19019.97,INR,V0023,TRUE,18%,unknown,0
NTX0001694,31-07-2024,4952.93,INR,V0020,TRUE,5%,FALSE,0
NTX0001695,31-07-2024,7242.22,INR,V0021,TRUE,5%,FALSE,0
NTX0001696,31-07-2024,6485.86,INR,V0021,TRUE,5%,FALSE,0
NTX0001697,31-07-2024,44044.77,INR,V0003,TRUE,18%,TRUE,0
NTX0001698,31-07-2024,5698.49,INR,V0025,TRUE,12%,TRUE,0
NTX0001699,31-07-2024,13602.27,INR,V0002,TRUE,18%,TRUE,0
NTX0001700,31-07-2024,123139.16,INR,V0013,TRUE,18%,TRUE,0
NTX0001701,31-07-2024,42677.05,INR,V0010,TRUE,18%,TRUE,0
NTX0001702,31-07-2024,27462.84,INR,V0028,TRUE,18%,TRUE,0
NTX0001703,01-08-2024,22268.11,INR,V0014,TRUE,18%,TRUE,0
NTX0001704,01-08-2024,7133.44,INR,V0011,TRUE,12%,TRUE,0
NTX0001705,01-08-2024,36966.22,INR,V0032,TRUE,18%,TRUE,0
NTX0001706,01-08-2024,8239.19,INR,V0017,TRUE,18%,TRUE,0
NTX0001707,01-08-2024,20509.12,INR,V0027,TRUE,18%,TRUE,0
NTX0001708,01-08-2024,16469.81,INR,V0015,TRUE,18%,TRUE,0
NTX0001709,01-08-2024,14760.69,INR,V0005,TRUE,18%,TRUE,0
NTX0001710,01-08-2024,7782.27,INR,V0018,TRUE,18%,TRUE,0
NTX0001711,01-08-2024,30891.91,INR,V0014,TRUE,18%,TRUE,0
NTX0001712,01-08-2024,55000.31,INR,V0010,TRUE,18%,TRUE,0
NTX0001713,01-08-2024,67656.49,INR,V0013,TRUE,18%,TRUE,0
NTX0001714,01-08-2024,4710.52,INR,V0020,TRUE,5%,FALSE,0
NTX0001715,01-08-2024,13331.47,INR,V0004,TRUE,18%,TRUE,0
NTX0001716,01-08-2024,5872,INR,V0025,TRUE,12%,TRUE,0
NTX0001717,01-08-2024,5921.35,INR,V0005,TRUE,18%,TRUE,0
NTX0001718,01-08-2024,34717.01,INR,V0032,TRUE,18%,TRUE,0
NTX0001719,01-08-2024,5295.44,INR,V0025,TRUE,12%,TRUE,0
NTX0001720,01-08-2024,3905.23,INR,V0019,TRUE,12%,TRUE,0
NTX0001721,01-08-2024,30624.91,INR,V0014,TRUE,18%,TRUE,0
NTX0001722,01-08-2024,11137.14,INR,V0021,TRUE,5%,FALSE,0
NTX0001723,01-08-2024,8111.09,INR,V0015,TRUE,18%,TRUE,0
NTX0001724,02-08-2024,11174.94,INR,V0008,TRUE,18%,TRUE,0
NTX0001725,02-08-2024,122231.33,INR,V0013,TRUE,18%,TRUE,0
NTX0001726,02-08-2024,6217.67,INR,V0025,TRUE,12%,TRUE,0
NTX0001727,02-08-2024,32555.04,INR,V0026,TRUE,5%,FALSE,1
NTX0001728,02-08-2024,85353.94,INR,V0013,TRUE,18%,TRUE,0
NTX0001729,02-08-2024,36773.85,INR,V0027,TRUE,18%,TRUE,0
NTX0001730,02-08-2024,4429.86,INR,V0019,TRUE,12%,TRUE,0
NTX0001731,02-08-2024,7929.91,INR,V0017,TRUE,18%,TRUE,0
NTX0001732,02-08-2024,41657.05,INR,V0032,TRUE,18%,TRUE,0
NTX0001733,02-08-2024,5733.38,INR,V0024,FALSE,exempt,FALSE,0
NTX0001734,02-08-2024,3173.52,INR,V0033,TRUE,5%,FALSE,0
NTX0001735,02-08-2024,8543.67,INR,V0001,TRUE,18%,TRUE,0
NTX0001736,02-08-2024,55158.13,INR,V0010,TRUE,18%,TRUE,0
NTX0001737,02-08-2024,13691.33,INR,V0017,TRUE,18%,TRUE,0
NTX0001738,02-08-2024,17131.98,INR,V0010,TRUE,18%,TRUE,0
NTX0001739,03-08-2024,7268.54,INR,V0015,TRUE,18%,TRUE,0
NTX0001740,03-08-2024,35746.11,INR,V0032,TRUE,18%,TRUE,0
NTX0001741,03-08-2024,28291.34,INR,V0030,TRUE,18%,unknown,0
NTX0001742,03-08-2024,10038.07,INR,V0006,TRUE,18%,unknown,0
NTX0001743,03-08-2024,92346.6,INR,V0013,TRUE,18%,TRUE,0
NTX0001744,03-08-2024,19876.74,INR,V0027,TRUE,18%,TRUE,0
NTX0001745,03-08-2024,96100.16,INR,V0013,TRUE,18%,TRUE,0
NTX0001746,03-08-2024,8958.65,INR,V0002,TRUE,18%,TRUE,0
NTX0001747,03-08-2024,196190.88,INR,V0013,TRUE,18%,TRUE,0
NTX0001748,03-08-2024,12858.7,INR,V0001,TRUE,18%,TRUE,0
NTX0001749,03-08-2024,14918.11,INR,V0015,TRUE,18%,TRUE,0
NTX0001750,03-08-2024,12457.6,INR,V0008,TRUE,18%,TRUE,0
NTX0001751,04-08-2024,51688.71,INR,V0032,TRUE,18%,TRUE,0
NTX0001752,04-08-2024,3977.76,INR,V0009,FALSE,exempt,FALSE,0
NTX0001753,04-08-2024,7230.98,INR,V0011,TRUE,12%,TRUE,0
NTX0001754,04-08-2024,5377.69,INR,V0025,TRUE,12%,TRUE,0
NTX0001755,04-08-2024,4480.11,INR,V0007,TRUE,5%,FALSE,0
NTX0001756,04-08-2024,119985.31,INR,V0003,TRUE,18%,TRUE,0
NTX0001757,04-08-2024,14002.49,INR,V0017,TRUE,18%,TRUE,0
NTX0001758,04-08-2024,12379.61,INR,V0017,TRUE,18%,TRUE,0
NTX0001759,04-08-2024,4631.29,INR,V0012,TRUE,5%,FALSE,0
NTX0001760,05-08-2024,49366.05,INR,V0010,TRUE,18%,TRUE,0
NTX0001761,05-08-2024,41796.34,INR,V0010,TRUE,18%,TRUE,0
NTX0001762,05-08-2024,57243.28,INR,V0014,TRUE,18%,TRUE,0
NTX0001763,05-08-2024,6726.35,INR,V0019,TRUE,12%,TRUE,0
NTX0001764,05-08-2024,7118.33,INR,V0018,TRUE,18%,TRUE,0
NTX0001765,05-08-2024,6872.7,INR,V0008,TRUE,18%,TRUE,0
NTX0001766,05-08-2024,56107.02,INR,V0031,TRUE,18%,TRUE,0
NTX0001767,05-08-2024,3488.68,INR,V0026,TRUE,5%,FALSE,0
NTX0001768,05-08-2024,57934.77,INR,V0003,TRUE,18%,TRUE,0
NTX0001769,05-08-2024,2755.56,INR,V0016,TRUE,5%,FALSE,0
NTX0001770,05-08-2024,4761.78,INR,V0033,TRUE,5%,FALSE,0
NTX0001771,05-08-2024,85095.82,INR,V0003,TRUE,18%,TRUE,0
NTX0001772,05-08-2024,5105.22,INR,V0011,TRUE,12%,TRUE,0
NTX0001773,05-08-2024,76724.63,INR,V0003,TRUE,18%,TRUE,0
NTX0001774,05-08-2024,62579.23,INR,V0003,TRUE,18%,TRUE,0
NTX0001775,06-08-2024,5805.63,INR,V0011,TRUE,12%,TRUE,0
NTX0001776,06-08-2024,2914.13,INR,V0033,TRUE,5%,FALSE,0
NTX0001777,06-08-2024,2228.97,INR,V0007,TRUE,5%,FALSE,0
NTX0001778,06-08-2024,60398.87,INR,V0013,TRUE,18%,TRUE,0
NTX0001779,06-08-2024,3507.13,INR,V0007,TRUE,5%,FALSE,0
NTX0001780,06-08-2024,13283.44,INR,V0017,TRUE,18%,TRUE,0
NTX0001781,06-08-2024,20632.06,INR,V0010,TRUE,18%,TRUE,0
NTX0001782,06-08-2024,102255.13,INR,V0003,TRUE,18%,TRUE,0
NTX0001783,06-08-2024,9075.58,INR,V0018,TRUE,18%,TRUE,0
NTX0001784,06-08-2024,30241,INR,V0014,TRUE,18%,TRUE,0
NTX0001785,06-08-2024,30963.78,INR,V0028,TRUE,18%,TRUE,0
NTX0001786,06-08-2024,3660.13,INR,V0009,FALSE,exempt,FALSE,0
NTX0001787,06-08-2024,46701.47,INR,V0010,TRUE,18%,TRUE,0
NTX0001788,06-08-2024,31966.88,INR,V0032,TRUE,18%,TRUE,0
NTX0001789,07-08-2024,9764.87,INR,V0005,TRUE,18%,TRUE,0
NTX0001790,07-08-2024,8965.08,INR,V0004,TRUE,18%,TRUE,0
NTX0001791,07-08-2024,16068.65,INR,V0004,TRUE,18%,TRUE,0
NTX0001792,07-08-2024,102959.36,INR,V0013,TRUE,exempt,TRUE,1
NTX0001793,07-08-2024,8673.07,INR,V0019,TRUE,12%,TRUE,0
NTX0001794,07-08-2024,5224.13,INR,V0024,FALSE,exempt,FALSE,0
NTX0001795,07-08-2024,4779.31,INR,V0029,TRUE,5%,FALSE,0
NTX0001796,07-08-2024,13024.88,INR,V0015,TRUE,18%,TRUE,0
NTX0001797,07-08-2024,11654.79,INR,V0017,TRUE,18%,TRUE,0
NTX0001798,07-08-2024,46870.98,INR,V0027,TRUE,18%,TRUE,0
NTX0001799,07-08-2024,9143,INR,V0018,TRUE,18%,TRUE,0
NTX0001800,07-08-2024,9341.27,INR,V0008,TRUE,18%,TRUE,0
NTX0001801,07-08-2024,9425.75,INR,V0025,TRUE,12%,TRUE,0
NTX0001802,07-08-2024,15763.91,INR,V0015,TRUE,18%,TRUE,0
NTX0001803,07-08-2024,31722.64,INR,V0032,TRUE,18%,TRUE,0
NTX0001804,07-08-2024,36534.42,INR,V0028,TRUE,18%,TRUE,0
NTX0001805,07-08-2024,3921.35,INR,V0012,TRUE,5%,FALSE,0
NTX0001806,07-08-2024,3201.3,INR,V0021,TRUE,5%,FALSE,0
NTX0001807,07-08-2024,7656.45,INR,V0017,TRUE,18%,TRUE,0
NTX0001808,08-08-2024,8413,INR,V0008,TRUE,18%,TRUE,0
NTX0001809,08-08-2024,4134.15,INR,V0012,TRUE,5%,FALSE,0
NTX0001810,08-08-2024,17115.79,INR,V0017,TRUE,18%,TRUE,0
NTX0001811,08-08-2024,12724.29,INR,V0015,TRUE,18%,TRUE,0
NTX0001812,08-08-2024,5305.78,INR,V0005,TRUE,18%,TRUE,0
NTX0001813,08-08-2024,53656.8,INR,V0032,TRUE,18%,TRUE,0
NTX0001814,08-08-2024,11137.82,INR,V0023,TRUE,18%,unknown,0
NTX0001815,08-08-2024,87136.32,INR,V0031,TRUE,18%,TRUE,0
NTX0001816,08-08-2024,5370.6,INR,V0033,TRUE,18%,FALSE,1
NTX0001817,08-08-2024,98658.03,INR,V0013,TRUE,18%,TRUE,0
NTX0001818,08-08-2024,109548.31,INR,V0003,TRUE,18%,TRUE,0
NTX0001819,08-08-2024,24475.27,INR,V0006,TRUE,18%,unknown,0
NTX0001820,09-08-2024,49549.78,INR,V0028,TRUE,18%,TRUE,0
NTX0001821,09-08-2024,2436.56,INR,V0026,TRUE,5%,FALSE,0
NTX0001822,09-08-2024,4176.32,INR,V0021,TRUE,5%,FALSE,0
NTX0001823,09-08-2024,66995.64,INR,V0003,TRUE,18%,TRUE,0
NTX0001824,09-08-2024,52699.95,INR,V0014,TRUE,18%,TRUE,0
NTX0001825,09-08-2024,4047.3,INR,V0020,TRUE,5%,FALSE,0
NTX0001826,09-08-2024,2980.32,INR,V0007,TRUE,5%,FALSE,0
NTX0001827,09-08-2024,6573.53,INR,V0025,TRUE,12%,TRUE,0
NTX0001828,09-08-2024,28144.04,INR,V0014,TRUE,18%,TRUE,0
NTX0001829,09-08-2024,6885.7,INR,V0008,TRUE,18%,TRUE,0
NTX0001830,09-08-2024,6705.22,INR,V0011,TRUE,12%,TRUE,0
NTX0001831,09-08-2024,22229.23,INR,V0015,TRUE,18%,TRUE,0
NTX0001832,09-08-2024,74779.52,INR,V0031,TRUE,18%,TRUE,0
NTX0001833,09-08-2024,7735.43,INR,V0001,TRUE,18%,TRUE,0
NTX0001834,10-08-2024,39854.55,INR,V0010,TRUE,18%,TRUE,0
NTX0001835,10-08-2024,30529.61,INR,V0010,TRUE,18%,TRUE,0
NTX0001836,10-08-2024,18831.73,INR,V0015,TRUE,18%,TRUE,0
NTX0001837,10-08-2024,33473.91,INR,V0014,TRUE,18%,TRUE,0
NTX0001838,10-08-2024,64940.96,INR,V0003,TRUE,18%,TRUE,0
NTX0001839,10-08-2024,19023.44,INR,V0007,TRUE,5%,FALSE,1
NTX0001840,10-08-2024,8970.22,INR,V0002,TRUE,18%,TRUE,0
NTX0001841,10-08-2024,7144.67,INR,V0005,TRUE,18%,TRUE,0
NTX0001842,10-08-2024,22966.45,INR,V0032,TRUE,18%,TRUE,0
NTX0001843,10-08-2024,6119.89,INR,V0005,TRUE,18%,TRUE,0
NTX0001844,10-08-2024,5273.54,INR,V0016,TRUE,5%,FALSE,0
NTX0001845,10-08-2024,39491.54,INR,V0010,TRUE,18%,TRUE,0
NTX0001846,10-08-2024,2488.88,INR,V0033,TRUE,5%,FALSE,0
NTX0001847,10-08-2024,20288.65,INR,V0030,TRUE,18%,unknown,0
NTX0001848,11-08-2024,9188.56,INR,V0025,TRUE,exempt,TRUE,1
NTX0001849,11-08-2024,4000.21,INR,V0008,TRUE,18%,TRUE,0
NTX0001850,11-08-2024,43170.69,INR,V0014,TRUE,18%,TRUE,0
NTX0001851,11-08-2024,9347.32,INR,V0019,TRUE,12%,TRUE,0
NTX0001852,11-08-2024,5691,INR,V0021,TRUE,5%,FALSE,0
NTX0001853,11-08-2024,17472.79,INR,V0015,TRUE,18%,TRUE,0
NTX0001854,11-08-2024,7931.87,INR,V0001,TRUE,18%,TRUE,0
NTX0001855,11-08-2024,19978.22,INR,V0030,TRUE,18%,unknown,0
NTX0001856,11-08-2024,55482.49,INR,V0010,TRUE,18%,TRUE,0
NTX0001857,11-08-2024,4737.92,INR,V0012,TRUE,5%,FALSE,0
NTX0001858,12-08-2024,9495.48,INR,V0008,TRUE,18%,TRUE,0
NTX0001859,12-08-2024,17392.45,INR,V0006,TRUE,18%,unknown,0
NTX0001860,12-08-2024,9420.96,INR,V0017,TRUE,18%,TRUE,0
NTX0001861,12-08-2024,38171.17,INR,V0028,TRUE,18%,TRUE,0
NTX0001862,12-08-2024,114784.65,INR,V0003,TRUE,18%,TRUE,0
NTX0001863,12-08-2024,4210.22,INR,V0012,TRUE,5%,FALSE,0
NTX0001864,12-08-2024,5601.25,INR,V0001,TRUE,18%,TRUE,0
NTX0001865,12-08-2024,6932.74,INR,V0018,TRUE,18%,TRUE,0
NTX0001866,12-08-2024,29262.11,INR,V0032,TRUE,18%,TRUE,0
NTX0001867,12-08-2024,90222.8,INR,V0003,TRUE,18%,TRUE,0
NTX0001868,12-08-2024,119413.14,INR,V0031,TRUE,18%,TRUE,0
NTX0001869,12-08-2024,34447.81,INR,V0032,TRUE,18%,TRUE,0
NTX0001870,12-08-2024,5299.59,INR,V0011,TRUE,12%,TRUE,0
NTX0001871,12-08-2024,27982.13,INR,V0028,TRUE,18%,TRUE,0
NTX0001872,12-08-2024,4007.23,INR,V0021,TRUE,5%,FALSE,0
NTX0001873,12-08-2024,6077.13,INR,V0020,TRUE,5%,FALSE,0
NTX0001874,12-08-2024,16698.11,INR,V0023,TRUE,18%,unknown,0
NTX0001875,13-08-2024,6726.15,INR,V0019,TRUE,12%,TRUE,0
NTX0001876,13-08-2024,12706.27,INR,V0018,TRUE,18%,TRUE,0
NTX0001877,13-08-2024,8562.01,INR,V0006,TRUE,18%,unknown,0
NTX0001878,13-08-2024,6486.04,INR,V0021,TRUE,5%,FALSE,0
NTX0001879,13-08-2024,3545.2,INR,V0025,TRUE,12%,TRUE,0
NTX0001880,13-08-2024,167099.49,INR,V0003,TRUE,18%,TRUE,0
NTX0001881,13-08-2024,3722.01,INR,V0029,TRUE,5%,FALSE,0
NTX0001882,13-08-2024,9374.63,INR,V0002,TRUE,18%,TRUE,0
NTX0001883,13-08-2024,12101.73,INR,V0018,TRUE,18%,TRUE,0
NTX0001884,13-08-2024,3126.42,INR,V0033,TRUE,5%,FALSE,0
NTX0001885,13-08-2024,2927.87,INR,V0033,TRUE,5%,FALSE,0
NTX0001886,13-08-2024,51015.55,INR,V0032,TRUE,18%,TRUE,0
NTX0001887,13-08-2024,23733.04,INR,V0030,TRUE,18%,unknown,0
NTX0001888,13-08-2024,85152.56,INR,V0003,TRUE,18%,TRUE,0
NTX0001889,13-08-2024,20688.27,INR,V0010,TRUE,18%,TRUE,0
NTX0001890,14-08-2024,12957.92,INR,V0017,TRUE,18%,TRUE,0
NTX0001891,14-08-2024,56380.98,INR,V0010,TRUE,18%,TRUE,0
NTX0001892,14-08-2024,16163.72,INR,V0006,TRUE,18%,unknown,0
NTX0001893,14-08-2024,61435.21,INR,V0010,TRUE,18%,TRUE,0
NTX0001894,14-08-2024,27811.29,INR,V0006,TRUE,18%,unknown,0
NTX0001895,14-08-2024,50847.32,INR,V0014,TRUE,18%,TRUE,0
NTX0001896,14-08-2024,16467.24,INR,V0004,TRUE,18%,TRUE,0
NTX0001897,14-08-2024,72804.3,INR,V0013,TRUE,18%,TRUE,0
NTX0001898,14-08-2024,6198.3,INR,V0018,TRUE,18%,TRUE,0
NTX0001899,14-08-2024,6363.78,INR,V0019,TRUE,12%,TRUE,0
NTX0001900,14-08-2024,6124.53,INR,V0004,TRUE,18%,TRUE,0
NTX0001901,14-08-2024,19222.48,INR,V0004,TRUE,18%,TRUE,0
NTX0001902,14-08-2024,36345.38,INR,V0013,TRUE,18%,TRUE,0
NTX0001903,14-08-2024,3326.92,INR,V0021,TRUE,5%,FALSE,0
NTX0001904,14-08-2024,33732.64,INR,V0027,TRUE,18%,TRUE,0
NTX0001905,14-08-2024,23169.6,INR,V0028,TRUE,18%,TRUE,0
NTX0001906,15-08-2024,34163.64,INR,V0027,TRUE,18%,TRUE,0
NTX0001907,15-08-2024,143323.1,INR,V0013,TRUE,18%,TRUE,0
NTX0001908,15-08-2024,8786.92,INR,V0012,TRUE,5%,FALSE,0
NTX0001909,15-08-2024,5716.44,INR,V0011,TRUE,12%,TRUE,0
NTX0001910,15-08-2024,9548.33,INR,V0005,TRUE,18%,TRUE,0
NTX0001911,15-08-2024,12075.21,INR,V0005,TRUE,18%,TRUE,0
NTX0001912,15-08-2024,19485.19,INR,V0004,TRUE,18%,TRUE,0
NTX0001913,15-08-2024,43392.82,INR,V0028,TRUE,18%,TRUE,0
NTX0001914,15-08-2024,134976.18,INR,V0003,TRUE,18%,TRUE,0
NTX0001915,15-08-2024,9096.29,INR,V0001,TRUE,18%,TRUE,1
NTX0001916,15-08-2024,7201.32,INR,V0008,TRUE,18%,TRUE,0
NTX0001917,15-08-2024,3972.76,INR,V0011,TRUE,12%,TRUE,0
NTX0001918,15-08-2024,10038.36,INR,V0001,TRUE,18%,TRUE,0
NTX0001919,15-08-2024,4847.29,INR,V0001,TRUE,18%,TRUE,0
NTX0001920,16-08-2024,77351.38,INR,V0003,TRUE,18%,TRUE,0
NTX0001921,16-08-2024,13378.25,INR,V0002,TRUE,18%,TRUE,0
NTX0001922,16-08-2024,17303.66,INR,V0017,TRUE,18%,TRUE,0
NTX0001923,16-08-2024,4042.35,INR,V0021,TRUE,5%,FALSE,0
NTX0001924,16-08-2024,4536.64,INR,V0029,TRUE,5%,FALSE,0
NTX0001925,16-08-2024,7558.39,INR,V0019,TRUE,12%,TRUE,0
NTX0001926,16-08-2024,114762.53,INR,V0003,TRUE,18%,TRUE,0
NTX0001927,16-08-2024,35647.45,INR,V0010,TRUE,18%,TRUE,0
NTX0001928,16-08-2024,2671.49,INR,V0033,TRUE,5%,FALSE,0
NTX0001929,17-08-2024,10401.51,INR,V0001,TRUE,18%,TRUE,0
NTX0001930,17-08-2024,60271.9,INR,V0013,TRUE,18%,TRUE,0
NTX0001931,17-08-2024,81395.44,INR,V0001,TRUE,18%,TRUE,1
NTX0001932,17-08-2024,6901.36,INR,V0001,TRUE,18%,TRUE,0
NTX0001933,17-08-2024,7912.54,INR,V0025,TRUE,12%,TRUE,0
NTX0001934,17-08-2024,7494.04,INR,V0025,TRUE,12%,TRUE,0
NTX0001935,17-08-2024,55861.09,INR,V0013,TRUE,18%,TRUE,0
NTX0001936,17-08-2024,49830.63,INR,V0028,TRUE,18%,TRUE,0
NTX0001937,17-08-2024,4511.21,INR,V0011,TRUE,12%,TRUE,0
NTX0001938,17-08-2024,8560.85,INR,V0002,TRUE,18%,TRUE,0
NTX0001939,17-08-2024,5691.84,INR,V0020,TRUE,5%,FALSE,0
NTX0001940,17-08-2024,11528.62,INR,V0008,TRUE,18%,TRUE,0
NTX0001941,18-08-2024,36664.49,INR,V0014,TRUE,18%,TRUE,0
NTX0001942,18-08-2024,38834.9,INR,V0032,TRUE,18%,TRUE,0
NTX0001943,18-08-2024,26206.8,INR,V0027,TRUE,18%,TRUE,0
NTX0001944,18-08-2024,4763.39,INR,V0033,TRUE,5%,FALSE,0
NTX0001945,18-08-2024,66597.24,INR,V0003,TRUE,28%,TRUE,1
NTX0001946,18-08-2024,14548.57,INR,V0015,TRUE,18%,TRUE,0
NTX0001947,18-08-2024,9965.17,INR,V0018,TRUE,18%,TRUE,0
NTX0001948,18-08-2024,3935.67,INR,V0009,FALSE,exempt,FALSE,0
NTX0001949,18-08-2024,5490.49,INR,V0012,TRUE,5%,FALSE,0
NTX0001950,18-08-2024,5820.33,INR,V0011,TRUE,12%,TRUE,0
NTX0001951,18-08-2024,23386.84,INR,V0027,TRUE,18%,TRUE,0
NTX0001952,18-08-2024,5327.75,INR,V0029,TRUE,5%,TRUE,1
NTX0001953,18-08-2024,61612.44,INR,V0013,TRUE,18%,TRUE,0
NTX0001954,18-08-2024,5168.47,INR,V0008,TRUE,18%,TRUE,0
NTX0001955,19-08-2024,9884.46,INR,V0015,TRUE,18%,TRUE,0
NTX0001956,19-08-2024,22483.52,INR,V0030,TRUE,18%,unknown,0
NTX0001957,19-08-2024,3492.38,INR,V0020,TRUE,5%,FALSE,0
NTX0001958,19-08-2024,27813.09,INR,V0028,TRUE,18%,TRUE,0
NTX0001959,19-08-2024,4030.46,INR,V0029,TRUE,5%,FALSE,0
NTX0001960,19-08-2024,11031.27,INR,V0004,TRUE,18%,TRUE,0
NTX0001961,19-08-2024,2516.35,INR,V0009,FALSE,exempt,FALSE,0
NTX0001962,19-08-2024,5062.25,INR,V0021,TRUE,5%,FALSE,0
NTX0001963,19-08-2024,107833.79,INR,V0031,TRUE,18%,TRUE,0
NTX0001964,19-08-2024,25910.92,INR,V0014,TRUE,18%,TRUE,0
NTX0001965,19-08-2024,38840.78,INR,V0027,TRUE,18%,TRUE,0
NTX0001966,19-08-2024,25376.63,INR,V0010,TRUE,18%,TRUE,0
NTX0001967,19-08-2024,62458.62,INR,V0013,TRUE,18%,TRUE,0
NTX0001968,19-08-2024,5038.88,INR,V0025,TRUE,12%,TRUE,0
NTX0001969,19-08-2024,12902.72,INR,V0015,TRUE,18%,TRUE,0
NTX0001970,19-08-2024,29326.12,INR,V0010,TRUE,18%,TRUE,0
NTX0001971,19-08-2024,3942.88,INR,V0019,TRUE,12%,TRUE,0
NTX0001972,20-08-2024,30388.56,INR,V0032,TRUE,18%,TRUE,0
NTX0001973,20-08-2024,6046.47,INR,V0008,TRUE,18%,TRUE,0
NTX0001974,20-08-2024,137789.13,INR,V0003,TRUE,18%,TRUE,0
NTX0001975,20-08-2024,4134.25,INR,V0024,FALSE,exempt,FALSE,0
NTX0001976,20-08-2024,5878.2,INR,V0011,TRUE,12%,TRUE,0
NTX0001977,20-08-2024,8263.91,INR,V0018,TRUE,18%,TRUE,0
NTX0001978,20-08-2024,56708.21,INR,V0031,TRUE,18%,TRUE,0
NTX0001979,20-08-2024,7358.58,INR,V0025,TRUE,12%,TRUE,0
NTX0001980,20-08-2024,9098.62,INR,V0001,TRUE,18%,TRUE,0
NTX0001981,20-08-2024,6333.76,INR,V0005,TRUE,18%,TRUE,0
NTX0001982,21-08-2024,145739.42,INR,V0031,TRUE,5%,TRUE,1
NTX0001983,21-08-2024,29027.03,INR,V0027,TRUE,18%,TRUE,0
NTX0001984,21-08-2024,6348.47,INR,V0019,TRUE,12%,TRUE,0
NTX0001985,21-08-2024,38373.68,INR,V0032,TRUE,18%,TRUE,0
NTX0001986,21-08-2024,3968.7,INR,V0016,TRUE,5%,FALSE,0
NTX0001987,21-08-2024,15959.33,INR,V0023,TRUE,18%,unknown,0
NTX0001988,21-08-2024,28932.33,INR,V0010,TRUE,18%,TRUE,0
NTX0001989,21-08-2024,14077.28,INR,V0001,TRUE,18%,TRUE,0
NTX0001990,21-08-2024,8452.35,INR,V0017,TRUE,18%,TRUE,0
NTX0001991,21-08-2024,30695.76,INR,V0010,TRUE,18%,TRUE,0
NTX0001992,21-08-2024,2763.52,INR,V0016,TRUE,5%,FALSE,0
NTX0001993,21-08-2024,62052.5,INR,V0003,TRUE,18%,TRUE,0
NTX0001994,21-08-2024,6378.89,INR,V0004,TRUE,18%,TRUE,0
NTX0001995,21-08-2024,88618.54,INR,V0031,TRUE,18%,TRUE,0
NTX0001996,21-08-2024,15181.41,INR,V0023,TRUE,18%,unknown,0
NTX0001997,21-08-2024,6390.39,INR,V0001,TRUE,18%,TRUE,0
NTX0001998,21-08-2024,3103.25,INR,V0024,FALSE,exempt,FALSE,0
NTX0001999,22-08-2024,13349.96,INR,V0008,TRUE,18%,TRUE,0
NTX0002000,22-08-2024,10145.68,INR,V0017,TRUE,18%,TRUE,0
NTX0002001,22-08-2024,8486.47,INR,V0001,TRUE,18%,TRUE,0
NTX0002002,22-08-2024,104160.75,INR,V0003,TRUE,18%,TRUE,0
NTX0002003,22-08-2024,8395.38,INR,V0001,TRUE,18%,TRUE,0
NTX0002004,22-08-2024,31394.04,INR,V0032,TRUE,18%,TRUE,0
NTX0002005,22-08-2024,15285.09,INR,V0002,TRUE,18%,TRUE,0
NTX0002006,22-08-2024,4709.83,INR,V0016,TRUE,5%,FALSE,0
NTX0002007,22-08-2024,6996.58,INR,V0018,TRUE,18%,TRUE,0
NTX0002008,22-08-2024,64059.28,INR,V0025,TRUE,12%,TRUE,1
NTX0002009,22-08-2024,5877.1,INR,V0020,TRUE,5%,FALSE,0
NTX0002010,22-08-2024,2064.22,INR,V0007,TRUE,5%,FALSE,0
NTX0002011,22-08-2024,7816.33,INR,V0018,TRUE,18%,TRUE,0
NTX0002012,23-08-2024,12309.47,INR,V0004,TRUE,18%,TRUE,0
NTX0002013,23-08-2024,4036.83,INR,V0009,FALSE,28%,FALSE,1
NTX0002014,23-08-2024,5626.94,INR,V0019,TRUE,12%,TRUE,0
NTX0002015,23-08-2024,4166.97,INR,V0011,TRUE,12%,TRUE,0
NTX0002016,23-08-2024,3875.4,INR,V0029,TRUE,5%,FALSE,0
NTX0002017,23-08-2024,91310.62,INR,V0014,TRUE,18%,TRUE,0
NTX0002018,23-08-2024,5942.69,INR,V0019,TRUE,12%,TRUE,0
NTX0002019,23-08-2024,8817.17,INR,V0001,TRUE,18%,TRUE,0
NTX0002020,23-08-2024,1685.23,INR,V0007,TRUE,5%,FALSE,0
NTX0002021,23-08-2024,4817.48,INR,V0011,TRUE,12%,TRUE,0
NTX0002022,23-08-2024,5948.38,INR,V0011,TRUE,12%,TRUE,0
NTX0002023,24-08-2024,15406.01,INR,V0015,TRUE,18%,TRUE,0
NTX0002024,24-08-2024,2356.33,INR,V0016,TRUE,5%,FALSE,0
NTX0002025,24-08-2024,23215.23,INR,V0027,TRUE,18%,TRUE,0
NTX0002026,24-08-2024,4778.06,INR,V0029,TRUE,5%,FALSE,0
NTX0002027,24-08-2024,22230.33,INR,V0023,TRUE,18%,unknown,0
NTX0002028,24-08-2024,42317.64,INR,V0014,TRUE,18%,TRUE,0
NTX0002029,24-08-2024,5859.98,INR,V0005,TRUE,18%,TRUE,0
NTX0002030,24-08-2024,32215.42,INR,V0030,TRUE,18%,unknown,0
NTX0002031,24-08-2024,9867.69,INR,V0017,TRUE,18%,TRUE,0
NTX0002032,25-08-2024,4387.08,INR,V0025,TRUE,12%,TRUE,0
NTX0002033,25-08-2024,11394.59,INR,V0004,TRUE,18%,TRUE,0
NTX0002034,25-08-2024,44113.37,INR,V0028,TRUE,18%,TRUE,0
NTX0002035,25-08-2024,7569.33,INR,V0004,TRUE,18%,TRUE,0
NTX0002036,25-08-2024,189191.36,INR,V0028,TRUE,18%,TRUE,1
NTX0002037,25-08-2024,15908.55,INR,V0004,TRUE,18%,TRUE,0
NTX0002038,25-08-2024,32911.92,INR,V0010,TRUE,18%,TRUE,0
NTX0002039,25-08-2024,3649.81,INR,V0026,TRUE,5%,FALSE,0
NTX0002040,25-08-2024,4006.34,INR,V0011,TRUE,12%,TRUE,0
NTX0002041,25-08-2024,49759.96,INR,V0027,TRUE,18%,TRUE,0
NTX0002042,25-08-2024,11314.38,INR,V0019,TRUE,12%,TRUE,0
NTX0002043,25-08-2024,8056.27,INR,V0017,TRUE,18%,TRUE,0
NTX0002044,25-08-2024,2568.43,INR,V0016,TRUE,5%,FALSE,0
NTX0002045,26-08-2024,28010.98,INR,V0023,TRUE,18%,unknown,0
NTX0002046,26-08-2024,7945.45,INR,V0025,TRUE,12%,TRUE,0
NTX0002047,26-08-2024,5933.71,INR,V0008,TRUE,18%,TRUE,0
NTX0002048,26-08-2024,39037.59,INR,V0010,TRUE,18%,TRUE,0
NTX0002049,26-08-2024,16950.5,INR,V0023,TRUE,18%,unknown,0
NTX0002050,26-08-2024,16366.97,INR,V0032,TRUE,18%,unknown,1
NTX0002051,26-08-2024,44796.94,INR,V0013,TRUE,18%,TRUE,0
NTX0002052,26-08-2024,30719.98,INR,V0032,TRUE,18%,TRUE,0
NTX0002053,26-08-2024,10932.1,INR,V0018,TRUE,18%,TRUE,0
NTX0002054,26-08-2024,21396.74,INR,V0015,TRUE,18%,TRUE,0
NTX0002055,26-08-2024,4436.52,INR,V0011,TRUE,12%,TRUE,0
NTX0002056,26-08-2024,13163.19,INR,V0008,TRUE,18%,TRUE,0
NTX0002057,26-08-2024,19872.27,INR,V0030,TRUE,18%,unknown,0
NTX0002058,26-08-2024,82103.07,INR,V0031,TRUE,18%,TRUE,0
NTX0002059,26-08-2024,2720.96,INR,V0033,TRUE,5%,FALSE,0
NTX0002060,26-08-2024,8702.32,INR,V0021,TRUE,5%,FALSE,0
NTX0002061,26-08-2024,6032.91,INR,V0020,TRUE,5%,FALSE,0
NTX0002062,26-08-2024,48767.97,INR,V0014,TRUE,18%,TRUE,0
NTX0002063,26-08-2024,5515.17,INR,V0025,TRUE,12%,TRUE,0
NTX0002064,26-08-2024,6813.66,INR,V0029,TRUE,5%,FALSE,0
NTX0002065,27-08-2024,4854.78,INR,V0026,TRUE,5%,FALSE,0
NTX0002066,27-08-2024,138743.39,INR,V0003,TRUE,18%,TRUE,0
NTX0002067,27-08-2024,90161.52,INR,V0013,TRUE,18%,TRUE,0
NTX0002068,27-08-2024,10257.94,INR,V0018,TRUE,18%,TRUE,0
NTX0002069,27-08-2024,4597.25,INR,V0025,TRUE,12%,TRUE,0
NTX0002070,27-08-2024,79781.33,INR,V0013,TRUE,18%,TRUE,0
NTX0002071,27-08-2024,37921.49,INR,V0014,TRUE,18%,TRUE,0
NTX0002072,27-08-2024,2484.6,INR,V0007,TRUE,5%,FALSE,0
NTX0002073,27-08-2024,67637.29,INR,V0003,TRUE,18%,TRUE,0
NTX0002074,27-08-2024,66908.16,INR,V0031,TRUE,18%,TRUE,0
NTX0002075,27-08-2024,6876.69,INR,V0019,TRUE,12%,TRUE,0
NTX0002076,27-08-2024,29309.27,INR,V0032,TRUE,18%,TRUE,0
NTX0002077,27-08-2024,19128.12,INR,V0030,TRUE,18%,unknown,0
NTX0002078,27-08-2024,23790.72,INR,V0029,TRUE,5%,FALSE,1
NTX0002079,27-08-2024,14603.08,INR,V0004,TRUE,18%,TRUE,0
NTX0002080,27-08-2024,10491.67,INR,V0018,TRUE,18%,TRUE,0
NTX0002081,27-08-2024,4932.61,INR,V0025,TRUE,12%,TRUE,0
NTX0002082,27-08-2024,12488.7,INR,V0017,TRUE,18%,TRUE,0
NTX0002083,27-08-2024,30152.33,INR,V0027,TRUE,18%,TRUE,0
NTX0002084,28-08-2024,3806.99,INR,V0026,TRUE,5%,FALSE,0
NTX0002085,28-08-2024,20779.21,INR,V0023,TRUE,18%,unknown,0
NTX0002086,28-08-2024,1503.69,INR,V0033,TRUE,5%,FALSE,0
NTX0002087,28-08-2024,9570.14,INR,V0008,TRUE,18%,TRUE,0
NTX0002088,28-08-2024,3939.12,INR,V0025,TRUE,12%,TRUE,0
NTX0002089,28-08-2024,26816.45,INR,V0028,TRUE,18%,TRUE,0
NTX0002090,28-08-2024,79748.33,INR,V0003,TRUE,18%,TRUE,0
NTX0002091,28-08-2024,14689.43,INR,V0017,TRUE,18%,TRUE,0
NTX0002092,28-08-2024,21907.79,INR,V0032,TRUE,18%,TRUE,0
NTX0002093,28-08-2024,12682.78,INR,V0008,TRUE,18%,TRUE,0
NTX0002094,28-08-2024,25686.18,INR,V0032,TRUE,18%,TRUE,0
NTX0002095,28-08-2024,4477.03,INR,V0026,TRUE,5%,FALSE,0
NTX0002096,28-08-2024,67829.91,INR,V0013,TRUE,18%,TRUE,0
NTX0002097,29-08-2024,6642.02,INR,V0015,TRUE,18%,TRUE,0
NTX0002098,29-08-2024,14977.86,INR,V0002,TRUE,18%,TRUE,0
NTX0002099,29-08-2024,18381.95,INR,V0030,TRUE,18%,unknown,0
NTX0002100,29-08-2024,102907.06,INR,V0031,TRUE,18%,TRUE,0
NTX0002101,29-08-2024,5648.59,INR,V0018,TRUE,18%,TRUE,0
NTX0002102,29-08-2024,69512.47,INR,V0013,TRUE,18%,TRUE,0
NTX0002103,29-08-2024,4916.05,INR,V0025,TRUE,12%,TRUE,0
NTX0002104,29-08-2024,127352.27,INR,V0003,TRUE,18%,TRUE,0
NTX0002105,29-08-2024,24381.83,INR,V0032,TRUE,18%,TRUE,0
NTX0002106,29-08-2024,7713.35,INR,V0029,TRUE,5%,FALSE,0
NTX0002107,29-08-2024,263582.4,INR,V0014,TRUE,18%,TRUE,1
NTX0002108,29-08-2024,39543.33,INR,V0027,TRUE,18%,TRUE,0
NTX0002109,30-08-2024,38708.95,INR,V0010,TRUE,18%,TRUE,0
NTX0002110,30-08-2024,64685.28,INR,V0005,TRUE,18%,TRUE,1
NTX0002111,30-08-2024,93052.14,INR,V0003,TRUE,18%,TRUE,0
NTX0002112,30-08-2024,5499.39,INR,V0008,TRUE,18%,TRUE,0
NTX0002113,30-08-2024,15615.29,INR,V0030,TRUE,18%,unknown,0
NTX0002114,30-08-2024,5381.74,INR,V0005,TRUE,18%,TRUE,0
NTX0002115,30-08-2024,27240.08,INR,V0016,TRUE,5%,FALSE,1
NTX0002116,30-08-2024,37561.97,INR,V0032,TRUE,18%,TRUE,0
NTX0002117,30-08-2024,5546.31,INR,V0019,TRUE,12%,TRUE,0
NTX0002118,30-08-2024,10270.9,INR,V0015,TRUE,18%,TRUE,0
NTX0002119,30-08-2024,88835.01,INR,V0013,TRUE,18%,TRUE,0
NTX0002120,30-08-2024,8660.14,INR,V0008,TRUE,5%,TRUE,1
NTX0002121,30-08-2024,7800.19,INR,V0002,TRUE,18%,TRUE,0
NTX0002122,30-08-2024,5867.46,INR,V0020,TRUE,5%,FALSE,0
NTX0002123,30-08-2024,78152.33,INR,V0031,TRUE,18%,TRUE,0
NTX0002124,30-08-2024,43671.18,INR,V0010,TRUE,18%,TRUE,0
NTX0002125,30-08-2024,12828.27,INR,V0017,TRUE,18%,TRUE,0
NTX0002126,30-08-2024,2571.64,INR,V0016,TRUE,5%,FALSE,0
NTX0002127,31-08-2024,10313.75,INR,V0017,TRUE,18%,TRUE,0
NTX0002128,31-08-2024,3220.85,INR,V0020,TRUE,5%,FALSE,0
NTX0002129,31-08-2024,9716.44,INR,V0004,TRUE,18%,TRUE,0
NTX0002130,31-08-2024,3953.38,INR,V0021,TRUE,5%,FALSE,0
NTX0002131,31-08-2024,5497.21,INR,V0029,TRUE,5%,FALSE,0
NTX0002132,31-08-2024,30401.82,INR,V0010,TRUE,18%,TRUE,0
NTX0002133,31-08-2024,67492.82,INR,V0003,TRUE,18%,TRUE,0
NTX0002134,31-08-2024,4007.58,INR,V0019,TRUE,12%,TRUE,0
NTX0002135,31-08-2024,33594.8,INR,V0010,TRUE,18%,TRUE,0
NTX0002136,31-08-2024,28297.06,INR,V0014,TRUE,18%,TRUE,0
NTX0002137,31-08-2024,34400.26,INR,V0010,TRUE,18%,TRUE,0
NTX0002138,31-08-2024,6448.08,INR,V0005,TRUE,18%,TRUE,0
NTX0002139,31-08-2024,17383.88,INR,V0006,TRUE,18%,unknown,0
NTX0002140,31-08-2024,82696.6,INR,V0013,TRUE,18%,TRUE,0
NTX0002141,31-08-2024,14737.28,INR,V0002,TRUE,18%,TRUE,0
NTX0002142,31-08-2024,59874.49,INR,V0010,TRUE,18%,TRUE,0
NTX0002143,31-08-2024,39584.51,INR,V0028,TRUE,18%,TRUE,0
NTX0002144,01-09-2024,38138.41,INR,V0027,TRUE,18%,TRUE,0
NTX0002145,01-09-2024,29711.93,INR,V0027,TRUE,18%,TRUE,0
NTX0002146,01-09-2024,5849.33,INR,V0011,TRUE,12%,TRUE,0
NTX0002147,01-09-2024,2620.77,INR,V0026,TRUE,5%,FALSE,0
NTX0002148,01-09-2024,24492.92,INR,V0014,TRUE,18%,TRUE,0
NTX0002149,01-09-2024,21286.78,INR,V0006,TRUE,18%,unknown,0
NTX0002150,01-09-2024,34637.77,INR,V0032,TRUE,18%,TRUE,0
NTX0002151,01-09-2024,74968.5,INR,V0003,TRUE,18%,TRUE,0
NTX0002152,01-09-2024,95180.72,INR,V0013,TRUE,18%,TRUE,0
NTX0002153,01-09-2024,153780.92,INR,V0003,TRUE,18%,TRUE,0
NTX0002154,01-09-2024,18117.48,INR,V0015,TRUE,18%,TRUE,0
NTX0002155,01-09-2024,52698.23,INR,V0028,TRUE,18%,TRUE,0
NTX0002156,01-09-2024,70868.04,INR,V0031,TRUE,18%,TRUE,0
NTX0002157,01-09-2024,5647.14,INR,V0011,TRUE,12%,TRUE,0
NTX0002158,02-09-2024,115033.95,INR,V0031,TRUE,18%,TRUE,0
NTX0002159,02-09-2024,6055.8,INR,V0019,TRUE,12%,TRUE,0
NTX0002160,02-09-2024,8512.02,INR,V0017,TRUE,18%,TRUE,0
NTX0002161,02-09-2024,87864.67,INR,V0031,TRUE,18%,TRUE,0
NTX0002162,02-09-2024,14728.5,INR,V0004,TRUE,18%,TRUE,0
NTX0002163,02-09-2024,94761.01,INR,V0031,TRUE,18%,TRUE,0
NTX0002164,02-09-2024,21520.07,INR,V0006,TRUE,18%,unknown,0
NTX0002165,02-09-2024,4224.12,INR,V0033,TRUE,5%,FALSE,0
NTX0002166,02-09-2024,3811.54,INR,V0016,TRUE,5%,FALSE,0
NTX0002167,02-09-2024,34652.63,INR,V0032,TRUE,18%,TRUE,0
NTX0002168,03-09-2024,6685.11,INR,V0001,TRUE,18%,TRUE,0
NTX0002169,03-09-2024,88329.54,INR,V0013,TRUE,18%,TRUE,0
NTX0002170,03-09-2024,88961.12,INR,V0031,TRUE,18%,TRUE,0
NTX0002171,03-09-2024,27068.22,INR,V0027,TRUE,18%,TRUE,0
NTX0002172,03-09-2024,17218.9,INR,V0030,TRUE,18%,unknown,0
NTX0002173,03-09-2024,11758.84,INR,V0001,TRUE,18%,TRUE,0
NTX0002174,03-09-2024,8479.96,INR,V0019,TRUE,12%,TRUE,0
NTX0002175,03-09-2024,2511.67,INR,V0007,TRUE,5%,FALSE,0
NTX0002176,03-09-2024,74142,INR,V0002,TRUE,18%,TRUE,1
NTX0002177,03-09-2024,16390.39,INR,V0006,TRUE,18%,unknown,0
NTX0002178,03-09-2024,106290.18,INR,V0031,TRUE,18%,TRUE,0
NTX0002179,03-09-2024,4992.82,INR,V0020,TRUE,5%,FALSE,0
NTX0002180,03-09-2024,85398.27,INR,V0003,TRUE,18%,TRUE,0
NTX0002181,03-09-2024,23667.07,INR,V0032,TRUE,18%,TRUE,0
NTX0002182,03-09-2024,131422.55,INR,V0031,TRUE,18%,TRUE,0
NTX0002183,03-09-2024,9693.39,INR,V0001,TRUE,18%,TRUE,0
NTX0002184,03-09-2024,62822.92,INR,V0032,TRUE,18%,TRUE,0
NTX0002185,03-09-2024,4081.3,INR,V0020,TRUE,5%,FALSE,0
NTX0002186,04-09-2024,30246.25,INR,V0023,TRUE,18%,unknown,0
NTX0002187,04-09-2024,4900.57,INR,V0025,TRUE,12%,TRUE,0
NTX0002188,04-09-2024,4218.99,INR,V0020,TRUE,5%,FALSE,0
NTX0002189,04-09-2024,4789.83,INR,V0011,TRUE,12%,TRUE,0
NTX0002190,04-09-2024,6365.7,INR,V0021,TRUE,5%,FALSE,0
NTX0002191,04-09-2024,80925.11,INR,V0003,TRUE,18%,TRUE,0
NTX0002192,04-09-2024,5306.52,INR,V0018,TRUE,18%,FALSE,1
NTX0002193,04-09-2024,15645.73,INR,V0015,TRUE,18%,TRUE,0
NTX0002194,04-09-2024,26609.71,INR,V0028,TRUE,18%,TRUE,0
NTX0002195,04-09-2024,29081.89,INR,V0028,TRUE,18%,TRUE,0
NTX0002196,04-09-2024,55679.25,INR,V0003,TRUE,18%,TRUE,0
NTX0002197,04-09-2024,39284.96,INR,V0010,TRUE,18%,TRUE,0
NTX0002198,04-09-2024,3341.32,INR,V0033,TRUE,5%,FALSE,0
NTX0002199,04-09-2024,9823.81,INR,V0004,TRUE,18%,TRUE,0
NTX0002200,04-09-2024,14565.53,INR,V0002,TRUE,18%,TRUE,0
NTX0002201,04-09-2024,20082.53,INR,V0032,TRUE,18%,TRUE,0
NTX0002202,05-09-2024,86589.6,INR,V0013,TRUE,18%,TRUE,0
NTX0002203,05-09-2024,6798.38,INR,V0017,TRUE,18%,TRUE,0
NTX0002204,05-09-2024,3062.92,INR,V0029,TRUE,5%,FALSE,0
NTX0002205,05-09-2024,4695.13,INR,V0001,TRUE,18%,TRUE,0
NTX0002206,05-09-2024,2485.94,INR,V0011,TRUE,12%,TRUE,0
NTX0002207,05-09-2024,83329.37,INR,V0031,TRUE,18%,TRUE,0
NTX0002208,05-09-2024,92161.8,INR,V0031,TRUE,18%,TRUE,0
NTX0002209,05-09-2024,107850.84,INR,V0003,TRUE,18%,TRUE,0
NTX0002210,05-09-2024,73855.63,INR,V0003,TRUE,18%,TRUE,0
NTX0002211,05-09-2024,7253.54,INR,V0012,TRUE,5%,FALSE,0
NTX0002212,05-09-2024,5930.59,INR,V0012,TRUE,5%,FALSE,0
NTX0002213,05-09-2024,1789.54,INR,V0007,TRUE,5%,FALSE,0
NTX0002214,05-09-2024,49902,INR,V0010,TRUE,18%,TRUE,0
NTX0002215,05-09-2024,132420.42,INR,V0013,TRUE,18%,TRUE,0
NTX0002216,05-09-2024,4501.32,INR,V0007,TRUE,5%,FALSE,0
NTX0002217,06-09-2024,29657.28,INR,V0010,TRUE,18%,TRUE,0
NTX0002218,06-09-2024,4209.47,INR,V0024,FALSE,exempt,FALSE,0
NTX0002219,06-09-2024,104695.72,INR,V0003,TRUE,18%,TRUE,0
NTX0002220,06-09-2024,4571.54,INR,V0009,FALSE,exempt,FALSE,0
NTX0002221,06-09-2024,8457.42,INR,V0008,TRUE,18%,TRUE,0
NTX0002222,06-09-2024,19676,INR,V0023,TRUE,18%,unknown,0
NTX0002223,06-09-2024,2671.22,INR,V0033,TRUE,5%,FALSE,0
NTX0002224,06-09-2024,55264.28,INR,V0031,TRUE,18%,TRUE,0
NTX0002225,06-09-2024,45265.58,INR,V0028,TRUE,18%,TRUE,0
NTX0002226,06-09-2024,92011.07,INR,V0013,TRUE,18%,TRUE,0
NTX0002227,06-09-2024,5090.65,INR,V0025,TRUE,12%,TRUE,0
NTX0002228,06-09-2024,93263.42,INR,V0013,TRUE,18%,TRUE,0
NTX0002229,06-09-2024,54371.33,INR,V0003,TRUE,18%,TRUE,0
NTX0002230,06-09-2024,9666.48,INR,V0004,TRUE,18%,TRUE,0
NTX0002231,06-09-2024,178319.31,INR,V0031,TRUE,18%,TRUE,0
NTX0002232,06-09-2024,9578.16,INR,V0008,TRUE,18%,TRUE,0
NTX0002233,06-09-2024,8221.39,INR,V0018,TRUE,18%,TRUE,0
NTX0002234,06-09-2024,4795.92,INR,V0025,TRUE,12%,TRUE,0
NTX0002235,06-09-2024,41331.65,INR,V0032,TRUE,18%,TRUE,0
NTX0002236,06-09-2024,17150.8,INR,V0023,TRUE,18%,unknown,0
NTX0002237,07-09-2024,9943.94,INR,V0017,TRUE,18%,TRUE,0
NTX0002238,07-09-2024,29907.59,INR,V0010,TRUE,18%,TRUE,0
NTX0002239,07-09-2024,31902.94,INR,V0032,TRUE,18%,TRUE,0
NTX0002240,07-09-2024,46761.44,INR,V0028,TRUE,18%,TRUE,0
NTX0002241,07-09-2024,8965.18,INR,V0001,TRUE,18%,TRUE,0
NTX0002242,07-09-2024,12008.03,INR,V0002,TRUE,18%,TRUE,0
NTX0002243,07-09-2024,3277.74,INR,V0026,TRUE,5%,FALSE,0
NTX0002244,07-09-2024,8539.63,INR,V0005,TRUE,18%,TRUE,0
NTX0002245,07-09-2024,47974.31,INR,V0013,TRUE,18%,TRUE,0
NTX0002246,07-09-2024,44805.26,INR,V0027,TRUE,18%,TRUE,0
NTX0002247,08-09-2024,90117.69,INR,V0003,TRUE,18%,TRUE,0
NTX0002248,08-09-2024,27824.45,INR,V0028,TRUE,18%,TRUE,0
NTX0002249,08-09-2024,105011.21,INR,V0031,TRUE,18%,TRUE,0
NTX0002250,08-09-2024,3909.09,INR,V0021,TRUE,5%,FALSE,0
NTX0002251,08-09-2024,7343.41,INR,V0001,TRUE,18%,TRUE,0
NTX0002252,08-09-2024,11774.01,INR,V0004,TRUE,18%,TRUE,0
NTX0002253,08-09-2024,88903.96,INR,V0031,TRUE,18%,TRUE,0
NTX0002254,08-09-2024,4062.73,INR,V0007,TRUE,5%,FALSE,0
NTX0002255,08-09-2024,83672.92,INR,V0013,TRUE,18%,TRUE,0
NTX0002256,08-09-2024,160126.25,INR,V0003,TRUE,18%,TRUE,0
NTX0002257,08-09-2024,3827.8,INR,V0024,FALSE,exempt,FALSE,0
NTX0002258,08-09-2024,10323.64,INR,V0001,TRUE,18%,TRUE,0
NTX0002259,08-09-2024,74632.85,INR,V0031,TRUE,18%,TRUE,0
NTX0002260,08-09-2024,1935.16,INR,V0026,TRUE,5%,FALSE,0
NTX0002261,08-09-2024,2898.23,INR,V0021,TRUE,5%,FALSE,0
NTX0002262,08-09-2024,5035.33,INR,V0012,TRUE,5%,FALSE,0
NTX0002263,08-09-2024,23044.83,INR,V0030,TRUE,18%,unknown,0
NTX0002264,09-09-2024,4519.85,INR,V0021,TRUE,5%,FALSE,0
NTX0002265,09-09-2024,99201.27,INR,V0013,TRUE,18%,TRUE,0
NTX0002266,09-09-2024,122830.65,INR,V0031,TRUE,18%,TRUE,0
NTX0002267,09-09-2024,12307,INR,V0017,TRUE,18%,TRUE,0
NTX0002268,09-09-2024,88928.79,INR,V0013,TRUE,18%,TRUE,0
NTX0002269,09-09-2024,1948.71,INR,V0026,TRUE,5%,FALSE,0
NTX0002270,09-09-2024,28497.26,INR,V0014,TRUE,18%,TRUE,0
NTX0002271,09-09-2024,3224.29,INR,V0008,TRUE,18%,TRUE,0
NTX0002272,09-09-2024,86627.44,INR,V0013,TRUE,18%,TRUE,0
NTX0002273,09-09-2024,42184.56,INR,V0027,TRUE,18%,TRUE,0
NTX0002274,09-09-2024,79998.77,INR,V0003,TRUE,18%,TRUE,0
NTX0002275,09-09-2024,3695.64,INR,V0012,TRUE,5%,FALSE,0
NTX0002276,09-09-2024,4210.16,INR,V0025,TRUE,12%,TRUE,0
NTX0002277,09-09-2024,4290.02,INR,V0029,TRUE,5%,FALSE,0
NTX0002278,09-09-2024,17460.72,INR,V0015,TRUE,18%,TRUE,0
NTX0002279,09-09-2024,73459.81,INR,V0003,TRUE,18%,TRUE,0
NTX0002280,09-09-2024,69284.26,INR,V0013,TRUE,18%,TRUE,0
NTX0002281,09-09-2024,86938.31,INR,V0013,TRUE,18%,TRUE,0
NTX0002282,09-09-2024,10162.74,INR,V0005,TRUE,18%,TRUE,0
NTX0002283,09-09-2024,7871.09,INR,V0017,TRUE,18%,TRUE,0
NTX0002284,09-09-2024,20633.7,INR,V0023,TRUE,18%,unknown,0
NTX0002285,10-09-2024,40771.72,INR,V0028,TRUE,18%,TRUE,0
NTX0002286,10-09-2024,4794.84,INR,V0011,TRUE,12%,TRUE,0
NTX0002287,10-09-2024,4547.16,INR,V0020,TRUE,5%,FALSE,0
NTX0002288,10-09-2024,4141.22,INR,V0001,TRUE,18%,TRUE,0
NTX0002289,10-09-2024,75672.9,INR,V0003,TRUE,18%,TRUE,0
NTX0002290,10-09-2024,29581.33,INR,V0032,TRUE,18%,TRUE,0
NTX0002291,10-09-2024,65737.78,INR,V0013,TRUE,18%,TRUE,0
NTX0002292,10-09-2024,8477.05,INR,V0005,TRUE,18%,TRUE,0
NTX0002293,10-09-2024,5108.23,INR,V0021,TRUE,5%,FALSE,0
NTX0002294,10-09-2024,7598.49,INR,V0001,TRUE,18%,TRUE,0
NTX0002295,10-09-2024,13025.58,INR,V0004,TRUE,18%,TRUE,0
NTX0002296,10-09-2024,16280.72,INR,V0030,TRUE,18%,TRUE,1
NTX0002297,10-09-2024,7438.6,INR,V0019,TRUE,12%,TRUE,0
NTX0002298,11-09-2024,45270.82,INR,V0010,TRUE,18%,TRUE,0
NTX0002299,11-09-2024,7950.17,INR,V0017,TRUE,18%,TRUE,0
NTX0002300,11-09-2024,81290.64,INR,V0003,TRUE,18%,TRUE,0
NTX0002301,11-09-2024,27692.06,INR,V0032,TRUE,18%,TRUE,0
NTX0002302,11-09-2024,48251.74,INR,V0031,TRUE,18%,TRUE,0
NTX0002303,11-09-2024,77166.99,INR,V0013,TRUE,18%,TRUE,0
NTX0002304,11-09-2024,14356.54,INR,V0015,TRUE,18%,TRUE,0
NTX0002305,11-09-2024,8625.25,INR,V0004,TRUE,18%,TRUE,0
NTX0002306,12-09-2024,11744.92,INR,V0006,TRUE,18%,unknown,0
NTX0002307,12-09-2024,117846.54,INR,V0031,TRUE,18%,TRUE,0
NTX0002308,12-09-2024,2722.66,INR,V0007,TRUE,5%,FALSE,0
NTX0002309,12-09-2024,7545.98,INR,V0017,TRUE,18%,TRUE,0
NTX0002310,12-09-2024,75950.37,INR,V0003,TRUE,18%,TRUE,0
NTX0002311,12-09-2024,8444.06,INR,V0017,TRUE,18%,TRUE,0
NTX0002312,12-09-2024,113593.02,INR,V0031,TRUE,18%,TRUE,0
NTX0002313,12-09-2024,70358.49,INR,V0003,TRUE,18%,TRUE,0
NTX0002314,12-09-2024,138264.73,INR,V0031,TRUE,18%,TRUE,0
NTX0002315,12-09-2024,6293.54,INR,V0019,TRUE,12%,TRUE,0
NTX0002316,12-09-2024,3742.34,INR,V0021,TRUE,5%,FALSE,0
NTX0002317,12-09-2024,36865.53,INR,V0028,TRUE,18%,TRUE,0
NTX0002318,12-09-2024,10646.16,INR,V0005,TRUE,18%,TRUE,0
NTX0002319,12-09-2024,105442.66,INR,V0031,TRUE,18%,TRUE,0
NTX0002320,12-09-2024,7109.63,INR,V0001,TRUE,18%,TRUE,0
NTX0002321,12-09-2024,2999.48,INR,V0026,TRUE,5%,FALSE,0
NTX0002322,12-09-2024,4281.72,INR,V0011,TRUE,12%,TRUE,0
NTX0002323,12-09-2024,42548.96,INR,V0028,TRUE,12%,TRUE,1
NTX0002324,12-09-2024,8645.19,INR,V0015,TRUE,18%,TRUE,0
NTX0002325,12-09-2024,37054.61,INR,V0032,TRUE,18%,TRUE,0
NTX0002326,13-09-2024,9027.97,INR,V0001,TRUE,18%,TRUE,0
NTX0002327,13-09-2024,4264.93,INR,V0001,TRUE,18%,TRUE,0
NTX0002328,13-09-2024,2209.73,INR,V0026,TRUE,5%,FALSE,0
NTX0002329,13-09-2024,9986.49,INR,V0008,TRUE,18%,TRUE,0
NTX0002330,13-09-2024,9414.28,INR,V0017,TRUE,18%,TRUE,0
NTX0002331,13-09-2024,11872.66,INR,V0008,TRUE,18%,TRUE,0
NTX0002332,13-09-2024,6721.19,INR,V0011,TRUE,12%,TRUE,0
NTX0002333,13-09-2024,41140.31,INR,V0032,TRUE,18%,TRUE,0
NTX0002334,13-09-2024,10408.05,INR,V0002,TRUE,18%,TRUE,0
NTX0002335,13-09-2024,115790.08,INR,V0030,TRUE,18%,unknown,1
NTX0002336,13-09-2024,22926.59,INR,V0010,TRUE,18%,TRUE,0
NTX0002337,13-09-2024,33905.3,INR,V0030,TRUE,18%,unknown,0
NTX0002338,13-09-2024,22427.3,INR,V0014,TRUE,18%,TRUE,0
NTX0002339,13-09-2024,35523.45,INR,V0032,TRUE,18%,TRUE,0
NTX0002340,13-09-2024,21972.01,INR,V0006,TRUE,18%,unknown,0
NTX0002341,13-09-2024,6608.02,INR,V0017,TRUE,18%,TRUE,0
NTX0002342,13-09-2024,38002.68,INR,V0032,TRUE,18%,TRUE,0
NTX0002343,13-09-2024,13423.91,INR,V0017,TRUE,18%,TRUE,0
NTX0002344,13-09-2024,1749.16,INR,V0024,FALSE,exempt,FALSE,0
NTX0002345,13-09-2024,14676.87,INR,V0015,TRUE,18%,TRUE,0
NTX0002346,13-09-2024,7672.51,INR,V0015,TRUE,18%,TRUE,0
NTX0002347,14-09-2024,12711.1,INR,V0011,TRUE,12%,TRUE,0
NTX0002348,14-09-2024,15129.92,INR,V0017,TRUE,18%,TRUE,0
NTX0002349,14-09-2024,4562,INR,V0012,TRUE,5%,FALSE,0
NTX0002350,14-09-2024,5245.18,INR,V0019,TRUE,12%,TRUE,0
NTX0002351,14-09-2024,3529.89,INR,V0022,FALSE,exempt,FALSE,0
NTX0002352,14-09-2024,49603.36,INR,V0014,TRUE,18%,TRUE,0
NTX0002353,14-09-2024,60653.43,INR,V0010,TRUE,18%,TRUE,0
NTX0002354,14-09-2024,66891.48,INR,V0031,TRUE,18%,TRUE,0
NTX0002355,14-09-2024,21115.96,INR,V0027,TRUE,18%,TRUE,0
NTX0002356,14-09-2024,8210.71,INR,V0009,FALSE,exempt,FALSE,0
NTX0002357,14-09-2024,11721.62,INR,V0017,TRUE,18%,TRUE,0
NTX0002358,14-09-2024,7087.92,INR,V0005,TRUE,18%,TRUE,0
NTX0002359,14-09-2024,54508.16,INR,V0032,TRUE,18%,TRUE,0
NTX0002360,14-09-2024,6802.27,INR,V0011,TRUE,12%,TRUE,0
NTX0002361,15-09-2024,44447.86,INR,V0031,TRUE,18%,TRUE,0
NTX0002362,15-09-2024,45841.29,INR,V0010,TRUE,18%,TRUE,0
NTX0002363,15-09-2024,31204.17,INR,V0032,TRUE,18%,TRUE,0
NTX0002364,15-09-2024,37068.99,INR,V0032,TRUE,18%,TRUE,0
NTX0002365,15-09-2024,4302.82,INR,V0025,TRUE,12%,TRUE,0
NTX0002366,15-09-2024,5837.16,INR,V0012,TRUE,5%,FALSE,0
NTX0002367,15-09-2024,947201.44,INR,V0003,TRUE,18%,TRUE,1
NTX0002368,15-09-2024,4051.13,INR,V0021,TRUE,5%,FALSE,0
NTX0002369,15-09-2024,18519,INR,V0030,TRUE,18%,unknown,0
NTX0002370,15-09-2024,114285.26,INR,V0013,TRUE,18%,TRUE,0
NTX0002371,15-09-2024,7825.22,INR,V0008,TRUE,5%,TRUE,1
NTX0002372,15-09-2024,9277.41,INR,V0018,TRUE,18%,TRUE,0
NTX0002373,15-09-2024,64537.05,INR,V0013,TRUE,18%,TRUE,0
NTX0002374,15-09-2024,29764.94,INR,V0032,TRUE,18%,TRUE,0
NTX0002375,15-09-2024,4119.43,INR,V0011,TRUE,12%,TRUE,0
NTX0002376,16-09-2024,6979.25,INR,V0021,TRUE,5%,FALSE,0
NTX0002377,16-09-2024,51662.99,INR,V0032,TRUE,18%,TRUE,0
NTX0002378,16-09-2024,15085.79,INR,V0017,TRUE,18%,TRUE,0
NTX0002379,16-09-2024,4751,INR,V0025,TRUE,12%,TRUE,0
NTX0002380,16-09-2024,49862.03,INR,V0010,TRUE,18%,TRUE,0
NTX0002381,16-09-2024,9147.74,INR,V0018,TRUE,18%,TRUE,0
NTX0002382,16-09-2024,5369.76,INR,V0021,TRUE,5%,FALSE,0
NTX0002383,16-09-2024,2650.81,INR,V0020,TRUE,5%,FALSE,0
NTX0002384,16-09-2024,12721.06,INR,V0017,TRUE,18%,TRUE,0
NTX0002385,16-09-2024,92831.53,INR,V0013,TRUE,18%,TRUE,0
NTX0002386,16-09-2024,41034,INR,V0010,TRUE,18%,TRUE,0
NTX0002387,16-09-2024,5289.34,INR,V0026,TRUE,5%,FALSE,0
NTX0002388,16-09-2024,84842.82,INR,V0003,TRUE,18%,TRUE,0
NTX0002389,17-09-2024,30082.4,INR,V0028,TRUE,18%,TRUE,0
NTX0002390,17-09-2024,29474.4,INR,V0014,TRUE,18%,TRUE,0
NTX0002391,17-09-2024,22684.56,INR,V0007,TRUE,5%,FALSE,1
NTX0002392,17-09-2024,86195.53,INR,V0003,TRUE,18%,TRUE,0
NTX0002393,17-09-2024,31233.66,INR,V0028,TRUE,18%,TRUE,0
NTX0002394,17-09-2024,11173.51,INR,V0002,TRUE,18%,TRUE,0
NTX0002395,17-09-2024,5449.46,INR,V0018,TRUE,18%,TRUE,0
NTX0002396,17-09-2024,3017.72,INR,V0007,TRUE,5%,FALSE,0
NTX0002397,17-09-2024,47389.27,INR,V0028,TRUE,18%,TRUE,0
NTX0002398,17-09-2024,36539.19,INR,V0010,TRUE,18%,TRUE,0
NTX0002399,17-09-2024,6527.09,INR,V0004,TRUE,18%,TRUE,0
NTX0002400,17-09-2024,93323.54,INR,V0013,TRUE,18%,TRUE,0
NTX0002401,17-09-2024,102347.72,INR,V0013,TRUE,18%,TRUE,0
NTX0002402,17-09-2024,32024.17,INR,V0014,TRUE,exempt,TRUE,1
NTX0002403,18-09-2024,66023.86,INR,V0031,TRUE,18%,TRUE,0
NTX0002404,18-09-2024,41657.99,INR,V0032,TRUE,18%,TRUE,0
NTX0002405,18-09-2024,49032.74,INR,V0013,TRUE,18%,TRUE,0
NTX0002406,18-09-2024,6282.6,INR,V0019,TRUE,12%,TRUE,0
NTX0002407,18-09-2024,34866.5,INR,V0032,TRUE,18%,TRUE,0
NTX0002408,18-09-2024,5221.51,INR,V0021,TRUE,5%,FALSE,0
NTX0002409,18-09-2024,7180.41,INR,V0018,TRUE,18%,TRUE,0
NTX0002410,18-09-2024,6313.8,INR,V0029,TRUE,5%,FALSE,0
NTX0002411,18-09-2024,15677.92,INR,V0015,TRUE,18%,TRUE,0
NTX0002412,18-09-2024,2340.52,INR,V0022,FALSE,exempt,FALSE,0
NTX0002413,18-09-2024,9977.16,INR,V0002,TRUE,18%,TRUE,0
NTX0002414,19-09-2024,7495.85,INR,V0001,TRUE,18%,TRUE,0
NTX0002415,19-09-2024,3832.69,INR,V0012,TRUE,5%,FALSE,0
NTX0002416,19-09-2024,8812.34,INR,V0015,TRUE,18%,TRUE,0
NTX0002417,19-09-2024,27029.45,INR,V0032,TRUE,18%,FALSE,1
NTX0002418,19-09-2024,7832.41,INR,V0019,TRUE,12%,TRUE,0
NTX0002419,19-09-2024,4355.58,INR,V0019,TRUE,12%,TRUE,0
NTX0002420,19-09-2024,6913.73,INR,V0029,TRUE,5%,FALSE,0
NTX0002421,19-09-2024,9176.6,INR,V0021,TRUE,5%,FALSE,0
NTX0002422,19-09-2024,3539.98,INR,V0007,TRUE,18%,FALSE,1
NTX0002423,19-09-2024,24184.03,INR,V0030,TRUE,18%,unknown,0
NTX0002424,20-09-2024,10207.74,INR,V0017,TRUE,18%,TRUE,0
NTX0002425,20-09-2024,40634.63,INR,V0027,TRUE,18%,TRUE,0
NTX0002426,20-09-2024,13052.7,INR,V0004,TRUE,18%,TRUE,0
NTX0002427,20-09-2024,29852.37,INR,V0014,TRUE,18%,TRUE,0
NTX0002428,20-09-2024,43505.45,INR,V0014,TRUE,18%,TRUE,0
NTX0002429,20-09-2024,10090.91,INR,V0004,TRUE,18%,TRUE,0
NTX0002430,20-09-2024,7918.87,INR,V0002,TRUE,18%,TRUE,0
NTX0002431,20-09-2024,72860.35,INR,V0031,TRUE,18%,TRUE,0
NTX0002432,20-09-2024,10712.36,INR,V0001,TRUE,18%,TRUE,0
NTX0002433,20-09-2024,24697.88,INR,V0028,TRUE,18%,TRUE,0
NTX0002434,20-09-2024,4298.99,INR,V0009,FALSE,exempt,FALSE,0
NTX0002435,20-09-2024,4326.77,INR,V0033,TRUE,5%,FALSE,0
NTX0002436,20-09-2024,37496.66,INR,V0028,TRUE,18%,TRUE,0
NTX0002437,20-09-2024,9252.72,INR,V0018,TRUE,18%,TRUE,0
NTX0002438,20-09-2024,25430.89,INR,V0027,TRUE,18%,TRUE,0
NTX0002439,20-09-2024,80889.59,INR,V0013,TRUE,18%,TRUE,0
NTX0002440,20-09-2024,29013.44,INR,V0030,TRUE,18%,unknown,0
NTX0002441,21-09-2024,24396.55,INR,V0032,TRUE,18%,TRUE,0
NTX0002442,21-09-2024,11072.18,INR,V0004,TRUE,18%,TRUE,0
NTX0002443,21-09-2024,25985.59,INR,V0028,TRUE,18%,TRUE,0
NTX0002444,21-09-2024,46742.55,INR,V0006,TRUE,18%,unknown,0
NTX0002445,21-09-2024,16719.58,INR,V0004,TRUE,18%,TRUE,0
NTX0002446,21-09-2024,135339.37,INR,V0031,TRUE,18%,TRUE,0
NTX0002447,21-09-2024,9789.9,INR,V0001,TRUE,18%,TRUE,0
NTX0002448,21-09-2024,43218.85,INR,V0028,TRUE,18%,TRUE,0
NTX0002449,21-09-2024,11815.92,INR,V0004,TRUE,18%,TRUE,0
NTX0002450,21-09-2024,33780.1,INR,V0010,TRUE,18%,TRUE,0
NTX0002451,21-09-2024,15986.06,INR,V0004,TRUE,18%,TRUE,0
NTX0002452,21-09-2024,28620.28,INR,V0010,TRUE,18%,TRUE,0
NTX0002453,22-09-2024,15211.32,INR,V0017,TRUE,18%,TRUE,0
NTX0002454,22-09-2024,5792.19,INR,V0011,TRUE,12%,TRUE,0
NTX0002455,22-09-2024,3433.78,INR,V0016,TRUE,5%,FALSE,0
NTX0002456,22-09-2024,12167.33,INR,V0004,TRUE,18%,TRUE,0
NTX0002457,22-09-2024,6298.26,INR,V0025,TRUE,12%,TRUE,0
NTX0002458,22-09-2024,22294.01,INR,V0027,TRUE,18%,TRUE,0
NTX0002459,22-09-2024,2730.04,INR,V0022,FALSE,exempt,FALSE,0
NTX0002460,22-09-2024,11383.01,INR,V0015,TRUE,18%,TRUE,0
NTX0002461,22-09-2024,6965.68,INR,V0019,TRUE,12%,TRUE,0
NTX0002462,22-09-2024,14418.96,INR,V0017,TRUE,18%,TRUE,0
NTX0002463,22-09-2024,6821.66,INR,V0029,TRUE,5%,FALSE,0
NTX0002464,22-09-2024,21763.75,INR,V0010,TRUE,18%,TRUE,0
NTX0002465,22-09-2024,27558.25,INR,V0028,TRUE,18%,TRUE,0
NTX0002466,22-09-2024,6199.28,INR,V0019,TRUE,12%,TRUE,0
NTX0002467,22-09-2024,4082.56,INR,V0029,TRUE,5%,FALSE,0
NTX0002468,22-09-2024,84358.87,INR,V0003,TRUE,18%,TRUE,0
NTX0002469,22-09-2024,6403.36,INR,V0008,TRUE,18%,TRUE,0
NTX0002470,22-09-2024,8705.82,INR,V0011,TRUE,12%,TRUE,0
NTX0002471,22-09-2024,10086.66,INR,V0008,TRUE,18%,TRUE,0
NTX0002472,22-09-2024,31374.03,INR,V0010,TRUE,18%,TRUE,0
NTX0002473,22-09-2024,34119.67,INR,V0032,TRUE,18%,TRUE,0
NTX0002474,22-09-2024,4331.34,INR,V0011,TRUE,12%,FALSE,1
NTX0002475,23-09-2024,69741.07,INR,V0031,TRUE,18%,TRUE,0
NTX0002476,23-09-2024,8502.44,INR,V0025,TRUE,12%,TRUE,0
NTX0002477,23-09-2024,5478.13,INR,V0029,TRUE,5%,FALSE,0
NTX0002478,23-09-2024,3222.2,INR,V0016,TRUE,5%,FALSE,0
NTX0002479,23-09-2024,168816.46,INR,V0031,TRUE,18%,TRUE,0
NTX0002480,23-09-2024,7402.47,INR,V0001,TRUE,18%,TRUE,0
NTX0002481,23-09-2024,6777.3,INR,V0025,TRUE,12%,TRUE,0
NTX0002482,23-09-2024,4693.43,INR,V0005,TRUE,exempt,TRUE,1
NTX0002483,23-09-2024,6727.4,INR,V0001,TRUE,18%,TRUE,0
NTX0002484,23-09-2024,24377.31,INR,V0023,TRUE,18%,unknown,0
NTX0002485,23-09-2024,5890.01,INR,V0005,TRUE,18%,TRUE,0
NTX0002486,23-09-2024,14778.36,INR,V0027,TRUE,18%,TRUE,0
NTX0002487,23-09-2024,11827.2,INR,V0015,TRUE,18%,TRUE,0
NTX0002488,23-09-2024,4455.36,INR,V0016,TRUE,5%,FALSE,0
NTX0002489,23-09-2024,7487.3,INR,V0029,TRUE,5%,FALSE,0
NTX0002490,23-09-2024,9804.73,INR,V0005,TRUE,18%,TRUE,0
NTX0002491,24-09-2024,3061.72,INR,V0009,FALSE,exempt,FALSE,0
NTX0002492,24-09-2024,293418.48,INR,V0027,TRUE,18%,TRUE,1
NTX0002493,24-09-2024,3813.38,INR,V0007,TRUE,5%,FALSE,0
NTX0002494,24-09-2024,22660.2,INR,V0023,TRUE,18%,unknown,0
NTX0002495,24-09-2024,6638.43,INR,V0011,TRUE,12%,TRUE,0
NTX0002496,24-09-2024,55112.74,INR,V0010,TRUE,18%,TRUE,0
NTX0002497,24-09-2024,5247.1,INR,V0018,TRUE,18%,TRUE,0
NTX0002498,24-09-2024,38872.57,INR,V0027,TRUE,18%,TRUE,0
NTX0002499,25-09-2024,12000.15,INR,V0004,TRUE,18%,TRUE,0
NTX0002500,25-09-2024,17339.17,INR,V0002,TRUE,18%,TRUE,0
NTX0002501,25-09-2024,9219.37,INR,V0008,TRUE,18%,TRUE,0
NTX0002502,25-09-2024,5283.55,INR,V0011,TRUE,12%,TRUE,0
NTX0002503,25-09-2024,7594.86,INR,V0018,TRUE,18%,TRUE,0
NTX0002504,25-09-2024,14572.88,INR,V0015,TRUE,18%,TRUE,0
NTX0002505,25-09-2024,73658.51,INR,V0032,TRUE,18%,TRUE,0
NTX0002506,25-09-2024,10795.19,INR,V0004,TRUE,18%,TRUE,0
NTX0002507,25-09-2024,37218.74,INR,V0028,TRUE,18%,TRUE,0
NTX0002508,25-09-2024,5291.77,INR,V0001,TRUE,18%,TRUE,0
NTX0002509,25-09-2024,58243.91,INR,V0003,TRUE,18%,TRUE,0
NTX0002510,25-09-2024,11703.76,INR,V0015,TRUE,18%,TRUE,0
NTX0002511,25-09-2024,11867.71,INR,V0002,TRUE,18%,TRUE,0
NTX0002512,26-09-2024,8775.91,INR,V0011,TRUE,12%,TRUE,0
NTX0002513,26-09-2024,3905.75,INR,V0007,TRUE,5%,FALSE,0
NTX0002514,26-09-2024,30519.73,INR,V0028,TRUE,18%,TRUE,0
NTX0002515,26-09-2024,5244.88,INR,V0018,TRUE,18%,TRUE,0
NTX0002516,26-09-2024,12107.01,INR,V0018,TRUE,18%,TRUE,0
NTX0002517,26-09-2024,4415.62,INR,V0025,TRUE,12%,TRUE,0
NTX0002518,26-09-2024,11243.16,INR,V0017,TRUE,18%,TRUE,0
NTX0002519,26-09-2024,82029.42,INR,V0013,TRUE,18%,TRUE,0
NTX0002520,26-09-2024,9631.45,INR,V0025,TRUE,12%,TRUE,0
NTX0002521,26-09-2024,37818.2,INR,V0032,TRUE,18%,TRUE,0
NTX0002522,26-09-2024,104715.33,INR,V0003,TRUE,18%,TRUE,0
NTX0002523,26-09-2024,5883.44,INR,V0020,TRUE,5%,FALSE,0
NTX0002524,26-09-2024,82475.06,INR,V0010,TRUE,18%,TRUE,0
NTX0002525,26-09-2024,4255.53,INR,V0016,TRUE,5%,FALSE,0
NTX0002526,26-09-2024,86591.22,INR,V0031,TRUE,18%,TRUE,0
NTX0002527,27-09-2024,9628.85,INR,V0004,TRUE,18%,TRUE,0
NTX0002528,27-09-2024,7344.03,INR,V0001,TRUE,18%,TRUE,0
NTX0002529,27-09-2024,11076.01,INR,V0001,TRUE,18%,TRUE,0
NTX0002530,27-09-2024,41321.78,INR,V0028,TRUE,18%,TRUE,0
NTX0002531,27-09-2024,35618.16,INR,V0027,TRUE,18%,TRUE,0
NTX0002532,27-09-2024,3523.18,INR,V0016,TRUE,5%,FALSE,0
NTX0002533,27-09-2024,67945.12,INR,V0031,TRUE,18%,TRUE,0
NTX0002534,27-09-2024,4927.98,INR,V0024,FALSE,exempt,FALSE,0
NTX0002535,27-09-2024,2465.97,INR,V0026,TRUE,5%,FALSE,0
NTX0002536,27-09-2024,5582.3,INR,V0019,TRUE,12%,TRUE,0
NTX0002537,27-09-2024,12426.02,INR,V0002,TRUE,18%,TRUE,0
NTX0002538,27-09-2024,7750.43,INR,V0001,TRUE,18%,TRUE,0
NTX0002539,27-09-2024,105051.46,INR,V0003,TRUE,18%,TRUE,0
NTX0002540,27-09-2024,293651.92,INR,V0032,TRUE,18%,TRUE,1
NTX0002541,27-09-2024,2578.26,INR,V0026,TRUE,5%,FALSE,0
NTX0002542,27-09-2024,50460.28,INR,V0028,TRUE,18%,FALSE,1
NTX0002543,28-09-2024,5033.53,INR,V0020,TRUE,5%,FALSE,0
NTX0002544,28-09-2024,341391.76,INR,V0028,TRUE,18%,TRUE,1
NTX0002545,28-09-2024,6780.18,INR,V0029,TRUE,5%,FALSE,0
NTX0002546,28-09-2024,3688.39,INR,V0021,TRUE,5%,FALSE,0
NTX0002547,28-09-2024,6724.23,INR,V0005,TRUE,18%,TRUE,0
NTX0002548,28-09-2024,6189.13,INR,V0011,TRUE,12%,TRUE,0
NTX0002549,28-09-2024,6012.33,INR,V0021,TRUE,5%,FALSE,0
NTX0002550,28-09-2024,11509.6,INR,V0002,TRUE,18%,TRUE,0
NTX0002551,28-09-2024,3234.58,INR,V0026,TRUE,5%,FALSE,0
NTX0002552,28-09-2024,65528.52,INR,V0031,TRUE,18%,TRUE,0
NTX0002553,28-09-2024,6493.51,INR,V0011,TRUE,12%,TRUE,0
NTX0002554,28-09-2024,3877.85,INR,V0011,TRUE,12%,TRUE,0
NTX0002555,28-09-2024,4496.29,INR,V0025,TRUE,12%,TRUE,0
NTX0002556,28-09-2024,44855.37,INR,V0010,TRUE,18%,TRUE,0
NTX0002557,28-09-2024,30225.08,INR,V0027,TRUE,18%,TRUE,0
NTX0002558,28-09-2024,7479.78,INR,V0004,TRUE,18%,TRUE,0
NTX0002559,28-09-2024,54177.81,INR,V0003,TRUE,18%,TRUE,0
NTX0002560,28-09-2024,2601.59,INR,V0033,TRUE,5%,FALSE,0
NTX0002561,28-09-2024,24503.28,INR,V0029,TRUE,5%,FALSE,1
NTX0002562,28-09-2024,3828.98,INR,V0011,TRUE,12%,TRUE,0
NTX0002563,28-09-2024,13152.73,INR,V0004,TRUE,18%,TRUE,0
NTX0002564,28-09-2024,2655.2,INR,V0026,TRUE,5%,FALSE,0
NTX0002565,28-09-2024,9040.25,INR,V0012,TRUE,5%,FALSE,0
NTX0002566,29-09-2024,2737.33,INR,V0021,TRUE,5%,FALSE,0
NTX0002567,29-09-2024,4158.69,INR,V0009,FALSE,exempt,FALSE,0
NTX0002568,29-09-2024,5492.71,INR,V0025,TRUE,12%,TRUE,0
NTX0002569,29-09-2024,6642.97,INR,V0029,TRUE,5%,FALSE,0
NTX0002570,29-09-2024,5511.93,INR,V0018,TRUE,18%,TRUE,0
NTX0002571,29-09-2024,216950.48,INR,V0013,TRUE,18%,TRUE,0
NTX0002572,29-09-2024,9984.01,INR,V0019,TRUE,12%,TRUE,0
NTX0002573,29-09-2024,9539.47,INR,V0015,TRUE,18%,TRUE,0
NTX0002574,29-09-2024,42878.18,INR,V0032,TRUE,18%,TRUE,0
NTX0002575,29-09-2024,6442.64,INR,V0001,TRUE,18%,TRUE,0
NTX0002576,29-09-2024,6088.93,INR,V0011,TRUE,12%,TRUE,0
NTX0002577,29-09-2024,39612.06,INR,V0027,TRUE,18%,TRUE,0
NTX0002578,29-09-2024,33415.76,INR,V0032,TRUE,18%,TRUE,0
NTX0002579,29-09-2024,2258.24,INR,V0016,TRUE,5%,FALSE,0
NTX0002580,30-09-2024,92947.63,INR,V0031,TRUE,18%,TRUE,0
NTX0002581,30-09-2024,63845.83,INR,V0003,TRUE,18%,TRUE,0
NTX0002582,30-09-2024,43474.84,INR,V0027,TRUE,18%,TRUE,0
NTX0002583,30-09-2024,14896.2,INR,V0025,TRUE,12%,TRUE,0
NTX0002584,30-09-2024,35073.53,INR,V0027,TRUE,18%,TRUE,0
NTX0002585,30-09-2024,10681.79,INR,V0018,TRUE,18%,TRUE,0
NTX0002586,30-09-2024,26832.13,INR,V0014,TRUE,18%,TRUE,0
NTX0002587,30-09-2024,52432.78,INR,V0027,TRUE,18%,TRUE,0
NTX0002588,30-09-2024,2788.85,INR,V0022,FALSE,exempt,FALSE,0
NTX0002589,30-09-2024,6589.23,INR,V0012,TRUE,5%,FALSE,0
NTX0002590,30-09-2024,3922.9,INR,V0020,TRUE,5%,FALSE,0
NTX0002591,30-09-2024,23651.33,INR,V0006,TRUE,18%,unknown,0
NTX0002592,30-09-2024,13653.32,INR,V0015,TRUE,18%,TRUE,0
NTX0002593,01-10-2024,16113.95,INR,V0015,TRUE,18%,TRUE,0
NTX0002594,01-10-2024,6812.8,INR,V0005,TRUE,18%,TRUE,0
NTX0002595,01-10-2024,38977.1,INR,V0010,TRUE,18%,TRUE,0
NTX0002596,01-10-2024,35142.03,INR,V0027,TRUE,18%,TRUE,0
NTX0002597,01-10-2024,15435.23,INR,V0023,TRUE,18%,unknown,0
NTX0002598,01-10-2024,2587.31,INR,V0026,TRUE,5%,FALSE,0
NTX0002599,01-10-2024,13202.68,INR,V0004,TRUE,18%,TRUE,0
NTX0002600,01-10-2024,69028.7,INR,V0031,TRUE,18%,TRUE,0
NTX0002601,01-10-2024,8935.21,INR,V0005,TRUE,18%,TRUE,0
NTX0002602,01-10-2024,5687.22,INR,V0017,TRUE,18%,TRUE,0
NTX0002603,01-10-2024,12178.2,INR,V0004,TRUE,18%,TRUE,0
NTX0002604,01-10-2024,60692.08,INR,V0005,TRUE,18%,TRUE,1
NTX0002605,01-10-2024,29887.65,INR,V0010,TRUE,18%,TRUE,0
NTX0002606,01-10-2024,2580.12,INR,V0007,TRUE,5%,FALSE,0
NTX0002607,01-10-2024,4841.75,INR,V0022,FALSE,exempt,FALSE,0
NTX0002608,01-10-2024,9271.77,INR,V0001,TRUE,18%,TRUE,0
NTX0002609,01-10-2024,14285.44,INR,V0017,TRUE,18%,TRUE,0
NTX0002610,01-10-2024,54140.88,INR,V0003,TRUE,18%,TRUE,0
NTX0002611,02-10-2024,5849.22,INR,V0011,TRUE,12%,TRUE,0
NTX0002612,02-10-2024,6382.32,INR,V0011,TRUE,12%,TRUE,0
NTX0002613,02-10-2024,21852.01,INR,V0028,TRUE,18%,TRUE,0
NTX0002614,02-10-2024,10785,INR,V0002,TRUE,18%,TRUE,0
NTX0002615,02-10-2024,62381.98,INR,V0031,TRUE,18%,TRUE,0
NTX0002616,02-10-2024,72683.79,INR,V0003,TRUE,18%,TRUE,0
NTX0002617,02-10-2024,3857.91,INR,V0026,TRUE,5%,FALSE,0
NTX0002618,02-10-2024,8836.18,INR,V0019,TRUE,12%,TRUE,0
NTX0002619,02-10-2024,7055.51,INR,V0011,TRUE,12%,TRUE,0
NTX0002620,02-10-2024,67446.78,INR,V0031,TRUE,18%,TRUE,0
NTX0002621,02-10-2024,13244.74,INR,V0018,TRUE,18%,TRUE,0
NTX0002622,02-10-2024,36923.5,INR,V0032,TRUE,18%,TRUE,0
NTX0002623,02-10-2024,6839.52,INR,V0001,TRUE,18%,TRUE,0
NTX0002624,03-10-2024,40503.84,INR,V0027,TRUE,18%,TRUE,0
NTX0002625,03-10-2024,32789.46,INR,V0027,TRUE,18%,TRUE,0
NTX0002626,03-10-2024,17882.77,INR,V0006,TRUE,18%,unknown,0
NTX0002627,03-10-2024,23730.83,INR,V0006,TRUE,18%,unknown,0
NTX0002628,03-10-2024,4182.94,INR,V0029,TRUE,5%,FALSE,0
NTX0002629,03-10-2024,19543.42,INR,V0004,TRUE,18%,TRUE,0
NTX0002630,04-10-2024,10076.2,INR,V0018,TRUE,18%,TRUE,0
NTX0002631,04-10-2024,5331.09,INR,V0009,FALSE,exempt,FALSE,0
NTX0002632,04-10-2024,5793.92,INR,V0021,TRUE,5%,FALSE,0
NTX0002633,04-10-2024,3672.87,INR,V0029,TRUE,5%,FALSE,0
NTX0002634,04-10-2024,8738.88,INR,V0001,TRUE,18%,TRUE,0
NTX0002635,04-10-2024,4839.04,INR,V0026,TRUE,5%,FALSE,0
NTX0002636,04-10-2024,82347.62,INR,V0028,TRUE,18%,TRUE,0
NTX0002637,04-10-2024,38752.38,INR,V0027,TRUE,18%,TRUE,0
NTX0002638,04-10-2024,6292.3,INR,V0024,FALSE,exempt,FALSE,0
NTX0002639,04-10-2024,2414.92,INR,V0033,TRUE,5%,FALSE,0
NTX0002640,04-10-2024,9581.85,INR,V0004,TRUE,18%,TRUE,0
NTX0002641,04-10-2024,39278.05,INR,V0010,TRUE,18%,TRUE,0
NTX0002642,04-10-2024,16653.96,INR,V0006,TRUE,18%,unknown,0
NTX0002643,04-10-2024,20690.92,INR,V0015,TRUE,18%,TRUE,0
NTX0002644,05-10-2024,23896.9,INR,V0010,TRUE,18%,TRUE,0
NTX0002645,05-10-2024,29389.47,INR,V0028,TRUE,18%,TRUE,0
NTX0002646,05-10-2024,17528.15,INR,V0030,TRUE,18%,unknown,0
NTX0002647,05-10-2024,3737.77,INR,V0033,TRUE,5%,FALSE,0
NTX0002648,05-10-2024,14542.58,INR,V0017,TRUE,18%,TRUE,0
NTX0002649,05-10-2024,66649.19,INR,V0014,TRUE,18%,TRUE,0
NTX0002650,05-10-2024,31280.94,INR,V0027,TRUE,18%,TRUE,0
NTX0002651,05-10-2024,5509.27,INR,V0022,FALSE,exempt,FALSE,0
NTX0002652,05-10-2024,43629.12,INR,V0019,TRUE,12%,TRUE,1
NTX0002653,05-10-2024,5682.12,INR,V0021,TRUE,5%,FALSE,0
NTX0002654,05-10-2024,123290.74,INR,V0031,TRUE,18%,TRUE,0
NTX0002655,05-10-2024,4994.59,INR,V0008,TRUE,18%,TRUE,0
NTX0002656,05-10-2024,11431.64,INR,V0017,TRUE,18%,TRUE,0
NTX0002657,05-10-2024,36483.44,INR,V0028,TRUE,18%,TRUE,0
NTX0002658,06-10-2024,14875.38,INR,V0002,TRUE,18%,TRUE,0
NTX0002659,06-10-2024,4987.72,INR,V0020,TRUE,5%,FALSE,0
NTX0002660,06-10-2024,70526.16,INR,V0013,TRUE,18%,TRUE,0
NTX0002661,06-10-2024,6862.53,INR,V0025,TRUE,12%,TRUE,0
NTX0002662,06-10-2024,47124.75,INR,V0027,TRUE,18%,TRUE,0
NTX0002663,07-10-2024,64973.94,INR,V0003,TRUE,18%,TRUE,0
NTX0002664,07-10-2024,33040.31,INR,V0027,TRUE,18%,TRUE,0
NTX0002665,07-10-2024,8309.18,INR,V0002,TRUE,18%,TRUE,0
NTX0002666,07-10-2024,8074.36,INR,V0002,TRUE,18%,TRUE,0
NTX0002667,07-10-2024,97058.14,INR,V0013,TRUE,18%,TRUE,0
NTX0002668,07-10-2024,3400.6,INR,V0020,TRUE,5%,FALSE,0
NTX0002669,07-10-2024,34988.8,INR,V0027,TRUE,18%,TRUE,0
NTX0002670,07-10-2024,83686.27,INR,V0003,TRUE,18%,TRUE,0
NTX0002671,07-10-2024,10976.31,INR,V0002,TRUE,18%,TRUE,0
NTX0002672,08-10-2024,103412.25,INR,V0003,TRUE,18%,TRUE,0
NTX0002673,08-10-2024,6732.44,INR,V0029,TRUE,5%,FALSE,0
NTX0002674,08-10-2024,100102.37,INR,V0031,TRUE,18%,TRUE,0
NTX0002675,08-10-2024,7385.01,INR,V0008,TRUE,18%,TRUE,0
NTX0002676,08-10-2024,14452.89,INR,V0005,TRUE,18%,TRUE,0
NTX0002677,08-10-2024,50653.97,INR,V0032,TRUE,18%,TRUE,0
NTX0002678,08-10-2024,62826.46,INR,V0003,TRUE,18%,TRUE,0
NTX0002679,08-10-2024,12606.04,INR,V0015,TRUE,18%,TRUE,0
NTX0002680,08-10-2024,13744.38,INR,V0023,TRUE,18%,unknown,0
NTX0002681,08-10-2024,33893.77,INR,V0027,TRUE,18%,TRUE,0
NTX0002682,08-10-2024,11000.87,INR,V0002,TRUE,18%,TRUE,0
NTX0002683,08-10-2024,101172.99,INR,V0003,TRUE,18%,TRUE,0
NTX0002684,08-10-2024,16045.9,INR,V0002,TRUE,18%,TRUE,0
NTX0002685,08-10-2024,18134.18,INR,V0006,TRUE,18%,unknown,0
NTX0002686,09-10-2024,66493.64,INR,V0031,TRUE,18%,TRUE,0
NTX0002687,09-10-2024,2546.26,INR,V0016,TRUE,5%,FALSE,0
NTX0002688,09-10-2024,5859.04,INR,V0018,TRUE,18%,TRUE,0
NTX0002689,09-10-2024,3005.18,INR,V0029,TRUE,5%,FALSE,0
NTX0002690,09-10-2024,19290.6,INR,V0002,TRUE,18%,TRUE,0
NTX0002691,09-10-2024,37799.91,INR,V0014,TRUE,18%,TRUE,0
NTX0002692,09-10-2024,5138.08,INR,V0024,FALSE,exempt,FALSE,0
NTX0002693,09-10-2024,17280.97,INR,V0030,TRUE,18%,unknown,0
NTX0002694,09-10-2024,41208.17,INR,V0028,TRUE,18%,TRUE,0
NTX0002695,09-10-2024,43383.31,INR,V0014,TRUE,18%,TRUE,0
NTX0002696,09-10-2024,55064.03,INR,V0013,TRUE,18%,TRUE,0
NTX0002697,10-10-2024,78437.41,INR,V0003,TRUE,18%,TRUE,0
NTX0002698,10-10-2024,8323.94,INR,V0001,TRUE,18%,TRUE,0
NTX0002699,10-10-2024,4812.96,INR,V0012,TRUE,5%,FALSE,0
NTX0002700,10-10-2024,9966.96,INR,V0018,TRUE,18%,TRUE,0
NTX0002701,10-10-2024,3840.1,INR,V0007,TRUE,5%,FALSE,0
NTX0002702,10-10-2024,66299.94,INR,V0032,TRUE,18%,TRUE,0
NTX0002703,10-10-2024,43145.21,INR,V0028,TRUE,18%,TRUE,0
NTX0002704,10-10-2024,110452.93,INR,V0031,TRUE,18%,TRUE,0
NTX0002705,10-10-2024,54034.79,INR,V0032,TRUE,18%,TRUE,0
NTX0002706,10-10-2024,9740.24,INR,V0005,TRUE,18%,TRUE,0
NTX0002707,10-10-2024,65520.49,INR,V0003,TRUE,18%,TRUE,0
NTX0002708,10-10-2024,6013.34,INR,V0011,TRUE,12%,TRUE,0
NTX0002709,11-10-2024,20324.66,INR,V0006,TRUE,18%,unknown,0
NTX0002710,11-10-2024,119933.98,INR,V0031,TRUE,18%,TRUE,0
NTX0002711,11-10-2024,97425.95,INR,V0013,TRUE,18%,TRUE,0
NTX0002712,11-10-2024,8695.48,INR,V0011,TRUE,12%,TRUE,1
NTX0002713,11-10-2024,10717.98,INR,V0015,TRUE,18%,TRUE,0
NTX0002714,11-10-2024,4613.45,INR,V0024,FALSE,exempt,FALSE,0
NTX0002715,11-10-2024,84961.85,INR,V0003,TRUE,18%,TRUE,0
NTX0002716,11-10-2024,9043.49,INR,V0018,TRUE,18%,TRUE,0
NTX0002717,11-10-2024,30791.69,INR,V0028,TRUE,18%,TRUE,0
NTX0002718,11-10-2024,137366.89,INR,V0013,TRUE,18%,FALSE,1
NTX0002719,12-10-2024,5589.01,INR,V0005,TRUE,18%,TRUE,0
NTX0002720,12-10-2024,4638.65,INR,V0029,TRUE,5%,FALSE,0
NTX0002721,12-10-2024,5792.75,INR,V0001,TRUE,18%,TRUE,0
NTX0002722,12-10-2024,5646.41,INR,V0001,TRUE,18%,TRUE,0
NTX0002723,12-10-2024,14168.21,INR,V0017,TRUE,18%,TRUE,0
NTX0002724,12-10-2024,92125.1,INR,V0013,TRUE,18%,TRUE,0
NTX0002725,12-10-2024,24444.43,INR,V0006,TRUE,18%,unknown,0
NTX0002726,12-10-2024,33709.07,INR,V0010,TRUE,18%,TRUE,0
NTX0002727,12-10-2024,94582.84,INR,V0013,TRUE,18%,TRUE,0
NTX0002728,12-10-2024,7657.84,INR,V0008,TRUE,18%,TRUE,0
NTX0002729,12-10-2024,2483.66,INR,V0026,TRUE,5%,FALSE,0
NTX0002730,12-10-2024,12570.02,INR,V0017,TRUE,18%,TRUE,0
NTX0002731,12-10-2024,2913.51,INR,V0033,TRUE,5%,FALSE,0
NTX0002732,12-10-2024,81785.35,INR,V0003,TRUE,18%,TRUE,0
NTX0002733,12-10-2024,6443.7,INR,V0021,TRUE,5%,FALSE,0
NTX0002734,12-10-2024,3166.43,INR,V0033,TRUE,5%,FALSE,0
NTX0002735,12-10-2024,53814.47,INR,V0032,TRUE,18%,TRUE,0
NTX0002736,12-10-2024,8343.54,INR,V0015,TRUE,18%,TRUE,0
NTX0002737,12-10-2024,33074.88,INR,V0027,TRUE,18%,TRUE,0
NTX0002738,12-10-2024,6514.52,INR,V0021,TRUE,5%,FALSE,0
NTX0002739,13-10-2024,96783,INR,V0003,TRUE,18%,TRUE,0
NTX0002740,13-10-2024,3449.39,INR,V0021,TRUE,5%,FALSE,0
NTX0002741,13-10-2024,3304.35,INR,V0024,FALSE,exempt,FALSE,0
NTX0002742,13-10-2024,33993.94,INR,V0032,TRUE,18%,TRUE,0
NTX0002743,13-10-2024,39439.52,INR,V0023,TRUE,18%,unknown,0
NTX0002744,13-10-2024,34551.9,INR,V0006,TRUE,18%,unknown,0
NTX0002745,13-10-2024,24674.79,INR,V0028,TRUE,18%,TRUE,0
NTX0002746,13-10-2024,18128.26,INR,V0017,TRUE,18%,TRUE,0
NTX0002747,13-10-2024,7213.92,INR,V0019,TRUE,12%,TRUE,0
NTX0002748,13-10-2024,7803.76,INR,V0005,TRUE,18%,TRUE,0
NTX0002749,14-10-2024,29961.83,INR,V0010,TRUE,5%,TRUE,1
NTX0002750,14-10-2024,44897.45,INR,V0027,TRUE,18%,TRUE,0
NTX0002751,14-10-2024,14057.49,INR,V0023,TRUE,18%,unknown,0
NTX0002752,14-10-2024,20013.18,INR,V0032,TRUE,18%,TRUE,0
NTX0002753,14-10-2024,84538.76,INR,V0003,TRUE,18%,TRUE,0
NTX0002754,14-10-2024,6630.87,INR,V0021,TRUE,5%,FALSE,0
NTX0002755,14-10-2024,15139.61,INR,V0023,TRUE,18%,unknown,0
NTX0002756,14-10-2024,80239.2,INR,V0004,TRUE,18%,TRUE,1
NTX0002757,14-10-2024,21323.29,INR,V0030,TRUE,18%,unknown,0
NTX0002758,14-10-2024,57582.37,INR,V0003,TRUE,18%,TRUE,0
NTX0002759,14-10-2024,84668.02,INR,V0031,TRUE,18%,TRUE,0
NTX0002760,15-10-2024,3642.83,INR,V0009,FALSE,exempt,FALSE,0
NTX0002761,15-10-2024,27580.2,INR,V0028,TRUE,18%,TRUE,0
NTX0002762,15-10-2024,65697.52,INR,V0003,TRUE,18%,TRUE,0
NTX0002763,15-10-2024,3564.25,INR,V0029,TRUE,5%,FALSE,0
NTX0002764,15-10-2024,2819.86,INR,V0024,FALSE,exempt,FALSE,0
NTX0002765,15-10-2024,112150.58,INR,V0003,TRUE,18%,TRUE,0
NTX0002766,15-10-2024,44827.71,INR,V0010,TRUE,18%,TRUE,0
NTX0002767,15-10-2024,21150.33,INR,V0030,TRUE,18%,unknown,0
NTX0002768,15-10-2024,12165.93,INR,V0006,TRUE,18%,unknown,0
NTX0002769,15-10-2024,2937.31,INR,V0024,FALSE,exempt,FALSE,0
NTX0002770,15-10-2024,2096.37,INR,V0033,TRUE,5%,FALSE,0
NTX0002771,15-10-2024,4349.11,INR,V0029,TRUE,5%,FALSE,0
NTX0002772,16-10-2024,30368.67,INR,V0027,TRUE,28%,TRUE,1
NTX0002773,16-10-2024,15008.55,INR,V0004,TRUE,18%,TRUE,0
NTX0002774,16-10-2024,21032.33,INR,V0006,TRUE,18%,unknown,0
NTX0002775,16-10-2024,2250.46,INR,V0026,TRUE,5%,FALSE,0
NTX0002776,16-10-2024,12927.29,INR,V0005,TRUE,18%,TRUE,0
NTX0002777,16-10-2024,5716.59,INR,V0019,TRUE,12%,TRUE,0
NTX0002778,16-10-2024,8714.98,INR,V0002,TRUE,18%,TRUE,0
NTX0002779,16-10-2024,117448.71,INR,V0003,TRUE,18%,TRUE,0
NTX0002780,16-10-2024,29023.68,INR,V0009,FALSE,exempt,FALSE,1
NTX0002781,16-10-2024,14504.92,INR,V0015,TRUE,18%,TRUE,0
NTX0002782,16-10-2024,5717.99,INR,V0011,TRUE,12%,TRUE,0
NTX0002783,16-10-2024,45349.37,INR,V0032,TRUE,18%,TRUE,0
NTX0002784,16-10-2024,38488.72,INR,V0014,TRUE,18%,TRUE,0
NTX0002785,16-10-2024,91857.36,INR,V0031,TRUE,18%,TRUE,0
NTX0002786,16-10-2024,8882.43,INR,V0011,TRUE,12%,TRUE,0
NTX0002787,16-10-2024,42294.59,INR,V0014,TRUE,18%,TRUE,0
NTX0002788,16-10-2024,144459.91,INR,V0013,TRUE,18%,TRUE,0
NTX0002789,17-10-2024,5849.25,INR,V0020,TRUE,5%,FALSE,0
NTX0002790,17-10-2024,20508.37,INR,V0023,TRUE,18%,unknown,0
NTX0002791,17-10-2024,10039.65,INR,V0005,TRUE,18%,TRUE,0
NTX0002792,17-10-2024,36130.47,INR,V0010,TRUE,18%,TRUE,0
NTX0002793,17-10-2024,64595.88,INR,V0032,TRUE,18%,TRUE,0
NTX0002794,17-10-2024,10999.65,INR,V0015,TRUE,18%,TRUE,0
NTX0002795,17-10-2024,41850.22,INR,V0027,TRUE,18%,TRUE,0
NTX0002796,17-10-2024,5618.93,INR,V0008,TRUE,18%,TRUE,0
NTX0002797,17-10-2024,19295.84,INR,V0030,TRUE,18%,unknown,0
NTX0002798,17-10-2024,116011.72,INR,V0031,TRUE,18%,TRUE,0
NTX0002799,17-10-2024,5009.1,INR,V0029,TRUE,5%,FALSE,0
NTX0002800,17-10-2024,41555.55,INR,V0027,TRUE,18%,TRUE,0
NTX0002801,18-10-2024,7687.51,INR,V0019,TRUE,12%,TRUE,0
NTX0002802,18-10-2024,10674.66,INR,V0019,TRUE,12%,TRUE,0
NTX0002803,18-10-2024,11588.42,INR,V0017,TRUE,18%,TRUE,0
NTX0002804,18-10-2024,13573.28,INR,V0015,TRUE,18%,TRUE,0
NTX0002805,18-10-2024,12439.64,INR,V0017,TRUE,18%,TRUE,0
NTX0002806,18-10-2024,15279.22,INR,V0017,TRUE,18%,TRUE,0
NTX0002807,18-10-2024,3672.71,INR,V0029,TRUE,5%,FALSE,0
NTX0002808,18-10-2024,5515.23,INR,V0024,FALSE,exempt,FALSE,0
NTX0002809,18-10-2024,88913.09,INR,V0031,TRUE,28%,TRUE,1
NTX0002810,18-10-2024,17097.42,INR,V0017,TRUE,18%,TRUE,0
NTX0002811,18-10-2024,5838.46,INR,V0020,TRUE,5%,FALSE,0
NTX0002812,18-10-2024,125281.39,INR,V0003,TRUE,18%,TRUE,0
NTX0002813,18-10-2024,10562.5,INR,V0017,TRUE,18%,TRUE,0
NTX0002814,18-10-2024,16337.94,INR,V0002,TRUE,18%,TRUE,0
NTX0002815,18-10-2024,34654.26,INR,V0032,TRUE,18%,TRUE,0
NTX0002816,19-10-2024,9658.95,INR,V0001,TRUE,18%,TRUE,0
NTX0002817,19-10-2024,42371.32,INR,V0028,TRUE,exempt,TRUE,1
NTX0002818,19-10-2024,11717.91,INR,V0019,TRUE,12%,TRUE,0
NTX0002819,19-10-2024,11783.58,INR,V0005,TRUE,18%,TRUE,0
NTX0002820,19-10-2024,19088.13,INR,V0032,TRUE,18%,TRUE,0
NTX0002821,19-10-2024,10867.86,INR,V0002,TRUE,18%,TRUE,0
NTX0002822,19-10-2024,2619.12,INR,V0016,TRUE,5%,FALSE,0
NTX0002823,19-10-2024,5176.27,INR,V0016,TRUE,5%,FALSE,0
NTX0002824,19-10-2024,26402.63,INR,V0023,TRUE,18%,unknown,0
NTX0002825,19-10-2024,7571.79,INR,V0021,TRUE,5%,FALSE,0
NTX0002826,19-10-2024,8552.07,INR,V0011,TRUE,12%,TRUE,0
NTX0002827,19-10-2024,44182.49,INR,V0031,TRUE,18%,TRUE,0
NTX0002828,20-10-2024,91536.35,INR,V0003,TRUE,18%,TRUE,0
NTX0002829,20-10-2024,6791.84,INR,V0025,TRUE,12%,TRUE,0
NTX0002830,20-10-2024,7992.3,INR,V0001,TRUE,18%,TRUE,0
NTX0002831,20-10-2024,34277.19,INR,V0027,TRUE,18%,TRUE,0
NTX0002832,20-10-2024,3662.17,INR,V0033,TRUE,5%,FALSE,0
NTX0002833,20-10-2024,11315.77,INR,V0017,TRUE,18%,TRUE,0
NTX0002834,20-10-2024,6257.58,INR,V0025,TRUE,12%,TRUE,0
NTX0002835,20-10-2024,12222.46,INR,V0002,TRUE,18%,TRUE,0
NTX0002836,20-10-2024,62473.36,INR,V0003,TRUE,18%,TRUE,0
NTX0002837,20-10-2024,2380.06,INR,V0026,TRUE,5%,FALSE,0
NTX0002838,20-10-2024,6522.33,INR,V0029,TRUE,5%,FALSE,0
NTX0002839,20-10-2024,53494.95,INR,V0014,TRUE,18%,TRUE,0
NTX0002840,20-10-2024,8242.01,INR,V0019,TRUE,12%,TRUE,0
NTX0002841,21-10-2024,25676.88,INR,V0014,TRUE,18%,TRUE,0
NTX0002842,21-10-2024,344533.76,INR,V0028,TRUE,18%,TRUE,1
NTX0002843,21-10-2024,84407.14,INR,V0003,TRUE,18%,TRUE,0
NTX0002844,21-10-2024,20176.88,INR,V0015,TRUE,18%,TRUE,0
NTX0002845,21-10-2024,5677.4,INR,V0029,TRUE,5%,FALSE,0
NTX0002846,21-10-2024,62721.21,INR,V0013,TRUE,18%,TRUE,0
NTX0002847,21-10-2024,9088,INR,V0002,TRUE,18%,TRUE,0
NTX0002848,21-10-2024,44564.75,INR,V0032,TRUE,18%,TRUE,0
NTX0002849,21-10-2024,14309.07,INR,V0002,TRUE,18%,TRUE,0
NTX0002850,21-10-2024,2813.42,INR,V0033,TRUE,5%,FALSE,0
NTX0002851,21-10-2024,17544.4,INR,V0015,TRUE,18%,TRUE,0
NTX0002852,21-10-2024,21625.05,INR,V0032,TRUE,18%,TRUE,0
NTX0002853,21-10-2024,3094.74,INR,V0029,TRUE,5%,FALSE,0
NTX0002854,22-10-2024,56970.96,INR,V0031,TRUE,18%,TRUE,0
NTX0002855,22-10-2024,42344.88,INR,V0014,TRUE,5%,TRUE,1
NTX0002856,22-10-2024,9772.52,INR,V0008,TRUE,18%,TRUE,0
NTX0002857,22-10-2024,102926.79,INR,V0013,TRUE,18%,TRUE,0
NTX0002858,22-10-2024,2618.36,INR,V0016,TRUE,5%,FALSE,0
NTX0002859,22-10-2024,3251.26,INR,V0026,TRUE,5%,FALSE,0
NTX0002860,22-10-2024,9097.35,INR,V0018,TRUE,18%,TRUE,0
NTX0002861,22-10-2024,3073,INR,V0016,TRUE,5%,FALSE,0
NTX0002862,22-10-2024,44140.41,INR,V0032,TRUE,18%,TRUE,0
NTX0002863,22-10-2024,2065.32,INR,V0033,TRUE,5%,FALSE,0
NTX0002864,22-10-2024,6733.55,INR,V0001,TRUE,18%,TRUE,0
NTX0002865,22-10-2024,7174.36,INR,V0012,TRUE,5%,FALSE,0
NTX0002866,22-10-2024,41525.79,INR,V0032,TRUE,18%,TRUE,0
NTX0002867,23-10-2024,206059.28,INR,V0028,TRUE,18%,TRUE,1
NTX0002868,23-10-2024,50219.81,INR,V0003,TRUE,18%,TRUE,0
NTX0002869,23-10-2024,28481.17,INR,V0027,TRUE,18%,TRUE,0
NTX0002870,23-10-2024,38460.92,INR,V0010,TRUE,18%,TRUE,0
NTX0002871,23-10-2024,117616.8,INR,V0003,TRUE,18%,TRUE,0
NTX0002872,23-10-2024,11553.17,INR,V0015,TRUE,18%,TRUE,0
NTX0002873,23-10-2024,9168.52,INR,V0011,TRUE,28%,TRUE,1
NTX0002874,23-10-2024,9273.77,INR,V0008,TRUE,18%,TRUE,0
NTX0002875,23-10-2024,11818.86,INR,V0018,TRUE,18%,TRUE,0
NTX0002876,23-10-2024,4811.73,INR,V0011,TRUE,12%,TRUE,0
NTX0002877,23-10-2024,6140.08,INR,V0005,TRUE,18%,TRUE,0
NTX0002878,23-10-2024,2952.77,INR,V0033,TRUE,5%,FALSE,0
NTX0002879,23-10-2024,9994.42,INR,V0002,TRUE,18%,TRUE,0
NTX0002880,23-10-2024,40267.05,INR,V0028,TRUE,18%,TRUE,0
NTX0002881,23-10-2024,28732.07,INR,V0032,TRUE,18%,TRUE,0
NTX0002882,23-10-2024,15506.54,INR,V0017,TRUE,18%,TRUE,0
NTX0002883,24-10-2024,4150.19,INR,V0011,TRUE,12%,TRUE,0
NTX0002884,24-10-2024,52653.07,INR,V0003,TRUE,18%,TRUE,0
NTX0002885,24-10-2024,3561.67,INR,V0020,TRUE,5%,FALSE,0
NTX0002886,24-10-2024,6241.56,INR,V0004,TRUE,18%,TRUE,0
NTX0002887,24-10-2024,8054.73,INR,V0018,TRUE,18%,TRUE,0
NTX0002888,24-10-2024,9820.04,INR,V0008,TRUE,18%,TRUE,0
NTX0002889,24-10-2024,58153.7,INR,V0003,TRUE,18%,TRUE,0
NTX0002890,24-10-2024,12434.38,INR,V0004,TRUE,18%,TRUE,0
NTX0002891,24-10-2024,90505.37,INR,V0031,TRUE,18%,TRUE,0
NTX0002892,24-10-2024,26404.59,INR,V0014,TRUE,18%,TRUE,0
NTX0002893,24-10-2024,3233.82,INR,V0026,TRUE,5%,FALSE,0
NTX0002894,24-10-2024,14268.99,INR,V0015,TRUE,18%,TRUE,0
NTX0002895,24-10-2024,61000.79,INR,V0003,TRUE,18%,TRUE,0
NTX0002896,24-10-2024,15326.44,INR,V0030,TRUE,18%,unknown,0
NTX0002897,25-10-2024,39237.17,INR,V0027,TRUE,18%,TRUE,0
NTX0002898,25-10-2024,7720.38,INR,V0011,TRUE,12%,TRUE,0
NTX0002899,25-10-2024,60413.92,INR,V0012,TRUE,5%,FALSE,1
NTX0002900,25-10-2024,32630.89,INR,V0010,TRUE,18%,TRUE,0
NTX0002901,25-10-2024,6061.13,INR,V0011,TRUE,12%,TRUE,0
NTX0002902,25-10-2024,89988.28,INR,V0031,TRUE,18%,TRUE,0
NTX0002903,25-10-2024,14678.96,INR,V0030,TRUE,18%,unknown,0
NTX0002904,25-10-2024,103059.82,INR,V0003,TRUE,18%,TRUE,0
NTX0002905,25-10-2024,90265.99,INR,V0003,TRUE,18%,TRUE,0
NTX0002906,25-10-2024,24744.24,INR,V0023,TRUE,18%,unknown,0
NTX0002907,25-10-2024,16029.95,INR,V0030,TRUE,18%,unknown,0
NTX0002908,25-10-2024,3242.27,INR,V0026,TRUE,5%,FALSE,0
NTX0002909,25-10-2024,54957.44,INR,V0010,TRUE,18%,TRUE,0
NTX0002910,25-10-2024,26747.6,INR,V0027,TRUE,18%,TRUE,0
NTX0002911,26-10-2024,1695.11,INR,V0016,TRUE,5%,FALSE,0
NTX0002912,26-10-2024,16592.13,INR,V0015,TRUE,18%,TRUE,0
NTX0002913,26-10-2024,5903.02,INR,V0021,TRUE,5%,FALSE,0
NTX0002914,26-10-2024,22656.18,INR,V0010,TRUE,18%,TRUE,0
NTX0002915,26-10-2024,10278.35,INR,V0001,TRUE,18%,TRUE,0
NTX0002916,26-10-2024,9228.91,INR,V0017,TRUE,18%,TRUE,0
NTX0002917,26-10-2024,9916.62,INR,V0017,TRUE,18%,TRUE,0
NTX0002918,26-10-2024,9532.59,INR,V0017,TRUE,18%,TRUE,0
NTX0002919,26-10-2024,8388.47,INR,V0002,TRUE,18%,TRUE,0
NTX0002920,26-10-2024,4766.47,INR,V0019,TRUE,12%,TRUE,0
NTX0002921,26-10-2024,15058.93,INR,V0008,TRUE,18%,TRUE,0
NTX0002922,26-10-2024,9665.02,INR,V0017,TRUE,18%,TRUE,0
NTX0002923,26-10-2024,34434.79,INR,V0014,TRUE,18%,TRUE,0
NTX0002924,27-10-2024,6588.33,INR,V0005,TRUE,12%,TRUE,1
NTX0002925,27-10-2024,13009.63,INR,V0004,TRUE,18%,TRUE,0
NTX0002926,27-10-2024,9303.94,INR,V0018,TRUE,18%,TRUE,0
NTX0002927,27-10-2024,24953.89,INR,V0027,TRUE,18%,TRUE,0
NTX0002928,27-10-2024,4612.18,INR,V0012,TRUE,5%,FALSE,0
NTX0002929,27-10-2024,18908.41,INR,V0006,TRUE,18%,unknown,0
NTX0002930,27-10-2024,3184.7,INR,V0026,TRUE,5%,FALSE,0
NTX0002931,27-10-2024,48962.14,INR,V0014,TRUE,18%,TRUE,0
NTX0002932,27-10-2024,8324.36,INR,V0018,TRUE,18%,TRUE,0
NTX0002933,27-10-2024,26344.86,INR,V0032,TRUE,18%,TRUE,0
NTX0002934,27-10-2024,26575.69,INR,V0027,TRUE,18%,TRUE,0
NTX0002935,27-10-2024,17377.02,INR,V0002,TRUE,18%,TRUE,0
NTX0002936,27-10-2024,3658.13,INR,V0025,TRUE,12%,TRUE,0
NTX0002937,27-10-2024,4685.49,INR,V0021,TRUE,5%,FALSE,0
NTX0002938,28-10-2024,11550.12,INR,V0017,TRUE,18%,TRUE,0
NTX0002939,28-10-2024,7782.11,INR,V0001,TRUE,18%,TRUE,0
NTX0002940,28-10-2024,26477.91,INR,V0027,TRUE,18%,TRUE,0
NTX0002941,28-10-2024,36826.84,INR,V0010,TRUE,18%,TRUE,0
NTX0002942,28-10-2024,5469.29,INR,V0025,TRUE,12%,TRUE,0
NTX0002943,28-10-2024,3527.77,INR,V0029,TRUE,5%,FALSE,0
NTX0002944,28-10-2024,19706.27,INR,V0004,TRUE,18%,TRUE,0
NTX0002945,28-10-2024,15644.72,INR,V0004,TRUE,18%,TRUE,0
NTX0002946,28-10-2024,4655.3,INR,V0007,TRUE,5%,FALSE,0
NTX0002947,28-10-2024,124961.05,INR,V0013,TRUE,18%,TRUE,0
NTX0002948,28-10-2024,44037,INR,V0028,TRUE,18%,TRUE,0
NTX0002949,28-10-2024,38541.66,INR,V0032,TRUE,18%,TRUE,0
NTX0002950,28-10-2024,11148.62,INR,V0008,TRUE,18%,TRUE,0
NTX0002951,28-10-2024,13498.51,INR,V0002,TRUE,18%,TRUE,0
NTX0002952,29-10-2024,15868.24,INR,V0002,TRUE,18%,TRUE,0
NTX0002953,29-10-2024,42819.51,INR,V0010,TRUE,18%,TRUE,0
NTX0002954,29-10-2024,56766.48,INR,V0013,TRUE,18%,TRUE,0
NTX0002955,29-10-2024,19730.24,INR,V0014,TRUE,18%,TRUE,0
NTX0002956,29-10-2024,5148.86,INR,V0011,TRUE,12%,TRUE,0
NTX0002957,29-10-2024,7735.61,INR,V0025,TRUE,12%,TRUE,0
NTX0002958,29-10-2024,26133.92,INR,V0014,TRUE,18%,TRUE,0
NTX0002959,29-10-2024,5478.62,INR,V0019,TRUE,12%,TRUE,0
NTX0002960,29-10-2024,4863.53,INR,V0005,TRUE,18%,TRUE,0
NTX0002961,29-10-2024,2341.15,INR,V0033,TRUE,5%,FALSE,0
NTX0002962,29-10-2024,7739.32,INR,V0001,TRUE,18%,TRUE,0
NTX0002963,29-10-2024,3592.59,INR,V0026,TRUE,5%,FALSE,0
NTX0002964,29-10-2024,26412.16,INR,V0032,TRUE,18%,TRUE,0
NTX0002965,29-10-2024,40878.64,INR,V0014,TRUE,exempt,TRUE,1
NTX0002966,29-10-2024,108982.36,INR,V0003,TRUE,18%,TRUE,0
NTX0002967,29-10-2024,77403.42,INR,V0031,TRUE,18%,TRUE,0
NTX0002968,29-10-2024,53443.53,INR,V0028,TRUE,18%,TRUE,0
NTX0002969,29-10-2024,6412.34,INR,V0019,TRUE,12%,TRUE,0
NTX0002970,29-10-2024,30896.77,INR,V0010,TRUE,18%,TRUE,0
NTX0002971,29-10-2024,11502.13,INR,V0018,TRUE,18%,TRUE,0
NTX0002972,30-10-2024,5060.52,INR,V0011,TRUE,12%,TRUE,0
NTX0002973,30-10-2024,97472.69,INR,V0003,TRUE,18%,TRUE,0
NTX0002974,30-10-2024,16170.16,INR,V0004,TRUE,18%,TRUE,0
NTX0002975,30-10-2024,5036.68,INR,V0025,TRUE,12%,TRUE,0
NTX0002976,30-10-2024,45842.78,INR,V0032,TRUE,18%,TRUE,0
NTX0002977,30-10-2024,6273.5,INR,V0018,TRUE,18%,TRUE,0
NTX0002978,30-10-2024,3451.96,INR,V0009,FALSE,exempt,FALSE,0
NTX0002979,30-10-2024,48156.62,INR,V0014,TRUE,18%,TRUE,0
NTX0002980,30-10-2024,6728.19,INR,V0012,TRUE,5%,FALSE,0
NTX0002981,30-10-2024,16760.43,INR,V0030,TRUE,18%,unknown,0
NTX0002982,30-10-2024,28535.64,INR,V0030,TRUE,18%,unknown,0
NTX0002983,30-10-2024,5307.25,INR,V0019,TRUE,12%,TRUE,0
NTX0002984,31-10-2024,9089.04,INR,V0019,TRUE,12%,TRUE,0
NTX0002985,31-10-2024,8886.12,INR,V0001,TRUE,18%,TRUE,0
NTX0002986,31-10-2024,8941.33,INR,V0012,TRUE,5%,FALSE,0
NTX0002987,31-10-2024,5135.76,INR,V0011,TRUE,12%,TRUE,0
NTX0002988,31-10-2024,11328.56,INR,V0001,TRUE,18%,TRUE,0
NTX0002989,31-10-2024,66534.61,INR,V0010,TRUE,18%,TRUE,0
NTX0002990,31-10-2024,122547.26,INR,V0031,TRUE,18%,TRUE,0
NTX0002991,31-10-2024,13266.81,INR,V0023,TRUE,18%,unknown,0
NTX0002992,31-10-2024,12870.96,INR,V0015,TRUE,18%,TRUE,0
NTX0002993,31-10-2024,14440.41,INR,V0004,TRUE,18%,TRUE,0
NTX0002994,31-10-2024,125001.84,INR,V0004,TRUE,18%,TRUE,1
NTX0002995,31-10-2024,125758.4,INR,V0032,TRUE,18%,TRUE,1
NTX0002996,31-10-2024,39036.53,INR,V0010,TRUE,18%,TRUE,0
NTX0002997,01-11-2024,91428.29,INR,V0003,TRUE,18%,TRUE,0
NTX0002998,01-11-2024,18624.03,INR,V0005,TRUE,18%,TRUE,0
NTX0002999,01-11-2024,4453.71,INR,V0025,TRUE,12%,TRUE,0
NTX0003000,01-11-2024,53964.74,INR,V0027,TRUE,18%,TRUE,0
NTX0003001,01-11-2024,5446.08,INR,V0007,TRUE,5%,FALSE,0
NTX0003002,01-11-2024,28462.52,INR,V0010,TRUE,18%,TRUE,0
NTX0003003,01-11-2024,10897.37,INR,V0001,TRUE,18%,TRUE,0
NTX0003004,01-11-2024,4837.64,INR,V0005,TRUE,18%,TRUE,0
NTX0003005,01-11-2024,21631.65,INR,V0010,TRUE,18%,TRUE,0
NTX0003006,01-11-2024,6984.34,INR,V0008,TRUE,18%,TRUE,0
NTX0003007,01-11-2024,36656.57,INR,V0027,TRUE,18%,TRUE,0
NTX0003008,01-11-2024,7447.1,INR,V0015,TRUE,18%,TRUE,0
NTX0003009,01-11-2024,14130.56,INR,V0002,TRUE,18%,TRUE,0
NTX0003010,01-11-2024,10043.03,INR,V0002,TRUE,18%,TRUE,0
NTX0003011,02-11-2024,25306.4,INR,V0028,TRUE,18%,TRUE,0
NTX0003012,02-11-2024,33540.14,INR,V0006,TRUE,18%,unknown,0
NTX0003013,02-11-2024,5048.7,INR,V0020,TRUE,5%,FALSE,0
NTX0003014,02-11-2024,45199.65,INR,V0027,TRUE,18%,TRUE,0
NTX0003015,02-11-2024,5213.73,INR,V0025,TRUE,12%,TRUE,0
NTX0003016,02-11-2024,4291.42,INR,V0024,FALSE,exempt,FALSE,0
NTX0003017,02-11-2024,16637.23,INR,V0004,TRUE,18%,TRUE,0
NTX0003018,02-11-2024,45973.65,INR,V0028,TRUE,18%,TRUE,0
NTX0003019,02-11-2024,21301.05,INR,V0014,TRUE,18%,TRUE,0
NTX0003020,02-11-2024,2766.71,INR,V0033,TRUE,5%,FALSE,0
NTX0003021,02-11-2024,9969.24,INR,V0015,TRUE,18%,TRUE,0
NTX0003022,02-11-2024,4567.53,INR,V0012,TRUE,28%,FALSE,1
NTX0003023,02-11-2024,6393.77,INR,V0008,TRUE,18%,TRUE,0
NTX0003024,02-11-2024,5129.59,INR,V0025,TRUE,12%,TRUE,0
NTX0003025,02-11-2024,6760.74,INR,V0020,TRUE,5%,FALSE,0
NTX0003026,02-11-2024,84546.54,INR,V0031,TRUE,18%,TRUE,0
NTX0003027,03-11-2024,22676.96,INR,V0027,TRUE,18%,TRUE,0
NTX0003028,03-11-2024,4766.19,INR,V0025,TRUE,12%,TRUE,0
NTX0003029,03-11-2024,3919.78,INR,V0012,TRUE,5%,FALSE,0
NTX0003030,03-11-2024,46135.4,INR,V0010,TRUE,18%,TRUE,0
NTX0003031,03-11-2024,2590.99,INR,V0007,TRUE,5%,FALSE,0
NTX0003032,03-11-2024,4868.1,INR,V0026,TRUE,5%,FALSE,0
NTX0003033,03-11-2024,28971.63,INR,V0028,TRUE,18%,TRUE,0
NTX0003034,03-11-2024,6737.85,INR,V0021,TRUE,5%,FALSE,1
NTX0003035,03-11-2024,15201.06,INR,V0030,TRUE,18%,unknown,0
NTX0003036,03-11-2024,37241.44,INR,V0032,TRUE,18%,TRUE,0
NTX0003037,03-11-2024,78787.8,INR,V0013,TRUE,18%,TRUE,0
NTX0003038,03-11-2024,5314.22,INR,V0020,TRUE,5%,FALSE,0
NTX0003039,03-11-2024,3934.63,INR,V0025,TRUE,12%,TRUE,0
NTX0003040,03-11-2024,5913.26,INR,V0025,TRUE,12%,TRUE,0
NTX0003041,03-11-2024,58928.88,INR,V0003,TRUE,18%,TRUE,0
NTX0003042,03-11-2024,14708.64,INR,V0006,TRUE,18%,unknown,0
NTX0003043,04-11-2024,9650.04,INR,V0025,TRUE,28%,TRUE,1
NTX0003044,04-11-2024,4807.67,INR,V0011,TRUE,12%,TRUE,0
NTX0003045,04-11-2024,19484.23,INR,V0017,TRUE,18%,TRUE,0
NTX0003046,04-11-2024,3779.36,INR,V0033,TRUE,5%,FALSE,0
NTX0003047,04-11-2024,112866.83,INR,V0003,TRUE,18%,TRUE,0
NTX0003048,04-11-2024,32534.66,INR,V0014,TRUE,18%,TRUE,0
NTX0003049,04-11-2024,7290.04,INR,V0012,TRUE,exempt,FALSE,1
NTX0003050,04-11-2024,6549.85,INR,V0019,TRUE,12%,TRUE,0
NTX0003051,04-11-2024,2977.23,INR,V0016,TRUE,5%,FALSE,0
NTX0003052,04-11-2024,17392.04,INR,V0010,TRUE,18%,TRUE,0
NTX0003053,04-11-2024,5961.48,INR,V0002,TRUE,18%,TRUE,0
NTX0003054,04-11-2024,7395.32,INR,V0019,TRUE,12%,TRUE,0
NTX0003055,04-11-2024,13120.04,INR,V0002,TRUE,18%,TRUE,0
NTX0003056,05-11-2024,68231.52,INR,V0003,TRUE,18%,TRUE,0
NTX0003057,05-11-2024,32969.54,INR,V0027,TRUE,18%,TRUE,0
NTX0003058,05-11-2024,12664.61,INR,V0006,TRUE,18%,unknown,0
NTX0003059,05-11-2024,48146.31,INR,V0010,TRUE,18%,TRUE,0
NTX0003060,05-11-2024,77098.7,INR,V0013,TRUE,18%,TRUE,0
NTX0003061,05-11-2024,24650.84,INR,V0015,TRUE,18%,TRUE,0
NTX0003062,05-11-2024,27633.82,INR,V0010,TRUE,18%,TRUE,0
NTX0003063,05-11-2024,6422.75,INR,V0019,TRUE,12%,TRUE,0
NTX0003064,05-11-2024,4674.98,INR,V0011,TRUE,12%,TRUE,0
NTX0003065,05-11-2024,45450.88,INR,V0029,TRUE,5%,FALSE,1
NTX0003066,05-11-2024,5278.79,INR,V0019,TRUE,12%,TRUE,0
NTX0003067,06-11-2024,69370.55,INR,V0013,TRUE,18%,TRUE,0
NTX0003068,06-11-2024,21639.93,INR,V0014,TRUE,18%,TRUE,0
NTX0003069,06-11-2024,2251.09,INR,V0033,TRUE,5%,FALSE,0
NTX0003070,06-11-2024,77290.82,INR,V0013,TRUE,18%,TRUE,0
NTX0003071,06-11-2024,13022.65,INR,V0015,TRUE,18%,TRUE,0
NTX0003072,06-11-2024,6636.87,INR,V0021,TRUE,5%,FALSE,0
NTX0003073,06-11-2024,2441.53,INR,V0033,TRUE,5%,FALSE,0
NTX0003074,06-11-2024,33823.91,INR,V0014,TRUE,18%,TRUE,0
NTX0003075,06-11-2024,7523.72,INR,V0002,TRUE,18%,TRUE,0
NTX0003076,06-11-2024,26342.9,INR,V0027,TRUE,18%,TRUE,0
NTX0003077,07-11-2024,19066.62,INR,V0028,TRUE,18%,TRUE,0
NTX0003078,07-11-2024,8867.09,INR,V0015,TRUE,18%,TRUE,0
NTX0003079,07-11-2024,4325.35,INR,V0016,TRUE,5%,FALSE,0
NTX0003080,07-11-2024,9175.72,INR,V0005,TRUE,18%,TRUE,0
NTX0003081,07-11-2024,5524.23,INR,V0011,TRUE,12%,TRUE,0
NTX0003082,07-11-2024,107788.95,INR,V0013,TRUE,18%,TRUE,0
NTX0003083,07-11-2024,33656.71,INR,V0032,TRUE,18%,TRUE,0
NTX0003084,07-11-2024,6949.11,INR,V0019,TRUE,12%,TRUE,0
NTX0003085,07-11-2024,4111.44,INR,V0021,TRUE,5%,FALSE,0
NTX0003086,07-11-2024,3352.06,INR,V0033,TRUE,5%,FALSE,0
NTX0003087,07-11-2024,96821.53,INR,V0031,TRUE,18%,TRUE,0
NTX0003088,07-11-2024,17943.25,INR,V0030,TRUE,18%,unknown,0
NTX0003089,07-11-2024,50958.64,INR,V0010,TRUE,18%,TRUE,0
NTX0003090,07-11-2024,73029.36,INR,V0003,TRUE,18%,TRUE,0
NTX0003091,07-11-2024,5123.01,INR,V0008,TRUE,18%,TRUE,0
NTX0003092,08-11-2024,43683.64,INR,V0028,TRUE,18%,TRUE,0
NTX0003093,08-11-2024,6014.76,INR,V0008,TRUE,18%,TRUE,0
NTX0003094,08-11-2024,36112.48,INR,V0027,TRUE,18%,TRUE,0
NTX0003095,08-11-2024,23793.64,INR,V0032,TRUE,18%,TRUE,0
NTX0003096,08-11-2024,27939.71,INR,V0023,TRUE,18%,unknown,0
NTX0003097,08-11-2024,39602.71,INR,V0032,TRUE,18%,TRUE,0
NTX0003098,08-11-2024,15554,INR,V0017,TRUE,18%,TRUE,0
NTX0003099,08-11-2024,6826.38,INR,V0025,TRUE,12%,TRUE,0
NTX0003100,08-11-2024,25358.7,INR,V0010,TRUE,18%,TRUE,0
NTX0003101,08-11-2024,9373.89,INR,V0008,TRUE,12%,TRUE,1
NTX0003102,08-11-2024,12416.19,INR,V0015,TRUE,18%,TRUE,0
NTX0003103,08-11-2024,15954.13,INR,V0002,TRUE,18%,TRUE,0
NTX0003104,08-11-2024,80772.15,INR,V0003,TRUE,18%,TRUE,0
NTX0003105,08-11-2024,113075.36,INR,V0013,TRUE,18%,TRUE,0
NTX0003106,08-11-2024,13670.83,INR,V0002,TRUE,18%,TRUE,0
NTX0003107,09-11-2024,99965.14,INR,V0003,TRUE,18%,TRUE,0
NTX0003108,09-11-2024,10180.62,INR,V0004,TRUE,18%,TRUE,0
NTX0003109,09-11-2024,99697.15,INR,V0003,TRUE,18%,TRUE,0
NTX0003110,09-11-2024,19488.6,INR,V0006,TRUE,18%,unknown,0
NTX0003111,09-11-2024,3739.28,INR,V0020,TRUE,5%,FALSE,0
NTX0003112,09-11-2024,4069.28,INR,V0026,TRUE,5%,FALSE,0
NTX0003113,09-11-2024,30738.25,INR,V0014,TRUE,18%,TRUE,0
NTX0003114,09-11-2024,10304.97,INR,V0005,TRUE,18%,TRUE,0
NTX0003115,09-11-2024,3378.66,INR,V0009,FALSE,exempt,FALSE,0
NTX0003116,09-11-2024,16956.37,INR,V0023,TRUE,18%,unknown,0
NTX0003117,09-11-2024,39662.46,INR,V0032,TRUE,18%,TRUE,0
NTX0003118,09-11-2024,3407.57,INR,V0016,TRUE,5%,FALSE,0
NTX0003119,09-11-2024,27517.54,INR,V0028,TRUE,18%,TRUE,0
NTX0003120,09-11-2024,9865.15,INR,V0002,TRUE,18%,TRUE,0
NTX0003121,10-11-2024,2932.97,INR,V0033,TRUE,5%,FALSE,0
NTX0003122,10-11-2024,10050.85,INR,V0004,TRUE,18%,TRUE,0
NTX0003123,10-11-2024,33959.79,INR,V0014,TRUE,18%,TRUE,0
NTX0003124,10-11-2024,2710.84,INR,V0020,TRUE,5%,FALSE,0
NTX0003125,10-11-2024,3681.28,INR,V0029,TRUE,5%,FALSE,1
NTX0003126,10-11-2024,16455.71,INR,V0002,TRUE,18%,TRUE,0
NTX0003127,10-11-2024,2680.76,INR,V0033,TRUE,5%,FALSE,0
NTX0003128,10-11-2024,11794.84,INR,V0017,TRUE,18%,TRUE,0
NTX0003129,10-11-2024,11304.3,INR,V0004,TRUE,18%,TRUE,0
NTX0003130,10-11-2024,7573.58,INR,V0015,TRUE,18%,TRUE,0
NTX0003131,10-11-2024,64041.95,INR,V0031,TRUE,18%,TRUE,0
NTX0003132,10-11-2024,2982.9,INR,V0033,TRUE,5%,TRUE,1
NTX0003133,10-11-2024,23311.15,INR,V0027,TRUE,18%,TRUE,0
NTX0003134,10-11-2024,107222.94,INR,V0031,TRUE,18%,TRUE,0
NTX0003135,10-11-2024,8084.72,INR,V0011,TRUE,12%,TRUE,0
NTX0003136,10-11-2024,46036.42,INR,V0027,TRUE,18%,TRUE,0
NTX0003137,10-11-2024,157871.6,INR,V0003,TRUE,18%,TRUE,0
NTX0003138,10-11-2024,8911.03,INR,V0015,TRUE,18%,TRUE,0
NTX0003139,10-11-2024,2877.33,INR,V0033,TRUE,5%,FALSE,0
NTX0003140,10-11-2024,15350.6,INR,V0017,TRUE,18%,TRUE,0
NTX0003141,10-11-2024,107654.07,INR,V0003,TRUE,18%,TRUE,0
NTX0003142,10-11-2024,11519.27,INR,V0015,TRUE,18%,TRUE,0
NTX0003143,10-11-2024,29291.44,INR,V0027,TRUE,18%,TRUE,0
NTX0003144,10-11-2024,54719.87,INR,V0032,TRUE,18%,TRUE,0
NTX0003145,10-11-2024,24310.45,INR,V0006,TRUE,18%,unknown,0
NTX0003146,11-11-2024,36108.08,INR,V0021,TRUE,5%,FALSE,1
NTX0003147,11-11-2024,4192.47,INR,V0009,FALSE,exempt,FALSE,0
NTX0003148,11-11-2024,20665.71,INR,V0010,TRUE,18%,TRUE,0
NTX0003149,11-11-2024,65798.84,INR,V0013,TRUE,18%,TRUE,0
NTX0003150,11-11-2024,5888.96,INR,V0021,TRUE,5%,FALSE,0
NTX0003151,11-11-2024,16426.98,INR,V0006,TRUE,18%,unknown,0
NTX0003152,11-11-2024,3888.43,INR,V0029,TRUE,5%,FALSE,0
NTX0003153,11-11-2024,117535.23,INR,V0031,TRUE,18%,TRUE,0
NTX0003154,11-11-2024,12081.28,INR,V0001,TRUE,18%,TRUE,0
NTX0003155,11-11-2024,5362.27,INR,V0025,TRUE,12%,TRUE,0
NTX0003156,11-11-2024,5062.15,INR,V0001,TRUE,18%,TRUE,0
NTX0003157,11-11-2024,52740.24,INR,V0008,TRUE,18%,TRUE,1
NTX0003158,11-11-2024,10496.92,INR,V0008,TRUE,18%,TRUE,0
NTX0003159,11-11-2024,7395.47,INR,V0026,TRUE,5%,FALSE,0
NTX0003160,12-11-2024,24722.22,INR,V0008,TRUE,18%,TRUE,0
NTX0003161,12-11-2024,30838.18,INR,V0006,TRUE,18%,unknown,0
NTX0003162,12-11-2024,28249.26,INR,V0014,TRUE,18%,TRUE,0
NTX0003163,12-11-2024,12163.39,INR,V0001,TRUE,18%,TRUE,0
NTX0003164,12-11-2024,4643.11,INR,V0029,TRUE,5%,FALSE,0
NTX0003165,12-11-2024,35842.58,INR,V0010,TRUE,18%,TRUE,0
NTX0003166,12-11-2024,13223.45,INR,V0017,TRUE,18%,TRUE,0
NTX0003167,12-11-2024,3139.33,INR,V0016,TRUE,5%,FALSE,0
NTX0003168,12-11-2024,2488.85,INR,V0016,TRUE,5%,FALSE,0
NTX0003169,12-11-2024,10415.22,INR,V0018,TRUE,18%,TRUE,0
NTX0003170,13-11-2024,33474.19,INR,V0028,TRUE,18%,unknown,1
NTX0003171,13-11-2024,21124.23,INR,V0014,TRUE,18%,TRUE,0
NTX0003172,13-11-2024,6650.67,INR,V0018,TRUE,18%,TRUE,0
NTX0003173,13-11-2024,2996.79,INR,V0022,FALSE,exempt,FALSE,0
NTX0003174,13-11-2024,55861.89,INR,V0031,TRUE,18%,TRUE,0
NTX0003175,13-11-2024,7961.34,INR,V0002,TRUE,18%,TRUE,0
NTX0003176,13-11-2024,28572.6,INR,V0014,TRUE,12%,TRUE,1
NTX0003177,13-11-2024,89555.33,INR,V0031,TRUE,18%,TRUE,0
NTX0003178,13-11-2024,94948.36,INR,V0013,TRUE,18%,TRUE,0
NTX0003179,14-11-2024,4393.37,INR,V0016,TRUE,5%,FALSE,0
NTX0003180,14-11-2024,5403.98,INR,V0009,FALSE,exempt,FALSE,0
NTX0003181,14-11-2024,13124.41,INR,V0002,TRUE,18%,TRUE,0
NTX0003182,14-11-2024,6925.48,INR,V0011,TRUE,12%,TRUE,0
NTX0003183,14-11-2024,3664.02,INR,V0009,FALSE,exempt,FALSE,0
NTX0003184,14-11-2024,1986.91,INR,V0033,TRUE,5%,FALSE,0
NTX0003185,14-11-2024,114433.91,INR,V0013,TRUE,18%,TRUE,0
NTX0003186,14-11-2024,37266,INR,V0014,TRUE,18%,TRUE,0
NTX0003187,14-11-2024,27227.81,INR,V0014,TRUE,18%,TRUE,0
NTX0003188,14-11-2024,11227.19,INR,V0017,TRUE,18%,TRUE,0
NTX0003189,14-11-2024,8394.07,INR,V0002,TRUE,18%,TRUE,0
NTX0003190,14-11-2024,119083.61,INR,V0003,TRUE,18%,TRUE,0
NTX0003191,14-11-2024,6403.82,INR,V0011,TRUE,12%,TRUE,0
NTX0003192,14-11-2024,14722.86,INR,V0030,TRUE,18%,unknown,0
NTX0003193,14-11-2024,7927.93,INR,V0019,TRUE,12%,TRUE,0
NTX0003194,15-11-2024,39760.71,INR,V0010,TRUE,18%,TRUE,0
NTX0003195,15-11-2024,55404.34,INR,V0014,TRUE,18%,TRUE,0
NTX0003196,15-11-2024,3315.63,INR,V0019,TRUE,12%,TRUE,0
NTX0003197,15-11-2024,35867.01,INR,V0010,TRUE,18%,TRUE,0
NTX0003198,15-11-2024,6125.76,INR,V0019,TRUE,12%,TRUE,0
NTX0003199,15-11-2024,27127.54,INR,V0015,TRUE,18%,TRUE,0
NTX0003200,15-11-2024,2663.42,INR,V0029,TRUE,5%,FALSE,0
NTX0003201,15-11-2024,26254.85,INR,V0010,TRUE,18%,TRUE,0
NTX0003202,15-11-2024,5204.05,INR,V0001,TRUE,18%,TRUE,0
NTX0003203,15-11-2024,50251.79,INR,V0027,TRUE,18%,TRUE,0
NTX0003204,15-11-2024,14261.34,INR,V0002,TRUE,18%,TRUE,0
NTX0003205,15-11-2024,5662.11,INR,V0015,TRUE,18%,TRUE,0
NTX0003206,15-11-2024,59494.28,INR,V0003,TRUE,18%,TRUE,0
NTX0003207,16-11-2024,5807.47,INR,V0022,FALSE,exempt,FALSE,0
NTX0003208,16-11-2024,7087.16,INR,V0019,TRUE,12%,TRUE,0
NTX0003209,16-11-2024,8336.05,INR,V0011,TRUE,12%,TRUE,0
NTX0003210,16-11-2024,71216.88,INR,V0003,TRUE,18%,TRUE,0
NTX0003211,16-11-2024,9294.8,INR,V0004,TRUE,18%,TRUE,0
NTX0003212,16-11-2024,2934.56,INR,V0007,TRUE,5%,FALSE,0
NTX0003213,16-11-2024,11990.94,INR,V0011,TRUE,12%,TRUE,0
NTX0003214,16-11-2024,41020.43,INR,V0028,TRUE,18%,TRUE,0
NTX0003215,16-11-2024,5881.89,INR,V0019,TRUE,12%,TRUE,0
NTX0003216,16-11-2024,7378.47,INR,V0001,TRUE,18%,TRUE,0
NTX0003217,16-11-2024,1815.93,INR,V0033,TRUE,5%,FALSE,0
NTX0003218,16-11-2024,5517.31,INR,V0019,TRUE,12%,TRUE,0
NTX0003219,16-11-2024,7616.96,INR,V0019,TRUE,12%,TRUE,0
NTX0003220,16-11-2024,6303.66,INR,V0008,TRUE,18%,TRUE,0
NTX0003221,16-11-2024,20682.82,INR,V0023,TRUE,18%,unknown,0
NTX0003222,16-11-2024,8881.99,INR,V0015,TRUE,18%,TRUE,0
NTX0003223,16-11-2024,5501.94,INR,V0025,TRUE,12%,TRUE,0
NTX0003224,16-11-2024,3143.77,INR,V0026,TRUE,5%,FALSE,0
NTX0003225,17-11-2024,40370.19,INR,V0010,TRUE,18%,TRUE,0
NTX0003226,17-11-2024,33642.78,INR,V0027,TRUE,18%,TRUE,0
NTX0003227,17-11-2024,82411.34,INR,V0031,TRUE,18%,TRUE,0
NTX0003228,17-11-2024,88662.73,INR,V0013,TRUE,18%,TRUE,0
NTX0003229,17-11-2024,163047.86,INR,V0003,TRUE,18%,TRUE,0
NTX0003230,17-11-2024,14219.92,INR,V0004,TRUE,18%,TRUE,0
NTX0003231,17-11-2024,14971.13,INR,V0030,TRUE,18%,unknown,0
NTX0003232,17-11-2024,50711.05,INR,V0032,TRUE,18%,TRUE,0
NTX0003233,17-11-2024,2917.97,INR,V0026,TRUE,5%,FALSE,0
NTX0003234,17-11-2024,10942.22,INR,V0002,TRUE,18%,TRUE,0
NTX0003235,17-11-2024,9503.11,INR,V0001,TRUE,18%,TRUE,0
NTX0003236,17-11-2024,19673.06,INR,V0017,TRUE,18%,TRUE,0
NTX0003237,17-11-2024,7704.96,INR,V0008,TRUE,18%,TRUE,0
NTX0003238,17-11-2024,103273.73,INR,V0013,TRUE,18%,TRUE,0
NTX0003239,17-11-2024,40733.59,INR,V0027,TRUE,18%,TRUE,0
NTX0003240,18-11-2024,12138.96,INR,V0012,TRUE,5%,FALSE,0
NTX0003241,18-11-2024,44692.53,INR,V0014,TRUE,18%,TRUE,0
NTX0003242,18-11-2024,32157.45,INR,V0028,TRUE,18%,TRUE,0
NTX0003243,18-11-2024,3306.69,INR,V0016,TRUE,5%,FALSE,0
NTX0003244,18-11-2024,62943.61,INR,V0027,TRUE,18%,TRUE,0
NTX0003245,18-11-2024,4266.87,INR,V0022,FALSE,exempt,FALSE,0
NTX0003246,18-11-2024,6841.13,INR,V0018,TRUE,18%,TRUE,0
NTX0003247,18-11-2024,9454.5,INR,V0001,TRUE,18%,TRUE,0
NTX0003248,18-11-2024,18144.39,INR,V0002,TRUE,18%,TRUE,0
NTX0003249,19-11-2024,2349.95,INR,V0007,TRUE,5%,FALSE,0
NTX0003250,19-11-2024,13911.21,INR,V0017,TRUE,18%,TRUE,0
NTX0003251,19-11-2024,25220.9,INR,V0014,TRUE,18%,TRUE,0
NTX0003252,19-11-2024,3447.25,INR,V0024,FALSE,exempt,FALSE,0
NTX0003253,19-11-2024,4250.26,INR,V0026,TRUE,5%,FALSE,0
NTX0003254,19-11-2024,10656.87,INR,V0002,TRUE,18%,TRUE,0
NTX0003255,19-11-2024,127062.48,INR,V0031,TRUE,18%,TRUE,0
NTX0003256,19-11-2024,7166.25,INR,V0008,TRUE,18%,TRUE,0
NTX0003257,19-11-2024,24546.88,INR,V0017,TRUE,18%,TRUE,0
NTX0003258,19-11-2024,4474.34,INR,V0021,TRUE,5%,FALSE,0
NTX0003259,19-11-2024,8210.76,INR,V0008,TRUE,18%,TRUE,0
NTX0003260,19-11-2024,20277.72,INR,V0010,TRUE,18%,TRUE,0
NTX0003261,19-11-2024,26255.8,INR,V0028,TRUE,18%,TRUE,0
NTX0003262,19-11-2024,13218.32,INR,V0015,TRUE,18%,TRUE,0
NTX0003263,19-11-2024,96842,INR,V0017,TRUE,18%,TRUE,1
NTX0003264,19-11-2024,21844.6,INR,V0023,TRUE,18%,unknown,0
NTX0003265,20-11-2024,69457.99,INR,V0031,TRUE,18%,TRUE,0
NTX0003266,20-11-2024,34012.63,INR,V0014,TRUE,18%,TRUE,0
NTX0003267,20-11-2024,7029.53,INR,V0011,TRUE,12%,TRUE,0
NTX0003268,20-11-2024,96513.93,INR,V0013,TRUE,18%,TRUE,0
NTX0003269,20-11-2024,122207.48,INR,V0013,TRUE,18%,TRUE,0
NTX0003270,20-11-2024,13232.13,INR,V0015,TRUE,18%,TRUE,0
NTX0003271,20-11-2024,4798.47,INR,V0005,TRUE,18%,TRUE,0
NTX0003272,20-11-2024,11199.1,INR,V0017,TRUE,18%,TRUE,0
NTX0003273,20-11-2024,11082.72,INR,V0018,TRUE,18%,TRUE,0
NTX0003274,20-11-2024,5079.92,INR,V0011,TRUE,12%,TRUE,0
NTX0003275,21-11-2024,3425.48,INR,V0007,TRUE,5%,FALSE,0
NTX0003276,21-11-2024,23782.83,INR,V0028,TRUE,18%,TRUE,0
NTX0003277,21-11-2024,49134.58,INR,V0003,TRUE,5%,TRUE,1
NTX0003278,21-11-2024,2101.78,INR,V0026,TRUE,5%,FALSE,0
NTX0003279,21-11-2024,2851.38,INR,V0033,TRUE,5%,FALSE,0
NTX0003280,21-11-2024,4861.72,INR,V0012,TRUE,5%,FALSE,0
NTX0003281,21-11-2024,28055.3,INR,V0032,TRUE,18%,TRUE,0
NTX0003282,21-11-2024,23614.24,INR,V0010,TRUE,18%,TRUE,0
NTX0003283,21-11-2024,2067.05,INR,V0033,TRUE,5%,FALSE,0
NTX0003284,21-11-2024,56750.83,INR,V0003,TRUE,18%,TRUE,0
NTX0003285,21-11-2024,32126.77,INR,V0014,TRUE,18%,TRUE,0
NTX0003286,21-11-2024,197575.24,INR,V0013,TRUE,18%,TRUE,0
NTX0003287,21-11-2024,8712.07,INR,V0005,TRUE,18%,TRUE,0
NTX0003288,21-11-2024,5042.29,INR,V0021,TRUE,5%,FALSE,0
NTX0003289,21-11-2024,3907.59,INR,V0012,TRUE,5%,FALSE,0
NTX0003290,21-11-2024,10676.14,INR,V0018,TRUE,18%,TRUE,0
NTX0003291,21-11-2024,5262.29,INR,V0011,TRUE,12%,TRUE,0
NTX0003292,21-11-2024,64410.33,INR,V0013,TRUE,18%,TRUE,0
NTX0003293,21-11-2024,37168.6,INR,V0014,TRUE,12%,TRUE,1
NTX0003294,22-11-2024,68856.53,INR,V0003,TRUE,18%,TRUE,0
NTX0003295,22-11-2024,122288.41,INR,V0031,TRUE,18%,TRUE,0
NTX0003296,22-11-2024,79708.49,INR,V0013,TRUE,18%,TRUE,0
NTX0003297,22-11-2024,17506.66,INR,V0017,TRUE,18%,TRUE,0
NTX0003298,22-11-2024,29135.02,INR,V0028,TRUE,18%,TRUE,0
NTX0003299,22-11-2024,71675.24,INR,V0031,TRUE,18%,TRUE,0
NTX0003300,22-11-2024,5274.2,INR,V0029,TRUE,5%,FALSE,0
NTX0003301,22-11-2024,42946.79,INR,V0010,TRUE,18%,TRUE,0
NTX0003302,22-11-2024,81825.88,INR,V0003,TRUE,18%,TRUE,0
NTX0003303,22-11-2024,4537.85,INR,V0007,TRUE,5%,FALSE,0
NTX0003304,22-11-2024,7104.46,INR,V0018,TRUE,18%,TRUE,0
NTX0003305,22-11-2024,11031.6,INR,V0015,TRUE,18%,TRUE,0
NTX0003306,22-11-2024,8655.27,INR,V0001,TRUE,18%,TRUE,0
NTX0003307,22-11-2024,4504.02,INR,V0019,TRUE,12%,TRUE,0
NTX0003308,22-11-2024,75927.9,INR,V0013,TRUE,18%,TRUE,0
NTX0003309,22-11-2024,2615.79,INR,V0033,TRUE,5%,FALSE,0
NTX0003310,22-11-2024,26125.55,INR,V0027,TRUE,18%,TRUE,0
NTX0003311,23-11-2024,3098.59,INR,V0026,TRUE,5%,FALSE,0
NTX0003312,23-11-2024,35666.3,INR,V0010,TRUE,18%,TRUE,0
NTX0003313,23-11-2024,10326.8,INR,V0002,TRUE,18%,TRUE,0
NTX0003314,23-11-2024,4753.92,INR,V0011,TRUE,12%,TRUE,0
NTX0003315,23-11-2024,5466.83,INR,V0005,TRUE,18%,TRUE,0
NTX0003316,23-11-2024,8422.45,INR,V0011,TRUE,12%,TRUE,0
NTX0003317,23-11-2024,10153.08,INR,V0004,TRUE,18%,TRUE,0
NTX0003318,23-11-2024,55378.67,INR,V0028,TRUE,18%,TRUE,0
NTX0003319,23-11-2024,5344.76,INR,V0018,TRUE,18%,TRUE,0
NTX0003320,23-11-2024,47159.39,INR,V0028,TRUE,18%,TRUE,0
NTX0003321,23-11-2024,84150.61,INR,V0013,TRUE,18%,TRUE,0
NTX0003322,23-11-2024,11560.12,INR,V0001,TRUE,18%,TRUE,0
NTX0003323,24-11-2024,9353.09,INR,V0015,TRUE,18%,TRUE,0
NTX0003324,24-11-2024,6497.07,INR,V0008,TRUE,18%,TRUE,0
NTX0003325,24-11-2024,96514.23,INR,V0003,TRUE,18%,TRUE,0
NTX0003326,24-11-2024,10108.95,INR,V0008,TRUE,18%,TRUE,0
NTX0003327,24-11-2024,71815.51,INR,V0003,TRUE,18%,TRUE,0
NTX0003328,24-11-2024,9501.97,INR,V0002,TRUE,18%,TRUE,0
NTX0003329,24-11-2024,7495.14,INR,V0008,TRUE,18%,TRUE,0
NTX0003330,24-11-2024,851914.96,INR,V0003,TRUE,18%,TRUE,1
NTX0003331,24-11-2024,11778.21,INR,V0004,TRUE,18%,TRUE,0
NTX0003332,24-11-2024,6660.3,INR,V0018,TRUE,18%,TRUE,0
NTX0003333,24-11-2024,55746.84,INR,V0013,TRUE,18%,TRUE,0
NTX0003334,24-11-2024,4281.57,INR,V0022,FALSE,exempt,FALSE,0
NTX0003335,24-11-2024,27832.05,INR,V0027,TRUE,18%,TRUE,0
NTX0003336,24-11-2024,48597.62,INR,V0028,TRUE,18%,TRUE,0
NTX0003337,24-11-2024,17022.89,INR,V0030,TRUE,18%,unknown,0
NTX0003338,24-11-2024,6448.89,INR,V0011,TRUE,12%,TRUE,0
NTX0003339,24-11-2024,32203.24,INR,V0028,TRUE,18%,TRUE,0
NTX0003340,25-11-2024,32032.74,INR,V0014,TRUE,18%,TRUE,0
NTX0003341,25-11-2024,4100.22,INR,V0007,TRUE,5%,FALSE,0
NTX0003342,25-11-2024,12619.79,INR,V0023,TRUE,18%,TRUE,1
NTX0003343,25-11-2024,6085.07,INR,V0029,TRUE,5%,FALSE,0
NTX0003344,25-11-2024,9734.28,INR,V0005,TRUE,18%,TRUE,0
NTX0003345,25-11-2024,33179.67,INR,V0028,TRUE,18%,TRUE,0
NTX0003346,25-11-2024,7515.23,INR,V0005,TRUE,18%,TRUE,0
NTX0003347,25-11-2024,86456.01,INR,V0003,TRUE,18%,TRUE,0
NTX0003348,25-11-2024,3352.9,INR,V0009,FALSE,exempt,FALSE,0
NTX0003349,25-11-2024,4114.64,INR,V0020,TRUE,5%,FALSE,0
NTX0003350,25-11-2024,5325.9,INR,V0033,TRUE,5%,FALSE,0
NTX0003351,25-11-2024,16986.63,INR,V0004,TRUE,18%,TRUE,0
NTX0003352,25-11-2024,5571.04,INR,V0029,TRUE,5%,FALSE,0
NTX0003353,25-11-2024,7640.39,INR,V0018,TRUE,18%,TRUE,0
NTX0003354,25-11-2024,13369.04,INR,V0017,TRUE,18%,TRUE,0
NTX0003355,25-11-2024,4405.4,INR,V0018,TRUE,18%,TRUE,0
NTX0003356,25-11-2024,3956.52,INR,V0033,TRUE,5%,FALSE,0
NTX0003357,25-11-2024,2144.15,INR,V0016,TRUE,5%,FALSE,0
NTX0003358,26-11-2024,32445.15,INR,V0027,TRUE,18%,TRUE,0
NTX0003359,26-11-2024,18114.86,INR,V0002,TRUE,18%,TRUE,0
NTX0003360,26-11-2024,6172.19,INR,V0008,TRUE,18%,TRUE,0
NTX0003361,26-11-2024,25707.1,INR,V0032,TRUE,18%,TRUE,0
NTX0003362,26-11-2024,7650.15,INR,V0001,TRUE,18%,TRUE,0
NTX0003363,26-11-2024,104404.96,INR,V0031,TRUE,18%,TRUE,0
NTX0003364,26-11-2024,33635.04,INR,V0032,TRUE,18%,TRUE,0
NTX0003365,26-11-2024,86267.8,INR,V0031,TRUE,18%,TRUE,0
NTX0003366,26-11-2024,16625.68,INR,V0004,TRUE,18%,TRUE,0
NTX0003367,26-11-2024,5345.47,INR,V0026,TRUE,5%,FALSE,0
NTX0003368,26-11-2024,8492.57,INR,V0025,TRUE,12%,TRUE,0
NTX0003369,26-11-2024,13381.63,INR,V0004,TRUE,18%,TRUE,0
NTX0003370,26-11-2024,95546.85,INR,V0013,TRUE,18%,TRUE,0
NTX0003371,26-11-2024,9868.62,INR,V0004,TRUE,18%,TRUE,0
NTX0003372,26-11-2024,14394.39,INR,V0002,TRUE,18%,TRUE,0
NTX0003373,26-11-2024,22870.14,INR,V0023,TRUE,18%,unknown,0
NTX0003374,26-11-2024,8982.87,INR,V0004,TRUE,18%,TRUE,0
NTX0003375,26-11-2024,10445.29,INR,V0015,TRUE,18%,TRUE,0
NTX0003376,26-11-2024,7279.39,INR,V0018,TRUE,18%,TRUE,0
NTX0003377,27-11-2024,8330.53,INR,V0018,TRUE,18%,TRUE,0
NTX0003378,27-11-2024,2255.57,INR,V0026,TRUE,12%,FALSE,1
NTX0003379,27-11-2024,11887.32,INR,V0025,TRUE,12%,TRUE,0
NTX0003380,27-11-2024,78538.68,INR,V0031,TRUE,18%,TRUE,0
NTX0003381,27-11-2024,3340.41,INR,V0011,TRUE,12%,unknown,1
NTX0003382,27-11-2024,21189.91,INR,V0014,TRUE,18%,TRUE,0
NTX0003383,27-11-2024,2357.67,INR,V0007,TRUE,5%,FALSE,0
NTX0003384,27-11-2024,25418.76,INR,V0010,TRUE,18%,TRUE,0
NTX0003385,27-11-2024,27430.54,INR,V0027,TRUE,18%,TRUE,0
NTX0003386,28-11-2024,34934.3,INR,V0010,TRUE,18%,TRUE,0
NTX0003387,28-11-2024,42210.8,INR,V0027,TRUE,18%,TRUE,0
NTX0003388,28-11-2024,13513.12,INR,V0017,TRUE,18%,TRUE,0
NTX0003389,28-11-2024,73769.84,INR,V0003,TRUE,18%,TRUE,0
NTX0003390,28-11-2024,8964.73,INR,V0018,TRUE,18%,TRUE,0
NTX0003391,28-11-2024,29837.68,INR,V0010,TRUE,18%,TRUE,0
NTX0003392,28-11-2024,5192.07,INR,V0012,TRUE,5%,FALSE,0
NTX0003393,28-11-2024,92113.32,INR,V0003,TRUE,18%,TRUE,0
NTX0003394,29-11-2024,30315.66,INR,V0028,TRUE,18%,TRUE,0
NTX0003395,29-11-2024,7734.5,INR,V0005,TRUE,18%,TRUE,0
NTX0003396,29-11-2024,20644.17,INR,V0002,TRUE,18%,TRUE,0
NTX0003397,29-11-2024,11960.44,INR,V0017,TRUE,18%,TRUE,0
NTX0003398,29-11-2024,7310.47,INR,V0001,TRUE,18%,TRUE,0
NTX0003399,29-11-2024,7077.3,INR,V0011,TRUE,12%,TRUE,0
NTX0003400,29-11-2024,13060.8,INR,V0002,TRUE,18%,TRUE,0
NTX0003401,29-11-2024,8737.04,INR,V0017,TRUE,18%,TRUE,0
NTX0003402,29-11-2024,3117.15,INR,V0009,FALSE,exempt,FALSE,0
NTX0003403,29-11-2024,18005.71,INR,V0004,TRUE,18%,TRUE,0
NTX0003404,29-11-2024,16766.89,INR,V0014,TRUE,18%,TRUE,0
NTX0003405,29-11-2024,7601.89,INR,V0005,TRUE,18%,TRUE,0
NTX0003406,29-11-2024,5943.53,INR,V0012,TRUE,5%,FALSE,0
NTX0003407,29-11-2024,37713.9,INR,V0027,TRUE,18%,TRUE,0
NTX0003408,29-11-2024,35076.48,INR,V0014,TRUE,18%,TRUE,0
NTX0003409,29-11-2024,47097.03,INR,V0003,TRUE,18%,TRUE,0
NTX0003410,29-11-2024,5108.35,INR,V0029,TRUE,5%,FALSE,0
NTX0003411,29-11-2024,20962.34,INR,V0006,TRUE,18%,unknown,0
NTX0003412,29-11-2024,53717.42,INR,V0014,TRUE,18%,TRUE,0
NTX0003413,29-11-2024,5506.1,INR,V0024,FALSE,exempt,FALSE,0
NTX0003414,30-11-2024,28661.88,INR,V0027,TRUE,18%,TRUE,0
NTX0003415,30-11-2024,25322.43,INR,V0028,TRUE,18%,TRUE,0
NTX0003416,30-11-2024,41786.91,INR,V0028,TRUE,18%,TRUE,0
NTX0003417,30-11-2024,31308.48,INR,V0027,TRUE,18%,TRUE,0
NTX0003418,30-11-2024,7828.81,INR,V0008,TRUE,18%,TRUE,0
NTX0003419,30-11-2024,8111.42,INR,V0018,TRUE,18%,TRUE,0
NTX0003420,30-11-2024,90039.83,INR,V0003,TRUE,18%,TRUE,0
NTX0003421,30-11-2024,26697.93,INR,V0002,TRUE,18%,TRUE,0
NTX0003422,30-11-2024,11392.36,INR,V0018,TRUE,18%,TRUE,0
NTX0003423,30-11-2024,48479.67,INR,V0027,TRUE,exempt,TRUE,1
NTX0003424,30-11-2024,9031.49,INR,V0011,TRUE,12%,TRUE,0
NTX0003425,01-12-2024,133862.63,INR,V0003,TRUE,18%,TRUE,0
NTX0003426,01-12-2024,133775.4,INR,V0031,TRUE,18%,TRUE,0
NTX0003427,01-12-2024,7769.3,INR,V0004,TRUE,18%,TRUE,0
NTX0003428,01-12-2024,2246.26,INR,V0007,TRUE,5%,FALSE,0
NTX0003429,01-12-2024,12205.59,INR,V0004,TRUE,18%,TRUE,0
NTX0003430,01-12-2024,7341.91,INR,V0005,TRUE,18%,TRUE,0
NTX0003431,01-12-2024,28104.6,INR,V0027,TRUE,18%,TRUE,0
NTX0003432,01-12-2024,7485.28,INR,V0001,TRUE,18%,TRUE,0
NTX0003433,01-12-2024,39948.93,INR,V0010,TRUE,18%,TRUE,0
NTX0003434,01-12-2024,5407.9,INR,V0020,TRUE,5%,TRUE,1
NTX0003435,01-12-2024,74119.32,INR,V0003,TRUE,18%,TRUE,0
NTX0003436,01-12-2024,152203.18,INR,V0031,TRUE,18%,TRUE,0
NTX0003437,01-12-2024,5551.55,INR,V0011,TRUE,12%,TRUE,0
NTX0003438,02-12-2024,10159.76,INR,V0017,TRUE,18%,TRUE,0
NTX0003439,02-12-2024,106194.23,INR,V0003,TRUE,18%,TRUE,0
NTX0003440,02-12-2024,2755.08,INR,V0033,TRUE,5%,FALSE,0
NTX0003441,02-12-2024,4348.71,INR,V0025,TRUE,12%,TRUE,0
NTX0003442,02-12-2024,53176.85,INR,V0028,TRUE,18%,TRUE,0
NTX0003443,02-12-2024,6197.31,INR,V0020,TRUE,5%,FALSE,0
NTX0003444,02-12-2024,6718.6,INR,V0025,TRUE,12%,TRUE,0
NTX0003445,02-12-2024,47939.2,INR,V0014,TRUE,18%,TRUE,0
NTX0003446,02-12-2024,5483.32,INR,V0005,TRUE,18%,TRUE,0
NTX0003447,03-12-2024,3414.52,INR,V0016,TRUE,5%,FALSE,0
NTX0003448,03-12-2024,2691.77,INR,V0024,FALSE,exempt,FALSE,0
NTX0003449,03-12-2024,56678.01,INR,V0014,TRUE,18%,TRUE,0
NTX0003450,03-12-2024,4508.68,INR,V0024,FALSE,exempt,FALSE,0
NTX0003451,03-12-2024,4102.12,INR,V0007,TRUE,5%,FALSE,0
NTX0003452,03-12-2024,82546.96,INR,V0013,TRUE,18%,TRUE,0
NTX0003453,03-12-2024,11601.28,INR,V0015,TRUE,18%,TRUE,0
NTX0003454,03-12-2024,12369.24,INR,V0017,TRUE,18%,TRUE,0
NTX0003455,03-12-2024,2741.5,INR,V0016,TRUE,5%,FALSE,0
NTX0003456,03-12-2024,7707.22,INR,V0018,TRUE,18%,TRUE,0
NTX0003457,03-12-2024,3417.32,INR,V0033,TRUE,5%,FALSE,0
NTX0003458,03-12-2024,10278.21,INR,V0005,TRUE,18%,TRUE,0
NTX0003459,03-12-2024,7298.14,INR,V0008,TRUE,18%,TRUE,0
NTX0003460,03-12-2024,4874.34,INR,V0020,TRUE,5%,FALSE,0
NTX0003461,03-12-2024,74424.59,INR,V0031,TRUE,18%,TRUE,0
NTX0003462,03-12-2024,7266.96,INR,V0012,TRUE,5%,FALSE,0
NTX0003463,03-12-2024,48465.43,INR,V0028,TRUE,18%,TRUE,0
NTX0003464,04-12-2024,2282.33,INR,V0033,TRUE,5%,FALSE,0
NTX0003465,04-12-2024,115560.33,INR,V0003,TRUE,18%,TRUE,0
NTX0003466,04-12-2024,7506.9,INR,V0018,TRUE,18%,TRUE,0
NTX0003467,04-12-2024,77833.99,INR,V0031,TRUE,18%,TRUE,0
NTX0003468,04-12-2024,3417.94,INR,V0025,TRUE,12%,TRUE,0
NTX0003469,04-12-2024,4919.72,INR,V0026,TRUE,5%,FALSE,0
NTX0003470,04-12-2024,4850.07,INR,V0025,TRUE,12%,TRUE,0
NTX0003471,04-12-2024,11945.3,INR,V0004,TRUE,18%,TRUE,0
NTX0003472,04-12-2024,35199.98,INR,V0028,TRUE,18%,TRUE,0
NTX0003473,04-12-2024,56302.58,INR,V0014,TRUE,18%,TRUE,0
NTX0003474,04-12-2024,40436.75,INR,V0014,TRUE,18%,TRUE,0
NTX0003475,04-12-2024,26296.39,INR,V0010,TRUE,18%,TRUE,0
NTX0003476,04-12-2024,4613.78,INR,V0019,TRUE,12%,TRUE,0
NTX0003477,04-12-2024,18266.27,INR,V0006,TRUE,18%,unknown,0
NTX0003478,04-12-2024,11856.82,INR,V0025,TRUE,12%,TRUE,0
NTX0003479,04-12-2024,7533.67,INR,V0029,TRUE,5%,FALSE,0
NTX0003480,04-12-2024,13418.29,INR,V0002,TRUE,18%,TRUE,0
NTX0003481,04-12-2024,5986.48,INR,V0011,TRUE,12%,TRUE,0
NTX0003482,04-12-2024,14654.66,INR,V0015,TRUE,18%,TRUE,0
NTX0003483,04-12-2024,71789.23,INR,V0027,TRUE,18%,TRUE,0
NTX0003484,04-12-2024,4651.5,INR,V0029,TRUE,5%,FALSE,0
NTX0003485,04-12-2024,2324.77,INR,V0026,TRUE,5%,FALSE,0
NTX0003486,05-12-2024,4775.66,INR,V0019,TRUE,12%,TRUE,0
NTX0003487,05-12-2024,40766.38,INR,V0003,TRUE,18%,TRUE,0
NTX0003488,05-12-2024,4704.62,INR,V0019,TRUE,12%,TRUE,0
NTX0003489,05-12-2024,44016.79,INR,V0032,TRUE,18%,TRUE,0
NTX0003490,05-12-2024,7930.35,INR,V0001,TRUE,18%,TRUE,0
NTX0003491,05-12-2024,21948.76,INR,V0010,TRUE,18%,TRUE,0
NTX0003492,05-12-2024,7599.64,INR,V0025,TRUE,12%,TRUE,0
NTX0003493,05-12-2024,11536.75,INR,V0002,TRUE,18%,TRUE,0
NTX0003494,05-12-2024,5786.05,INR,V0025,TRUE,12%,TRUE,0
NTX0003495,05-12-2024,8629.6,INR,V0017,TRUE,18%,TRUE,0
NTX0003496,05-12-2024,7016.83,INR,V0011,TRUE,12%,TRUE,0
NTX0003497,06-12-2024,5648.5,INR,V0008,TRUE,18%,TRUE,0
NTX0003498,06-12-2024,42646.66,INR,V0014,TRUE,18%,TRUE,0
NTX0003499,06-12-2024,7674.99,INR,V0005,TRUE,18%,TRUE,0
NTX0003500,06-12-2024,9864.12,INR,V0015,TRUE,18%,TRUE,0
NTX0003501,06-12-2024,16553.46,INR,V0015,TRUE,18%,TRUE,0
NTX0003502,06-12-2024,26037.39,INR,V0028,TRUE,18%,TRUE,0
NTX0003503,06-12-2024,27569.02,INR,V0032,TRUE,18%,TRUE,0
NTX0003504,06-12-2024,14743.5,INR,V0015,TRUE,18%,TRUE,0
NTX0003505,06-12-2024,12903.7,INR,V0008,TRUE,18%,TRUE,0
NTX0003506,07-12-2024,12542.53,INR,V0015,TRUE,18%,TRUE,0
NTX0003507,07-12-2024,6262.92,INR,V0001,TRUE,18%,TRUE,0
NTX0003508,07-12-2024,8710.02,INR,V0015,TRUE,18%,TRUE,0
NTX0003509,07-12-2024,12115.19,INR,V0004,TRUE,18%,TRUE,0
NTX0003510,07-12-2024,2482.74,INR,V0007,TRUE,5%,FALSE,0
NTX0003511,07-12-2024,25540.91,INR,V0028,TRUE,18%,TRUE,0
NTX0003512,07-12-2024,79302.37,INR,V0031,TRUE,18%,TRUE,0
NTX0003513,07-12-2024,20114.6,INR,V0006,TRUE,18%,unknown,0
NTX0003514,07-12-2024,13372.32,INR,V0004,TRUE,18%,TRUE,0
NTX0003515,07-12-2024,111194,INR,V0013,TRUE,18%,TRUE,0
NTX0003516,07-12-2024,18856.69,INR,V0032,TRUE,18%,TRUE,0
NTX0003517,07-12-2024,6844.59,INR,V0019,TRUE,12%,TRUE,0
NTX0003518,08-12-2024,1657.32,INR,V0026,TRUE,5%,FALSE,0
NTX0003519,08-12-2024,40706.52,INR,V0027,TRUE,18%,TRUE,0
NTX0003520,08-12-2024,11824.24,INR,V0002,TRUE,18%,TRUE,0
NTX0003521,08-12-2024,5994.32,INR,V0011,TRUE,12%,TRUE,0
NTX0003522,08-12-2024,130986.26,INR,V0031,TRUE,18%,TRUE,0
NTX0003523,08-12-2024,27189.83,INR,V0014,TRUE,18%,TRUE,0
NTX0003524,08-12-2024,11355.5,INR,V0018,TRUE,18%,TRUE,0
NTX0003525,08-12-2024,9397.41,INR,V0008,TRUE,18%,TRUE,0
NTX0003526,08-12-2024,3976.23,INR,V0009,FALSE,exempt,FALSE,0
NTX0003527,08-12-2024,5103.17,INR,V0011,TRUE,12%,TRUE,0
NTX0003528,08-12-2024,6816.67,INR,V0002,TRUE,18%,TRUE,0
NTX0003529,08-12-2024,101365.1,INR,V0003,TRUE,18%,TRUE,0
NTX0003530,08-12-2024,139188.14,INR,V0031,TRUE,18%,TRUE,0
NTX0003531,08-12-2024,3326.96,INR,V0025,TRUE,12%,TRUE,0
NTX0003532,08-12-2024,8083.12,INR,V0011,TRUE,12%,TRUE,0
NTX0003533,08-12-2024,48503.84,INR,V0013,TRUE,18%,TRUE,0
NTX0003534,08-12-2024,7696.4,INR,V0008,TRUE,18%,TRUE,0
NTX0003535,08-12-2024,38168.69,INR,V0027,TRUE,18%,TRUE,0
NTX0003536,08-12-2024,23801.99,INR,V0030,TRUE,18%,unknown,0
NTX0003537,09-12-2024,7088.6,INR,V0012,TRUE,5%,FALSE,0
NTX0003538,09-12-2024,8778.41,INR,V0004,TRUE,18%,TRUE,0
NTX0003539,09-12-2024,7327.72,INR,V0005,TRUE,18%,TRUE,0
NTX0003540,09-12-2024,8937.22,INR,V0025,TRUE,12%,TRUE,0
NTX0003541,09-12-2024,3898.42,INR,V0020,TRUE,5%,FALSE,0
NTX0003542,09-12-2024,75666.24,INR,V0013,TRUE,18%,TRUE,0
NTX0003543,09-12-2024,8435.27,INR,V0025,TRUE,12%,TRUE,0
NTX0003544,09-12-2024,5295,INR,V0011,TRUE,12%,TRUE,0
NTX0003545,09-12-2024,14451.3,INR,V0015,TRUE,18%,TRUE,0
NTX0003546,09-12-2024,40489.66,INR,V0010,TRUE,18%,TRUE,0
NTX0003547,09-12-2024,5940.03,INR,V0001,TRUE,18%,TRUE,0
NTX0003548,09-12-2024,4976.31,INR,V0029,TRUE,5%,FALSE,0
NTX0003549,09-12-2024,8883.54,INR,V0015,TRUE,18%,TRUE,0
NTX0003550,09-12-2024,17729.26,INR,V0002,TRUE,18%,TRUE,0
NTX0003551,10-12-2024,7360.79,INR,V0019,TRUE,12%,TRUE,0
NTX0003552,10-12-2024,82743.15,INR,V0031,TRUE,18%,TRUE,0
NTX0003553,10-12-2024,6882.65,INR,V0008,TRUE,18%,TRUE,0
NTX0003554,10-12-2024,18696.16,INR,V0015,TRUE,18%,TRUE,0
NTX0003555,10-12-2024,9981.71,INR,V0002,TRUE,18%,TRUE,0
NTX0003556,10-12-2024,2876.34,INR,V0009,FALSE,exempt,FALSE,0
NTX0003557,10-12-2024,7549.79,INR,V0008,TRUE,18%,TRUE,0
NTX0003558,10-12-2024,2331.57,INR,V0026,TRUE,5%,FALSE,0
NTX0003559,10-12-2024,7306.72,INR,V0005,TRUE,18%,TRUE,0
NTX0003560,10-12-2024,6319.49,INR,V0025,TRUE,12%,TRUE,0
NTX0003561,10-12-2024,21682.44,INR,V0023,TRUE,18%,unknown,0
NTX0003562,10-12-2024,42510.43,INR,V0010,TRUE,18%,TRUE,0
NTX0003563,10-12-2024,10862.71,INR,V0002,TRUE,18%,TRUE,0
NTX0003564,10-12-2024,39563.73,INR,V0014,TRUE,18%,TRUE,0
NTX0003565,10-12-2024,48177.7,INR,V0032,TRUE,18%,TRUE,0
NTX0003566,10-12-2024,5097.9,INR,V0011,TRUE,12%,TRUE,0
NTX0003567,10-12-2024,13373.44,INR,V0015,TRUE,18%,TRUE,0
NTX0003568,10-12-2024,36027.94,INR,V0010,TRUE,18%,TRUE,0
NTX0003569,11-12-2024,29582.39,INR,V0030,TRUE,18%,unknown,0
NTX0003570,11-12-2024,3769.86,INR,V0016,TRUE,5%,FALSE,0
NTX0003571,11-12-2024,11771.46,INR,V0015,TRUE,18%,TRUE,0
NTX0003572,11-12-2024,32786.08,INR,V0009,FALSE,28%,FALSE,1
NTX0003573,11-12-2024,69992.72,INR,V0025,TRUE,12%,TRUE,1
NTX0003574,11-12-2024,889881.92,INR,V0031,TRUE,18%,TRUE,1
NTX0003575,11-12-2024,43870.07,INR,V0027,TRUE,18%,TRUE,0
NTX0003576,11-12-2024,6553.94,INR,V0025,TRUE,12%,TRUE,0
NTX0003577,11-12-2024,100523.6,INR,V0013,TRUE,18%,TRUE,0
NTX0003578,11-12-2024,4806.15,INR,V0020,TRUE,5%,FALSE,0
NTX0003579,11-12-2024,5553.54,INR,V0024,FALSE,exempt,FALSE,0
NTX0003580,11-12-2024,55058.8,INR,V0013,TRUE,18%,TRUE,0
NTX0003581,11-12-2024,41421.69,INR,V0027,TRUE,18%,TRUE,0
NTX0003582,11-12-2024,7602.12,INR,V0008,TRUE,18%,TRUE,0
NTX0003583,11-12-2024,15502.04,INR,V0002,TRUE,18%,TRUE,0
NTX0003584,12-12-2024,33341.95,INR,V0030,TRUE,18%,unknown,0
NTX0003585,12-12-2024,2146.16,INR,V0016,TRUE,5%,FALSE,0
NTX0003586,12-12-2024,21277.12,INR,V0006,TRUE,18%,unknown,0
NTX0003587,12-12-2024,6721.22,INR,V0025,TRUE,12%,TRUE,0
NTX0003588,12-12-2024,31517.96,INR,V0027,TRUE,18%,TRUE,0
NTX0003589,12-12-2024,4369.25,INR,V0020,TRUE,5%,FALSE,0
NTX0003590,13-12-2024,16064.1,INR,V0030,TRUE,18%,unknown,0
NTX0003591,13-12-2024,9119.92,INR,V0002,TRUE,18%,TRUE,0
NTX0003592,13-12-2024,2184.61,INR,V0016,TRUE,5%,FALSE,0
NTX0003593,13-12-2024,4286.49,INR,V0011,TRUE,12%,TRUE,0
NTX0003594,13-12-2024,6050.15,INR,V0018,TRUE,18%,TRUE,0
NTX0003595,13-12-2024,3761.22,INR,V0026,TRUE,5%,FALSE,0
NTX0003596,13-12-2024,7019.8,INR,V0029,TRUE,5%,FALSE,0
NTX0003597,13-12-2024,8989.3,INR,V0005,TRUE,18%,TRUE,0
NTX0003598,13-12-2024,21852.98,INR,V0017,TRUE,18%,TRUE,0
NTX0003599,13-12-2024,30469.64,INR,V0028,TRUE,18%,TRUE,0
NTX0003600,13-12-2024,31578.75,INR,V0032,TRUE,18%,TRUE,0
NTX0003601,13-12-2024,5438.17,INR,V0001,TRUE,18%,TRUE,0
NTX0003602,13-12-2024,6948.78,INR,V0011,TRUE,12%,TRUE,0
NTX0003603,13-12-2024,14846.92,INR,V0023,TRUE,18%,unknown,0
NTX0003604,14-12-2024,2411.95,INR,V0026,TRUE,5%,FALSE,0
NTX0003605,14-12-2024,4584.44,INR,V0011,TRUE,12%,TRUE,0
NTX0003606,14-12-2024,34724.22,INR,V0032,TRUE,18%,TRUE,0
NTX0003607,14-12-2024,2532.14,INR,V0016,TRUE,5%,FALSE,0
NTX0003608,14-12-2024,1949.55,INR,V0033,TRUE,5%,FALSE,0
NTX0003609,14-12-2024,5211.87,INR,V0029,TRUE,5%,FALSE,0
NTX0003610,14-12-2024,4454.26,INR,V0009,FALSE,exempt,FALSE,0
NTX0003611,14-12-2024,4917.18,INR,V0019,TRUE,12%,TRUE,0
NTX0003612,14-12-2024,38963.19,INR,V0032,TRUE,18%,TRUE,0
NTX0003613,14-12-2024,10116.68,INR,V0015,TRUE,18%,TRUE,0
NTX0003614,14-12-2024,9456.02,INR,V0019,TRUE,12%,TRUE,0
NTX0003615,14-12-2024,9575.38,INR,V0005,TRUE,18%,TRUE,0
NTX0003616,15-12-2024,8730.23,INR,V0005,TRUE,18%,TRUE,0
NTX0003617,15-12-2024,7533.71,INR,V0020,TRUE,5%,FALSE,0
NTX0003618,15-12-2024,11839.95,INR,V0017,TRUE,18%,TRUE,0
NTX0003619,15-12-2024,21662.4,INR,V0027,TRUE,18%,TRUE,0
NTX0003620,15-12-2024,29464.36,INR,V0032,TRUE,18%,TRUE,0
NTX0003621,15-12-2024,104838.97,INR,V0013,TRUE,18%,TRUE,0
NTX0003622,15-12-2024,8455.97,INR,V0008,TRUE,18%,TRUE,0
NTX0003623,15-12-2024,38290.83,INR,V0010,TRUE,18%,TRUE,0
NTX0003624,15-12-2024,52389.3,INR,V0031,TRUE,18%,TRUE,1
NTX0003625,16-12-2024,37465.27,INR,V0010,TRUE,18%,TRUE,0
NTX0003626,16-12-2024,112642.38,INR,V0031,TRUE,18%,TRUE,0
NTX0003627,16-12-2024,40779.48,INR,V0027,TRUE,18%,TRUE,0
NTX0003628,16-12-2024,78847.53,INR,V0013,TRUE,18%,TRUE,0
NTX0003629,16-12-2024,84501.74,INR,V0003,TRUE,18%,TRUE,0
NTX0003630,16-12-2024,6119.54,INR,V0011,TRUE,12%,TRUE,0
NTX0003631,16-12-2024,45012.34,INR,V0032,TRUE,18%,TRUE,0
NTX0003632,16-12-2024,35580.94,INR,V0027,TRUE,18%,TRUE,0
NTX0003633,17-12-2024,4804.54,INR,V0001,TRUE,18%,TRUE,0
NTX0003634,17-12-2024,23536.47,INR,V0028,TRUE,18%,TRUE,0
NTX0003635,17-12-2024,7082.49,INR,V0019,TRUE,12%,TRUE,0
NTX0003636,17-12-2024,45490.29,INR,V0028,TRUE,18%,TRUE,0
NTX0003637,17-12-2024,33873.23,INR,V0027,TRUE,18%,TRUE,0
NTX0003638,17-12-2024,7460.33,INR,V0025,TRUE,12%,TRUE,0
NTX0003639,17-12-2024,20593.48,INR,V0023,TRUE,18%,unknown,0
NTX0003640,17-12-2024,1999.94,INR,V0033,TRUE,5%,FALSE,0
NTX0003641,17-12-2024,36854.1,INR,V0014,TRUE,18%,TRUE,0
NTX0003642,17-12-2024,99958.85,INR,V0031,TRUE,18%,TRUE,0
NTX0003643,17-12-2024,11516.92,INR,V0023,TRUE,18%,unknown,0
NTX0003644,17-12-2024,2141.99,INR,V0026,TRUE,5%,FALSE,0
NTX0003645,17-12-2024,5987.61,INR,V0019,TRUE,12%,TRUE,0
NTX0003646,17-12-2024,2909.8,INR,V0025,TRUE,12%,TRUE,0
NTX0003647,17-12-2024,5667.19,INR,V0012,TRUE,5%,FALSE,0
NTX0003648,18-12-2024,14024.59,INR,V0017,TRUE,18%,TRUE,0
NTX0003649,18-12-2024,34329.96,INR,V0010,TRUE,18%,TRUE,0
NTX0003650,18-12-2024,25850.04,INR,V0027,TRUE,18%,TRUE,0
NTX0003651,18-12-2024,19753.82,INR,V0027,TRUE,18%,TRUE,0
NTX0003652,18-12-2024,4107.93,INR,V0009,FALSE,exempt,FALSE,0
NTX0003653,18-12-2024,4662.19,INR,V0029,TRUE,5%,FALSE,0
NTX0003654,18-12-2024,4487.39,INR,V0012,TRUE,5%,FALSE,0
NTX0003655,18-12-2024,44176.55,INR,V0003,TRUE,18%,TRUE,0
NTX0003656,18-12-2024,20290.05,INR,V0017,TRUE,18%,TRUE,0
NTX0003657,18-12-2024,5529.55,INR,V0025,TRUE,12%,TRUE,0
NTX0003658,18-12-2024,16129.88,INR,V0015,TRUE,18%,TRUE,0
NTX0003659,18-12-2024,46024.9,INR,V0028,TRUE,18%,TRUE,0
NTX0003660,18-12-2024,5922.93,INR,V0011,TRUE,12%,TRUE,0
NTX0003661,18-12-2024,93854.59,INR,V0031,TRUE,18%,TRUE,0
NTX0003662,18-12-2024,32333.36,INR,V0028,TRUE,18%,TRUE,0
NTX0003663,18-12-2024,6733.44,INR,V0019,TRUE,12%,TRUE,0
NTX0003664,19-12-2024,15159.98,INR,V0002,TRUE,18%,TRUE,0
NTX0003665,19-12-2024,12379.23,INR,V0030,TRUE,18%,unknown,0
NTX0003666,19-12-2024,19799.14,INR,V0028,TRUE,18%,TRUE,0
NTX0003667,19-12-2024,32838.16,INR,V0028,TRUE,18%,TRUE,0
NTX0003668,19-12-2024,5942.36,INR,V0022,FALSE,exempt,FALSE,0
NTX0003669,19-12-2024,9031.75,INR,V0005,TRUE,18%,TRUE,0
NTX0003670,19-12-2024,92805.58,INR,V0013,TRUE,18%,TRUE,0
NTX0003671,19-12-2024,53124.63,INR,V0031,TRUE,18%,TRUE,0
NTX0003672,19-12-2024,117921.76,INR,V0031,TRUE,18%,TRUE,0
NTX0003673,19-12-2024,13895.75,INR,V0006,TRUE,18%,unknown,0
NTX0003674,19-12-2024,5255.66,INR,V0029,TRUE,5%,FALSE,0
NTX0003675,19-12-2024,13789.81,INR,V0004,TRUE,18%,TRUE,0
NTX0003676,19-12-2024,42503.75,INR,V0027,TRUE,18%,TRUE,0
NTX0003677,19-12-2024,7413.13,INR,V0022,FALSE,exempt,FALSE,0
NTX0003678,19-12-2024,8579.45,INR,V0017,TRUE,18%,TRUE,0
NTX0003679,19-12-2024,36854.13,INR,V0032,TRUE,18%,TRUE,0
NTX0003680,19-12-2024,12731.72,INR,V0014,TRUE,18%,TRUE,0
NTX0003681,19-12-2024,14573.28,INR,V0017,TRUE,18%,TRUE,0
NTX0003682,19-12-2024,12251.92,INR,V0005,TRUE,18%,TRUE,0
NTX0003683,19-12-2024,2798.82,INR,V0033,TRUE,5%,FALSE,0
NTX0003684,19-12-2024,11342.2,INR,V0008,TRUE,18%,TRUE,0
NTX0003685,20-12-2024,21037.11,INR,V0027,TRUE,18%,TRUE,0
NTX0003686,20-12-2024,30733.47,INR,V0027,TRUE,18%,TRUE,0
NTX0003687,20-12-2024,4830.49,INR,V0019,TRUE,12%,TRUE,0
NTX0003688,20-12-2024,16781.13,INR,V0006,TRUE,18%,unknown,0
NTX0003689,20-12-2024,4461.57,INR,V0021,TRUE,5%,FALSE,0
NTX0003690,20-12-2024,3772.91,INR,V0025,TRUE,12%,TRUE,0
NTX0003691,20-12-2024,2938.88,INR,V0007,TRUE,5%,FALSE,0
NTX0003692,20-12-2024,57132.92,INR,V0013,TRUE,18%,TRUE,0
NTX0003693,20-12-2024,3690.52,INR,V0021,TRUE,5%,FALSE,0
NTX0003694,20-12-2024,51550.31,INR,V0028,TRUE,18%,TRUE,0
NTX0003695,20-12-2024,13328.03,INR,V0004,TRUE,18%,TRUE,0
NTX0003696,20-12-2024,6835.43,INR,V0019,TRUE,12%,unknown,1
NTX0003697,20-12-2024,30248.81,INR,V0032,TRUE,18%,TRUE,0
NTX0003698,20-12-2024,3469.85,INR,V0009,FALSE,exempt,FALSE,0
NTX0003699,20-12-2024,11267.4,INR,V0002,TRUE,18%,TRUE,0
NTX0003700,21-12-2024,2716.54,INR,V0007,TRUE,5%,FALSE,0
NTX0003701,21-12-2024,41490.39,INR,V0028,TRUE,18%,TRUE,0
NTX0003702,21-12-2024,97238.74,INR,V0031,TRUE,18%,TRUE,0
NTX0003703,21-12-2024,86878.68,INR,V0013,TRUE,18%,TRUE,0
NTX0003704,21-12-2024,82593.5,INR,V0013,TRUE,18%,TRUE,0
NTX0003705,21-12-2024,1895.58,INR,V0007,TRUE,5%,FALSE,0
NTX0003706,21-12-2024,7729.15,INR,V0004,TRUE,18%,TRUE,0
NTX0003707,21-12-2024,28167.7,INR,V0014,TRUE,18%,TRUE,0
NTX0003708,21-12-2024,5488.68,INR,V0011,TRUE,12%,TRUE,0
NTX0003709,22-12-2024,15708.32,INR,V0018,TRUE,18%,TRUE,0
NTX0003710,22-12-2024,4501.69,INR,V0019,TRUE,12%,TRUE,0
NTX0003711,22-12-2024,4736.82,INR,V0020,TRUE,5%,FALSE,0
NTX0003712,22-12-2024,2349.62,INR,V0026,TRUE,5%,FALSE,0
NTX0003713,22-12-2024,106020.04,INR,V0013,TRUE,18%,TRUE,0
NTX0003714,22-12-2024,4220.79,INR,V0011,TRUE,12%,TRUE,0
NTX0003715,22-12-2024,46484.83,INR,V0027,TRUE,18%,TRUE,0
NTX0003716,22-12-2024,44386.29,INR,V0014,TRUE,18%,TRUE,0
NTX0003717,22-12-2024,10103.35,INR,V0017,TRUE,18%,TRUE,0
NTX0003718,22-12-2024,19651.49,INR,V0006,TRUE,18%,unknown,0
NTX0003719,22-12-2024,7219.89,INR,V0004,TRUE,18%,TRUE,0
NTX0003720,22-12-2024,5422.07,INR,V0005,TRUE,18%,TRUE,0
NTX0003721,22-12-2024,13765.11,INR,V0015,TRUE,18%,TRUE,0
NTX0003722,22-12-2024,60837.73,INR,V0031,TRUE,18%,TRUE,0
NTX0003723,22-12-2024,4844.47,INR,V0020,TRUE,exempt,FALSE,1
NTX0003724,22-12-2024,148491.54,INR,V0013,TRUE,18%,TRUE,0
NTX0003725,22-12-2024,8566.46,INR,V0011,TRUE,12%,TRUE,0
NTX0003726,22-12-2024,32263.12,INR,V0024,FALSE,exempt,FALSE,1
NTX0003727,22-12-2024,28870.82,INR,V0028,TRUE,18%,TRUE,0
NTX0003728,22-12-2024,20114.3,INR,V0017,TRUE,18%,TRUE,0
NTX0003729,22-12-2024,30580.37,INR,V0014,TRUE,18%,TRUE,0
NTX0003730,22-12-2024,6240.55,INR,V0008,TRUE,18%,TRUE,0
NTX0003731,23-12-2024,5128.66,INR,V0021,TRUE,5%,FALSE,0
NTX0003732,23-12-2024,29086.82,INR,V0032,TRUE,18%,TRUE,0
NTX0003733,23-12-2024,3234.28,INR,V0024,FALSE,exempt,FALSE,0
NTX0003734,23-12-2024,2618.34,INR,V0033,TRUE,5%,FALSE,0
NTX0003735,23-12-2024,49304.01,INR,V0013,TRUE,18%,TRUE,0
NTX0003736,23-12-2024,43765.6,INR,V0032,TRUE,18%,TRUE,0
NTX0003737,23-12-2024,6978.27,INR,V0018,TRUE,18%,TRUE,0
NTX0003738,23-12-2024,32287.92,INR,V0014,TRUE,18%,TRUE,0
NTX0003739,23-12-2024,37848.52,INR,V0027,TRUE,18%,TRUE,0
NTX0003740,23-12-2024,31275.95,INR,V0023,TRUE,18%,unknown,0
NTX0003741,23-12-2024,7240.35,INR,V0017,TRUE,18%,TRUE,0
NTX0003742,23-12-2024,78961.64,INR,V0013,TRUE,18%,TRUE,0
NTX0003743,23-12-2024,29959.36,INR,V0014,TRUE,18%,TRUE,0
NTX0003744,23-12-2024,34060.46,INR,V0027,TRUE,18%,TRUE,0
NTX0003745,23-12-2024,8713.39,INR,V0015,TRUE,18%,TRUE,0
NTX0003746,23-12-2024,6828.01,INR,V0025,TRUE,12%,TRUE,0
NTX0003747,24-12-2024,13779.7,INR,V0015,TRUE,18%,TRUE,0
NTX0003748,24-12-2024,87902.6,INR,V0003,TRUE,18%,TRUE,0
NTX0003749,24-12-2024,5039.86,INR,V0029,TRUE,5%,FALSE,0
NTX0003750,24-12-2024,7829.49,INR,V0018,TRUE,18%,TRUE,0
NTX0003751,24-12-2024,7728.72,INR,V0011,TRUE,12%,TRUE,0
NTX0003752,24-12-2024,4623.38,INR,V0025,TRUE,12%,TRUE,0
NTX0003753,24-12-2024,16857.3,INR,V0015,TRUE,18%,TRUE,0
NTX0003754,24-12-2024,9519.64,INR,V0004,TRUE,18%,TRUE,0
NTX0003755,24-12-2024,61364.51,INR,V0031,TRUE,18%,TRUE,0
NTX0003756,24-12-2024,3340.69,INR,V0016,TRUE,5%,FALSE,0
NTX0003757,24-12-2024,21046.84,INR,V0010,TRUE,18%,TRUE,0
NTX0003758,24-12-2024,5801.85,INR,V0020,TRUE,5%,FALSE,0
NTX0003759,24-12-2024,12496.54,INR,V0004,TRUE,18%,TRUE,0
NTX0003760,24-12-2024,3198.95,INR,V0026,TRUE,5%,FALSE,0
NTX0003761,24-12-2024,2443.87,INR,V0026,TRUE,5%,FALSE,0
NTX0003762,24-12-2024,12511.42,INR,V0023,TRUE,12%,unknown,1
NTX0003763,24-12-2024,11004.31,INR,V0001,TRUE,18%,TRUE,0
NTX0003764,24-12-2024,1870.28,INR,V0026,TRUE,5%,FALSE,0
NTX0003765,24-12-2024,6347.28,INR,V0025,TRUE,12%,TRUE,0
NTX0003766,25-12-2024,75034.38,INR,V0013,TRUE,18%,TRUE,0
NTX0003767,25-12-2024,2708.37,INR,V0029,TRUE,5%,FALSE,0
NTX0003768,25-12-2024,5826.37,INR,V0021,TRUE,18%,FALSE,1
NTX0003769,25-12-2024,7816.34,INR,V0001,TRUE,18%,TRUE,0
NTX0003770,25-12-2024,87447.33,INR,V0003,TRUE,18%,TRUE,0
NTX0003771,25-12-2024,90339.44,INR,V0013,TRUE,18%,TRUE,0
NTX0003772,25-12-2024,8180.23,INR,V0020,TRUE,5%,FALSE,0
NTX0003773,25-12-2024,21695.08,INR,V0030,TRUE,18%,unknown,0
NTX0003774,25-12-2024,2497.66,INR,V0007,TRUE,5%,FALSE,0
NTX0003775,25-12-2024,10612.23,INR,V0004,TRUE,18%,TRUE,0
NTX0003776,25-12-2024,121240.3,INR,V0031,TRUE,18%,TRUE,0
NTX0003777,25-12-2024,51210.81,INR,V0003,TRUE,18%,TRUE,0
NTX0003778,25-12-2024,30451.7,INR,V0014,TRUE,18%,TRUE,0
NTX0003779,26-12-2024,34298.56,INR,V0027,TRUE,18%,TRUE,0
NTX0003780,26-12-2024,3115.49,INR,V0016,TRUE,12%,FALSE,1
NTX0003781,26-12-2024,5828.91,INR,V0019,TRUE,12%,TRUE,0
NTX0003782,26-12-2024,48898.74,INR,V0028,TRUE,18%,TRUE,0
NTX0003783,26-12-2024,26171.04,INR,V0028,TRUE,18%,TRUE,0
NTX0003784,26-12-2024,79073.5,INR,V0003,TRUE,18%,TRUE,0
NTX0003785,26-12-2024,15464.36,INR,V0015,TRUE,18%,TRUE,0
NTX0003786,26-12-2024,4900.57,INR,V0019,TRUE,12%,TRUE,0
NTX0003787,26-12-2024,77998.11,INR,V0013,TRUE,18%,TRUE,0
NTX0003788,26-12-2024,43750,INR,V0013,TRUE,18%,TRUE,0
NTX0003789,26-12-2024,22509.8,INR,V0006,TRUE,18%,unknown,0
NTX0003790,26-12-2024,10692.51,INR,V0004,TRUE,18%,TRUE,0
NTX0003791,26-12-2024,8350.46,INR,V0005,TRUE,18%,TRUE,0
NTX0003792,26-12-2024,3359.97,INR,V0016,TRUE,5%,FALSE,0
NTX0003793,26-12-2024,76026.31,INR,V0003,TRUE,18%,TRUE,0
NTX0003794,26-12-2024,24445.77,INR,V0023,TRUE,18%,unknown,0
NTX0003795,26-12-2024,53772.86,INR,V0010,TRUE,18%,TRUE,0
NTX0003796,27-12-2024,67575.97,INR,V0013,TRUE,18%,TRUE,0
NTX0003797,27-12-2024,7717.8,INR,V0005,TRUE,18%,TRUE,0
NTX0003798,27-12-2024,6733.9,INR,V0018,TRUE,18%,TRUE,0
NTX0003799,27-12-2024,20235.54,INR,V0032,TRUE,18%,TRUE,0
NTX0003800,27-12-2024,3439.09,INR,V0020,TRUE,5%,FALSE,0
NTX0003801,27-12-2024,5409.68,INR,V0029,TRUE,5%,FALSE,0
NTX0003802,27-12-2024,6721.24,INR,V0002,TRUE,18%,TRUE,0
NTX0003803,27-12-2024,18446.35,INR,V0004,TRUE,18%,TRUE,0
NTX0003804,27-12-2024,7141.11,INR,V0025,TRUE,12%,TRUE,0
NTX0003805,27-12-2024,25723.45,INR,V0014,TRUE,18%,TRUE,0
NTX0003806,28-12-2024,10715.71,INR,V0018,TRUE,18%,TRUE,0
NTX0003807,28-12-2024,83960.44,INR,V0013,TRUE,18%,TRUE,0
NTX0003808,28-12-2024,9311.66,INR,V0008,TRUE,18%,TRUE,0
NTX0003809,28-12-2024,35135.56,INR,V0028,TRUE,18%,TRUE,0
NTX0003810,28-12-2024,2469.59,INR,V0007,TRUE,5%,FALSE,0
NTX0003811,28-12-2024,4966.62,INR,V0011,TRUE,12%,TRUE,0
NTX0003812,28-12-2024,15187.42,INR,V0004,TRUE,18%,TRUE,0
NTX0003813,28-12-2024,20154.77,INR,V0023,TRUE,18%,unknown,0
NTX0003814,28-12-2024,18632.1,INR,V0002,TRUE,18%,TRUE,0
NTX0003815,28-12-2024,10691.33,INR,V0029,TRUE,5%,FALSE,0
NTX0003816,28-12-2024,15519.11,INR,V0015,TRUE,18%,TRUE,0
NTX0003817,28-12-2024,14445.02,INR,V0002,TRUE,18%,TRUE,0
NTX0003818,28-12-2024,55199.03,INR,V0010,TRUE,18%,TRUE,0
NTX0003819,28-12-2024,11391.96,INR,V0001,TRUE,18%,TRUE,0
NTX0003820,28-12-2024,93063.89,INR,V0003,TRUE,18%,TRUE,0
NTX0003821,28-12-2024,33757.67,INR,V0028,TRUE,18%,TRUE,0
NTX0003822,28-12-2024,27319.72,INR,V0027,TRUE,18%,TRUE,0
NTX0003823,28-12-2024,61301.46,INR,V0013,TRUE,18%,TRUE,0
NTX0003824,28-12-2024,11104.33,INR,V0017,TRUE,18%,TRUE,0
NTX0003825,28-12-2024,6098.92,INR,V0012,TRUE,5%,FALSE,0
NTX0003826,29-12-2024,6949.98,INR,V0025,TRUE,12%,TRUE,0
NTX0003827,29-12-2024,78959.07,INR,V0003,TRUE,18%,TRUE,0
NTX0003828,29-12-2024,30438.56,INR,V0019,TRUE,12%,TRUE,1
NTX0003829,29-12-2024,9894.43,INR,V0002,TRUE,18%,TRUE,0
NTX0003830,29-12-2024,32294.48,INR,V0009,FALSE,exempt,FALSE,1
NTX0003831,29-12-2024,6270.66,INR,V0025,TRUE,12%,TRUE,0
NTX0003832,29-12-2024,19575.85,INR,V0027,TRUE,18%,TRUE,0
NTX0003833,29-12-2024,3934.81,INR,V0009,FALSE,exempt,FALSE,0
NTX0003834,29-12-2024,10159.43,INR,V0004,TRUE,18%,TRUE,0
NTX0003835,29-12-2024,28609.59,INR,V0032,TRUE,18%,TRUE,0
NTX0003836,29-12-2024,35640.18,INR,V0014,TRUE,18%,TRUE,0
NTX0003837,29-12-2024,3388.91,INR,V0007,TRUE,5%,FALSE,0
NTX0003838,29-12-2024,10789.72,INR,V0002,TRUE,18%,TRUE,0
NTX0003839,30-12-2024,6714.81,INR,V0004,TRUE,18%,TRUE,0
NTX0003840,30-12-2024,6432.82,INR,V0011,TRUE,12%,TRUE,0
NTX0003841,30-12-2024,17604.22,INR,V0017,TRUE,18%,TRUE,0
NTX0003842,30-12-2024,14647.99,INR,V0017,TRUE,18%,TRUE,0
NTX0003843,30-12-2024,4259.48,INR,V0012,TRUE,5%,FALSE,0
NTX0003844,30-12-2024,15211.63,INR,V0002,TRUE,18%,TRUE,0
NTX0003845,30-12-2024,10338.96,INR,V0002,TRUE,18%,TRUE,0
NTX0003846,30-12-2024,11350.52,INR,V0004,TRUE,5%,TRUE,1
NTX0003847,30-12-2024,52295.39,INR,V0028,TRUE,18%,TRUE,0
NTX0003848,30-12-2024,10746.78,INR,V0015,TRUE,18%,TRUE,0
NTX0003849,31-12-2024,4753.27,INR,V0011,TRUE,12%,TRUE,0
NTX0003850,31-12-2024,63013.34,INR,V0010,TRUE,18%,TRUE,0
NTX0003851,31-12-2024,60773.31,INR,V0031,TRUE,18%,TRUE,0
NTX0003852,31-12-2024,97756.46,INR,V0013,TRUE,18%,TRUE,0
NTX0003853,31-12-2024,3854.12,INR,V0024,FALSE,exempt,FALSE,0
NTX0003854,31-12-2024,6136.41,INR,V0020,TRUE,5%,FALSE,0
NTX0003855,31-12-2024,38078.82,INR,V0014,TRUE,18%,TRUE,0
NTX0003856,31-12-2024,54168.32,INR,V0032,TRUE,18%,TRUE,0
NTX0003857,31-12-2024,34845.46,INR,V0006,TRUE,18%,unknown,0
NTX0003858,31-12-2024,2573.92,INR,V0026,TRUE,5%,FALSE,0
NTX0003859,31-12-2024,8637.21,INR,V0001,TRUE,18%,TRUE,0
NTX0003860,31-12-2024,12556.72,INR,V0019,TRUE,12%,TRUE,0
NTX0003861,31-12-2024,3165.13,INR,V0007,TRUE,5%,FALSE,0
NTX0003862,31-12-2024,42285.4,INR,V0014,TRUE,18%,TRUE,0
NTX0003863,01-01-2025,14821.77,INR,V0017,TRUE,18%,TRUE,0
NTX0003864,01-01-2025,6825.86,INR,V0011,TRUE,12%,TRUE,0
NTX0003865,01-01-2025,37445.07,INR,V0032,TRUE,18%,TRUE,0
NTX0003866,01-01-2025,114081.51,INR,V0003,TRUE,18%,TRUE,0
NTX0003867,01-01-2025,8269.72,INR,V0025,TRUE,12%,TRUE,0
NTX0003868,01-01-2025,34052.2,INR,V0028,TRUE,5%,TRUE,1
NTX0003869,01-01-2025,2305.46,INR,V0007,TRUE,5%,FALSE,0
NTX0003870,01-01-2025,19184.55,INR,V0004,TRUE,18%,TRUE,0
NTX0003871,01-01-2025,7208.05,INR,V0012,TRUE,5%,FALSE,0
NTX0003872,01-01-2025,5420.96,INR,V0019,TRUE,12%,TRUE,0
NTX0003873,01-01-2025,23141.93,INR,V0027,TRUE,18%,TRUE,0
NTX0003874,01-01-2025,9925.51,INR,V0011,TRUE,12%,TRUE,0
NTX0003875,01-01-2025,4388.93,INR,V0020,TRUE,5%,FALSE,0
NTX0003876,01-01-2025,20242.99,INR,V0030,TRUE,18%,unknown,0
NTX0003877,01-01-2025,28432.46,INR,V0032,TRUE,18%,TRUE,0
NTX0003878,01-01-2025,3400.42,INR,V0026,TRUE,5%,FALSE,0
NTX0003879,02-01-2025,31854.09,INR,V0027,TRUE,18%,TRUE,0
NTX0003880,02-01-2025,12036.13,INR,V0002,TRUE,18%,TRUE,0
NTX0003881,02-01-2025,8960.57,INR,V0025,TRUE,12%,TRUE,0
NTX0003882,02-01-2025,16525.18,INR,V0002,TRUE,18%,TRUE,0
NTX0003883,02-01-2025,37914.71,INR,V0027,TRUE,18%,TRUE,0
NTX0003884,02-01-2025,33893.36,INR,V0027,TRUE,18%,TRUE,0
NTX0003885,02-01-2025,5725.35,INR,V0011,TRUE,12%,TRUE,0
NTX0003886,02-01-2025,23092.53,INR,V0006,TRUE,18%,unknown,0
NTX0003887,02-01-2025,6767.08,INR,V0011,TRUE,12%,TRUE,1
NTX0003888,02-01-2025,6189.09,INR,V0011,TRUE,12%,TRUE,0
NTX0003889,02-01-2025,6776.34,INR,V0025,TRUE,12%,TRUE,0
NTX0003890,02-01-2025,12439.5,INR,V0015,TRUE,18%,TRUE,0
NTX0003891,02-01-2025,2310.57,INR,V0033,TRUE,5%,FALSE,0
NTX0003892,03-01-2025,21350.09,INR,V0023,TRUE,18%,unknown,0
NTX0003893,03-01-2025,4484.6,INR,V0018,TRUE,18%,TRUE,0
NTX0003894,03-01-2025,4226.69,INR,V0007,TRUE,5%,FALSE,0
NTX0003895,03-01-2025,84028.84,INR,V0003,TRUE,18%,TRUE,0
NTX0003896,03-01-2025,130372.4,INR,V0031,TRUE,18%,TRUE,0
NTX0003897,03-01-2025,6387.56,INR,V0025,TRUE,12%,TRUE,0
NTX0003898,03-01-2025,12048.03,INR,V0015,TRUE,18%,TRUE,0
NTX0003899,03-01-2025,3181.6,INR,V0019,TRUE,12%,TRUE,0
NTX0003900,03-01-2025,2272.93,INR,V0016,TRUE,5%,FALSE,0
NTX0003901,03-01-2025,89317.92,INR,V0031,TRUE,18%,TRUE,0
NTX0003902,04-01-2025,4486.34,INR,V0020,TRUE,5%,FALSE,0
NTX0003903,04-01-2025,9323.63,INR,V0001,TRUE,18%,TRUE,0
NTX0003904,04-01-2025,5712.43,INR,V0001,TRUE,18%,TRUE,0
NTX0003905,04-01-2025,7502.76,INR,V0021,TRUE,5%,FALSE,0
NTX0003906,04-01-2025,97442.63,INR,V0013,TRUE,18%,TRUE,0
NTX0003907,04-01-2025,3308.42,INR,V0007,TRUE,5%,FALSE,0
NTX0003908,04-01-2025,8099.47,INR,V0005,TRUE,18%,TRUE,0
NTX0003909,04-01-2025,4621.96,INR,V0018,TRUE,18%,TRUE,0
NTX0003910,05-01-2025,2759.54,INR,V0007,TRUE,5%,FALSE,0
NTX0003911,05-01-2025,43216.55,INR,V0032,TRUE,18%,TRUE,0
NTX0003912,05-01-2025,8163.28,INR,V0019,TRUE,12%,TRUE,0
NTX0003913,05-01-2025,15721.29,INR,V0002,TRUE,18%,TRUE,0
NTX0003914,05-01-2025,6241,INR,V0008,TRUE,18%,TRUE,0
NTX0003915,05-01-2025,2784.81,INR,V0007,TRUE,5%,FALSE,0
NTX0003916,05-01-2025,10472.35,INR,V0005,TRUE,18%,TRUE,0
NTX0003917,05-01-2025,6092.87,INR,V0025,TRUE,12%,TRUE,0
NTX0003918,05-01-2025,25370.26,INR,V0032,TRUE,18%,TRUE,0
NTX0003919,05-01-2025,12758.7,INR,V0015,TRUE,18%,TRUE,0
NTX0003920,06-01-2025,124482.17,INR,V0003,TRUE,18%,TRUE,0
NTX0003921,06-01-2025,13132.99,INR,V0019,TRUE,12%,TRUE,0
NTX0003922,06-01-2025,21966.58,INR,V0028,TRUE,18%,TRUE,0
NTX0003923,06-01-2025,6155.82,INR,V0018,TRUE,18%,TRUE,0
NTX0003924,06-01-2025,5757.29,INR,V0021,TRUE,5%,FALSE,0
NTX0003925,06-01-2025,26517.56,INR,V0028,TRUE,18%,TRUE,0
NTX0003926,06-01-2025,22037.32,INR,V0002,TRUE,18%,TRUE,0
NTX0003927,06-01-2025,30989.34,INR,V0028,TRUE,18%,TRUE,0
NTX0003928,06-01-2025,34196.08,INR,V0028,TRUE,18%,TRUE,0
NTX0003929,06-01-2025,20540.23,INR,V0015,TRUE,18%,TRUE,0
NTX0003930,06-01-2025,4787.34,INR,V0018,TRUE,18%,TRUE,0
NTX0003931,06-01-2025,64263.63,INR,V0003,TRUE,18%,TRUE,0
NTX0003932,06-01-2025,3077.66,INR,V0022,FALSE,exempt,FALSE,0
NTX0003933,07-01-2025,6961.84,INR,V0004,TRUE,18%,TRUE,0
NTX0003934,07-01-2025,45892.62,INR,V0014,TRUE,18%,TRUE,0
NTX0003935,07-01-2025,36307.82,INR,V0010,TRUE,18%,TRUE,0
NTX0003936,07-01-2025,31649.53,INR,V0027,TRUE,18%,TRUE,0
NTX0003937,07-01-2025,22976.26,INR,V0023,TRUE,18%,unknown,0
NTX0003938,07-01-2025,9975.03,INR,V0001,TRUE,18%,TRUE,0
NTX0003939,07-01-2025,5303.37,INR,V0025,TRUE,12%,TRUE,0
NTX0003940,07-01-2025,3280.33,INR,V0022,FALSE,exempt,FALSE,0
NTX0003941,07-01-2025,48021.56,INR,V0014,TRUE,18%,TRUE,0
NTX0003942,07-01-2025,9344.13,INR,V0001,TRUE,18%,TRUE,0
NTX0003943,07-01-2025,12578.89,INR,V0004,TRUE,18%,TRUE,0
NTX0003944,07-01-2025,38997.62,INR,V0027,TRUE,18%,TRUE,0
NTX0003945,07-01-2025,96991.79,INR,V0003,TRUE,18%,TRUE,0
NTX0003946,07-01-2025,2146.58,INR,V0016,TRUE,5%,FALSE,0
NTX0003947,08-01-2025,13747.81,INR,V0004,TRUE,18%,TRUE,0
NTX0003948,08-01-2025,9869.33,INR,V0017,TRUE,18%,TRUE,0
NTX0003949,08-01-2025,28457.49,INR,V0014,TRUE,18%,TRUE,0
NTX0003950,08-01-2025,10342.31,INR,V0004,TRUE,18%,TRUE,0
NTX0003951,08-01-2025,27021.3,INR,V0014,TRUE,18%,TRUE,0
NTX0003952,08-01-2025,10768.87,INR,V0004,TRUE,18%,TRUE,0
NTX0003953,08-01-2025,30584.27,INR,V0010,TRUE,18%,TRUE,0
NTX0003954,08-01-2025,14395.3,INR,V0015,TRUE,18%,TRUE,0
NTX0003955,08-01-2025,2755.48,INR,V0020,TRUE,exempt,FALSE,1
NTX0003956,08-01-2025,35091.04,INR,V0027,TRUE,18%,TRUE,0
NTX0003957,08-01-2025,42238.23,INR,V0032,TRUE,18%,TRUE,0
NTX0003958,08-01-2025,42553.69,INR,V0028,TRUE,18%,TRUE,0
NTX0003959,08-01-2025,134507.09,INR,V0031,TRUE,18%,TRUE,0
NTX0003960,09-01-2025,93904.34,INR,V0003,TRUE,18%,TRUE,0
NTX0003961,09-01-2025,71542.81,INR,V0031,TRUE,18%,TRUE,0
NTX0003962,09-01-2025,45800.96,INR,V0025,TRUE,12%,unknown,1
NTX0003963,09-01-2025,16144.7,INR,V0002,TRUE,18%,TRUE,0
NTX0003964,09-01-2025,46868.07,INR,V0010,TRUE,18%,TRUE,0
NTX0003965,09-01-2025,9187.38,INR,V0004,TRUE,18%,TRUE,0
NTX0003966,09-01-2025,10914.53,INR,V0001,TRUE,18%,TRUE,0
NTX0003967,09-01-2025,9424.18,INR,V0005,TRUE,18%,TRUE,0
NTX0003968,09-01-2025,39090.63,INR,V0010,TRUE,18%,TRUE,0
NTX0003969,09-01-2025,33963.44,INR,V0010,TRUE,18%,TRUE,0
NTX0003970,09-01-2025,5947.1,INR,V0012,TRUE,5%,FALSE,0
NTX0003971,09-01-2025,81181.05,INR,V0013,TRUE,18%,TRUE,0
NTX0003972,09-01-2025,22027.27,INR,V0004,TRUE,18%,TRUE,0
NTX0003973,10-01-2025,6708.18,INR,V0025,TRUE,12%,TRUE,0
NTX0003974,10-01-2025,12245.35,INR,V0004,TRUE,18%,TRUE,0
NTX0003975,10-01-2025,30171.11,INR,V0014,TRUE,18%,TRUE,0
NTX0003976,10-01-2025,83740.54,INR,V0003,TRUE,18%,TRUE,0
NTX0003977,10-01-2025,13295.91,INR,V0015,TRUE,18%,TRUE,0
NTX0003978,10-01-2025,2732.31,INR,V0033,TRUE,5%,FALSE,0
NTX0003979,10-01-2025,20297.31,INR,V0017,TRUE,18%,TRUE,0
NTX0003980,10-01-2025,80194.77,INR,V0003,TRUE,18%,TRUE,0
NTX0003981,10-01-2025,7694.17,INR,V0015,TRUE,18%,TRUE,0
NTX0003982,10-01-2025,10562.47,INR,V0015,TRUE,18%,TRUE,0
NTX0003983,10-01-2025,9773.41,INR,V0005,TRUE,18%,TRUE,0
NTX0003984,10-01-2025,8307.7,INR,V0015,TRUE,18%,TRUE,0
NTX0003985,10-01-2025,7465.52,INR,V0011,TRUE,12%,TRUE,0
NTX0003986,10-01-2025,13272.81,INR,V0001,TRUE,18%,TRUE,0
NTX0003987,10-01-2025,56881.58,INR,V0032,TRUE,18%,TRUE,0
NTX0003988,10-01-2025,8346.8,INR,V0004,TRUE,18%,TRUE,0
NTX0003989,10-01-2025,7549.23,INR,V0011,TRUE,12%,TRUE,0
NTX0003990,10-01-2025,43480.37,INR,V0027,TRUE,18%,TRUE,0
NTX0003991,11-01-2025,38096.27,INR,V0032,TRUE,18%,TRUE,0
NTX0003992,11-01-2025,8391.7,INR,V0002,TRUE,18%,TRUE,0
NTX0003993,11-01-2025,3050.31,INR,V0033,TRUE,5%,FALSE,0
NTX0003994,11-01-2025,39923.01,INR,V0027,TRUE,18%,TRUE,0
NTX0003995,11-01-2025,6578.14,INR,V0021,TRUE,5%,FALSE,0
NTX0003996,11-01-2025,27271.32,INR,V0028,TRUE,18%,TRUE,0
NTX0003997,11-01-2025,5718.34,INR,V0012,TRUE,5%,FALSE,0
NTX0003998,11-01-2025,11676.22,INR,V0002,TRUE,18%,TRUE,0
NTX0003999,11-01-2025,59124.31,INR,V0031,TRUE,18%,TRUE,0
NTX0004000,11-01-2025,49851.82,INR,V0014,TRUE,18%,TRUE,0
NTX0004001,11-01-2025,4416.07,INR,V0025,TRUE,12%,TRUE,0
NTX0004002,12-01-2025,22336.36,INR,V0006,TRUE,18%,unknown,0
NTX0004003,12-01-2025,37252,INR,V0019,TRUE,12%,TRUE,1
NTX0004004,12-01-2025,3587.56,INR,V0011,TRUE,12%,TRUE,0
NTX0004005,12-01-2025,73932.13,INR,V0003,TRUE,18%,TRUE,0
NTX0004006,12-01-2025,10149.8,INR,V0002,TRUE,18%,TRUE,0
NTX0004007,12-01-2025,17379.09,INR,V0002,TRUE,18%,TRUE,0
NTX0004008,12-01-2025,7366.09,INR,V0001,TRUE,18%,TRUE,0
NTX0004009,12-01-2025,8875.07,INR,V0001,TRUE,18%,TRUE,0
NTX0004010,12-01-2025,97646.53,INR,V0013,TRUE,18%,TRUE,0
NTX0004011,12-01-2025,3423.7,INR,V0009,FALSE,exempt,FALSE,0
NTX0004012,12-01-2025,144659.23,INR,V0031,TRUE,18%,TRUE,0
NTX0004013,12-01-2025,6395.43,INR,V0011,TRUE,12%,TRUE,0
NTX0004014,12-01-2025,7220.88,INR,V0001,TRUE,18%,TRUE,0
NTX0004015,13-01-2025,3726.73,INR,V0007,TRUE,5%,FALSE,0
NTX0004016,13-01-2025,2171.99,INR,V0026,TRUE,5%,FALSE,0
NTX0004017,13-01-2025,7162.48,INR,V0011,TRUE,12%,TRUE,0
NTX0004018,13-01-2025,6498.68,INR,V0020,TRUE,5%,FALSE,0
NTX0004019,13-01-2025,18529.68,INR,V0030,TRUE,18%,unknown,0
NTX0004020,13-01-2025,7096.65,INR,V0019,TRUE,12%,TRUE,0
NTX0004021,13-01-2025,11759.82,INR,V0004,TRUE,18%,TRUE,0
NTX0004022,13-01-2025,10429.18,INR,V0002,TRUE,18%,TRUE,0
NTX0004023,13-01-2025,28170.99,INR,V0014,TRUE,18%,TRUE,0
NTX0004024,13-01-2025,36010.66,INR,V0027,TRUE,18%,TRUE,0
NTX0004025,13-01-2025,7252.57,INR,V0020,TRUE,5%,FALSE,0
NTX0004026,13-01-2025,4593.68,INR,V0024,FALSE,exempt,FALSE,0
NTX0004027,14-01-2025,3190.32,INR,V0025,TRUE,12%,TRUE,0
NTX0004028,14-01-2025,9088,INR,V0005,TRUE,18%,TRUE,0
NTX0004029,14-01-2025,10371.45,INR,V0002,TRUE,18%,TRUE,0
NTX0004030,14-01-2025,86389.07,INR,V0013,TRUE,18%,TRUE,0
NTX0004031,14-01-2025,139271.64,INR,V0013,TRUE,18%,TRUE,0
NTX0004032,14-01-2025,8809.24,INR,V0025,TRUE,12%,TRUE,0
NTX0004033,14-01-2025,47423.37,INR,V0010,TRUE,18%,TRUE,0
NTX0004034,14-01-2025,25756.79,INR,V0014,TRUE,18%,TRUE,0
NTX0004035,14-01-2025,10874.41,INR,V0002,TRUE,18%,TRUE,0
NTX0004036,14-01-2025,24090.81,INR,V0027,TRUE,18%,TRUE,0
NTX0004037,14-01-2025,6774.99,INR,V0025,TRUE,12%,TRUE,0
NTX0004038,14-01-2025,9113.81,INR,V0001,TRUE,18%,TRUE,0
NTX0004039,14-01-2025,8930.86,INR,V0001,TRUE,18%,TRUE,0
NTX0004040,14-01-2025,2651.93,INR,V0033,TRUE,5%,FALSE,0
NTX0004041,14-01-2025,10707.62,INR,V0005,TRUE,18%,TRUE,0
NTX0004042,14-01-2025,34491.61,INR,V0010,TRUE,18%,TRUE,0
NTX0004043,14-01-2025,44377.2,INR,V0031,TRUE,18%,TRUE,0
NTX0004044,14-01-2025,18254.95,INR,V0005,TRUE,18%,TRUE,0
NTX0004045,14-01-2025,9143.47,INR,V0001,TRUE,18%,TRUE,0
NTX0004046,14-01-2025,11391.36,INR,V0002,TRUE,18%,TRUE,0
NTX0004047,14-01-2025,121093.58,INR,V0003,TRUE,18%,TRUE,0
NTX0004048,14-01-2025,18795.78,INR,V0028,TRUE,18%,TRUE,0
NTX0004049,14-01-2025,10167.05,INR,V0018,TRUE,18%,TRUE,0
NTX0004050,15-01-2025,54817.33,INR,V0013,TRUE,18%,TRUE,0
NTX0004051,15-01-2025,61021.4,INR,V0031,TRUE,18%,TRUE,0
NTX0004052,15-01-2025,8819.89,INR,V0015,TRUE,18%,TRUE,0
NTX0004053,15-01-2025,4862.43,INR,V0020,TRUE,5%,FALSE,0
NTX0004054,15-01-2025,7271.47,INR,V0011,TRUE,exempt,TRUE,1
NTX0004055,15-01-2025,3693,INR,V0029,TRUE,5%,FALSE,0
NTX0004056,15-01-2025,52397.61,INR,V0014,TRUE,18%,TRUE,0
NTX0004057,15-01-2025,9995.3,INR,V0002,TRUE,18%,TRUE,0
NTX0004058,15-01-2025,5933.16,INR,V0008,TRUE,18%,TRUE,0
NTX0004059,15-01-2025,9866.08,INR,V0019,TRUE,12%,TRUE,0
NTX0004060,15-01-2025,24065.47,INR,V0010,TRUE,18%,TRUE,0
NTX0004061,15-01-2025,14208.44,INR,V0017,TRUE,18%,TRUE,0
NTX0004062,16-01-2025,7130.72,INR,V0008,TRUE,28%,TRUE,1
NTX0004063,16-01-2025,24064.14,INR,V0014,TRUE,18%,TRUE,0
NTX0004064,16-01-2025,2565.19,INR,V0019,TRUE,12%,TRUE,0
NTX0004065,16-01-2025,2856.18,INR,V0007,TRUE,5%,FALSE,0
NTX0004066,16-01-2025,31177.51,INR,V0027,TRUE,18%,TRUE,0
NTX0004067,16-01-2025,166247.87,INR,V0031,TRUE,18%,TRUE,0
NTX0004068,16-01-2025,6948.71,INR,V0019,TRUE,12%,TRUE,0
NTX0004069,16-01-2025,37212.58,INR,V0010,TRUE,18%,TRUE,0
NTX0004070,16-01-2025,5520.4,INR,V0012,TRUE,5%,FALSE,0
NTX0004071,16-01-2025,7722.75,INR,V0017,TRUE,18%,TRUE,0
NTX0004072,16-01-2025,5147.98,INR,V0025,TRUE,12%,TRUE,0
NTX0004073,16-01-2025,6301.27,INR,V0011,TRUE,12%,TRUE,0
NTX0004074,16-01-2025,6708.07,INR,V0001,TRUE,18%,TRUE,0
NTX0004075,17-01-2025,91358.07,INR,V0003,TRUE,18%,TRUE,0
NTX0004076,17-01-2025,18343.29,INR,V0006,TRUE,18%,unknown,0
NTX0004077,17-01-2025,15572.04,INR,V0004,TRUE,18%,TRUE,0
NTX0004078,17-01-2025,38147.53,INR,V0032,TRUE,18%,TRUE,0
NTX0004079,17-01-2025,39869.07,INR,V0010,TRUE,18%,TRUE,0
NTX0004080,17-01-2025,7105.96,INR,V0018,TRUE,18%,TRUE,0
NTX0004081,17-01-2025,13151.56,INR,V0004,TRUE,18%,TRUE,0
NTX0004082,17-01-2025,24098.32,INR,V0032,TRUE,18%,TRUE,0
NTX0004083,17-01-2025,4972.14,INR,V0025,TRUE,12%,TRUE,0
NTX0004084,17-01-2025,72910.27,INR,V0003,TRUE,18%,TRUE,0
NTX0004085,17-01-2025,9268.7,INR,V0019,TRUE,12%,TRUE,0
NTX0004086,17-01-2025,9573.16,INR,V0002,TRUE,18%,TRUE,0
NTX0004087,17-01-2025,5657.46,INR,V0008,TRUE,18%,TRUE,0
NTX0004088,17-01-2025,98974.35,INR,V0013,TRUE,18%,TRUE,0
NTX0004089,17-01-2025,131897.17,INR,V0003,TRUE,18%,TRUE,0
NTX0004090,17-01-2025,44784.92,INR,V0028,TRUE,18%,TRUE,0
NTX0004091,18-01-2025,5102.59,INR,V0025,TRUE,12%,TRUE,0
NTX0004092,18-01-2025,13184.59,INR,V0015,TRUE,18%,TRUE,0
NTX0004093,18-01-2025,2879.18,INR,V0026,TRUE,5%,FALSE,0
NTX0004094,18-01-2025,4656.27,INR,V0011,TRUE,12%,TRUE,0
NTX0004095,18-01-2025,3873.01,INR,V0026,TRUE,5%,FALSE,0
NTX0004096,18-01-2025,36786.83,INR,V0027,TRUE,18%,TRUE,0
NTX0004097,18-01-2025,3920.45,INR,V0016,TRUE,5%,FALSE,0
NTX0004098,18-01-2025,17876.63,INR,V0027,TRUE,18%,TRUE,0
NTX0004099,18-01-2025,116132.04,INR,V0031,TRUE,18%,TRUE,0
NTX0004100,18-01-2025,86394.05,INR,V0003,TRUE,18%,TRUE,0
NTX0004101,18-01-2025,11835.95,INR,V0015,TRUE,18%,TRUE,0
NTX0004102,18-01-2025,3902.88,INR,V0029,TRUE,5%,FALSE,0
NTX0004103,18-01-2025,7039.37,INR,V0011,TRUE,12%,TRUE,0
NTX0004104,18-01-2025,21623.79,INR,V0028,TRUE,18%,TRUE,0
NTX0004105,18-01-2025,606105.44,INR,V0003,TRUE,18%,TRUE,1
NTX0004106,18-01-2025,6240.88,INR,V0022,FALSE,exempt,FALSE,0
NTX0004107,19-01-2025,9888.79,INR,V0004,TRUE,18%,TRUE,0
NTX0004108,19-01-2025,119205.76,INR,V0003,TRUE,18%,TRUE,0
NTX0004109,19-01-2025,7013.94,INR,V0021,TRUE,5%,FALSE,0
NTX0004110,19-01-2025,4484.39,INR,V0011,TRUE,12%,TRUE,0
NTX0004111,19-01-2025,8443.12,INR,V0025,TRUE,12%,unknown,1
NTX0004112,19-01-2025,31347.58,INR,V0010,TRUE,18%,TRUE,0
NTX0004113,19-01-2025,12836.94,INR,V0001,TRUE,18%,TRUE,0
NTX0004114,19-01-2025,16460.17,INR,V0023,TRUE,18%,unknown,0
NTX0004115,19-01-2025,94516.62,INR,V0003,TRUE,18%,TRUE,0
NTX0004116,19-01-2025,110354.49,INR,V0031,TRUE,18%,TRUE,0
NTX0004117,19-01-2025,1987.21,INR,V0033,TRUE,5%,FALSE,0
NTX0004118,20-01-2025,3839.4,INR,V0026,TRUE,5%,FALSE,0
NTX0004119,20-01-2025,5304.56,INR,V0019,TRUE,12%,TRUE,0
NTX0004120,20-01-2025,4149.58,INR,V0019,TRUE,12%,unknown,1
NTX0004121,20-01-2025,6513.08,INR,V0005,TRUE,18%,TRUE,0
NTX0004122,20-01-2025,9082.8,INR,V0005,TRUE,18%,TRUE,0
NTX0004123,20-01-2025,6363.24,INR,V0011,TRUE,12%,TRUE,0
NTX0004124,20-01-2025,4214.22,INR,V0018,TRUE,18%,TRUE,0
NTX0004125,20-01-2025,11803.36,INR,V0017,TRUE,18%,TRUE,0
NTX0004126,20-01-2025,56971.88,INR,V0027,TRUE,18%,TRUE,0
NTX0004127,20-01-2025,2408.77,INR,V0033,TRUE,5%,FALSE,0
NTX0004128,20-01-2025,79699.56,INR,V0031,TRUE,18%,TRUE,1
NTX0004129,20-01-2025,40105.44,INR,V0027,TRUE,18%,TRUE,0
NTX0004130,20-01-2025,36435.68,INR,V0028,TRUE,18%,TRUE,0
NTX0004131,20-01-2025,33594.34,INR,V0032,TRUE,18%,TRUE,0
NTX0004132,20-01-2025,5555.5,INR,V0025,TRUE,28%,TRUE,1
NTX0004133,20-01-2025,109354.84,INR,V0003,TRUE,18%,TRUE,0
NTX0004134,20-01-2025,5672.9,INR,V0020,TRUE,5%,FALSE,0
NTX0004135,20-01-2025,19422.44,INR,V0023,TRUE,18%,unknown,1
NTX0004136,21-01-2025,9498.78,INR,V0004,TRUE,18%,TRUE,0
NTX0004137,21-01-2025,10873.16,INR,V0017,TRUE,18%,TRUE,0
NTX0004138,21-01-2025,10239.11,INR,V0015,TRUE,18%,TRUE,0
NTX0004139,21-01-2025,16187.76,INR,V0004,TRUE,18%,TRUE,0
NTX0004140,21-01-2025,111928.79,INR,V0013,TRUE,18%,TRUE,0
NTX0004141,21-01-2025,12719.17,INR,V0004,TRUE,18%,TRUE,0
NTX0004142,21-01-2025,12629.76,INR,V0017,TRUE,18%,TRUE,0
NTX0004143,21-01-2025,48238.19,INR,V0010,TRUE,18%,TRUE,0
NTX0004144,21-01-2025,88448.57,INR,V0031,TRUE,18%,TRUE,0
NTX0004145,21-01-2025,48616.9,INR,V0027,TRUE,18%,TRUE,0
NTX0004146,21-01-2025,30885.02,INR,V0027,TRUE,18%,TRUE,0
NTX0004147,21-01-2025,39180.51,INR,V0014,TRUE,18%,TRUE,0
NTX0004148,21-01-2025,14590.57,INR,V0017,TRUE,12%,TRUE,1
NTX0004149,21-01-2025,22376.02,INR,V0023,TRUE,18%,unknown,0
NTX0004150,22-01-2025,4425,INR,V0011,TRUE,12%,TRUE,0
NTX0004151,22-01-2025,6854.89,INR,V0018,TRUE,18%,TRUE,0
NTX0004152,22-01-2025,30827.53,INR,V0002,TRUE,18%,TRUE,0
NTX0004153,22-01-2025,4967.06,INR,V0009,FALSE,exempt,FALSE,0
NTX0004154,22-01-2025,90843.97,INR,V0010,TRUE,18%,TRUE,0
NTX0004155,22-01-2025,43415.39,INR,V0014,TRUE,12%,TRUE,1
NTX0004156,22-01-2025,71510.01,INR,V0031,TRUE,18%,TRUE,0
NTX0004157,22-01-2025,5235.55,INR,V0029,TRUE,5%,FALSE,0
NTX0004158,22-01-2025,3339.54,INR,V0033,TRUE,5%,FALSE,0
NTX0004159,22-01-2025,27633.96,INR,V0032,TRUE,18%,TRUE,0
NTX0004160,22-01-2025,6841.81,INR,V0005,TRUE,18%,TRUE,0
NTX0004161,23-01-2025,3480.64,INR,V0009,FALSE,exempt,FALSE,0
NTX0004162,23-01-2025,32655.36,INR,V0032,TRUE,18%,TRUE,0
NTX0004163,23-01-2025,10986.24,INR,V0015,TRUE,18%,TRUE,0
NTX0004164,23-01-2025,14947.07,INR,V0004,TRUE,18%,TRUE,0
NTX0004165,23-01-2025,7048.43,INR,V0004,TRUE,18%,TRUE,0
NTX0004166,23-01-2025,34632.82,INR,V0014,TRUE,18%,TRUE,0
NTX0004167,23-01-2025,14376.09,INR,V0002,TRUE,18%,TRUE,0
NTX0004168,23-01-2025,6646.11,INR,V0012,TRUE,5%,FALSE,0
NTX0004169,23-01-2025,7456.01,INR,V0018,TRUE,18%,TRUE,0
NTX0004170,23-01-2025,7259.86,INR,V0011,TRUE,12%,TRUE,0
NTX0004171,23-01-2025,8045.54,INR,V0011,TRUE,12%,TRUE,0
NTX0004172,23-01-2025,9926.39,INR,V0017,TRUE,18%,TRUE,0
NTX0004173,23-01-2025,13872.65,INR,V0004,TRUE,18%,TRUE,0
NTX0004174,23-01-2025,3273.81,INR,V0016,TRUE,5%,FALSE,0
NTX0004175,23-01-2025,10629.72,INR,V0008,TRUE,18%,TRUE,0
NTX0004176,23-01-2025,5766.12,INR,V0002,TRUE,18%,TRUE,0
NTX0004177,23-01-2025,4173.98,INR,V0011,TRUE,12%,TRUE,0
NTX0004178,23-01-2025,2587.35,INR,V0033,TRUE,5%,FALSE,0
NTX0004179,23-01-2025,7881.49,INR,V0005,TRUE,18%,TRUE,0
NTX0004180,23-01-2025,42048.99,INR,V0010,TRUE,18%,TRUE,0
NTX0004181,24-01-2025,5274.07,INR,V0025,TRUE,12%,TRUE,0
NTX0004182,24-01-2025,23657.93,INR,V0032,TRUE,18%,TRUE,0
NTX0004183,24-01-2025,12358.02,INR,V0021,TRUE,5%,FALSE,0
NTX0004184,24-01-2025,3012.72,INR,V0024,FALSE,exempt,FALSE,0
NTX0004185,24-01-2025,9825.61,INR,V0004,TRUE,18%,TRUE,0
NTX0004186,24-01-2025,63293.88,INR,V0031,TRUE,18%,TRUE,0
NTX0004187,24-01-2025,6299.71,INR,V0033,TRUE,5%,FALSE,0
NTX0004188,24-01-2025,2337.08,INR,V0026,TRUE,5%,FALSE,0
NTX0004189,24-01-2025,1729.93,INR,V0033,TRUE,5%,FALSE,0
NTX0004190,24-01-2025,2991.3,INR,V0026,TRUE,5%,FALSE,0
NTX0004191,24-01-2025,34945.23,INR,V0010,TRUE,18%,TRUE,0
NTX0004192,24-01-2025,9295.07,INR,V0002,TRUE,5%,TRUE,1
NTX0004193,25-01-2025,31058.3,INR,V0014,TRUE,18%,TRUE,0
NTX0004194,25-01-2025,66820.69,INR,V0031,TRUE,18%,TRUE,0
NTX0004195,25-01-2025,13913.08,INR,V0030,TRUE,18%,unknown,0
NTX0004196,25-01-2025,44302.28,INR,V0032,TRUE,exempt,TRUE,1
NTX0004197,25-01-2025,111733.41,INR,V0003,TRUE,18%,TRUE,0
NTX0004198,25-01-2025,4494.06,INR,V0020,TRUE,5%,FALSE,0
NTX0004199,25-01-2025,8253.61,INR,V0020,TRUE,5%,FALSE,0
NTX0004200,25-01-2025,48855.54,INR,V0010,TRUE,18%,TRUE,0
NTX0004201,25-01-2025,84383.29,INR,V0003,TRUE,18%,TRUE,0
NTX0004202,25-01-2025,2922.65,INR,V0033,TRUE,5%,FALSE,0
NTX0004203,25-01-2025,1801.7,INR,V0026,TRUE,exempt,FALSE,1
NTX0004204,25-01-2025,19037.34,INR,V0030,TRUE,18%,unknown,0
NTX0004205,25-01-2025,57407.45,INR,V0031,TRUE,18%,TRUE,0
NTX0004206,26-01-2025,24706.29,INR,V0023,TRUE,18%,unknown,0
NTX0004207,26-01-2025,4193.49,INR,V0026,TRUE,5%,FALSE,0
NTX0004208,26-01-2025,37633.9,INR,V0014,TRUE,18%,TRUE,0
NTX0004209,26-01-2025,28000.24,INR,V0010,TRUE,18%,TRUE,0
NTX0004210,26-01-2025,9765.97,INR,V0004,TRUE,18%,TRUE,0
NTX0004211,26-01-2025,4126.38,INR,V0007,TRUE,5%,FALSE,0
NTX0004212,26-01-2025,44442.21,INR,V0027,TRUE,18%,TRUE,0
NTX0004213,26-01-2025,347242.48,INR,V0032,TRUE,18%,TRUE,1
NTX0004214,26-01-2025,52511.07,INR,V0032,TRUE,18%,TRUE,0
NTX0004215,26-01-2025,5979.82,INR,V0007,TRUE,5%,FALSE,0
NTX0004216,26-01-2025,6913.28,INR,V0019,TRUE,12%,TRUE,0
NTX0004217,26-01-2025,17404.61,INR,V0004,TRUE,18%,TRUE,0
NTX0004218,26-01-2025,88727.53,INR,V0031,TRUE,18%,TRUE,0
NTX0004219,26-01-2025,105654.22,INR,V0013,TRUE,18%,TRUE,0
NTX0004220,26-01-2025,59475.71,INR,V0032,TRUE,18%,TRUE,0
NTX0004221,26-01-2025,26162.39,INR,V0014,TRUE,18%,TRUE,0
NTX0004222,27-01-2025,107647.9,INR,V0031,TRUE,18%,TRUE,0
NTX0004223,27-01-2025,12646.55,INR,V0015,TRUE,18%,TRUE,0
NTX0004224,27-01-2025,17023.12,INR,V0023,TRUE,18%,unknown,0
NTX0004225,27-01-2025,43629.11,INR,V0027,TRUE,18%,TRUE,0
NTX0004226,27-01-2025,5040.41,INR,V0011,TRUE,12%,TRUE,0
NTX0004227,27-01-2025,3634.81,INR,V0029,TRUE,5%,FALSE,0
NTX0004228,27-01-2025,70855.32,INR,V0013,TRUE,18%,TRUE,0
NTX0004229,27-01-2025,20727.06,INR,V0004,TRUE,18%,TRUE,0
NTX0004230,27-01-2025,56855.57,INR,V0028,TRUE,18%,TRUE,0
NTX0004231,27-01-2025,38743.61,INR,V0028,TRUE,18%,TRUE,0
NTX0004232,27-01-2025,2163.28,INR,V0007,TRUE,5%,FALSE,0
NTX0004233,27-01-2025,79142.13,INR,V0031,TRUE,18%,TRUE,0
NTX0004234,27-01-2025,53855.91,INR,V0014,TRUE,18%,TRUE,0
NTX0004235,27-01-2025,2170.46,INR,V0016,TRUE,5%,FALSE,0
NTX0004236,27-01-2025,135359.28,INR,V0003,TRUE,18%,TRUE,0
NTX0004237,27-01-2025,13350.52,INR,V0002,TRUE,18%,TRUE,0
NTX0004238,28-01-2025,1910.97,INR,V0007,TRUE,5%,FALSE,0
NTX0004239,28-01-2025,7287.19,INR,V0020,TRUE,5%,FALSE,0
NTX0004240,28-01-2025,78010.74,INR,V0003,TRUE,18%,TRUE,0
NTX0004241,28-01-2025,9364.98,INR,V0020,TRUE,5%,FALSE,0
NTX0004242,28-01-2025,89035.53,INR,V0031,TRUE,18%,TRUE,0
NTX0004243,28-01-2025,3055.53,INR,V0024,FALSE,exempt,FALSE,0
NTX0004244,28-01-2025,4149.92,INR,V0019,TRUE,12%,TRUE,0
NTX0004245,28-01-2025,27854.48,INR,V0006,TRUE,18%,unknown,0
NTX0004246,29-01-2025,11951.11,INR,V0004,TRUE,18%,TRUE,0
NTX0004247,29-01-2025,34231.18,INR,V0010,TRUE,18%,TRUE,0
NTX0004248,29-01-2025,14414.9,INR,V0001,TRUE,18%,TRUE,0
NTX0004249,29-01-2025,29536.21,INR,V0010,TRUE,18%,TRUE,0
NTX0004250,29-01-2025,7991.97,INR,V0005,TRUE,18%,TRUE,0
NTX0004251,29-01-2025,2254.39,INR,V0016,TRUE,5%,FALSE,0
NTX0004252,29-01-2025,3022.05,INR,V0026,TRUE,5%,FALSE,0
NTX0004253,29-01-2025,9446.69,INR,V0008,TRUE,18%,TRUE,0
NTX0004254,30-01-2025,6828.91,INR,V0019,TRUE,12%,TRUE,0
NTX0004255,30-01-2025,4423.38,INR,V0007,TRUE,5%,FALSE,0
NTX0004256,30-01-2025,5505.42,INR,V0025,TRUE,12%,TRUE,0
NTX0004257,30-01-2025,2960.52,INR,V0007,TRUE,5%,FALSE,0
NTX0004258,30-01-2025,8495.25,INR,V0025,TRUE,12%,TRUE,0
NTX0004259,30-01-2025,14368.53,INR,V0017,TRUE,18%,TRUE,0
NTX0004260,30-01-2025,5201.8,INR,V0021,TRUE,5%,FALSE,0
NTX0004261,30-01-2025,4919.79,INR,V0009,FALSE,exempt,FALSE,0
NTX0004262,30-01-2025,6134.48,INR,V0029,TRUE,5%,FALSE,0
NTX0004263,31-01-2025,11250.86,INR,V0017,TRUE,18%,TRUE,0
NTX0004264,31-01-2025,13680.36,INR,V0008,TRUE,18%,TRUE,0
NTX0004265,31-01-2025,13851.88,INR,V0017,TRUE,18%,TRUE,0
NTX0004266,31-01-2025,18150.31,INR,V0004,TRUE,18%,TRUE,0
NTX0004267,31-01-2025,11768.56,INR,V0008,TRUE,18%,TRUE,0
NTX0004268,31-01-2025,18143.42,INR,V0004,TRUE,18%,TRUE,0
NTX0004269,31-01-2025,29684.16,INR,V0028,TRUE,18%,TRUE,0
NTX0004270,31-01-2025,34895.99,INR,V0027,TRUE,18%,TRUE,0
NTX0004271,31-01-2025,25392.19,INR,V0030,TRUE,18%,unknown,0
NTX0004272,31-01-2025,99315.92,INR,V0031,TRUE,18%,TRUE,0
NTX0004273,01-02-2025,4552.18,INR,V0025,TRUE,12%,TRUE,0
NTX0004274,01-02-2025,5293.42,INR,V0012,TRUE,5%,FALSE,0
NTX0004275,01-02-2025,5059.44,INR,V0019,TRUE,12%,TRUE,0
NTX0004276,01-02-2025,19030.14,INR,V0006,TRUE,18%,unknown,0
NTX0004277,01-02-2025,19677.25,INR,V0010,TRUE,18%,TRUE,0
NTX0004278,01-02-2025,4580.46,INR,V0026,TRUE,5%,FALSE,0
NTX0004279,01-02-2025,59498.05,INR,V0003,TRUE,18%,TRUE,0
NTX0004280,01-02-2025,11967.37,INR,V0017,TRUE,18%,TRUE,0
NTX0004281,01-02-2025,96925.79,INR,V0013,TRUE,18%,TRUE,0
NTX0004282,01-02-2025,5892.06,INR,V0021,TRUE,5%,FALSE,0
NTX0004283,01-02-2025,29371.08,INR,V0032,TRUE,18%,TRUE,0
NTX0004284,01-02-2025,37530.38,INR,V0023,TRUE,18%,unknown,0
NTX0004285,01-02-2025,3733.66,INR,V0022,FALSE,exempt,FALSE,0
NTX0004286,02-02-2025,7344.27,INR,V0001,TRUE,18%,TRUE,0
NTX0004287,02-02-2025,2511.86,INR,V0033,TRUE,5%,FALSE,0
NTX0004288,02-02-2025,897657.04,INR,V0003,TRUE,18%,TRUE,1
NTX0004289,02-02-2025,17402.07,INR,V0002,TRUE,18%,TRUE,0
NTX0004290,02-02-2025,31108.4,INR,V0028,TRUE,18%,TRUE,0
NTX0004291,02-02-2025,5650.04,INR,V0019,TRUE,12%,TRUE,0
NTX0004292,02-02-2025,4138,INR,V0007,TRUE,5%,FALSE,0
NTX0004293,02-02-2025,6198.51,INR,V0025,TRUE,5%,TRUE,1
NTX0004294,02-02-2025,5243.66,INR,V0026,TRUE,5%,FALSE,0
NTX0004295,02-02-2025,38290.59,INR,V0010,TRUE,18%,TRUE,0
NTX0004296,03-02-2025,109721.66,INR,V0031,TRUE,18%,TRUE,0
NTX0004297,03-02-2025,20235.1,INR,V0027,TRUE,18%,TRUE,0
NTX0004298,03-02-2025,15634.82,INR,V0017,TRUE,18%,TRUE,0
NTX0004299,03-02-2025,62300.55,INR,V0028,TRUE,18%,TRUE,0
NTX0004300,03-02-2025,11292.34,INR,V0004,TRUE,18%,TRUE,0
NTX0004301,03-02-2025,22148.04,INR,V0014,TRUE,18%,TRUE,0
NTX0004302,03-02-2025,10374.15,INR,V0030,TRUE,18%,unknown,0
NTX0004303,03-02-2025,11537.04,INR,V0017,TRUE,18%,TRUE,0
NTX0004304,03-02-2025,5815.43,INR,V0024,FALSE,exempt,FALSE,0
NTX0004305,03-02-2025,9039.06,INR,V0025,TRUE,12%,TRUE,0
NTX0004306,04-02-2025,3851,INR,V0019,TRUE,12%,TRUE,0
NTX0004307,04-02-2025,124914.87,INR,V0003,TRUE,18%,TRUE,0
NTX0004308,04-02-2025,4674.98,INR,V0020,TRUE,5%,FALSE,0
NTX0004309,04-02-2025,10992.9,INR,V0015,TRUE,18%,TRUE,0
NTX0004310,04-02-2025,35081.15,INR,V0032,TRUE,18%,TRUE,0
NTX0004311,04-02-2025,3847.01,INR,V0011,TRUE,12%,TRUE,0
NTX0004312,04-02-2025,4469.24,INR,V0020,TRUE,5%,FALSE,0
NTX0004313,04-02-2025,6328.66,INR,V0008,TRUE,18%,TRUE,0
NTX0004314,04-02-2025,24036.6,INR,V0010,TRUE,18%,TRUE,0
NTX0004315,04-02-2025,4854.36,INR,V0005,TRUE,18%,TRUE,0
NTX0004316,04-02-2025,2908,INR,V0024,FALSE,exempt,FALSE,0
NTX0004317,04-02-2025,5337.06,INR,V0025,TRUE,12%,TRUE,0
NTX0004318,04-02-2025,4843.66,INR,V0019,TRUE,12%,TRUE,0
NTX0004319,04-02-2025,4152.29,INR,V0005,TRUE,18%,TRUE,0
NTX0004320,04-02-2025,94316.67,INR,V0031,TRUE,18%,TRUE,0
NTX0004321,04-02-2025,34378.17,INR,V0027,TRUE,18%,TRUE,0
NTX0004322,05-02-2025,18849.38,INR,V0017,TRUE,18%,TRUE,0
NTX0004323,05-02-2025,11204.44,INR,V0017,TRUE,18%,TRUE,0
NTX0004324,05-02-2025,38074.86,INR,V0027,TRUE,18%,TRUE,0
NTX0004325,05-02-2025,6198.92,INR,V0018,TRUE,18%,TRUE,0
NTX0004326,05-02-2025,20218.7,INR,V0010,TRUE,18%,TRUE,0
NTX0004327,05-02-2025,3594.05,INR,V0016,TRUE,5%,FALSE,0
NTX0004328,05-02-2025,29023.87,INR,V0014,TRUE,18%,TRUE,0
NTX0004329,05-02-2025,8398.43,INR,V0005,TRUE,18%,TRUE,0
NTX0004330,05-02-2025,32732.48,INR,V0010,TRUE,18%,TRUE,0
NTX0004331,05-02-2025,21043.56,INR,V0028,TRUE,18%,TRUE,0
NTX0004332,05-02-2025,6289.66,INR,V0011,TRUE,12%,TRUE,0
NTX0004333,05-02-2025,11902.21,INR,V0017,TRUE,18%,TRUE,0
NTX0004334,05-02-2025,10686.48,INR,V0017,TRUE,18%,TRUE,0
NTX0004335,05-02-2025,6436.27,INR,V0008,TRUE,18%,TRUE,0
NTX0004336,05-02-2025,115057.97,INR,V0031,TRUE,18%,TRUE,0
NTX0004337,05-02-2025,3309.27,INR,V0016,TRUE,5%,FALSE,0
NTX0004338,05-02-2025,27824.34,INR,V0032,TRUE,18%,TRUE,0
NTX0004339,05-02-2025,30794.98,INR,V0027,TRUE,18%,TRUE,0
NTX0004340,05-02-2025,3582.93,INR,V0007,TRUE,5%,FALSE,0
NTX0004341,05-02-2025,83145.71,INR,V0031,TRUE,18%,TRUE,0
NTX0004342,05-02-2025,41611.9,INR,V0027,TRUE,18%,TRUE,0
NTX0004343,05-02-2025,1695.1,INR,V0033,TRUE,5%,FALSE,0
NTX0004344,05-02-2025,40744.04,INR,V0028,TRUE,18%,TRUE,0
NTX0004345,06-02-2025,3629.12,INR,V0024,FALSE,exempt,FALSE,0
NTX0004346,06-02-2025,35316.86,INR,V0028,TRUE,18%,TRUE,0
NTX0004347,06-02-2025,13508.3,INR,V0008,TRUE,18%,TRUE,0
NTX0004348,06-02-2025,7409.65,INR,V0025,TRUE,12%,TRUE,0
NTX0004349,06-02-2025,2336.38,INR,V0007,TRUE,5%,FALSE,0
NTX0004350,06-02-2025,35526.23,INR,V0027,TRUE,18%,TRUE,0
NTX0004351,06-02-2025,5751.63,INR,V0020,TRUE,5%,FALSE,0
NTX0004352,06-02-2025,8631.32,INR,V0002,TRUE,18%,TRUE,0
NTX0004353,06-02-2025,10615.38,INR,V0002,TRUE,18%,TRUE,0
NTX0004354,06-02-2025,2585.4,INR,V0016,TRUE,5%,FALSE,0
NTX0004355,06-02-2025,25501.72,INR,V0028,TRUE,18%,TRUE,0
NTX0004356,06-02-2025,37889.32,INR,V0028,TRUE,18%,TRUE,0
NTX0004357,06-02-2025,11698.93,INR,V0017,TRUE,18%,TRUE,0
NTX0004358,06-02-2025,5378.97,INR,V0002,TRUE,18%,TRUE,0
NTX0004359,06-02-2025,52418.13,INR,V0010,TRUE,18%,TRUE,0
NTX0004360,07-02-2025,3548.95,INR,V0024,FALSE,exempt,FALSE,0
NTX0004361,07-02-2025,22371.76,INR,V0032,TRUE,18%,TRUE,1
NTX0004362,07-02-2025,8755.58,INR,V0005,TRUE,18%,TRUE,0
NTX0004363,07-02-2025,6012.63,INR,V0011,TRUE,12%,TRUE,0
NTX0004364,07-02-2025,15341.24,INR,V0015,TRUE,18%,TRUE,0
NTX0004365,07-02-2025,36087.98,INR,V0006,TRUE,18%,unknown,0
NTX0004366,07-02-2025,118220.99,INR,V0031,TRUE,18%,TRUE,0
NTX0004367,07-02-2025,6095.07,INR,V0019,TRUE,12%,TRUE,0
NTX0004368,07-02-2025,33542.56,INR,V0010,TRUE,18%,TRUE,0
NTX0004369,07-02-2025,18222.74,INR,V0030,TRUE,18%,unknown,0
NTX0004370,07-02-2025,47009.46,INR,V0031,TRUE,18%,TRUE,0
NTX0004371,07-02-2025,28185.1,INR,V0028,TRUE,18%,TRUE,0
NTX0004372,07-02-2025,3269.08,INR,V0016,TRUE,5%,FALSE,0
NTX0004373,07-02-2025,25888.72,INR,V0011,TRUE,12%,TRUE,1
NTX0004374,07-02-2025,46401.39,INR,V0010,TRUE,18%,TRUE,0
NTX0004375,07-02-2025,3806.37,INR,V0029,TRUE,5%,FALSE,0
NTX0004376,07-02-2025,4593.66,INR,V0016,TRUE,5%,FALSE,0
NTX0004377,07-02-2025,9182.06,INR,V0018,TRUE,18%,TRUE,0
NTX0004378,08-02-2025,8384.57,INR,V0004,TRUE,18%,TRUE,0
NTX0004379,08-02-2025,3236.19,INR,V0009,FALSE,exempt,FALSE,0
NTX0004380,08-02-2025,12128.57,INR,V0018,TRUE,18%,TRUE,0
NTX0004381,08-02-2025,2448.83,INR,V0024,FALSE,exempt,FALSE,0
NTX0004382,08-02-2025,53588.41,INR,V0028,TRUE,18%,TRUE,0
NTX0004383,08-02-2025,3121.8,INR,V0033,TRUE,5%,FALSE,1
NTX0004384,08-02-2025,97789.41,INR,V0031,TRUE,18%,TRUE,0
NTX0004385,08-02-2025,20350.31,INR,V0006,TRUE,18%,unknown,0
NTX0004386,08-02-2025,9419.82,INR,V0004,TRUE,18%,TRUE,0
NTX0004387,08-02-2025,10084.22,INR,V0005,TRUE,18%,TRUE,0
NTX0004388,08-02-2025,8780.63,INR,V0011,TRUE,12%,TRUE,0
NTX0004389,08-02-2025,142148.29,INR,V0003,TRUE,18%,TRUE,0
NTX0004390,08-02-2025,4144.18,INR,V0029,TRUE,5%,FALSE,0
NTX0004391,09-02-2025,10407.34,INR,V0018,TRUE,18%,TRUE,0
NTX0004392,09-02-2025,12362.72,INR,V0030,TRUE,18%,unknown,0
NTX0004393,09-02-2025,7004.2,INR,V0019,TRUE,12%,TRUE,0
NTX0004394,09-02-2025,14199.95,INR,V0023,TRUE,18%,unknown,0
NTX0004395,09-02-2025,29576.53,INR,V0014,TRUE,18%,TRUE,0
NTX0004396,09-02-2025,3963.44,INR,V0020,TRUE,5%,FALSE,0
NTX0004397,09-02-2025,4244.89,INR,V0021,TRUE,5%,FALSE,0
NTX0004398,09-02-2025,7282.7,INR,V0021,TRUE,5%,FALSE,0
NTX0004399,09-02-2025,37512.97,INR,V0032,TRUE,18%,TRUE,0
NTX0004400,09-02-2025,13886.07,INR,V0002,TRUE,18%,TRUE,0
NTX0004401,09-02-2025,9892.67,INR,V0005,TRUE,18%,TRUE,0
NTX0004402,09-02-2025,91859.9,INR,V0013,TRUE,5%,TRUE,1
NTX0004403,09-02-2025,1317.66,INR,V0026,TRUE,5%,FALSE,0
NTX0004404,09-02-2025,5275.17,INR,V0005,TRUE,18%,TRUE,0
NTX0004405,09-02-2025,22141.24,INR,V0030,TRUE,18%,unknown,0
NTX0004406,10-02-2025,8427.15,INR,V0021,TRUE,5%,FALSE,0
NTX0004407,10-02-2025,16248.66,INR,V0027,TRUE,18%,TRUE,0
NTX0004408,10-02-2025,26814.81,INR,V0023,TRUE,18%,unknown,0
NTX0004409,10-02-2025,29882.48,INR,V0010,TRUE,18%,TRUE,0
NTX0004410,10-02-2025,18876.38,INR,V0002,TRUE,18%,TRUE,0
NTX0004411,10-02-2025,9376.35,INR,V0018,TRUE,18%,TRUE,0
NTX0004412,10-02-2025,4375.99,INR,V0011,TRUE,12%,TRUE,0
NTX0004413,10-02-2025,11132.07,INR,V0029,TRUE,5%,FALSE,0
NTX0004414,10-02-2025,6899.54,INR,V0008,TRUE,18%,TRUE,0
NTX0004415,10-02-2025,30447.03,INR,V0014,TRUE,18%,TRUE,0
NTX0004416,10-02-2025,8415.24,INR,V0005,TRUE,18%,TRUE,0
NTX0004417,10-02-2025,8737.83,INR,V0025,TRUE,12%,TRUE,0
NTX0004418,10-02-2025,15435.21,INR,V0015,TRUE,18%,TRUE,0
NTX0004419,10-02-2025,24282.76,INR,V0030,TRUE,18%,unknown,0
NTX0004420,10-02-2025,6981.15,INR,V0025,TRUE,12%,TRUE,0
NTX0004421,10-02-2025,7691.05,INR,V0002,TRUE,18%,TRUE,0
NTX0004422,10-02-2025,4363.55,INR,V0022,FALSE,exempt,FALSE,0
NTX0004423,10-02-2025,15455.63,INR,V0015,TRUE,18%,TRUE,0
NTX0004424,10-02-2025,5447.32,INR,V0021,TRUE,5%,FALSE,0
NTX0004425,11-02-2025,25774.72,INR,V0028,TRUE,18%,TRUE,0
NTX0004426,11-02-2025,17807.51,INR,V0030,TRUE,18%,unknown,0
NTX0004427,11-02-2025,76890.59,INR,V0003,TRUE,18%,TRUE,0
NTX0004428,11-02-2025,3729.13,INR,V0026,TRUE,5%,FALSE,0
NTX0004429,11-02-2025,69652.89,INR,V0003,TRUE,18%,TRUE,0
NTX0004430,11-02-2025,11548.49,INR,V0015,TRUE,18%,TRUE,0
NTX0004431,11-02-2025,24837.94,INR,V0023,TRUE,18%,unknown,0
NTX0004432,11-02-2025,3558.41,INR,V0011,TRUE,12%,TRUE,0
NTX0004433,11-02-2025,3315.3,INR,V0019,TRUE,12%,TRUE,0
NTX0004434,11-02-2025,127426.6,INR,V0031,TRUE,18%,TRUE,0
NTX0004435,12-02-2025,10594.56,INR,V0015,TRUE,18%,TRUE,0
NTX0004436,12-02-2025,3072.88,INR,V0020,TRUE,5%,FALSE,0
NTX0004437,12-02-2025,23606.09,INR,V0014,TRUE,18%,TRUE,0
NTX0004438,12-02-2025,8668.88,INR,V0017,TRUE,18%,TRUE,0
NTX0004439,12-02-2025,5511.63,INR,V0021,TRUE,5%,FALSE,0
NTX0004440,12-02-2025,42046.57,INR,V0010,TRUE,18%,TRUE,0
NTX0004441,12-02-2025,6520.75,INR,V0020,TRUE,5%,FALSE,0
NTX0004442,12-02-2025,65128.95,INR,V0031,TRUE,18%,TRUE,0
NTX0004443,12-02-2025,6180.98,INR,V0005,TRUE,18%,TRUE,0
NTX0004444,12-02-2025,78275.85,INR,V0031,TRUE,18%,TRUE,0
NTX0004445,12-02-2025,40741.82,INR,V0014,TRUE,18%,TRUE,0
NTX0004446,12-02-2025,27567.4,INR,V0027,TRUE,18%,TRUE,0
NTX0004447,12-02-2025,11041.58,INR,V0030,TRUE,18%,unknown,0
NTX0004448,12-02-2025,30752.22,INR,V0014,TRUE,18%,TRUE,0
NTX0004449,12-02-2025,8024.24,INR,V0015,TRUE,18%,TRUE,0
NTX0004450,12-02-2025,8281.57,INR,V0019,TRUE,12%,TRUE,0
NTX0004451,13-02-2025,11594.12,INR,V0004,TRUE,18%,TRUE,0
NTX0004452,13-02-2025,114222.93,INR,V0003,TRUE,18%,TRUE,0
NTX0004453,13-02-2025,7460.6,INR,V0008,TRUE,18%,TRUE,0
NTX0004454,13-02-2025,10225.37,INR,V0005,TRUE,18%,TRUE,0
NTX0004455,13-02-2025,3956.22,INR,V0029,TRUE,5%,FALSE,0
NTX0004456,13-02-2025,10146.87,INR,V0004,TRUE,18%,TRUE,0
NTX0004457,13-02-2025,39120.52,INR,V0014,TRUE,18%,TRUE,0
NTX0004458,13-02-2025,20075.19,INR,V0004,TRUE,18%,TRUE,0
NTX0004459,13-02-2025,38440.02,INR,V0014,TRUE,18%,TRUE,0
NTX0004460,13-02-2025,39185.42,INR,V0014,TRUE,18%,TRUE,0
NTX0004461,13-02-2025,32816.68,INR,V0032,TRUE,18%,TRUE,0
NTX0004462,13-02-2025,8911.07,INR,V0015,TRUE,18%,TRUE,0
NTX0004463,13-02-2025,46326.34,INR,V0032,TRUE,18%,TRUE,0
NTX0004464,13-02-2025,2215.22,INR,V0007,TRUE,5%,FALSE,0
NTX0004465,13-02-2025,3974.86,INR,V0009,FALSE,exempt,FALSE,0
NTX0004466,13-02-2025,11233.8,INR,V0005,TRUE,18%,TRUE,0
NTX0004467,13-02-2025,33891.87,INR,V0027,TRUE,18%,TRUE,0
NTX0004468,13-02-2025,45078.26,INR,V0013,TRUE,18%,TRUE,0
NTX0004469,13-02-2025,4355.23,INR,V0019,TRUE,12%,TRUE,0
NTX0004470,13-02-2025,2792.47,INR,V0033,TRUE,5%,FALSE,0
NTX0004471,13-02-2025,101256.41,INR,V0003,TRUE,18%,TRUE,0
NTX0004472,13-02-2025,17455.37,INR,V0004,TRUE,18%,TRUE,0
NTX0004473,13-02-2025,24164,INR,V0032,TRUE,18%,TRUE,0
NTX0004474,13-02-2025,30024.93,INR,V0010,TRUE,18%,TRUE,0
NTX0004475,13-02-2025,15468.04,INR,V0023,TRUE,18%,unknown,0
NTX0004476,14-02-2025,36401.26,INR,V0010,TRUE,18%,TRUE,0
NTX0004477,14-02-2025,5146.55,INR,V0025,TRUE,12%,TRUE,0
NTX0004478,14-02-2025,80868.45,INR,V0013,TRUE,18%,TRUE,0
NTX0004479,14-02-2025,3623.64,INR,V0021,TRUE,5%,FALSE,0
NTX0004480,14-02-2025,2911.87,INR,V0022,FALSE,exempt,FALSE,0
NTX0004481,14-02-2025,5589.76,INR,V0029,TRUE,5%,FALSE,0
NTX0004482,14-02-2025,29910.49,INR,V0030,TRUE,18%,unknown,0
NTX0004483,14-02-2025,24210.53,INR,V0032,TRUE,18%,TRUE,0
NTX0004484,14-02-2025,42696.35,INR,V0032,TRUE,18%,TRUE,0
NTX0004485,14-02-2025,27864.98,INR,V0014,TRUE,18%,TRUE,0
NTX0004486,14-02-2025,68313.42,INR,V0003,TRUE,18%,TRUE,0
NTX0004487,14-02-2025,13511.34,INR,V0002,TRUE,18%,TRUE,0
NTX0004488,14-02-2025,6571.4,INR,V0012,TRUE,5%,FALSE,0
NTX0004489,14-02-2025,70781.1,INR,V0003,TRUE,18%,TRUE,0
NTX0004490,14-02-2025,4124.96,INR,V0009,FALSE,exempt,FALSE,0
NTX0004491,14-02-2025,116000.41,INR,V0031,TRUE,18%,TRUE,0
NTX0004492,15-02-2025,16399.86,INR,V0030,TRUE,18%,unknown,0
NTX0004493,15-02-2025,2327.07,INR,V0033,TRUE,5%,FALSE,0
NTX0004494,15-02-2025,27132.61,INR,V0010,TRUE,18%,TRUE,0
NTX0004495,15-02-2025,38913.89,INR,V0027,TRUE,18%,TRUE,0
NTX0004496,15-02-2025,2207.21,INR,V0024,FALSE,exempt,FALSE,0
NTX0004497,15-02-2025,3576.63,INR,V0020,TRUE,5%,FALSE,0
NTX0004498,15-02-2025,7466.43,INR,V0011,TRUE,12%,TRUE,0
NTX0004499,15-02-2025,12414.13,INR,V0030,TRUE,18%,unknown,0
NTX0004500,15-02-2025,7890.62,INR,V0018,TRUE,18%,TRUE,0
NTX0004501,15-02-2025,22890.54,INR,V0002,TRUE,18%,TRUE,0
NTX0004502,15-02-2025,10093.39,INR,V0017,TRUE,18%,TRUE,0
NTX0004503,15-02-2025,1637.53,INR,V0026,TRUE,5%,FALSE,0
NTX0004504,15-02-2025,6229.05,INR,V0011,TRUE,12%,TRUE,0
NTX0004505,15-02-2025,17657.07,INR,V0006,TRUE,18%,unknown,0
NTX0004506,16-02-2025,34042.29,INR,V0032,TRUE,18%,TRUE,0
NTX0004507,16-02-2025,11315.65,INR,V0015,TRUE,18%,TRUE,0
NTX0004508,16-02-2025,49130.08,INR,V0008,TRUE,18%,TRUE,1
NTX0004509,16-02-2025,3536.86,INR,V0026,TRUE,5%,FALSE,0
NTX0004510,16-02-2025,6868.19,INR,V0018,TRUE,18%,TRUE,0
NTX0004511,16-02-2025,20152.9,INR,V0006,TRUE,18%,unknown,0
NTX0004512,16-02-2025,14541.91,INR,V0015,TRUE,18%,TRUE,0
NTX0004513,16-02-2025,120546.48,INR,V0015,TRUE,18%,TRUE,1
NTX0004514,16-02-2025,44326.3,INR,V0032,TRUE,18%,TRUE,0
NTX0004515,16-02-2025,2001.27,INR,V0007,TRUE,5%,FALSE,0
NTX0004516,16-02-2025,89153.64,INR,V0003,TRUE,18%,TRUE,0
NTX0004517,16-02-2025,8626.71,INR,V0018,TRUE,18%,TRUE,0
NTX0004518,17-02-2025,38255.38,INR,V0027,TRUE,18%,TRUE,0
NTX0004519,17-02-2025,6188.06,INR,V0021,TRUE,5%,FALSE,0
NTX0004520,17-02-2025,2268.15,INR,V0007,TRUE,5%,FALSE,1
NTX0004521,17-02-2025,17214.79,INR,V0004,TRUE,18%,TRUE,0
NTX0004522,17-02-2025,224725.52,INR,V0014,TRUE,18%,TRUE,1
NTX0004523,17-02-2025,14883.06,INR,V0002,TRUE,18%,TRUE,0
NTX0004524,17-02-2025,4631.03,INR,V0011,TRUE,12%,TRUE,0
NTX0004525,17-02-2025,2118.18,INR,V0007,TRUE,5%,FALSE,0
NTX0004526,17-02-2025,43224.58,INR,V0014,TRUE,18%,TRUE,0
NTX0004527,18-02-2025,127286.84,INR,V0013,TRUE,18%,TRUE,0
NTX0004528,18-02-2025,4079.13,INR,V0009,FALSE,exempt,FALSE,0
NTX0004529,18-02-2025,48544.26,INR,V0027,TRUE,18%,TRUE,0
NTX0004530,18-02-2025,3981.93,INR,V0007,TRUE,5%,FALSE,0
NTX0004531,18-02-2025,2449.92,INR,V0007,TRUE,5%,FALSE,0
NTX0004532,18-02-2025,2847.38,INR,V0020,TRUE,5%,FALSE,0
NTX0004533,18-02-2025,13796.89,INR,V0002,TRUE,18%,TRUE,0
NTX0004534,18-02-2025,3337.64,INR,V0009,FALSE,exempt,FALSE,0
NTX0004535,18-02-2025,22012.03,INR,V0027,TRUE,18%,TRUE,0
NTX0004536,18-02-2025,21950.03,INR,V0002,TRUE,18%,TRUE,0
NTX0004537,18-02-2025,8358.49,INR,V0019,TRUE,12%,TRUE,0
NTX0004538,18-02-2025,4761.26,INR,V0012,TRUE,5%,FALSE,0
NTX0004539,18-02-2025,4031.15,INR,V0012,TRUE,5%,FALSE,0
NTX0004540,18-02-2025,134320.46,INR,V0031,TRUE,18%,TRUE,0
NTX0004541,18-02-2025,49482.18,INR,V0003,TRUE,18%,TRUE,0
NTX0004542,19-02-2025,60943.11,INR,V0013,TRUE,18%,TRUE,0
NTX0004543,19-02-2025,48190.8,INR,V0032,TRUE,18%,TRUE,0
NTX0004544,19-02-2025,7579.63,INR,V0019,TRUE,12%,TRUE,0
NTX0004545,19-02-2025,8250.79,INR,V0015,TRUE,18%,TRUE,0
NTX0004546,19-02-2025,8755.05,INR,V0004,TRUE,18%,TRUE,0
NTX0004547,19-02-2025,88214.96,INR,V0031,TRUE,18%,TRUE,0
NTX0004548,19-02-2025,3548.16,INR,V0016,TRUE,5%,FALSE,0
NTX0004549,19-02-2025,12635.21,INR,V0004,TRUE,18%,TRUE,0
NTX0004550,19-02-2025,47439.35,INR,V0014,TRUE,18%,TRUE,0
NTX0004551,19-02-2025,13816.18,INR,V0002,TRUE,18%,TRUE,0
NTX0004552,20-02-2025,29978.69,INR,V0010,TRUE,18%,TRUE,0
NTX0004553,20-02-2025,14659.76,INR,V0006,TRUE,18%,unknown,0
NTX0004554,20-02-2025,6763.86,INR,V0012,TRUE,5%,FALSE,0
NTX0004555,20-02-2025,4616.14,INR,V0022,FALSE,exempt,FALSE,0
NTX0004556,20-02-2025,6290.4,INR,V0018,TRUE,18%,TRUE,0
NTX0004557,20-02-2025,3827.31,INR,V0033,TRUE,5%,FALSE,0
NTX0004558,20-02-2025,41253.9,INR,V0032,TRUE,18%,TRUE,0
NTX0004559,20-02-2025,25386.01,INR,V0006,TRUE,18%,unknown,0
NTX0004560,20-02-2025,4918.96,INR,V0019,TRUE,12%,TRUE,0
NTX0004561,20-02-2025,26577.07,INR,V0027,TRUE,18%,TRUE,0
NTX0004562,20-02-2025,10416.99,INR,V0004,TRUE,18%,TRUE,0
NTX0004563,20-02-2025,42025.6,INR,V0028,TRUE,28%,TRUE,1
NTX0004564,21-02-2025,3985.14,INR,V0018,TRUE,18%,TRUE,0
NTX0004565,21-02-2025,13977.21,INR,V0002,TRUE,18%,TRUE,0
NTX0004566,21-02-2025,229368.88,INR,V0028,TRUE,18%,TRUE,1
NTX0004567,21-02-2025,7412.49,INR,V0015,TRUE,18%,TRUE,0
NTX0004568,21-02-2025,9926.92,INR,V0004,TRUE,18%,TRUE,0
NTX0004569,21-02-2025,5943.33,INR,V0018,TRUE,18%,TRUE,0
NTX0004570,21-02-2025,6676.48,INR,V0025,TRUE,12%,TRUE,0
NTX0004571,21-02-2025,77318.08,INR,V0003,TRUE,18%,TRUE,0
NTX0004572,21-02-2025,97012.82,INR,V0031,TRUE,18%,TRUE,0
NTX0004573,21-02-2025,10818.72,INR,V0015,TRUE,18%,TRUE,0
NTX0004574,21-02-2025,2421.67,INR,V0024,FALSE,exempt,FALSE,0
NTX0004575,21-02-2025,8172.33,INR,V0008,TRUE,18%,TRUE,0
NTX0004576,22-02-2025,24017.04,INR,V0032,TRUE,18%,TRUE,0
NTX0004577,22-02-2025,99934.98,INR,V0013,TRUE,18%,TRUE,0
NTX0004578,22-02-2025,3440.44,INR,V0029,TRUE,5%,FALSE,0
NTX0004579,22-02-2025,5409.07,INR,V0008,TRUE,18%,TRUE,0
NTX0004580,22-02-2025,8963.97,INR,V0015,TRUE,18%,TRUE,0
NTX0004581,22-02-2025,7883.38,INR,V0001,TRUE,18%,TRUE,0
NTX0004582,22-02-2025,3592.17,INR,V0022,FALSE,exempt,FALSE,0
NTX0004583,22-02-2025,61389.23,INR,V0013,TRUE,18%,TRUE,0
NTX0004584,22-02-2025,8596.33,INR,V0011,TRUE,12%,TRUE,0
NTX0004585,22-02-2025,3775.83,INR,V0033,TRUE,5%,FALSE,0
NTX0004586,22-02-2025,19581.4,INR,V0023,TRUE,18%,unknown,0
NTX0004587,23-02-2025,54609.43,INR,V0031,TRUE,18%,TRUE,0
NTX0004588,23-02-2025,43992.36,INR,V0027,TRUE,18%,TRUE,0
NTX0004589,23-02-2025,12766.51,INR,V0015,TRUE,18%,TRUE,0
NTX0004590,23-02-2025,11752.13,INR,V0008,TRUE,18%,TRUE,0
NTX0004591,23-02-2025,7566.43,INR,V0005,TRUE,18%,TRUE,0
NTX0004592,23-02-2025,14360.73,INR,V0018,TRUE,18%,TRUE,0
NTX0004593,23-02-2025,11010.8,INR,V0019,TRUE,12%,TRUE,0
NTX0004594,23-02-2025,13338.95,INR,V0018,TRUE,18%,TRUE,0
NTX0004595,23-02-2025,3162.93,INR,V0011,TRUE,12%,TRUE,0
NTX0004596,23-02-2025,11208.19,INR,V0018,TRUE,18%,TRUE,0
NTX0004597,23-02-2025,43674.54,INR,V0010,TRUE,18%,TRUE,0
NTX0004598,23-02-2025,6674.13,INR,V0001,TRUE,18%,TRUE,0
NTX0004599,23-02-2025,26488.3,INR,V0030,TRUE,18%,unknown,0
NTX0004600,23-02-2025,5326.91,INR,V0020,TRUE,5%,FALSE,0
NTX0004601,24-02-2025,3346.31,INR,V0033,TRUE,5%,FALSE,0
NTX0004602,24-02-2025,148001.91,INR,V0003,TRUE,18%,TRUE,0
NTX0004603,24-02-2025,25082.72,INR,V0032,TRUE,18%,TRUE,0
NTX0004604,24-02-2025,127931.94,INR,V0031,TRUE,18%,TRUE,0
NTX0004605,24-02-2025,18306.4,INR,V0023,TRUE,18%,unknown,0
NTX0004606,24-02-2025,90755.46,INR,V0013,TRUE,18%,TRUE,0
NTX0004607,24-02-2025,11576.58,INR,V0002,TRUE,18%,TRUE,0
NTX0004608,24-02-2025,6192.98,INR,V0019,TRUE,12%,TRUE,0
NTX0004609,24-02-2025,41504.22,INR,V0028,TRUE,18%,TRUE,0
NTX0004610,24-02-2025,27539.18,INR,V0028,TRUE,18%,TRUE,0
NTX0004611,24-02-2025,14401.27,INR,V0015,TRUE,18%,TRUE,0
NTX0004612,24-02-2025,12976.69,INR,V0004,TRUE,18%,TRUE,0
NTX0004613,24-02-2025,8189.19,INR,V0002,TRUE,18%,TRUE,0
NTX0004614,24-02-2025,8010.74,INR,V0001,TRUE,18%,TRUE,0
NTX0004615,24-02-2025,29507.14,INR,V0030,TRUE,18%,unknown,0
NTX0004616,24-02-2025,9448.33,INR,V0004,TRUE,18%,TRUE,0
NTX0004617,24-02-2025,3318.84,INR,V0007,TRUE,5%,FALSE,0
NTX0004618,24-02-2025,13779.89,INR,V0006,TRUE,18%,unknown,0
NTX0004619,25-02-2025,6491.23,INR,V0019,TRUE,12%,TRUE,0
NTX0004620,25-02-2025,56224.77,INR,V0031,TRUE,18%,TRUE,0
NTX0004621,25-02-2025,8473.73,INR,V0015,TRUE,18%,TRUE,0
NTX0004622,25-02-2025,4933.82,INR,V0029,TRUE,5%,FALSE,0
NTX0004623,25-02-2025,39663.82,INR,V0010,TRUE,18%,TRUE,0
NTX0004624,25-02-2025,5136.09,INR,V0001,TRUE,18%,TRUE,0
NTX0004625,25-02-2025,10027.32,INR,V0002,TRUE,18%,TRUE,0
NTX0004626,25-02-2025,7315.72,INR,V0005,TRUE,18%,unknown,1
NTX0004627,25-02-2025,9481.5,INR,V0008,TRUE,18%,TRUE,0
NTX0004628,25-02-2025,15324.43,INR,V0015,TRUE,18%,TRUE,0
NTX0004629,25-02-2025,23758.39,INR,V0027,TRUE,18%,TRUE,0
NTX0004630,25-02-2025,3670.14,INR,V0012,TRUE,5%,FALSE,0
NTX0004631,25-02-2025,10086.49,INR,V0004,TRUE,18%,TRUE,0
NTX0004632,25-02-2025,4848.84,INR,V0025,TRUE,12%,TRUE,0
NTX0004633,25-02-2025,81313.3,INR,V0031,TRUE,18%,TRUE,0
NTX0004634,25-02-2025,103154.05,INR,V0013,TRUE,18%,TRUE,0
NTX0004635,25-02-2025,2805.29,INR,V0007,TRUE,5%,FALSE,0
NTX0004636,25-02-2025,3270.55,INR,V0033,TRUE,5%,FALSE,0
NTX0004637,26-02-2025,18410.76,INR,V0006,TRUE,18%,unknown,0
NTX0004638,26-02-2025,17793.39,INR,V0002,TRUE,18%,TRUE,0
NTX0004639,26-02-2025,33003.76,INR,V0027,TRUE,18%,TRUE,0
NTX0004640,26-02-2025,53458.78,INR,V0027,TRUE,18%,TRUE,0
NTX0004641,26-02-2025,74795.12,INR,V0013,TRUE,18%,TRUE,0
NTX0004642,27-02-2025,74563.67,INR,V0013,TRUE,18%,TRUE,0
NTX0004643,27-02-2025,32367.77,INR,V0028,TRUE,18%,TRUE,0
NTX0004644,27-02-2025,5221.04,INR,V0011,TRUE,12%,TRUE,0
NTX0004645,27-02-2025,3820.67,INR,V0016,TRUE,5%,FALSE,0
NTX0004646,27-02-2025,8472.5,INR,V0020,TRUE,5%,FALSE,0
NTX0004647,27-02-2025,13732.63,INR,V0017,TRUE,18%,TRUE,0
NTX0004648,27-02-2025,5815.93,INR,V0025,TRUE,12%,TRUE,0
NTX0004649,27-02-2025,2979.06,INR,V0016,TRUE,5%,FALSE,0
NTX0004650,27-02-2025,103117.28,INR,V0003,TRUE,18%,TRUE,0
NTX0004651,27-02-2025,114123.76,INR,V0013,TRUE,18%,TRUE,0
NTX0004652,27-02-2025,16441.82,INR,V0023,TRUE,18%,unknown,0
NTX0004653,27-02-2025,131399.79,INR,V0013,TRUE,18%,TRUE,0
NTX0004654,27-02-2025,9277.59,INR,V0018,TRUE,18%,TRUE,0
NTX0004655,27-02-2025,30574.88,INR,V0032,TRUE,18%,TRUE,0
NTX0004656,27-02-2025,20153.08,INR,V0010,TRUE,18%,TRUE,0
NTX0004657,28-02-2025,94227.26,INR,V0003,TRUE,18%,TRUE,0
NTX0004658,28-02-2025,48945.18,INR,V0032,TRUE,18%,TRUE,0
NTX0004659,28-02-2025,48124.09,INR,V0028,TRUE,18%,TRUE,0
NTX0004660,28-02-2025,14994.07,INR,V0023,TRUE,18%,unknown,0
NTX0004661,28-02-2025,27419.47,INR,V0028,TRUE,18%,TRUE,0
NTX0004662,28-02-2025,16370.72,INR,V0006,TRUE,18%,unknown,0
NTX0004663,28-02-2025,6651.1,INR,V0009,FALSE,exempt,FALSE,0
NTX0004664,28-02-2025,105156.15,INR,V0003,TRUE,18%,TRUE,0
NTX0004665,28-02-2025,82489.83,INR,V0013,TRUE,18%,TRUE,0
NTX0004666,28-02-2025,23020.08,INR,V0030,TRUE,18%,unknown,0
NTX0004667,28-02-2025,26113.49,INR,V0032,TRUE,18%,TRUE,0
NTX0004668,28-02-2025,19637.33,INR,V0015,TRUE,18%,TRUE,0
NTX0004669,28-02-2025,1887.67,INR,V0026,TRUE,5%,FALSE,0
NTX0004670,28-02-2025,105471.4,INR,V0003,TRUE,18%,TRUE,0
NTX0004671,28-02-2025,6950.7,INR,V0019,TRUE,12%,TRUE,0
NTX0004672,28-02-2025,14770.14,INR,V0018,TRUE,18%,TRUE,0
NTX0004673,01-03-2025,70397.86,INR,V0013,TRUE,18%,TRUE,0
NTX0004674,01-03-2025,72389.82,INR,V0013,TRUE,18%,TRUE,0
NTX0004675,01-03-2025,4019.13,INR,V0025,TRUE,12%,TRUE,0
NTX0004676,01-03-2025,6552.22,INR,V0021,TRUE,5%,FALSE,0
NTX0004677,01-03-2025,12089.87,INR,V0015,TRUE,18%,TRUE,1
NTX0004678,01-03-2025,44086.42,INR,V0027,TRUE,18%,TRUE,0
NTX0004679,01-03-2025,8181.02,INR,V0008,TRUE,18%,TRUE,0
NTX0004680,01-03-2025,50041.39,INR,V0027,TRUE,18%,TRUE,0
NTX0004681,01-03-2025,3424,INR,V0026,TRUE,5%,FALSE,0
NTX0004682,01-03-2025,10425.66,INR,V0002,TRUE,18%,TRUE,0
NTX0004683,01-03-2025,4818.45,INR,V0029,TRUE,exempt,FALSE,1
NTX0004684,01-03-2025,30734.97,INR,V0014,TRUE,18%,TRUE,0
NTX0004685,01-03-2025,6230.66,INR,V0025,TRUE,12%,TRUE,0
NTX0004686,01-03-2025,6389.1,INR,V0025,TRUE,12%,TRUE,0
NTX0004687,01-03-2025,50154.98,INR,V0013,TRUE,18%,TRUE,0
NTX0004688,02-03-2025,6508.54,INR,V0012,TRUE,5%,FALSE,0
NTX0004689,02-03-2025,40325.79,INR,V0010,TRUE,18%,TRUE,0
NTX0004690,02-03-2025,9715.25,INR,V0015,TRUE,18%,TRUE,0
NTX0004691,02-03-2025,533860.16,INR,V0013,TRUE,18%,TRUE,1
NTX0004692,02-03-2025,30299.89,INR,V0006,TRUE,18%,unknown,0
NTX0004693,02-03-2025,18543.44,INR,V0006,TRUE,18%,unknown,0
NTX0004694,02-03-2025,51796.17,INR,V0032,TRUE,18%,TRUE,0
NTX0004695,02-03-2025,31093.23,INR,V0006,TRUE,18%,unknown,0
NTX0004696,02-03-2025,47571.62,INR,V0027,TRUE,18%,TRUE,0
NTX0004697,02-03-2025,10778.3,INR,V0004,TRUE,18%,TRUE,0
NTX0004698,02-03-2025,4911.81,INR,V0005,TRUE,18%,TRUE,1
NTX0004699,02-03-2025,90681.55,INR,V0031,TRUE,18%,TRUE,0
NTX0004700,02-03-2025,2666.91,INR,V0009,FALSE,exempt,FALSE,0
NTX0004701,02-03-2025,8236.83,INR,V0001,TRUE,18%,TRUE,0
NTX0004702,03-03-2025,4422.29,INR,V0001,TRUE,18%,TRUE,0
NTX0004703,03-03-2025,136785.07,INR,V0031,TRUE,18%,TRUE,0
NTX0004704,03-03-2025,6237.2,INR,V0012,TRUE,5%,FALSE,0
NTX0004705,03-03-2025,12613.66,INR,V0006,TRUE,18%,unknown,0
NTX0004706,03-03-2025,4462.08,INR,V0001,TRUE,18%,TRUE,0
NTX0004707,03-03-2025,4608.74,INR,V0005,TRUE,18%,TRUE,0
NTX0004708,03-03-2025,72805.6,INR,V0031,TRUE,18%,TRUE,0
NTX0004709,03-03-2025,12285.17,INR,V0004,TRUE,18%,TRUE,0
NTX0004710,03-03-2025,6309.91,INR,V0029,TRUE,5%,FALSE,0
NTX0004711,03-03-2025,5961.01,INR,V0021,TRUE,5%,FALSE,0
NTX0004712,03-03-2025,11997.4,INR,V0004,TRUE,18%,TRUE,0
NTX0004713,03-03-2025,6903.85,INR,V0011,TRUE,12%,TRUE,0
NTX0004714,03-03-2025,29360.41,INR,V0032,TRUE,18%,TRUE,0
NTX0004715,03-03-2025,39926.92,INR,V0028,TRUE,18%,TRUE,0
NTX0004716,03-03-2025,7033.54,INR,V0001,TRUE,18%,TRUE,0
NTX0004717,03-03-2025,114013.36,INR,V0013,TRUE,18%,TRUE,0
NTX0004718,03-03-2025,49703.91,INR,V0014,TRUE,18%,TRUE,0
NTX0004719,03-03-2025,44578.37,INR,V0028,TRUE,18%,TRUE,0
NTX0004720,03-03-2025,27223.97,INR,V0010,TRUE,18%,TRUE,0
NTX0004721,03-03-2025,41291.5,INR,V0027,TRUE,18%,TRUE,0
NTX0004722,03-03-2025,200529.2,INR,V0027,TRUE,18%,TRUE,1
NTX0004723,03-03-2025,123638.88,INR,V0013,TRUE,18%,TRUE,0
NTX0004724,03-03-2025,7990.71,INR,V0004,TRUE,18%,TRUE,0
NTX0004725,04-03-2025,13945.68,INR,V0010,TRUE,18%,TRUE,0
NTX0004726,04-03-2025,3387.97,INR,V0007,TRUE,5%,FALSE,0
NTX0004727,04-03-2025,3671.4,INR,V0011,TRUE,12%,TRUE,0
NTX0004728,04-03-2025,4238.02,INR,V0011,TRUE,12%,TRUE,0
NTX0004729,04-03-2025,4211.41,INR,V0025,TRUE,12%,TRUE,0
NTX0004730,04-03-2025,6006.2,INR,V0001,TRUE,18%,TRUE,0
NTX0004731,04-03-2025,35162.94,INR,V0027,TRUE,18%,TRUE,0
NTX0004732,04-03-2025,47021.42,INR,V0014,TRUE,18%,TRUE,0
NTX0004733,04-03-2025,16233.79,INR,V0002,TRUE,18%,TRUE,0
NTX0004734,04-03-2025,1426.58,INR,V0033,TRUE,5%,FALSE,0
NTX0004735,04-03-2025,3828.49,INR,V0022,FALSE,exempt,FALSE,0
NTX0004736,04-03-2025,10508.22,INR,V0015,TRUE,18%,TRUE,0
NTX0004737,04-03-2025,6922.92,INR,V0029,TRUE,5%,FALSE,0
NTX0004738,04-03-2025,21766.44,INR,V0014,TRUE,18%,TRUE,0
NTX0004739,05-03-2025,4272.6,INR,V0007,TRUE,5%,FALSE,0
NTX0004740,05-03-2025,10822.39,INR,V0004,TRUE,18%,TRUE,0
NTX0004741,05-03-2025,4430.39,INR,V0029,TRUE,5%,FALSE,0
NTX0004742,05-03-2025,60028.67,INR,V0010,TRUE,18%,TRUE,0
NTX0004743,05-03-2025,10668.53,INR,V0015,TRUE,18%,TRUE,0
NTX0004744,05-03-2025,5750.99,INR,V0019,TRUE,12%,TRUE,0
NTX0004745,05-03-2025,8256.49,INR,V0008,TRUE,18%,TRUE,0
NTX0004746,05-03-2025,96567.91,INR,V0031,TRUE,18%,TRUE,0
NTX0004747,05-03-2025,43187.39,INR,V0027,TRUE,18%,TRUE,0
NTX0004748,05-03-2025,26482.56,INR,V0014,TRUE,18%,TRUE,0
NTX0004749,06-03-2025,5330.59,INR,V0011,TRUE,12%,TRUE,0
NTX0004750,06-03-2025,75915,INR,V0031,TRUE,18%,TRUE,0
NTX0004751,06-03-2025,8294.37,INR,V0008,TRUE,18%,TRUE,0
NTX0004752,06-03-2025,15136.51,INR,V0004,TRUE,18%,TRUE,0
NTX0004753,06-03-2025,3041.24,INR,V0007,TRUE,5%,FALSE,0
NTX0004754,06-03-2025,10413.1,INR,V0011,TRUE,12%,TRUE,0
NTX0004755,06-03-2025,7395.48,INR,V0018,TRUE,18%,TRUE,0
NTX0004756,06-03-2025,4061.1,INR,V0022,FALSE,exempt,FALSE,0
NTX0004757,06-03-2025,45902.42,INR,V0014,TRUE,18%,TRUE,0
NTX0004758,06-03-2025,33518.72,INR,V0032,TRUE,18%,TRUE,0
NTX0004759,07-03-2025,17565.91,INR,V0015,TRUE,18%,TRUE,0
NTX0004760,07-03-2025,9245.52,INR,V0001,TRUE,18%,TRUE,0
NTX0004761,07-03-2025,13061.43,INR,V0015,TRUE,18%,TRUE,0
NTX0004762,07-03-2025,14740.08,INR,V0002,TRUE,18%,TRUE,0
NTX0004763,07-03-2025,26776.3,INR,V0032,TRUE,18%,TRUE,0
NTX0004764,07-03-2025,6503.96,INR,V0020,TRUE,5%,FALSE,0
NTX0004765,07-03-2025,116095.17,INR,V0003,TRUE,18%,TRUE,0
NTX0004766,07-03-2025,109875.1,INR,V0003,TRUE,18%,TRUE,0
NTX0004767,07-03-2025,43945.61,INR,V0010,TRUE,18%,TRUE,0
NTX0004768,07-03-2025,45771.75,INR,V0028,TRUE,18%,TRUE,0
NTX0004769,07-03-2025,35084.84,INR,V0032,TRUE,18%,TRUE,0
NTX0004770,07-03-2025,153501.28,INR,V0013,TRUE,18%,TRUE,0
NTX0004771,07-03-2025,33977.82,INR,V0014,TRUE,18%,TRUE,0
NTX0004772,07-03-2025,9947.45,INR,V0004,TRUE,18%,TRUE,0
NTX0004773,07-03-2025,7848.73,INR,V0004,TRUE,18%,TRUE,0
NTX0004774,07-03-2025,6162.41,INR,V0005,TRUE,18%,TRUE,0
NTX0004775,07-03-2025,28775.32,INR,V0004,TRUE,18%,TRUE,0
NTX0004776,07-03-2025,1395.34,INR,V0026,TRUE,5%,FALSE,0
NTX0004777,08-03-2025,31618.57,INR,V0014,TRUE,18%,TRUE,0
NTX0004778,08-03-2025,3567.93,INR,V0026,TRUE,5%,FALSE,0
NTX0004779,08-03-2025,40374.3,INR,V0028,TRUE,18%,TRUE,0
NTX0004780,08-03-2025,25727,INR,V0027,TRUE,18%,TRUE,0
NTX0004781,08-03-2025,6753.35,INR,V0025,TRUE,12%,TRUE,0
NTX0004782,08-03-2025,7327.2,INR,V0018,TRUE,18%,TRUE,0
NTX0004783,08-03-2025,1889.75,INR,V0016,TRUE,5%,FALSE,0
NTX0004784,08-03-2025,58682.45,INR,V0031,TRUE,18%,TRUE,0
NTX0004785,08-03-2025,38973.42,INR,V0032,TRUE,18%,TRUE,0
NTX0004786,08-03-2025,12531.08,INR,V0018,TRUE,18%,TRUE,0
NTX0004787,08-03-2025,2037.19,INR,V0016,TRUE,5%,FALSE,0
NTX0004788,08-03-2025,13994.97,INR,V0002,TRUE,18%,TRUE,0
NTX0004789,08-03-2025,78456.06,INR,V0031,TRUE,18%,TRUE,0
NTX0004790,08-03-2025,15636.25,INR,V0028,TRUE,18%,TRUE,0
NTX0004791,09-03-2025,8004.55,INR,V0019,TRUE,12%,TRUE,0
NTX0004792,09-03-2025,36668.22,INR,V0032,TRUE,18%,TRUE,0
NTX0004793,09-03-2025,30670.11,INR,V0014,TRUE,18%,TRUE,0
NTX0004794,09-03-2025,63366.42,INR,V0031,TRUE,18%,TRUE,0
NTX0004795,09-03-2025,6892.15,INR,V0002,TRUE,18%,TRUE,0
NTX0004796,09-03-2025,24195.82,INR,V0023,TRUE,18%,unknown,0
NTX0004797,09-03-2025,10051.26,INR,V0025,TRUE,12%,TRUE,0
NTX0004798,09-03-2025,3452.89,INR,V0022,FALSE,exempt,FALSE,0
NTX0004799,09-03-2025,20119.85,INR,V0027,TRUE,18%,TRUE,0
NTX0004800,09-03-2025,42039.44,INR,V0033,TRUE,5%,FALSE,1
NTX0004801,09-03-2025,2079.45,INR,V0026,TRUE,5%,FALSE,0
NTX0004802,09-03-2025,4799.88,INR,V0007,TRUE,5%,FALSE,0
NTX0004803,09-03-2025,8813.18,INR,V0001,TRUE,18%,TRUE,0
NTX0004804,09-03-2025,4465.21,INR,V0020,TRUE,5%,FALSE,0
NTX0004805,09-03-2025,87400.54,INR,V0003,TRUE,18%,TRUE,0
NTX0004806,09-03-2025,8541.97,INR,V0002,TRUE,18%,TRUE,0
NTX0004807,09-03-2025,10061.26,INR,V0004,TRUE,18%,TRUE,0
NTX0004808,09-03-2025,46239.65,INR,V0014,TRUE,18%,TRUE,0
NTX0004809,10-03-2025,81455.91,INR,V0003,TRUE,18%,TRUE,0
NTX0004810,10-03-2025,99331.69,INR,V0003,TRUE,18%,unknown,1
NTX0004811,10-03-2025,40442,INR,V0032,TRUE,18%,TRUE,0
NTX0004812,10-03-2025,58958.62,INR,V0027,TRUE,18%,TRUE,0
NTX0004813,10-03-2025,2074.71,INR,V0016,TRUE,5%,FALSE,0
NTX0004814,10-03-2025,4207.44,INR,V0026,TRUE,5%,FALSE,0
NTX0004815,10-03-2025,27199,INR,V0010,TRUE,18%,TRUE,0
NTX0004816,10-03-2025,9732.96,INR,V0008,TRUE,18%,TRUE,0
NTX0004817,10-03-2025,3276.16,INR,V0026,TRUE,5%,FALSE,0
NTX0004818,10-03-2025,5517.79,INR,V0025,TRUE,12%,TRUE,0
NTX0004819,10-03-2025,12881.66,INR,V0001,TRUE,18%,TRUE,0
NTX0004820,11-03-2025,9248.31,INR,V0015,TRUE,18%,TRUE,0
NTX0004821,11-03-2025,11455.6,INR,V0001,TRUE,18%,TRUE,0
NTX0004822,11-03-2025,5159.43,INR,V0025,TRUE,12%,TRUE,0
NTX0004823,11-03-2025,17262.82,INR,V0004,TRUE,18%,TRUE,0
NTX0004824,11-03-2025,6214.07,INR,V0011,TRUE,12%,TRUE,0
NTX0004825,11-03-2025,56200.42,INR,V0032,TRUE,18%,TRUE,0
NTX0004826,11-03-2025,43261.76,INR,V0010,TRUE,18%,TRUE,0
NTX0004827,11-03-2025,68918.46,INR,V0003,TRUE,18%,TRUE,0
NTX0004828,11-03-2025,7966.33,INR,V0011,TRUE,12%,TRUE,0
NTX0004829,11-03-2025,5745.86,INR,V0025,TRUE,12%,TRUE,0
NTX0004830,11-03-2025,325930.72,INR,V0014,TRUE,18%,TRUE,1
NTX0004831,11-03-2025,56466.02,INR,V0003,TRUE,18%,TRUE,0
NTX0004832,11-03-2025,30092.85,INR,V0028,TRUE,18%,TRUE,0
NTX0004833,11-03-2025,4540.67,INR,V0012,TRUE,5%,FALSE,0
NTX0004834,11-03-2025,10706.21,INR,V0018,TRUE,18%,TRUE,0
NTX0004835,12-03-2025,31588.63,INR,V0010,TRUE,18%,TRUE,0
NTX0004836,12-03-2025,10247.65,INR,V0004,TRUE,18%,TRUE,0
NTX0004837,12-03-2025,8358.59,INR,V0025,TRUE,12%,TRUE,0
NTX0004838,12-03-2025,96993.71,INR,V0013,TRUE,18%,TRUE,0
NTX0004839,12-03-2025,7322.5,INR,V0005,TRUE,18%,TRUE,0
NTX0004840,12-03-2025,10314.4,INR,V0015,TRUE,18%,TRUE,0
NTX0004841,12-03-2025,87715.39,INR,V0013,TRUE,18%,TRUE,0
NTX0004842,12-03-2025,62361.57,INR,V0014,TRUE,18%,TRUE,0
NTX0004843,12-03-2025,9026.06,INR,V0002,TRUE,18%,TRUE,0
NTX0004844,12-03-2025,6246.6,INR,V0001,TRUE,18%,TRUE,0
NTX0004845,12-03-2025,16819.74,INR,V0006,TRUE,18%,unknown,0
NTX0004846,12-03-2025,7935.26,INR,V0011,TRUE,12%,TRUE,0
NTX0004847,12-03-2025,142051.54,INR,V0013,TRUE,18%,TRUE,0
NTX0004848,13-03-2025,31915.47,INR,V0010,TRUE,18%,TRUE,0
NTX0004849,13-03-2025,3736.79,INR,V0019,TRUE,12%,FALSE,1
NTX0004850,13-03-2025,3951.86,INR,V0011,TRUE,12%,TRUE,0
NTX0004851,13-03-2025,4258.05,INR,V0011,TRUE,12%,TRUE,0
NTX0004852,13-03-2025,60618.17,INR,V0003,TRUE,18%,TRUE,0
NTX0004853,13-03-2025,136496.27,INR,V0031,TRUE,18%,TRUE,0
NTX0004854,13-03-2025,72553.93,INR,V0031,TRUE,18%,TRUE,0
NTX0004855,13-03-2025,7253.25,INR,V0019,TRUE,12%,TRUE,0
NTX0004856,13-03-2025,52003.81,INR,V0003,TRUE,18%,TRUE,0
NTX0004857,13-03-2025,19483.59,INR,V0032,TRUE,18%,TRUE,0
NTX0004858,13-03-2025,6403.74,INR,V0011,TRUE,12%,TRUE,0
NTX0004859,13-03-2025,13760.78,INR,V0002,TRUE,18%,TRUE,0
NTX0004860,13-03-2025,4643.61,INR,V0011,TRUE,12%,TRUE,0
NTX0004861,13-03-2025,53457.39,INR,V0003,TRUE,18%,TRUE,0
NTX0004862,14-03-2025,70794.81,INR,V0013,TRUE,18%,TRUE,0
NTX0004863,14-03-2025,117527.3,INR,V0013,TRUE,18%,TRUE,0
NTX0004864,14-03-2025,4043.79,INR,V0009,FALSE,exempt,FALSE,0
NTX0004865,14-03-2025,19353.35,INR,V0006,TRUE,18%,unknown,0
NTX0004866,14-03-2025,84197.95,INR,V0031,TRUE,18%,TRUE,0
NTX0004867,14-03-2025,30632.14,INR,V0032,TRUE,18%,TRUE,0
NTX0004868,14-03-2025,23415.6,INR,V0016,TRUE,5%,FALSE,1
NTX0004869,14-03-2025,35077.39,INR,V0010,TRUE,18%,TRUE,0
NTX0004870,14-03-2025,11216.66,INR,V0017,TRUE,18%,TRUE,0
NTX0004871,14-03-2025,32928.25,INR,V0032,TRUE,18%,TRUE,0
NTX0004872,14-03-2025,2010.65,INR,V0026,TRUE,5%,FALSE,0
NTX0004873,14-03-2025,32879.84,INR,V0010,TRUE,18%,TRUE,0
NTX0004874,14-03-2025,23290.71,INR,V0015,TRUE,18%,TRUE,0
NTX0004875,14-03-2025,20652.67,INR,V0010,TRUE,18%,TRUE,0
NTX0004876,14-03-2025,2145.81,INR,V0016,TRUE,5%,FALSE,0
NTX0004877,14-03-2025,40021.93,INR,V0027,TRUE,18%,TRUE,0
NTX0004878,15-03-2025,4509.39,INR,V0012,TRUE,5%,FALSE,0
NTX0004879,15-03-2025,32488.31,INR,V0010,TRUE,18%,TRUE,0
NTX0004880,15-03-2025,68427.99,INR,V0010,TRUE,18%,TRUE,0
NTX0004881,15-03-2025,7130.8,INR,V0024,FALSE,exempt,FALSE,0
NTX0004882,15-03-2025,10319.47,INR,V0017,TRUE,18%,TRUE,0
NTX0004883,15-03-2025,5857.89,INR,V0001,TRUE,18%,TRUE,0
NTX0004884,15-03-2025,8691.5,INR,V0018,TRUE,18%,TRUE,0
NTX0004885,15-03-2025,7704.5,INR,V0012,TRUE,5%,FALSE,0
NTX0004886,15-03-2025,39026.21,INR,V0028,TRUE,12%,TRUE,1
NTX0004887,15-03-2025,895911.92,INR,V0031,TRUE,18%,TRUE,1
NTX0004888,16-03-2025,6493.16,INR,V0018,TRUE,18%,TRUE,0
NTX0004889,16-03-2025,19669.66,INR,V0032,TRUE,18%,FALSE,1
NTX0004890,16-03-2025,11425.86,INR,V0004,TRUE,18%,TRUE,0
NTX0004891,16-03-2025,258300,INR,V0028,TRUE,18%,TRUE,1
NTX0004892,16-03-2025,2311.87,INR,V0007,TRUE,5%,FALSE,0
NTX0004893,16-03-2025,72568.51,INR,V0003,TRUE,18%,TRUE,0
NTX0004894,16-03-2025,10157.52,INR,V0019,TRUE,12%,TRUE,0
NTX0004895,16-03-2025,43362.9,INR,V0013,TRUE,18%,TRUE,0
NTX0004896,16-03-2025,158041.43,INR,V0013,TRUE,18%,TRUE,0
NTX0004897,16-03-2025,21041.21,INR,V0028,TRUE,18%,TRUE,0
NTX0004898,16-03-2025,15564.13,INR,V0017,TRUE,18%,TRUE,0
NTX0004899,16-03-2025,27469.8,INR,V0014,TRUE,18%,TRUE,0
NTX0004900,16-03-2025,139928.86,INR,V0003,TRUE,18%,TRUE,0
NTX0004901,16-03-2025,79708.14,INR,V0031,TRUE,18%,TRUE,0
NTX0004902,16-03-2025,112667.82,INR,V0013,TRUE,18%,TRUE,0
NTX0004903,17-03-2025,34615.34,INR,V0014,TRUE,18%,TRUE,0
NTX0004904,17-03-2025,39265.27,INR,V0027,TRUE,18%,TRUE,0
NTX0004905,17-03-2025,5165.08,INR,V0008,TRUE,18%,TRUE,0
NTX0004906,17-03-2025,8853.81,INR,V0004,TRUE,18%,TRUE,0
NTX0004907,17-03-2025,10616.69,INR,V0011,TRUE,12%,TRUE,0
NTX0004908,17-03-2025,11834.03,INR,V0017,TRUE,18%,TRUE,0
NTX0004909,17-03-2025,42599.36,INR,V0014,TRUE,18%,TRUE,0
NTX0004910,17-03-2025,115421.11,INR,V0031,TRUE,18%,TRUE,0
NTX0004911,17-03-2025,75125.15,INR,V0003,TRUE,18%,TRUE,0
NTX0004912,17-03-2025,7415.61,INR,V0001,TRUE,18%,TRUE,0
NTX0004913,17-03-2025,20142.88,INR,V0023,TRUE,18%,unknown,0
NTX0004914,17-03-2025,85730.35,INR,V0003,TRUE,18%,FALSE,1
NTX0004915,17-03-2025,4002.32,INR,V0009,FALSE,exempt,FALSE,0
NTX0004916,17-03-2025,13630.31,INR,V0015,TRUE,18%,TRUE,0
NTX0004917,17-03-2025,15754.48,INR,V0017,TRUE,18%,TRUE,0
NTX0004918,17-03-2025,7715.7,INR,V0025,TRUE,12%,TRUE,0
NTX0004919,18-03-2025,4919.93,INR,V0021,TRUE,5%,FALSE,0
NTX0004920,18-03-2025,9959.64,INR,V0004,TRUE,18%,TRUE,0
NTX0004921,18-03-2025,82107.56,INR,V0027,TRUE,18%,TRUE,0
NTX0004922,18-03-2025,7317.82,INR,V0012,TRUE,5%,FALSE,0
NTX0004923,18-03-2025,3476.26,INR,V0012,TRUE,5%,FALSE,0
NTX0004924,18-03-2025,4977.56,INR,V0019,TRUE,12%,TRUE,0
NTX0004925,18-03-2025,57906.37,INR,V0013,TRUE,18%,TRUE,0
NTX0004926,18-03-2025,10943.48,INR,V0017,TRUE,18%,TRUE,0
NTX0004927,18-03-2025,5947.07,INR,V0019,TRUE,12%,TRUE,0
NTX0004928,18-03-2025,4931.94,INR,V0007,TRUE,5%,FALSE,0
NTX0004929,18-03-2025,23045.15,INR,V0032,TRUE,18%,TRUE,0
NTX0004930,18-03-2025,14423.48,INR,V0023,TRUE,18%,unknown,0
NTX0004931,18-03-2025,5144.78,INR,V0012,TRUE,5%,FALSE,0
NTX0004932,18-03-2025,14593,INR,V0004,TRUE,18%,TRUE,0
NTX0004933,18-03-2025,12249.03,INR,V0023,TRUE,18%,unknown,0
NTX0004934,18-03-2025,5297.68,INR,V0029,TRUE,5%,FALSE,0
NTX0004935,18-03-2025,5686.45,INR,V0029,TRUE,5%,FALSE,0
NTX0004936,19-03-2025,9264.82,INR,V0004,TRUE,18%,TRUE,0
NTX0004937,19-03-2025,12505.31,INR,V0030,TRUE,18%,unknown,0
NTX0004938,19-03-2025,7155.98,INR,V0025,TRUE,12%,TRUE,0
NTX0004939,19-03-2025,2807.56,INR,V0033,TRUE,5%,FALSE,0
NTX0004940,19-03-2025,4470.39,INR,V0033,TRUE,5%,FALSE,0
NTX0004941,19-03-2025,4113.57,INR,V0020,TRUE,5%,FALSE,0
NTX0004942,19-03-2025,101223.32,INR,V0013,TRUE,exempt,TRUE,1
NTX0004943,19-03-2025,11875.88,INR,V0002,TRUE,18%,TRUE,0
NTX0004944,19-03-2025,4013.7,INR,V0022,FALSE,exempt,FALSE,0
NTX0004945,19-03-2025,8286.29,INR,V0018,TRUE,18%,TRUE,0
NTX0004946,19-03-2025,11058.35,INR,V0015,TRUE,18%,TRUE,0
NTX0004947,20-03-2025,45049.06,INR,V0028,TRUE,18%,TRUE,0
NTX0004948,20-03-2025,7491.57,INR,V0001,TRUE,18%,TRUE,0
NTX0004949,20-03-2025,67669.55,INR,V0028,TRUE,18%,TRUE,0
NTX0004950,20-03-2025,123509.12,INR,V0003,TRUE,18%,TRUE,0
NTX0004951,20-03-2025,37622.07,INR,V0028,TRUE,18%,TRUE,0
NTX0004952,20-03-2025,4211.36,INR,V0007,TRUE,5%,FALSE,0
NTX0004953,20-03-2025,16928.72,INR,V0027,TRUE,18%,TRUE,0
NTX0004954,20-03-2025,3810.17,INR,V0018,TRUE,18%,TRUE,0
NTX0004955,20-03-2025,5813.97,INR,V0012,TRUE,5%,FALSE,0
NTX0004956,20-03-2025,11077.43,INR,V0029,TRUE,5%,FALSE,0
NTX0004957,21-03-2025,8907.1,INR,V0019,TRUE,12%,TRUE,0
NTX0004958,21-03-2025,25422.37,INR,V0010,TRUE,18%,TRUE,0
NTX0004959,21-03-2025,117996.34,INR,V0003,TRUE,18%,TRUE,0
NTX0004960,21-03-2025,11812.73,INR,V0004,TRUE,18%,TRUE,0
NTX0004961,21-03-2025,9462.81,INR,V0002,TRUE,18%,TRUE,0
NTX0004962,21-03-2025,27225.74,INR,V0027,TRUE,18%,TRUE,0
NTX0004963,21-03-2025,6614.58,INR,V0025,TRUE,12%,TRUE,0
NTX0004964,21-03-2025,52297.17,INR,V0027,TRUE,18%,TRUE,0
NTX0004965,21-03-2025,3348.09,INR,V0021,TRUE,5%,FALSE,0
NTX0004966,21-03-2025,6304.95,INR,V0001,TRUE,18%,TRUE,0
NTX0004967,21-03-2025,7953.13,INR,V0015,TRUE,18%,TRUE,0
NTX0004968,21-03-2025,4510.06,INR,V0005,TRUE,18%,TRUE,0
NTX0004969,21-03-2025,60785.33,INR,V0014,TRUE,18%,TRUE,0
NTX0004970,22-03-2025,3580.61,INR,V0033,TRUE,exempt,FALSE,1
NTX0004971,22-03-2025,4260.92,INR,V0025,TRUE,12%,TRUE,0
NTX0004972,22-03-2025,72677.52,INR,V0015,TRUE,18%,TRUE,1
NTX0004973,22-03-2025,62377.41,INR,V0003,TRUE,18%,TRUE,0
NTX0004974,22-03-2025,4802.5,INR,V0019,TRUE,12%,TRUE,0
NTX0004975,22-03-2025,43885.73,INR,V0014,TRUE,18%,TRUE,0
NTX0004976,22-03-2025,20721.41,INR,V0017,TRUE,18%,TRUE,0
NTX0004977,22-03-2025,3518.79,INR,V0026,TRUE,5%,FALSE,0
NTX0004978,22-03-2025,88802.09,INR,V0003,TRUE,18%,TRUE,0
NTX0004979,22-03-2025,5547.93,INR,V0018,TRUE,18%,TRUE,0
NTX0004980,22-03-2025,35813.95,INR,V0032,TRUE,18%,TRUE,0
NTX0004981,22-03-2025,28948.59,INR,V0028,TRUE,18%,TRUE,0
NTX0004982,22-03-2025,4256.3,INR,V0029,TRUE,5%,FALSE,0
NTX0004983,22-03-2025,29440.85,INR,V0027,TRUE,18%,TRUE,0
NTX0004984,22-03-2025,9296.06,INR,V0017,TRUE,18%,TRUE,0
NTX0004985,22-03-2025,3456.65,INR,V0022,FALSE,exempt,FALSE,0
NTX0004986,23-03-2025,19277.51,INR,V0032,TRUE,18%,TRUE,0
NTX0004987,23-03-2025,5009.31,INR,V0025,TRUE,12%,TRUE,0
NTX0004988,23-03-2025,6847.52,INR,V0019,TRUE,12%,TRUE,0
NTX0004989,23-03-2025,60096.2,INR,V0027,TRUE,18%,TRUE,0
NTX0004990,23-03-2025,5757.98,INR,V0018,TRUE,18%,TRUE,0
NTX0004991,23-03-2025,2217.19,INR,V0033,TRUE,5%,FALSE,0
NTX0004992,23-03-2025,6765.04,INR,V0021,TRUE,5%,FALSE,0
NTX0004993,23-03-2025,18037.81,INR,V0032,TRUE,18%,TRUE,0
NTX0004994,23-03-2025,51487.08,INR,V0027,TRUE,18%,TRUE,0
NTX0004995,23-03-2025,37216.69,INR,V0014,TRUE,18%,TRUE,0
NTX0004996,23-03-2025,21870.43,INR,V0027,TRUE,18%,TRUE,0
NTX0004997,23-03-2025,4925.49,INR,V0011,TRUE,12%,TRUE,0
NTX0004998,23-03-2025,7666.75,INR,V0025,TRUE,12%,TRUE,0
NTX0004999,23-03-2025,3665.69,INR,V0012,TRUE,5%,FALSE,0
NTX0005000,23-03-2025,20986.2,INR,V0027,TRUE,18%,TRUE,0
