transaction_id,transaction_date,amount,currency,description,vendor_name,gst_applicable,gst_slab,itc_eligible,category_label,is_anomaly
TXN0000001,01-04-2024,7641.92,INR,imhs ikea rcpt/2404/001 subs - exp,IKEA,True,12%,TRUE,Office Supplies,0
TXN0000002,01-04-2024,58560.14,INR, upi awfis rcpt/2404/002 fy24 - rent exp# ref 6160,Awfis,True,18%,TRUE,Rent,0
TXN0000003,01-04-2024,2184.95,INR,ZOMATO,ZOMATO,True,5%,FALSE,Meals,0
TXN0000004,01-04-2024,5375.79,INR,*CARD OFFICE DEPOT Pvt Ltd INV/2404/004 FY25 - exp,OFFICE DEPOT Pvt Ltd,True,12%,TRUE,Office Supplies,0
TXN0000005,01-04-2024,68830.1,INR,,AWFIS INDIA PVT LTD,True,18%,TRUE,Rent,0
TXN0000006,01-04-2024,11191.62,INR,/ card kseb rcpt/2404/006 rent - exp,KSEB,True,18%,TRUE,Utilities,0
TXN0000007,01-04-2024,2194.96,INR,NEFT ZOMAO Pvt Ltd BILL/2404/007 Q2 - meals exp! ref 3428,ZOMATO Pvt Ltd,True,5%,FALSE,Meals,0
TXN0000008,01-04-2024,66302.55,INR,upi indiqube pvt ltd taxinv/2404/008 subs - exp,INDIQUBE Pvt Ltd,True,18%,TRUE,Rent,0
TXN0000009,01-04-2024,36701.08,INR,-,TEC.hm,True,18%,TRUE,IT Services,0
TXN0000010,01-04-2024,20461.62,INR,CARD TECHM BILL/2404/010 ADV - exp,TECHM,True,18%,TRUE,IT Services,0
TXN0000011,01-04-2024,48153.44,INR,*auto-debit tcs rcpt/2404/011 fy24 - exp,TCS,True,18%,TRUE,IT Services,0
TXN0000012,01-04-2024,35391.94,INR,*card techm india pvt ltd taxinv/2404/012 fy24 - exp,TECHM INDIA PVT LTD,True,18%,TRUE,IT Services,0
TXN0000013,01-04-2024,12885.91,INR,!NEFT FIG.ma TAXINV/2404/013 Q1 - exp* ref 3319,FIG.ma,True,18%,TRUE,Software,0
TXN0000014,01-04-2024,80319.81,INR,upi wework bill/2404/014 subs - rent exp,Wework,True,18%,TRUE,Rent,0
TXN0000015,01-04-2024,13022.78,INR,auto-debit jiofiber taxinv/2404/015 subs - utilities exp,JIOFIBER,True,18%,TRUE,Utilities,0
TXN0000016,01-04-2024,32499.02,INR,TCS INDIA PVT LTD charges,TCS INDIA PVT LTD,True,18%,TRUE,IT Services,0
TXN0000017,01-04-2024,3150.9,INR,*card bill/2404/017 q1 - exp,ROC FEES,False,exempt,FALSE,Exempt Services,0
TXN0000018,01-04-2024,28437.13,INR,!AUTO-DEBIT HCL BILL/2404/018 SUBS - exp,HCL,True,18%,TRUE,IT Services,0
TXN0000019,01-04-2024,2571.78,INR,ZOMATO charges,ZOMATO,True,5%,FALSE,Meals,0
TXN0000020,01-04-2024,38966.64,INR,!AUTO-DEBIT INF.y INV/24d4/020 ADV - it services exp,INF.y,True,18%,TRUE,IT Services,0
TXN0000021,01-04-2024,4837.54,INR,rtgs dominos india pvt ltd taxinv/2404/021 fr24 - exp,DOMINOS INDIA PVT LTD,True,5%,TRUE,Meals,1
TXN0000022,02-04-2024,18469.25,INR,AUT-DEBIT Techm BILL/2404/022 FY25 - exp,Techm,True,18%,TRUE,IT Services,0
TXN0000023,02-04-2024,6402.14,INR,-upi office depot inv/2404/023 tds - exp,Office Depot,True,12%,TRUE,Office Supplies,0
TXN0000024,02-04-2024,19586.26,INR,-neft simplilearn pvt ltd inv/2404/024 fy25 - exp* ref 2379,SIMPLILEARN Pvt Ltd,True,18%,unknown,Training,0
TXN0000025,02-04-2024,20220.5,INR,neft bescom pvt ltd inv/2404/025 tds - utilities exp- ref 2059,BESCOM Pvt Ltd,True,18%,TRUE,Utilities,0
TXN0000026,02-04-2024,14498.96,INR,UPI KSEB Pvt Ltd TAXINV/2404/026 FY24 - exp,KSEB Pvt Ltd,True,18%,TRUE,Utilities,0
TXN0000027,02-04-2024,8642.19,INR,IMPS Ikea INV/2404/027 GST - office supplies exp,Ikea,True,12%,TRUE,Office Supplies,0
TXN0000028,02-04-2024,6621.61,INR,card ola india pvt ltd bill/2404/028 q2 - exp,OLA INDIA PVT LTD,True,5%,FALSE,Travel,0
TXN0000029,02-04-2024,7740.91,INR,IMPS MICROSOFT INDIA PVT LTD BILL/2404/029 FY25 - software exp /  ref 7825,MICROSOFT INDIA PVT LTD,True,18%,TRUE,Software,0
TXN0000030,02-04-2024,3950.29,INR,OFFICE DEPOT Pvt Ltd,OFFICE DEPOT Pvt Ltd,True,12%,TRUE,Office Supplies,0
TXN0000031,02-04-2024,33992.82,INR, card infy india pvt ltdjinv/2404/031 fy25 - it services exp! ref 9694,INFY INDIA PVT LTD,True,18%,TRUE,IT Services,0
TXN0000032,02-04-2024,5830.77,INR,n/a,STAPLES,True,12%,TRUE,Office Supplies,0
TXN0000033,02-04-2024,3930.8,INR,-auto-debitebill/2404/033 fy24 - exp,GOVT FEES,False,exempt,FALSE,Exempt Services,0
TXN0000034,02-04-2024,29991.94,INR,!imps infy inv/2404/034 subs - it services exp! ref 6894,INFY,True,18%,TRUE,IT Services,0
TXN0000035,02-04-2024,112591.94,INR,rtgs awfis pvt lt drcpt/2404/035 q2 - exp* ref 9668,AWFIS Pvt Ltd,True,18%,TRUE,Rent,0
TXN0000036,03-04-2024,2219.38,INR,NEFT DOMINOS BILL/2404/036 GST - exp,DOMINOS,True,12%,FALSE,Meals,1
TXN0000037,03-04-2024,44506.81,INR,AUTO-DEBIT Wipro INV/2404/037 Q1 r exp,Wipro,True,18%,TRUE,IT Services,0
TXN0000038,03-04-2024,3462.58,INR,AUTO-DEBIT Pvt Ltd TAXINV/2404/038 Q1 - exp,GOVT FEES Pvt Ltd,False,exempt,FALSE,Exempt Services,0
TXN0000039,03-04-2024,6437.96,INR,RTGS Office Depot INV/2404/039 GST - exp,Office Depot,True,12%,TRUE,Office Supplies,0
TXN0000040,03-04-2024,14437.47,INR,/ UPI UPG.rad TAXINV/2404/040 FY24 - exp,UPG.rad,True,18%,unknown,Training,0
TXN0000041,03-04-2024,9817.83,INR,PI KSEB Pvt Ltd BILL/2404/041 RENT - exp- ref 2204,KSEB Pvt Ltd,True,18%,TRUE,Utilities,0
TXN0000042,03-04-2024,29378.31,INR,NEFT INFY INV/2404/042 Q1 - exp,INFY,True,18%,TRUE,IT Services,0
TXN0000043,03-04-2024,31827.96,INR,card sim.plilearn taxinv/2404/043 tds - exp ref 1111,SIM.plilearn,True,18%,unknown,Training,0
TXN0000044,03-04-2024,4910.73,INR,auto-debit swiggy inv/2404/044 subs - exp,SWIGGY,True,5%,FALSE,Meals,0
TXN0000045,03-04-2024,41773.49,INR,*NEFT INF.y BILL/2404/045 Q1 - exp,INF.y,True,18%,TRUE,IT Services,0
TXN0000046,03-04-2024,46271.02,INR,IMPS AxFIS Pvt Ltd BILL/2404/046 Q2 - exp# ref 4930,AWFIS Pvt Ltd,True,18%,TRUE,Rent,0
TXN0000047,03-04-2024,19149.73,INR,imps simplilearn inda pvt ltd taxinv/2404/047 fy25 - exp,SIMPLILEARN INDIA PVT LTD,True,18%,unknown,Training,0
TXN0000048,03-04-2024,18026.58,INR,#neft hcl bill/2404/048 tds - exp,HCL,True,18%,TRUE,IT Services,0
TXN0000049,03-04-2024,93935.93,INR,-neft wework inv/2404/049 tds - rent exp,WEWORK,True,18%,TRUE,Rent,0
TXN0000050,03-04-2024,7743.88,INR,AUTO-DEBIT Figma BILL/2404/050 Q2 - gxp! ref 2705,Figma,True,18%,TRUE,Software,0
TXN0000051,03-04-2024,124916.34,INR,#NEFT INDIQUBE BILL/2404/051 ADV - exp! ref 3798,INDIQUBE,True,18%,TRUE,Rent,0
TXN0000052,04-04-2024,24330.84,INR,!UPI WIPRO Pvt Ltd RCPT/2404/052 RENT - exp,WIPRO Pvt Ltd,True,18%,TRUE,IT Services,0
TXN0000053,04-04-2024,9405.88,INR,CARD Staples TAXINV/2404/053 FY25 - exp,Staples,True,12%,TRUE,Office Supplies,0
TXN0000054,04-04-2024,34518.11,INR,RTGS WIPRO INDIA PVT LTD TAXINV/2404/054 Q2 - exp ref 4864,WIPRO INDIA PVT LTD,True,18%,TRUE,IT Services,0
TXN0000055,04-04-2024,16910.15,INR,Airtel,Airtel,True,18%,TRUE,Utilities,0
TXN0000056,04-04-2024,4390.51,INR,OFFICE DEPOT charges,OFFICE DEPOT,True,12%,TRUE,Office Supplies,0
TXN0000057,04-04-2024,9451.72,INR,Adobe charges,Adobe,True,18%,TRUE,Software,0
TXN0000058,04-04-2024,2638.66,INR,*rtgs dominos bill/2404/058 q2 - meals exp,Dominos,True,5%,FALSE,Meals,0
TXN0000059,04-04-2024,3702.68,INR,RTGS Ikea INV/2404/059 SUBS - exp,Ikea,True,12%,TRUE,Office Supplies,0
TXN0000060,04-04-2024,7664.31,INR,*card ikea bill/2404/060 subs - office supplies exp,IKEA,True,12%,TRUE,Office Supplies,0
TXN0000061,04-04-2024,7775.13,INR,#upi uber bill/2404/061 rent - exp# ref 9363,Uber,True,5%,FALSE,Travel,0
TXN0000062,05-04-2024,107840.91,INR,-upi wework inv/2404/062 gst - exp,WEWORK,True,18%,TRUE,Rent,0
TXN0000063,05-04-2024,193030.77,INR,!NEFT WEWORK INDIA PVT LTD TAXINV/2404/063 - exp,WEWORK INDIA PVT LTD,True,18%,TRUE,Rent,0
TXN0000064,05-04-2024,11218.4,INR,AIRTEL,AIRTEL,True,18%,TRUE,Utilities,0
TXN0000065,05-04-2024,15864.68,INR,!RTGS Jiofiber TAXINV/2404/065 hY25 - exp* ref 3648,Jiofiber,True,18%,TRUE,Utilities,0
TXN0000066,05-04-2024,16300.56,INR,IMPS KSEB INV/2404/066 ADV - exp / ref 3871,KSEB,True,18%,TRUE,Utilities,0
TXN0000067,05-04-2024,12998.94,INR,#UPI JIOFIBER INV/2404/067 FY25 - utilities exp,JIOFIBER,True,18%,TRUE,Utilities,0
TXN0000068,05-04-2024,6117.18,INR,#rtgs adobe bill/2404/068 rent - exp,ADOBE,True,18%,TRUE,Software,0
TXN0000069,05-04-2024,2373.34,INR,upi kfc pvt ltd taxinv/2404/069 q2 - exp ref 6802,KFC Pvt Ltd,True,5%,FALSE,Meals,0
TXN0000070,05-04-2024,4454.17,INR,-ipms ikea taxinv/2404/070 gst - exp,IKEA,True,12%,TRUE,Office Supplies,0
TXN0000071,05-04-2024,24048.61,INR,-IMPS WIPRO TAXINV/2404/071 ADV - exp* ref 6538,WIPRO,True,18%,TRUE,IT Services,0
TXN0000072,05-04-2024,3531.59,INR,imps kfc taxinv/2404/072 adv - exp,Kfc,True,5%,FALSE,Meals,0
TXN0000073,05-04-2024,121548.99,INR,RTGS Wework INV/2404/073 SUBS - exp! ref 1684,Wework,True,18%,TRUE,Rent,0
TXN0000074,05-04-2024,3665.41,INR,RTGS SWIGGY Pvt Ltd TAXINV/2404/074 TDS - exp* ref 7576,SWIGGY Pvt Ltd,True,5%,FALSE,Meals,0
TXN0000075,06-04-2024,2827.46,INR,/ UPI Pvt Ltd RCPT/2404/075 RENT - exp,GOVT FEES Pvt Ltd,False,exempt,FALSE,Exempt Services,0
TXN0000076,06-04-2024,10496.31,INR,*UPI AIRTEL BILL/2404/076 RENT - ex,AIRTEL,True,18%,TRUE,Utilities,0
TXN0000077,06-04-2024,26117.49,INR,-AUTO-DEBIT Wipro TAXINV/2404/077 FY24 - it services exp# ref 4774,Wipro,True,18%,TRUE,IT Services,0
TXN0000078,06-04-2024,8871.59,INR,BESCOM charges,BESCOM,True,18%,TRUE,Utilities,0
TXN0000079,06-04-2024,6271.78,INR, ,Ola,True,5%,FALSE,Travel,0
TXN0000080,06-04-2024,33335.96,INR,-RTGS HCL INV/2404/080 FY25 - exp,HCL,True,18%,TRUE,IT Services,0
TXN0000081,06-04-2024,19224.04,INR,JIOFIBER INDIA PVT LTD,JIOFIBER INDIA PVT LTD,True,18%,TRUE,Utilities,0
TXN0000082,06-04-2024,58349.0,INR,/ IMPS AWFIS INDIA PVT LTD RCPT/2404/082 ADV - exp,AWFIS INDIA PVT LTD,True,18%,TRUE,Rent,0
TXN0000083,06-04-2024,36769.9,INR,*UPI WIPRO TAXINV/2404/083 FY24 - exp,WIPRO,True,18%,TRUE,IT Services,0
TXN0000084,06-04-2024,24259.24,INR,neft bescom rcpt/2404/084 q1 - exp,Bescom,True,18%,TRUE,Utilities,0
TXN0000085,06-04-2024,3837.74,INR,*neft rapido inv/2404/085 fy25 - travel exp,Rapido,True,5%,FALSE,Travel,0
TXN0000086,06-04-2024,8944.03,INR,UPI JIOFIBER TAXINV/2404/086 Q1 - exp,JIOFIBER,True,18%,TRUE,Utilities,0
TXN0000087,06-04-2024,10575.53,INR,IMPS Figma TAXINV/2404/87 Q2 - exp* ref 6961,Figma,True,18%,TRUE,Software,0
TXN0000088,06-04-2024,110570.32,INR,*AUTO-DEBIT AWFIS BILL/2404/088 GST - exp / ref 1947,AWFIS,True,18%,TRUE,Rent,0
TXN0000089,06-04-2024,25585.09,INR,UPI UPG.rad RCPT/2404/089 Q2 - exp# ref 7070,UPG.rad,True,5%,unknown,Training,1
TXN0000090,06-04-2024,12571.6,INR,RTGS JIOFIBER oNDIA PVT LTD RCPT/2404/090 Q1 - exp,JIOFIBER INDIA PVT LTD,True,18%,TRUE,Utilities,0
TXN0000091,06-04-2024,15170.73,INR,!neft jiofiber india pvt ltd rcpt/2404/091 q1 - exp,JIOFIBER INDIA PVT LTD,True,18%,TRUE,Utilities,0
TXN0000092,06-04-2024,3689.99,INR,auto-debit off.ice depot bill/2404/092 fy24 - exp,OFF.ice depot,True,12%,TRUE,Office Supplies,0
TXN0000093,06-04-2024,60770.42,INR,neft techm inv/2404/093 gst - it services exp,Techm,True,18%,TRUE,IT Services,0
TXN0000094,06-04-2024,28370.92,INR,*rtgs wipro india pvt ltd bill/2404/094 fy25 - exp,WIPRO INDIA PVT LTD,True,18%,TRUE,IT Services,0
TXN0000095,06-04-2024,43206.66,INR,-neft wipro bill/2404/095 q1 - exp# ref 2398,WIPRO,True,18%,TRUE,IT Services,0
TXN0000096,06-04-2024,77182.46,INR,RTGS IND.iqube INV/2404/096 Q1 - exp,IND.iqube,True,18%,TRUE,Rent,0
TXN0000097,06-04-2024,1632.99,INR,KFC charges,KFC,True,5%,FALSE,Meals,0
TXN0000098,07-04-2024,13218.4,INR,na,AIR.tel,True,18%,TRUE,Utilities,0
TXN0000099,07-04-2024,2238.6,INR,imps zomato inv/2404/099 q2 - mealsexp,Zomato,True,5%,FALSE,Meals,0
TXN0000100,07-04-2024,6991.04,INR,auto-debit rap.ido inv/24o4/100 fy24 - travel exp,RAP.ido,True,5%,FALSE,Travel,0
TXN0000101,07-04-2024,4874.47,INR,/ CARD RAPIDO INDIA PVT LTD INV/2404/101 TDS - exp,RAPIDO INDIA PVT LTD,True,5%,FALSE,Travel,0
TXN0000102,07-04-2024,7618.89,INR,*AUTO-DEBIT JIOFIBER INV/2404/102 FY24 - utilities exp* ref 6886,JIOFIBER,True,18%,TRUE,Utilities,0
TXN0000103,07-04-2024,13855.84,INR,Airtel,Airtel,True,18%,TRUE,Utilities,0
TXN0000104,07-04-2024,3076.87,INR,*CARD OFFICE DEPOT TAXINV/2404/104 RENT - office supples exp! ref 5890,OFFICE DEPOT,True,12%,TRUE,Office Supplies,0
TXN0000105,07-04-2024,92368.79,INR,#NEFT WEWORK BILL/2404/105 SUBS - exp# ref 8005,WEWORK,True,18%,TRUE,Rent,0
TXN0000106,07-04-2024,2549.32,INR,AUTO-DEBIT ZOMATO Pvt Ltd INV/2404/106 TDS - exp,ZOMATO Pvt Ltd,True,5%,FALSE,Meals,0
TXN0000107,07-04-2024,24817.23,INR,WIP.ro,WIP.ro,True,18%,TRUE,IT Services,0
TXN0000108,07-04-2024,15524.87,INR,CARD BESCOM TAXINV/2404/108 Q2 - utilities exp,BESCOM,True,18%,TRUE,Utilities,0
TXN0000109,07-04-2024,31353.71,INR,CARD TEC.hm TAXINV/2404/109 FY25 - it services exp- ref 8706,TEC.hm,True,18%,TRUE,IT Services,0
TXN0000110,07-04-2024,7017.05,INR,AUTO-DEBIT CANVA Pvt Ltd INV/2404/110 FY24 - exl,CANVA Pvt Ltd,True,18%,TRUE,Software,0
TXN0000111,07-04-2024,5332.14,INR,CARD IKEA INDIA PVT LTD BILL/2404/111 GST - exp,IKEA INDIA PVT LTD,True,12%,TRUE,Office Supplies,0
TXN0000112,07-04-2024,10439.01,INR,auto-debit airtel rcpt/2404/112 q1 - exp,AIRTEL,True,18%,TRUE,Utilities,0
TXN0000113,07-04-2024,20780.21,INR,CARD WIPRO TAXIN/V2404/113 ADV - exp,WIPRO,True,18%,TRUE,IT Services,0
TXN0000114,07-04-2024,9076.3,INR,-,CANVA INDIA PVT LTD,True,18%,TRUE,Software,0
TXN0000115,07-04-2024,23322.51,INR,#RTGS COURSERA Pvt Ltd TAXINV/2404/115 FY24 - training exp! ref 5374,COURSERA Pvt Ltd,True,18%,unknown,Training,0
TXN0000116,07-04-2024,4798.99,INR,upi indigo indiapvt ltd taxinv/2404/116 q2 - exp,INDIGO INDIA PVT LTD,True,5%,FALSE,Travel,0
TXN0000117,07-04-2024,11893.3,INR,auto-debit kseb pvt ltd taxinv/2404/117 q2 - exp- ref 4957,KSEB Pvt Ltd,True,18%,TRUE,Utilities,0
TXN0000118,08-04-2024,74973.55,INR,#NEFT INDIQUBE INDIA PVT LTD INV/2404/118 Q1 - exp / ref 3403,INDIQUBE INDIA PVT LTD,True,18%,TRUE,Rent,0
TXN0000119,08-04-2024,5418.14,INR,ENFT KFC RCPT/2404/119 FY24 - meals exp,KFC,True,5%,FALSE,Meals,0
TXN0000120,08-04-2024,39864.18,INR,CARD TCS RCPT/2404120 GST - it services exp,TCS,True,18%,TRUE,IT Services,0
TXN0000121,08-04-2024,9351.03,INR,/ CARD Canva RCPT/2404/121 RENT - exp,Canva,True,18%,TRUE,Software,0
TXN0000122,08-04-2024,3820.01,INR,NEFT ZOMATO RCPT/2404/122 FY25 - exp,ZOMATO,True,exempt,FALSE,Meals,1
TXN0000123,08-04-2024,41453.33,INR,#upi hcl india pvt ltd inv/2404/123 fy25 - it services exp* ref 7180,HCL INDIA PVT LTD,True,18%,TRUE,IT Services,0
TXN0000124,08-04-2024,80702.39,INR,IMPS AWFIS Pvt Ltd TAXINV/2404/124 GST - exp,AWFIS Pvt Ltd,True,18%,TRUE,Rent,0
TXN0000125,08-04-2024,2786.24,INR,CARD Dominos INV/2404125 Q1 - exp,Dominos,True,5%,FALSE,Meals,0
TXN0000126,08-04-2024,10921.61,INR,CAN.va charges,CAN.va,True,18%,TRUE,Software,0
TXN0000127,08-04-2024,3914.49,INR,RTGS RAPIDO RCPT/2404/127 FY25 - exp / ref 2d49,RAPIDO,True,5%,FALSE,Travel,0
TXN0000128,08-04-2024,3273.11,INR,*rtgsd ominos inv/2404/128 rent - exp,Dominos,True,5%,FALSE,Meals,0
TXN0000129,08-04-2024,12949.74,INR,neft airtel taxinv/2404/12d fy25 - exp* ref 4901,AIRTEL,True,18%,TRUE,Utilities,0
TXN0000130,08-04-2024,16153.15,INR,neft kseb india pvt ltd inv/4204/130 subs - utilities exp,KSEB INDIA PVT LTD,True,18%,TRUE,Utilities,0
TXN0000131,09-04-2024,3068.55,INR,#NEFT KFC RCPT/2404/131 GST - exp,KFC,True,5%,FALSE,Meals,0
TXN0000132,09-04-2024,9719.94,INR,CARD KSEB Pvt Ltd BILL/2404c132 RENT - utilities exp- ref 9976,KSEB Pvt Ltd,True,18%,TRUE,Utilities,0
TXN0000133,09-04-2024,12704.75,INR,na,KSEB Pvt Ltd,True,18%,TRUE,Utilities,0
TXN0000134,09-04-2024,3438.16,INR,RTGS RCPT/2404/134 TDS - exp,Stamp Duty,False,exempt,FALSE,Exempt Services,0
TXN0000135,09-04-2024,101821.55,INR,IMPS AWF.is INV/2404/135 ADV - exp,AWF.is,True,18%,TRUE,Rent,0
TXN0000136,09-04-2024,3906.68,INR,auto-debit microsoft taxinv/2404/136 fy24 - exp ref 7526,MICROSOFT,True,18%,TRUE,Software,0
TXN0000137,09-04-2024,5944.44,INR,imps indigo pvt ltd rcpt/2404/137 tds - exp,INDIGO Pvt Ltd,True,5%,FALSE,Travel,0
TXN0000138,09-04-2024,10294.98,INR,*NEFT Bescom RCPT/2404/138 FY25 - exp,Bescom,True,18%,TRUE,Utilities,0
TXN0000139,09-04-2024,5155.76,INR,#RTGS OLA BILL/2404/19 TDS - exp,OLA,True,5%,FALSE,Travel,0
TXN0000140,09-04-2024,40743.84,INR,-AUTO-DEBIT TECHM RCPT/2404/140 ADV - exp,TECHM,True,18%,TRUE,IT Services,0
TXN0000141,09-04-2024,10576.06,INR,AUTO-DEBIT JIOFIBER INDIA PVT LTD INV/2404/141 GST - exp,JIOFIBER INDIA PVT LTD,True,18%,TRUE,Utilities,0
TXN0000142,09-04-2024,4588.98,INR,NEFT RAPIDO TAXINV/2404/142 TDS - exp,RAPIDO,True,5%,FALSE,Travel,0
TXN0000143,09-04-2024,9111.89,INR,IMPS Kseb RCPT/2404/143 RENT - exp,Kseb,True,18%,TRUE,Utilities,0
TXN0000144,09-04-2024,3361.41,INR,!CARD Govt Fees INV/2404/144 TDS - exempt services exp,Govt Fees,False,exempt,FALSE,Exempt Services,0
TXN0000145,10-04-2024,36499.54,INR,-rtgs tec.hm inv/2404/145 subs - exp,TEC.hm,True,18%,TRUE,IT Services,0
TXN0000146,10-04-2024,31741.89,INR,RTGS WIPRO INDIA PVT LTD RCPT/2404/146 Q1 - exp ref 4110,WIPRO INDIA PVT LTD,True,18%,TRUE,IT Services,0
TXN0000147,10-04-2024,6013.92,INR,INDIGO charges,INDIGO,True,5%,FALSE,Travel,0
TXN0000148,10-04-2024,25558.36,INR,-RTGS WIPRO INDIA PVT LTD BILL/2404/148 FY25 - exp,WIPRO INDIA PVT LTD,True,18%,TRUE,IT Services,0
TXN0000149,10-04-2024,5608.74,INR,STAPLES Pvt Ltd charges,STAPLES Pvt Ltd,True,12%,TRUE,Office Supplies,0
TXN0000150,10-04-2024,12228.84,INR,na,JIOFIBER,True,18%,TRUE,Utilities,0
TXN0000151,10-04-2024,25424.5,INR,rtgs hcl bill/2404/151 q 1- exp,HCL,True,18%,TRUE,IT Services,0
TXN0000152,10-04-2024,5590.78,INR,/ AUTO-DEBIT STAPLES INDIA PVT LTD RCPT/2404/152 ADV - exp,STAPLES INDIA PVT LTD,True,12%,TRUE,Office Supplies,0
TXN0000153,10-04-2024,22607.3,INR,card ra pvt ltd taxinv/2404/153 tds - exp,COURSERA Pvt Ltd,True,18%,unknown,Training,0
TXN0000154,10-04-2024,4559.74,INR,CARD OLA INDIA PVT LTD RCPT/2404/154 Q2 - exp,OLA INDIA PVT LTD,True,5%,FALSE,Travel,0
TXN0000155,10-04-2024,86315.43,INR,!card indiqube bill/2404/155 q2 - exp- ref 9916,INDIQUBE,True,18%,TRUE,Rent,0
TXN0000156,10-04-2024,7505.03,INR,n/a,Adobe,True,18%,TRUE,Software,0
TXN0000157,10-04-2024,5261.55,INR,Staples charges,Staples,True,12%,TRUE,Office Supplies,0
TXN0000158,11-04-2024,4770.22,INR,-AUTO-DEBIT Staples BILL/2404/158 RENT - exp,Staples,True,12%,TRUE,Office Supplies,0
TXN0000159,11-04-2024,87560.78,INR,RTGS WEW.ork RCPT/2404/159 ADV - exp,WEW.ork,True,18%,TRUE,Rent,0
TXN0000160,11-04-2024,5334.09,INR,upi rapido bill/2404/160 rent - travel exp,RAPIDO,True,5%,FALSE,Travel,0
TXN0000161,11-04-2024,4152.7,INR,-PI OLA Pvt Ltd RCPT/2404/161 ADV - exp ref 9114,OLA Pvt Ltd,True,5%,FALSE,Travel,0
TXN0000162,11-04-2024,4661.06,INR,autod-ebit staples pvt ltd taxinv/2404/162 q2 - exp,STAPLES Pvt Ltd,True,12%,TRUE,Office Supplies,0
TXN0000163,11-04-2024,12692.4,INR, / imps bes.com taxinv/2404/163 adv - utilities exp,BES.com,True,18%,TRUE,Utilities,0
TXN0000164,11-04-2024,2216.92,INR,-IMPS Dominos TAXINV/2404/164 Q1 - exp,Dominos,True,5%,FALSE,Meals,0
TXN0000165,11-04-2024,125462.83,INR,WEW.ork,WEW.ork,True,18%,TRUE,Rent,0
TXN0000166,11-04-2024,2856.46,INR,#RTGS Pvt Ltd RCPT/2404/166 FY24 - exp# ref 7766,GOVT FEES Pvt Ltd,False,exempt,FALSE,Exempt Services,0
TXN0000167,11-04-2024,4211.84,INR,*IMPS FIGMA INDIA PVT LTD BILL/2404/167 TDS - exp* ref 2813,FIGMA INDIA PVT LTD,True,18%,TRUE,Software,0
TXN0000168,11-04-2024,5642.68,INR,#CARD OFFICE DEPOT INV/2404/168 SUBS - office supplies exp,OFFICE DEPOT,True,12%,TRUE,Office Supplies,0
TXN0000169,12-04-2024,43328.87,INR,-imps inf.y inv/2404/169 subs - it services exp /  ref 8542,INF.y,True,18%,TRUE,IT Services,0
TXN0000170,12-04-2024,32281.43,INR,UPI TECHM Pvt Ltd BILL/2404/170 Q2 - it servics exp,TECHM Pvt Ltd,True,18%,TRUE,IT Services,0
TXN0000171,12-04-2024,6228.12,INR,auto-debit microsoft invd2404/171 q1 - exp,Microsoft,True,18%,TRUE,Software,0
TXN0000172,12-04-2024,30545.66,INR,*RTGS WIPRO Pvt Ltd RCPT/2404/172 FY24 - exp- ref 9340,WIPRO Pvt Ltd,True,18%,TRUE,IT Services,0
TXN0000173,12-04-2024,76576.96,INR,upi awfis india pvt ltd inv/2404/13 subs - rent exp,AWFIS INDIA PVT LTD,True,18%,TRUE,Rent,0
TXN0000174,12-04-2024,3912.89,INR,AUTO-DEBIT IND.igo BILL/2404/174 FY25 - exp,IND.igo,True,5%,FALSE,Travel,0
TXN0000175,12-04-2024,4778.75,INR,*RTGS OFFICE DEPOT INV/2404/175 RENT - exp,OFFICE DEPOT,True,12%,TRUE,Office Supplies,0
TXN0000176,12-04-2024,5875.1,INR,-,OFFICE DEPOT INDIA PVT LTD,True,12%,TRUE,Office Supplies,0
TXN0000177,12-04-2024,30882.31,INR,card techm pvt ltd taxinv/2404/177 tds - it services exp,TECHM Pvt Ltd,True,18%,TRUE,IT Services,0
TXN0000178,13-04-2024,30731.04,INR,*RTGS WIPRO RCPT/2404/178 Q2 - exp# ref 8654,WIPRO,True,18%,TRUE,IT Services,0
TXN0000179,13-04-2024,2815.27,INR,#CARD DOMINOS Pvt Ltd RCPT/2404/179 Q1 - exp* ref 5568,DOMINOS Pvt Ltd,True,5%,FALSE,Meals,0
TXN0000180,13-04-2024,29253.02,INR,*upi tcs rcpt/2404/180 gst - it services exp,Tcs,True,18%,TRUE,IT Services,0
TXN0000181,13-04-2024,3392.95,INR,/ AUTO-DEBIT DOMINOS INDIA PVT LTD INV/2404/181 Q1 - exp / ref 7586,DOMINOS INDIA PVT LTD,True,5%,FALSE,Meals,0
TXN0000182,13-04-2024,15120.62,INR,card cou.rsera bill/2404/182 fy25 - exp,COU.rsera,True,18%,unknown,Training,0
TXN0000183,13-04-2024,27297.37,INR,TCS charges,TCS,True,18%,TRUE,IT Services,0
TXN0000184,13-04-2024,17223.92,INR,AUTO-DEBIT BES.com TAXINV/2404/184 GST - exp! ref 7398,BES.com,True,18%,TRUE,Utilities,0
TXN0000185,13-04-2024,76948.38,INR,neft indiqube taxinv/2404/185 - exp,INDIQUBE,True,18%,TRUE,Rent,0
TXN0000186,13-04-2024,20842.66,INR,HCL INDIA PVT LTD,HCL INDIA PVT LTD,True,18%,TRUE,IT Services,0
TXN0000187,14-04-2024,18871.61,INR,rtgs ra bill/2404/187 fy24 - exp,Coursera,True,12%,unknown,Training,1
TXN0000188,14-04-2024,15933.58,INR,#RTGS Simplilearn INV/2404/188 GST - exp,Simplilearn,True,18%,unknown,Training,0
TXN0000189,14-04-2024,8000.62,INR,neft bescom bill/2404/189 adv - exp- ref 9553,BESCOM,True,18%,TRUE,Utilities,0
TXN0000190,14-04-2024,3010.02,INR,NEFT DOMINOS Pvt Ltd RCPT/2404/190 GST - ehp,DOMINOS Pvt Ltd,True,5%,FALSE,Meals,0
TXN0000191,14-04-2024,4576.4,INR,upi indigo india pvt ltd rcpt/2404/191 gst -vexp! ref 4146,INDIGO INDIA PVT LTD,True,5%,FALSE,Travel,0
TXN0000192,14-04-2024,4097.96,INR,FIG.ma,FIG.ma,True,18%,TRUE,Software,0
TXN0000193,14-04-2024,49021.56,INR,#RTGS HCL INV/2404/193 FY24 - exp  /ref 8035,HCL,True,18%,TRUE,IT Services,0
TXN0000194,14-04-2024,12344.72,INR,IMPS KSEB Pvt Ltd INV/2404/194 GST - xep ref 8958,KSEB Pvt Ltd,True,18%,TRUE,Utilities,0
TXN0000195,15-04-2024,31115.97,INR,*rtgs hcl inv/2404/195 q1 - exp,HCL,True,18%,TRUE,IT Services,0
TXN0000196,15-04-2024,61362.52,INR,rtgs tcs pvt ltd inv/2404/196 tds - exp! ref 2588,TCS Pvt Ltd,True,18%,TRUE,IT Services,0
TXN0000197,15-04-2024,4230.51,INR,UPI Ubre TAXINV/2404/197 GST - travel exp,Uber,True,5%,FALSE,Travel,0
TXN0000198,15-04-2024,86389.8,INR,-neft wework pvt ltd rcpt/2404/198 tds - exp,WEWORK Pvt Ltd,True,18%,TRUE,Rent,0
TXN0000199,15-04-2024,14116.28,INR,/ NEFT BESCOM INV/2404/199 ADV - exp,BESCOM,True,18%,TRUE,Utilities,0
TXN0000200,15-04-2024,82667.86,INR,*AUTO-DEBIT AWFIS INDIA PVT LTD RCPT/2404/200 FY24 - exp,AWFIS INDIA PVT LTD,True,18%,TRUE,Rent,0
TXN0000201,15-04-2024,4961.84,INR,ROC FEES charges,ROC FEES,False,exempt,FALSE,Exempt Services,0
TXN0000202,15-04-2024,7593.74,INR,ADOBE charges,ADOBE,True,18%,TRUE,Software,0
TXN0000203,15-04-2024,22897.46,INR,neft jiofiber rcpt/2404/203 rent - exp- ref 2677,Jiofiber,True,18%,TRUE,Utilities,0
TXN0000204,15-04-2024,18465.13,INR,neft inf.y rcpt/2404/204 q2 - it services exp,INF.y,True,18%,TRUE,IT Services,0
TXN0000205,15-04-2024,4629.88,INR,card india pvt ltd bill/2404/205 adv - exp,ROC FEES INDIA PVT LTD,False,exempt,FALSE,Exempt Services,0
TXN0000206,15-04-2024,7376.65,INR,/ AUTO-DEBIT MICROSOFT RCPT/2404/206 Q1 - exp,MICROSOFT,True,18%,TRUE,Software,0
TXN0000207,15-04-2024,6847.28,INR,CARD INDIGO INDIA PVT LTD BILL/24042/07 FY25 - exp,INDIGO INDIA PVT LTD,True,5%,FALSE,Travel,0
TXN0000208,15-04-2024,5924.95,INR, / auto-debit microsoft india pvt ltd bill/2404/208 fy25 - software exp- ref 1150,MICROSOFT INDIA PVT LTD,True,18%,TRUE,Software,0
TXN0000209,15-04-2024,30353.93,INR,AUTO-DEBIT AIRTEL BILL/2404/209 FY25 - exp,AIRTEL,True,18%,TRUE,Utilities,0
TXN0000210,15-04-2024,8702.12,INR,FIGMA,FIGMA,True,18%,TRUE,Software,0
TXN0000211,15-04-2024,11897.01,INR,-AUTO-DEBIT KSEB TAXINV/2404/211 TDS - exp,KSEB,True,18%,TRUE,Utilities,0
TXN0000212,16-04-2024,37089.98,INR,!IMPS Techm RCPT/2404/212 Q2 - it services exp,Techm,True,18%,TRUE,IT Services,0
TXN0000213,16-04-2024,92060.96,INR,-auto-debit indiqube rcpt/2404/213 subs - exp,INDIQUBE,True,18%,TRUE,Rent,0
TXN0000214,16-04-2024,8982.88,INR,IMPS Jiofiber TAXINV/2404/214 RENT - exp / ref 7612,Jiofiber,True,18%,TRUE,Utilities,0
TXN0000215,16-04-2024,11221.52,INR,-AUTO-DEBIT Adobe RCPT/2404/215 Q2f- exp,Adobe,True,18%,TRUE,Software,0
TXN0000216,16-04-2024,46802.94,INR,IMPS INFY INDIA PVT LTD INV/2404/216 FY24 - exp ref 6936,INFY INDIA PVT LTD,True,18%,TRUE,IT Services,0
TXN0000217,16-04-2024,197723.13,INR,IMPS AWFIS RCPT/2404/217 Q2 - exp,AWFIS,True,18%,TRUE,Rent,0
TXN0000218,16-04-2024,7436.34,INR,neft off.ice depot inv/2404218 adv - office supplies exp,OFF.ice depot,True,12%,TRUE,Office Supplies,0
TXN0000219,16-04-2024,46716.17,INR,CARD Techm INV/2404/219 FY24 - exp,Techm,True,28%,TRUE,IT Services,1
TXN0000220,16-04-2024,19230.13,INR,#card ra india pvt ltd bill/2404/202 q1 - exp,COURSERA INDIA PVT LTD,True,18%,unknown,Training,0
TXN0000221,16-04-2024,28343.69,INR,rtgs wipro inv/2404/221 tds - exp,WIPRO,True,18%,TRUE,IT Services,0
TXN0000222,17-04-2024,109657.06,INR,WEWORK Pvt Ltd charges,WEWORK Pvt Ltd,True,18%,TRUE,Rent,0
TXN0000223,17-04-2024,19985.68,INR,CARw INFY RCPT/2404/223 ADV - exp,INFY,True,18%,TRUE,IT Services,0
TXN0000224,17-04-2024,5818.08,INR,IMPS OFF.ice depot INV/2404/224 RENT - office supplies exp,OFF.ice depot,True,12%,TRUE,Office Supplies,0
TXN0000225,17-04-2024,75519.83,INR,UPI WEWORK TAXINV/d404/225 TDS - exp,WEWORK,True,18%,TRUE,Rent,0
TXN0000226,17-04-2024,4410.64,INR, ,MICROSOFT INDIA PVT LTD,True,18%,TRUE,Software,0
TXN0000227,17-04-2024,46960.9,INR,WIPRO INDIA PVT LTD,WIPRO INDIA PVT LTD,True,18%,TRUE,IT Services,0
TXN0000228,17-04-2024,6506.39,INR,auto-debit ikea bill/2404/228 renq - exp,Ikea,True,12%,TRUE,Office Supplies,0
TXN0000229,17-04-2024,5022.11,INR,CARD STA.ples TAXINV/2404/229 ADV - exp,STA.ples,True,12%,TRUE,Office Supplies,0
TXN0000230,17-04-2024,27306.7,INR,!AUTO-DEBIT Simplilearn TAXINV/2440/230 GST - exp / ref 4891,Simplilearn,True,18%,unknown,Training,0
TXN0000231,17-04-2024,26489.23,INR,NEFT Tcs TAXINVw2404/231 RENT - exp,Tcs,True,18%,TRUE,IT Services,0
TXN0000232,17-04-2024,20718.64,INR,zauto-debit jio.fiber taxinv/2404/232 subs - exp,JIO.fiber,True,18%,TRUE,Utilities,0
TXN0000233,17-04-2024,30338.58,INR,NEFT TCS INDIA PVT LTD TcXINV/2404/233 FY24 - exp,TCS INDIA PVT LTD,True,18%,TRUE,IT Services,0
TXN0000234,17-04-2024,57570.98,INR,#IMPS INDIQUBE INDIA PVT LTD INV/2404/234 ADV - exp# ref 6076,INDIQUBE INDIA PVT LTD,True,18%,TRUE,Rent,0
TXN0000235,17-04-2024,24701.78,INR,*CARD TEC.hm IN/2404/235 TDS - exp ref 3268,TEC.hm,True,18%,TRUE,IT Services,0
TXN0000236,18-04-2024,10651.27,INR,IMPS MICROSOFT RCPT/2404/236 Q2 - exp* ref 9195,MICROSOFT,True,18%,TRUE,Software,0
TXN0000237,18-04-2024,16279.84,INR,na,KSEB INDIA PVT LTD,True,18%,TRUE,Utilities,0
TXN0000238,18-04-2024,94729.02,INR,UPIoAWFIS BILL/2404/238 Q2 - exp- ref 6380,AWFIS,True,18%,TRUE,Rent,0
TXN0000239,18-04-2024,28521.99,INR,AUTO-DEBIT TECHM Pvt Ltd BILL/2404/239 GST - exp,TECHM Pvt Ltd,True,18%,TRUE,IT Services,0
TXN0000240,18-04-2024,61546.26,INR,rtgs awfis pvt ltd rcpt/2404/240 fy25 - exp,AWFIS Pvt Ltd,True,18%,TRUE,Rent,0
TXN0000241,18-04-2024,6651.9,INR,FIGMA charges,FIGMA,True,18%,TRUE,Software,0
TXN0000242,18-04-2024,5769.84,INR,neft staples taxinv/2404/242 q1 - office supplies exp,STAPLES,True,12%,TRUE,Office Supplies,1
TXN0000243,18-04-2024,14415.37,INR,auto-debit bescom bill/2404/243 subs - exp,Bescom,True,18%,TRUE,Utilities,0
TXN0000244,18-04-2024,68389.83,INR,NEFT AWFIS TAXINV/2404/244 GST - exp,AWFIS,True,18%,TRUE,Rent,0
TXN0000245,18-04-2024,6039.08,INR,/ AUTO-DEBIT STA.ples INV2404/245 FY25 - exp,STA.ples,True,12%,TRUE,Office Supplies,0
TXN0000246,18-04-2024,58653.85,INR,NEFT TECHM Pvt Ltd BILL/2404/246 TDS - exp,TECHM Pvt Ltd,True,18%,TRUE,IT Services,0
TXN0000247,18-04-2024,40399.59,INR,rtgs tcs rcpt/2404/247 gst - exp,Tcs,True,18%,TRUE,IT Services,0
TXN0000248,18-04-2024,75521.91,INR,#neft indiqube pvt ltd taxinv/2404/248 - exp,INDIQUBE Pvt Ltd,True,18%,TRUE,Rent,0
TXN0000249,18-04-2024,33695.36,INR,#auto-debit techm bill/240/249 rent - exp- ref 9601,TECHM,True,18%,TRUE,IT Services,0
TXN0000250,18-04-2024,5738.39,INR,NEFT FIG.ma CRPT/2404/250 Q1 - exp,FIG.ma,True,18%,TRUE,Software,0
TXN0000251,18-04-2024,9021.38,INR,upi kseb india pvt ltd inv/2404/251 rent - exp! ref 6642,KSEB INDIA PVT LTD,True,18%,TRUE,Utilities,0
TXN0000252,19-04-2024,37856.71,INR,INFY charges,INFY,True,18%,TRUE,IT Services,0
TXN0000253,19-04-2024,75733.54,INR,RTGS INDIQUBE Pvt Ltd RCPT/2404/253 Q2 - exp,INDIQUBE Pvt Ltd,True,18%,TRUE,Rent,0
TXN0000254,19-04-2024,5953.95,INR,UBER,UBER,True,5%,FALSE,Travel,0
TXN0000255,19-04-2024,61577.28,INR,rtgs tcs pvt ltd inv/2404/255 tds - exp* ref 1433,TCS Pvt Ltd,True,18%,TRUE,IT Services,0
TXN0000256,19-04-2024,2852.01,INR,*AUTO-DEBIT GOV.t fees TAXINV/2404/256 TDS - exempt services exp,GOV.t fees,False,exempt,FALSE,Exempt Services,0
TXN0000257,19-04-2024,42958.26,INR,INFY Pvt Ltd,INFY Pvt Ltd,True,18%,TRUE,IT Services,0
TXN0000258,19-04-2024,32996.51,INR,imps infy india pvt ltd inv/2404/258 rent - it services exp- ref 5000,INFY INDIA PVT LTD,True,18%,TRUE,IT Services,0
TXN0000259,19-04-2024,10828.68,INR,RTGS CAN.va TAXINV/2404/259 RENT - exp,CAN.va,True,18%,TRUE,Software,0
TXN0000260,19-04-2024,63331.1,INR,IMPS INDIQUBE Pvt Ltd INV/2404/260 SUBS - exp,INDIQUBE Pvt Ltd,True,18%,TRUE,Rent,0
TXN0000261,19-04-2024,38133.66,INR,Hcl,Hcl,True,18%,TRUE,IT Services,0
TXN0000262,19-04-2024,14123.22,INR, / auto-debit air.tel inv/2404/262 rent - utilities exp,AIR.tel,True,18%,unknown,Utilities,1
TXN0000263,19-04-2024,6678.87,INR,IMPS CANVA INDIA PVT LTD BILL/2404/263 SUBS - exp / ref 9499,CANVA INDIA PVT LTD,True,18%,TRUE,Software,0
TXN0000264,19-04-2024,15554.74,INR,imps bescom bill/240s/264 q1 - exp ref 3657,BESCOM,True,18%,TRUE,Utilities,0
TXN0000265,20-04-2024,27787.71,INR,AUOT-DEBIT INFY INV/2404/265 FY24 - exp,INFY,True,18%,TRUE,IT Services,0
TXN0000266,20-04-2024,4405.97,INR,#IMPS Indigo BILL/24u4/266 TDS - exp,Indigo,True,5%,FALSE,Travel,0
TXN0000267,20-04-2024,35530.98,INR,/ RTGS HCL TAXINV/2404/267 GST - exp,HCL,True,18%,TRUE,IT Services,0
TXN0000268,20-04-2024,5752.9,INR,-imps bill/2404/268 gst - exp,Stamp Duty,False,exempt,FALSE,Exempt Services,0
TXN0000269,20-04-2024,2011.92,INR,!UPI KFC INDIA PVT LTD BILL/2404/269 TDS - exp,KFC INDIA PVT LTD,True,5%,FALSE,Meals,0
TXN0000270,20-04-2024,5496.48,INR,imps figma india pvt ltd rcpt/2404/270 gst - exp! ref 7700,FIGMA INDIA PVT LTD,True,18%,TRUE,Software,0
TXN0000271,20-04-2024,148304.58,INR,rtgs awf.is taxinv/2404/271 adv - exp,AWF.is,True,18%,TRUE,Rent,0
TXN0000272,20-04-2024,8162.55,INR,neft figma pvt ltd taxinv/2404/272 gst - software exp,FIGMA Pvt Ltd,True,18%,TRUE,Software,0
TXN0000273,20-04-2024,3815.41,INR,imps rapido taxinv/2404/273 tds - travel exp! ref 6129,Rapido,True,5%,FALSE,Travel,0
TXN0000274,20-04-2024,9246.37,INR,!RTGS CAN.va TAXINV/2404/274 Y25 - exp,CAN.va,True,18%,TRUE,Software,0
TXN0000275,20-04-2024,9178.36,INR,,ADOBE INDIA PVT LTD,True,18%,TRUE,Software,0
TXN0000276,21-04-2024,9026.26,INR,card figma india pvt ltd bill/2404/276 q1 - exp ref 9863,FIGMA INDIA PVT LTD,True,18%,TRUE,Software,0
TXN0000277,21-04-2024,107372.0,INR,INDIQUBE INDIA PVT LTD charges,INDIQUBE INDIA PVT LTD,True,18%,TRUE,Rent,0
TXN0000278,21-04-2024,48795.9,INR,!CARD Wipro TAXINV/2404/278 TDS - exp / ref 7349,Wipro,True,18%,TRUE,IT Services,0
TXN0000279,21-04-2024,7900.19,INR,AIRTEL Pvt Ltd charges,AIRTEL Pvt Ltd,True,18%,TRUE,Utilities,0
TXN0000280,21-04-2024,33369.87,INR,AUTO-DEBIT TCS TAXINV/2404/280 Q1 - exp,TCS,True,18%,TRUE,IT Services,0
TXN0000281,21-04-2024,8598.19,INR,imps ola taxivn/2404/281 subs - exp,OLA,True,5%,FALSE,Travel,0
TXN0000282,21-04-2024,4604.42,INR,-,IKE.a,True,12%,TRUE,Office Supplies,0
TXN0000283,21-04-2024,8834.1,INR,#RTGS MICROSOFT TAXINV/2404/283 TDS - exp ref 8235,MICROSOFT,True,18%,TRUE,Software,0
TXN0000284,21-04-2024,75539.91,INR,NEFT Indiqube RCPT/2404/284 - exp,Indiqube,True,18%,TRUE,Rent,0
TXN0000285,21-04-2024,37990.21,INR, auto-debit tcs india pvt ltd bill/2404/285 subs - it services exp! ref 5727,TCS INDIA PVT LTD,True,18%,TRUE,IT Services,0
TXN0000286,21-04-2024,8111.12,INR,FIG.ma charges,FIG.ma,True,18%,FALSE,Software,1
TXN0000287,21-04-2024,3275.61,INR,-rtgs inv/2404/287 fy24 - exp* ref 1749,GOVT FEES,False,exempt,FALSE,Exempt Services,0
TXN0000288,21-04-2024,7037.28,INR,AUTO-DEBIT UBER INDIA PVT LTD RCPT/2404/288 FY25 - travel exp,UBER INDIA PVT LTD,True,5%,FALSE,Travel,0
TXN0000289,21-04-2024,8398.22,INR, / card figma bill/2404/289 q2 - software exp,FIGMA,True,18%,TRUE,Software,0
TXN0000290,21-04-2024,3095.27,INR,neft dominos india pvt ltd inv/2404/290q2 - exp,DOMINOS INDIA PVT LTD,True,5%,FALSE,Meals,0
TXN0000291,21-04-2024,7607.66,INR,-,BESCOM INDIA PVT LTD,True,18%,TRUE,Utilities,0
TXN0000292,21-04-2024,8681.58,INR,AUTO-DEBIT OFF.ice depot CPT/2404/292 RENT - exp,OFF.ice depot,True,12%,TRUE,Office Supplies,0
TXN0000293,21-04-2024,1519.1,INR,Swiggy,Swiggy,True,5%,FALSE,Meals,0
TXN0000294,21-04-2024,39838.32,INR,card hcl inv/2404/294 fy24 - exp,HCL,True,18%,TRUE,IT Services,0
TXN0000295,22-04-2024,48367.79,INR,INDIQUBE charges,INDIQUBE,True,18%,TRUE,Rent,0
TXN0000296,22-04-2024,41942.5,INR,-NEFT TECM INV/2404/296 ADV - it services exp- ref 1258,TECHM,True,18%,TRUE,IT Services,0
TXN0000297,22-04-2024,112601.26,INR,*RTGS INDiqube RCPT/2404/297 Q1 - exp,IND.iqube,True,18%,TRUE,Rent,0
TXN0000298,22-04-2024,11176.1,INR,CARD JIO.fiber INV/24c4/298 RENT - exp,JIO.fiber,True,18%,TRUE,Utilities,0
TXN0000299,22-04-2024,9802.25,INR,RTGS JIOFIBER Pvt Ltd TAXINV/2404/299 TDS - exp,JIOFIBER Pvt Ltd,True,18%,TRUE,Utilities,0
TXN0000300,22-04-2024,11323.98,INR,UPI ADO.be BILL/2404/300 FY25 - software exp! ref 1179,ADO.be,True,18%,TRUE,Software,0
TXN0000301,22-04-2024,3351.67,INR,/ CARD KFC RCPT/2404/301 TDS - exp,KFC,True,5%,FALSE,Meals,0
TXN0000302,22-04-2024,1811.63,INR,/ UPI DOM.inos INV/2404/302 RENT - exp,DOM.inos,True,5%,FALSE,Meals,0
TXN0000303,22-04-2024,4150.33,INR,UPI ZOMATO BILL/2404/303 Q2 - exp,ZOMATO,True,5%,FALSE,Meals,0
TXN0000304,22-04-2024,2767.32,INR,*auto-debit swiggy rcpt/2404/304 fy25 - exp ref 6152,SWIGGY,True,5%,FALSE,Meals,0
TXN0000305,22-04-2024,13457.98,INR, ,AIRTEL Pvt Ltd,True,18%,TRUE,Utilities,0
TXN0000306,22-04-2024,12969.9,INR,CARD AIRTEL INDIA PVT LTD INV/2404/306 TDS - exp,AIRTEL INDIA PVT LTD,True,18%,TRUE,Utilities,0
TXN0000307,22-04-2024,5423.19,INR,#AUTO-DuBIT UBER INDIA PVT LTD BILL/2404/307 TDS - exp,UBER INDIA PVT LTD,True,5%,FALSE,Travel,0
TXN0000308,22-04-2024,6246.84,INR,AUTO-DEBIT IKEA INV/2404/038 SUBS - exp,IKEA,True,12%,TRUE,Office Supplies,0
TXN0000309,22-04-2024,74736.68,INR,RTGSWEWORK Pvt Ltd INV/2404/309 TDS - exp- ref 4186,WEWORK Pvt Ltd,True,18%,TRUE,Rent,0
TXN0000310,23-04-2024,8183.58,INR,AUTO-DEBIT FIGMA INDIA PVT LTD BILL/2404/310 Q1 - exp,FIGMA INDIA PVT LTD,True,18%,TRUE,Software,0
TXN0000311,23-04-2024,18488.97,INR,RTGS BESCOM Pvt Ltd INV/2404/311 FY25 - exp,BESCOM Pvt Ltd,True,18%,TRUE,Utilities,0
TXN0000312,23-04-2024,5601.03,INR,*card indigo bill/2404/312 adv - exp,INDIGO,True,5%,FALSE,Travel,0
TXN0000313,23-04-2024,15208.02,INR,rtgs upgrad india pvt ltd rcpt/2404/313 fy24 - exp,UPGRAD INDIA PVT LTD,True,18%,unknown,Training,0
TXN0000314,23-04-2024,7595.82,INR,NEFT FIGMA TAXINV/2404/314 RENT - exp# ref 1519,FIGMA,True,18%,TRUE,Software,0
TXN0000315,23-04-2024,3582.44,INR,IMPS UBER BILL/2404/315 TDS - exp* ref 5009,UBER,True,5%,FALSE,Travel,0
TXN0000316,23-04-2024,2031.5,INR,RTGS Zomato BILL/2404/316 AVD - exp,Zomato,True,5%,FALSE,Meals,0
TXN0000317,23-04-2024,5544.77,INR,!RTGS OFFICE DEPOT Pvt Ltd RCPT/2404/317 Q1 - office supplies exp,OFFICE DEPOT Pvt Ltd,True,12%,TRUE,Office Supplies,0
TXN0000318,23-04-2024,83780.7,INR,rtgs wework inv/2404/318 gst - exp,WEWORK,True,exempt,TRUE,Rent,1
TXN0000319,24-04-2024,38287.61,INR,AUTO-DEBIT TEC.hm RCPT/2404/319tGST - exp,TEC.hm,True,18%,TRUE,IT Services,0
TXN0000320,24-04-2024,14330.74,INR,!imps kseb rcpt/2404/320 fy25 - exp,KSEB,True,18%,TRUE,Utilities,0
TXN0000321,24-04-2024,34800.04,INR,CARD TECHM INDIA PVT LTD RCPT/2404/321 RENT - exp,TECHM INDIA PVT LTD,True,18%,TRUE,IT Services,0
TXN0000322,24-04-2024,49837.38,INR,#upi awfis inv/2404/32 q2 - rent exp- ref 5662,AWFIS,True,18%,TRUE,Rent,0
TXN0000323,24-04-2024,17760.72,INR,imps techm india pvt ltd inv/2404/323 gst - exp,TECHM INDIA PVT LTD,True,18%,TRUE,IT Services,0
TXN0000324,24-04-2024,69795.34,INR,rtgs awfis inv/2404/324 - exp / ref 7431,Awfis,True,18%,TRUE,Rent,0
TXN0000325,24-04-2024,86956.57,INR,rtgs wework taxinv/2404/325 subs - exp / ref 6649,WEWORK,True,18%,TRUE,Rent,0
TXN0000326,24-04-2024,5243.83,INR,#CARD DOMINOS INV/2404/326 SUBS - exp- ref 4167,DOMINOS,True,5%,FALSE,Meals,0
TXN0000327,24-04-2024,31035.54,INR,RTGS HCL RCPT/244/327 FY24 - exp,HCL,True,18%,TRUE,IT Services,0
TXN0000328,25-04-2024,105060.88,INR,AWFIS,AWFIS,True,18%,TRUE,Rent,0
TXN0000329,25-04-2024,24920.81,INR,neft simplilearn inv/2404/329 tds - exp,SIMPLILEARN,True,18%,unknown,Training,0
TXN0000330,25-04-2024,7926.57,INR,#IMPS STA.ples BILL/2404/330 ADV - exp,STA.ples,True,12%,TRUE,Office Supplies,0
TXN0000331,25-04-2024,20563.47,INR,imps kse.b bill/2404/331 tds - exp- ref 4083,KSE.b,True,18%,TRUE,Utilities,0
TXN0000332,25-04-2024,10254.45,INR,RTGS BES.com RCP/2404/332 GST - exp,BES.com,True,18%,TRUE,Utilities,0
TXN0000333,25-04-2024,23734.4,INR,neft upgrad india pvt ltd rcpt/2404/333 q2 - exp,UPGRAD INDIA PVT LTD,True,18%,unknown,Training,0
TXN0000334,25-04-2024,102388.06,INR,CARD Indiqube INV/2404/334 ADV - exp / ref 9120,Indiqube,True,18%,TRUE,Rent,0
TXN0000335,25-04-2024,57708.78,INR,-NEFT Indiqube BILL/2404/335 - exp,Indiqube,True,18%,TRUE,Rent,0
TXN0000336,25-04-2024,4767.95,INR,na,OLA,True,5%,FALSE,Travel,0
TXN0000337,25-04-2024,20629.35,INR,imps kseb taxinv/2404/337 tds - exp,Kseb,True,18%,TRUE,Utilities,0
TXN0000338,25-04-2024,8844.42,INR,IMPS Microsoft INV/2404/338 FY25 - exp,Microsoft,True,18%,TRUE,Software,0
TXN0000339,25-04-2024,12213.51,INR, neft kseb india pvt ltd inv/2404/339 tds - utilities exp /  ref 5067,KSEB INDIA PVT LTD,True,18%,TRUE,Utilities,0
TXN0000340,25-04-2024,6222.05,INR,CARD STAPLES Pvt Ltd BILL/2404/340 FY24 - exp,STAPLES Pvt Ltd,True,12%,TRUE,Office Supplies,0
TXN0000341,25-04-2024,6519.95,INR,RTGS Figma BILL/2404/341 RENT - exp,Figma,True,18%,TRUE,Software,0
TXN0000342,25-04-2024,76288.9,INR,!RTGS Indiqube RCPT/2404/342 RENT - rent exp,Indiqube,True,18%,TRUE,Rent,0
TXN0000343,25-04-2024,4447.19,INR,card india pvt ltd taxinv/2404/343 adv - exp,GOVT FEES INDIA PVT LTD,False,exempt,FALSE,Exempt Services,0
TXN0000344,25-04-2024,32519.39,INR,NEFT Techm INV/2404/344 F24 - exp,Techm,True,18%,TRUE,IT Services,0
TXN0000345,26-04-2024,81148.88,INR,NEFT AWFIS INDIA PVT LTD RCPT/2404/345 TDS - exp! ref 8898,AWFIS INDIA PVT LTD,True,18%,TRUE,Rent,0
TXN0000346,26-04-2024,25095.68,INR,CARD Hcl RCPT/2404/346 FY24 - it services exp,Hcl,True,18%,TRUE,IT Services,0
TXN0000347,26-04-2024,25611.06,INR,neft tcs pvt ltd taxinv/2404/347 q2 - exp,TCS Pvt Ltd,True,18%,TRUE,IT Services,0
TXN0000348,26-04-2024,12181.11,INR,UPI JIOFIBER BILL/2404/348 SUBS - exp,JIOFIBER,True,18%,TRUE,Utilities,0
TXN0000349,26-04-2024,22298.8,INR, NEFT FKC INDIA PVT LTD INV/2404/349 FY24 - meals exp,KFC INDIA PVT LTD,True,5%,FALSE,Meals,1
TXN0000350,26-04-2024,26737.38,INR,auto-debit hcl india pvt ltd rcpt/2404/350 gst - exp- ref 8659,HCL INDIA PVT LTD,True,18%,TRUE,IT Services,0
TXN0000351,26-04-2024,11369.56,INR,*upi bescom pvt ltd inv/2404/351 q1 - utilities exp,BESCOM Pvt Ltd,True,18%,TRUE,Utilities,1
TXN0000352,26-04-2024,12075.24,INR,-imps figma rcpt/2404/352 fy24 - exp,FIGMA,True,18%,TRUE,Software,0
TXN0000353,26-04-2024,8684.61,INR,IMPS MICROSOFT Pvt Ltd TAXINV/2404/353 ADV - exp,MICROSOFT Pvt Ltd,True,18%,TRUE,Software,0
TXN0000354,26-04-2024,7073.79,INR,rtgs staples pvt ltd taxinv/2404/354 gst - exp ref 1322,STAPLES Pvt Ltd,True,12%,TRUE,Office Supplies,0
TXN0000355,26-04-2024,97426.51,INR,upi indiqube rcpt/2404/355 subs - exp* ref 5891,INDIQUBE,True,18%,TRUE,Rent,0
TXN0000356,26-04-2024,16444.69,INR,*neft sim.plilearn inv/2404/356 gst - exp,SIM.plilearn,True,18%,unknown,Training,0
TXN0000357,26-04-2024,5678.98,INR,rtgs office depot in/v2404/357 tds - exp,Office Depot,True,12%,TRUE,Office Supplies,0
TXN0000358,26-04-2024,5186.48,INR,neft ikea inv/2404/358 q1 - exp,IKEA,True,12%,TRUE,Office Supplies,0
TXN0000359,26-04-2024,16923.85,INR,SIMPLILEARN charges,SIMPLILEARN,True,18%,unknown,Training,0
TXN0000360,26-04-2024,9160.14,INR,JIOFIBER INDIA PVT LTD charges,JIOFIBER INDIA PVT LTD,True,18%,TRUE,Utilities,0
TXN0000361,26-04-2024,5586.25,INR,*UPI FIGMA BILL/2404/361 FY25 - exp,FIGMA,True,18%,TRUE,Software,0
TXN0000362,26-04-2024,6623.47,INR,FIGMA INDIA PVT LTD charges,FIGMA INDIA PVT LTD,True,18%,TRUE,Software,0
TXN0000363,26-04-2024,6799.71,INR,*upi canva taxinv/2404/363 fy25 - exp,CANVA,True,18%,TRUE,Software,0
TXN0000364,26-04-2024,2466.41,INR,upi fkc taxinv/2404/364 gst - exp# ref 7436,Kfc,True,5%,FALSE,Meals,0
TXN0000365,26-04-2024,2972.7,INR,RTGS SWIGGY INV/2404/365 SUBS - meals exp,SWIGGY,True,5%,FALSE,Meals,0
TXN0000366,26-04-2024,51734.28,INR,*NEFT TECHM RCPT/2404/366 GST - exp / ref 3695,TECHM,True,18%,TRUE,IT Services,0
TXN0000367,27-04-2024,72386.93,INR,/ rtgs indiqube taxinv/2404/367 subs - exp,Indiqube,True,18%,TRUE,Rent,0
TXN0000368,27-04-2024,6310.52,INR,neft staples rcpt/2404/38 subs - exp,Staples,True,12%,TRUE,Office Supplies,0
TXN0000369,27-04-2024,17082.26,INR,IMPS AIR.tel RCPT/2404/369 SUBS - exp# ref 4738,AIR.tel,True,18%,TRUE,Utilities,0
TXN0000370,27-04-2024,26020.08,INR,-neft techm rcpt/2404/370 fy24 - exp! ref 3098,Techm,True,18%,TRUE,IT Services,0
TXN0000371,27-04-2024,20551.18,INR,*card coursera rcpt/2404/371 tds - training exp,Coursera,True,18%,unknown,Training,0
TXN0000372,27-04-2024,4882.24,INR,*IMPS RAPIDO INV/2404/72 TDS - exp,RAPIDO,True,5%,FALSE,Travel,0
TXN0000373,27-04-2024,126967.45,INR,RTGS Wework RCPT/2404/373 - exp,Wework,True,18%,TRUE,Rent,0
TXN0000374,27-04-2024,43422.06,INR,UPI Tcs INV/2404/374 Q1 - exp,Tcs,True,18%,TRUE,IT Services,0
TXN0000375,27-04-2024,34149.41,INR,NEFT HCL INDIA PVT LTD BILL/2404/375 SUBS - exp- ref 4632,HCL INDIA PVT LTD,True,18%,TRUE,IT Services,0
TXN0000376,27-04-2024,7275.36,INR,IMPS AIR.tel INV/2404/376 TDS - exp / ref 5708,AIR.tel,True,18%,TRUE,Utilities,0
TXN0000377,27-04-2024,4030.04,INR,ZOMATO charges,ZOMATO,True,5%,FALSE,Meals,0
TXN0000378,28-04-2024,11062.13,INR,RTGS KSEB BILL/2404/378 FY24 - exp,KSEB,True,18%,TRUE,Utilities,0
TXN0000379,28-04-2024,37460.9,INR,*AUTO-DEBIT INFY INV/2404/379 Q2 - exp,INFY,True,18%,TRUE,IT Services,0
TXN0000380,28-04-2024,10975.19,INR,rtgs mic.rosoft taxinv/2404/380 adv - exp,MIC.rosoft,True,18%,TRUE,Software,0
TXN0000381,28-04-2024,7361.39,INR,!RTGS CANVA BILL/2404/381 SUBS - exp / ref 6665,CANVA,True,18%,TRUE,Software,0
TXN0000382,28-04-2024,2790.33,INR, UPI Zomlto BILL/2404/382 Q2 - meals exp,Zomato,True,5%,FALSE,Meals,0
TXN0000383,28-04-2024,87621.02,INR,,AWF.is,True,18%,TRUE,Rent,0
TXN0000384,28-04-2024,96338.91,INR,rtgs ind.iqube taxinv/2404/34 rent - rent exp- ref 4348,IND.iqube,True,18%,TRUE,Rent,0
TXN0000385,28-04-2024,3329.73,INR,CARD Dominos TAXINV/2404/385 FY24 - exp,Dominos,True,5%,FALSE,Meals,0
TXN0000386,28-04-2024,35843.83,INR,#NEFT HCL BILL/2404/386 RENT - it services exp,HCL,True,18%,TRUE,IT Services,0
TXN0000387,28-04-2024,2938.46,INR,IMPS SWIGGY INDrA PVT LTD RCPT/2404/387 Q2 - exp,SWIGGY INDIA PVT LTD,True,5%,FALSE,Meals,0
TXN0000388,28-04-2024,11768.89,INR,card canva india pvt ltd inv/2404/388 q1 - exp,CANVA INDIA PVT LTD,True,18%,TRUE,Software,0
TXN0000389,28-04-2024,16638.73,INR,neft kseb pvt ltd inv/2404/389 subs - utilities exp- ref 3563,KSEB Pvt Ltd,True,18%,TRUE,Utilities,0
TXN0000390,28-04-2024,2102.21,INR,*neft dom.inos taxinv/2404/390 q2 - exp,DOM.inos,True,5%,FALSE,Meals,0
TXN0000391,28-04-2024,3815.6,INR,*rtgs ikea rcpt/2404/391 q1 - office supplies exp* ref 6922,Ikea,True,12%,TRUE,Office Supplies,0
TXN0000392,29-04-2024,28043.73,INR,-rtgs hcl india pvt ltd inv/2404/392 q1 - exp,HCL INDIA PVT LTD,True,18%,TRUE,IT Services,0
TXN0000393,29-04-2024,7480.51,INR,IMPS RAP.ido INV/2404/393 Q2 - exp / ref 4680,RAP.ido,True,5%,FALSE,Travel,0
TXN0000394,29-04-2024,5648.53,INR,#AUTO-DEBIT FIGMA INV/2404/394 RENT - exp,FIGMA,True,18%,TRUE,Software,0
TXN0000395,29-04-2024,95830.11,INR,CARD Indqiube INV/2404/395 GST - exp,Indiqube,True,18%,TRUE,Rent,0
TXN0000396,29-04-2024,48408.63,INR,AUTO-DEBIT TCS BILL/2404/396 SUBS - exp# ref 3890,TCS,True,18%,TRUE,IT Services,0
TXN0000397,29-04-2024,120198.79,INR,#AUTO-DEBIT AWFIS Pvt Ltd RCPT/2404/397 GST - exp,AWFIS Pvt Ltd,True,18%,TRUE,Rent,0
TXN0000398,29-04-2024,8139.5,INR, auto-debit adobe pvt ltd rcpt/2404/398 fy25 - software exp,ADOBE Pvt Ltd,True,18%,TRUE,Software,0
TXN0000399,29-04-2024,11319.44,INR,JIOFIBER INDIA PVT LTD charges,JIOFIBER INDIA PVT LTD,True,18%,TRUE,Utilities,0
TXN0000400,29-04-2024,5163.82,INR,-NEFT IKEA Pvt Ltd INV/2404/400 Q1 - exp,IKEA Pvt Ltd,True,12%,TRUE,Office Supplies,0
TXN0000401,29-04-2024,9360.74,INR,#card staples pvt ltd inv/2404/401 gst - exp,STAPLES Pvt Ltd,True,12%,TRUE,Office Supplies,0
TXN0000402,29-04-2024,3666.92,INR,rtgs office depot pvt ltd inv/2404/402 q1 - exp,OFFICE DEPOT Pvt Ltd,True,12%,TRUE,Office Supplies,0
TXN0000403,29-04-2024,55006.02,INR,IMPS AWF.is TAXINV/2404/403 Q1 - exp,AWF.is,True,18%,TRUE,Rent,0
TXN0000404,29-04-2024,2796.74,INR,rtgs zomato inv/2404/404 fy24 - exp,ZOMATO,True,5%,FALSE,Meals,0
TXN0000405,30-04-2024,39392.17,INR,*UPI INDIQUBE BILL/2404/405 FY24 - rent exp,INDIQUBE,True,18%,TRUE,Rent,0
TXN0000406,30-04-2024,24541.04,INR,AUTO-DEBIT InfyjTAXINV/2404/406 FY24 - exp,Infy,True,18%,TRUE,IT Services,0
TXN0000407,30-04-2024,12293.88,INR,upi ra bill/2404/407 q2 - exp,COURSERA,True,18%,unknown,Training,0
TXN0000408,30-04-2024,2700.21,INR,imps indigo india pvt ltd bill/2404/408 f24 - exp,INDIGO INDIA PVT LTD,True,5%,FALSE,Travel,0
TXN0000409,30-04-2024,11453.09,INR,card air.el taxinv/2404/409 subs - exp,AIR.tel,True,18%,TRUE,Utilities,0
TXN0000410,30-04-2024,9422.42,INR,AUTO-DEBIT KSEB RCPT/2404/410 FY24 - exp- ref 1770,KSEB,True,18%,TRUE,Utilities,0
TXN0000411,30-04-2024,49242.17,INR,!rtgs wipro rcpt/2404/411 q1 - exp ref 4536,Wipro,True,18%,TRUE,IT Services,0
TXN0000412,30-04-2024,48884.88,INR,-CARD Wipro BILL/2404/412 FY24 - exp,Wipro,True,18%,TRUE,IT Services,0
TXN0000413,30-04-2024,8577.58,INR,-CARD CANVA BILL/2404/413 Q2 - exp,CANVA,True,18%,TRUE,Software,0
TXN0000414,30-04-2024,41665.09,INR,imps hcl rcpt/2404/414 subs - exp,HCL,True,18%,TRUE,IT Services,0
TXN0000415,30-04-2024,39514.01,INR,#upi tcs pvt ltd inv/2404/415 adv - exp ref 377,TCS Pvt Ltd,True,18%,TRUE,IT Services,0
TXN0000416,30-04-2024,7181.06,INR,AUTO-DEBIT Pvt Ltd TAXINV/2404/416 GST - exp,STAMP DUTY Pvt Ltd,False,exempt,FALSE,Exempt Services,0
TXN0000417,30-04-2024,11029.51,INR,card skeb pvt ltd bill/2404/417 subs - exp,KSEB Pvt Ltd,True,18%,TRUE,Utilities,0
TXN0000418,30-04-2024,15021.57,INR,-NEFT Airtel RCPT/2404/418 FY24 - utilities exp# ref 8497,Airtel,True,18%,TRUE,Utilities,0
TXN0000419,30-04-2024,10561.92,INR,AUTO-DEBIT MICROSOT Pvt Ltd RCPT/2404/419 FY24 - exp,MICROSOFT Pvt Ltd,True,18%,TRUE,Software,0
TXN0000420,30-04-2024,79545.41,INR,#RTGS AWFIS INV/2404/420 Q2 - exp,AWFIS,True,18%,TRUE,Rent,0
TXN0000421,30-04-2024,57424.03,INR,!upi techm bill/2404/421 tds - exp,TECHM,True,18%,TRUE,IT Services,0
TXN0000422,01-05-2024,8353.05,INR,CARD Staples INV/2405/422 Q1 - exp,Staples,True,12%,TRUE,Office Supplies,0
TXN0000423,01-05-2024,22697.29,INR,rtgs techm bill/2405/423 q1 - exp,TECHM,True,18%,TRUE,IT Services,0
TXN0000424,01-05-2024,79874.32,INR,IMPS INDIQUBE BILL/2405/424 FY25 - exp / rf 5921,INDIQUBE,True,18%,TRUE,Rent,0
TXN0000425,01-05-2024,3216.66,INR,AUTO-DEBIT ZOMATO INDIA PVT LTD INV/2405/25 Q1 - exp! ref 5647,ZOMATO INDIA PVT LTD,True,5%,FALSE,Meals,0
TXN0000426,01-05-2024,2943.66,INR,!AUTO-DEBIT Swiggy INV/2405/426 Q2 - meals exp,Swiggy,True,5%,FALSE,Meals,0
TXN0000427,01-05-2024,133147.45,INR,-,WEWORK Pvt Ltd,True,18%,TRUE,Rent,0
TXN0000428,01-05-2024,67071.8,INR,IMPS WEWORK INDIA PVT LTD BILL/2405/428 RENT - rent exp /  ref 4526,WEWORK INDIA PVT LTD,True,18%,TRUE,Rent,0
TXN0000429,01-05-2024,3366.94,INR,#imps zom.ato bill/2405/429 q1 - meals exp- ref 2680,ZOM.ato,True,5%,FALSE,Meals,0
TXN0000430,01-05-2024,4461.15,INR,/ NEFT OLA INV/2405/430 SUBS - exp,OLA,True,5%,FALSE,Travel,0
TXN0000431,01-05-2024,8116.33,INR,upi indigo india pvt ltd inv/2405/431 gst - exp* ref 5005,INDIGO INDIA PVT LTD,True,5%,FALSE,Travel,0
TXN0000432,01-05-2024,22597.72,INR,#imps simplilearn taxinv/2405/432 fy25 - exp,SIMPLILEARN,True,18%,unknown,Training,0
TXN0000433,01-05-2024,38496.19,INR,impsltcs pvt ltd rcpt/2405/433 tds - exp,TCS Pvt Ltd,True,18%,TRUE,IT Services,0
TXN0000434,01-05-2024,10099.46,INR,AUTO-DEBIT AIR.tel INV/2405/44 Q1 - exp,AIR.tel,True,18%,TRUE,Utilities,0
TXN0000435,02-05-2024,7096.76,INR,RTGS ADOBE INV/2405/435 TDS - exp,ADOBE,True,18%,TRUE,Software,0
TXN0000436,02-05-2024,41194.13,INR,*card hcl rcpt/2405/436 q2 - it services exp,Hcl,True,18%,TRUE,IT Services,0
TXN0000437,02-05-2024,3395.51,INR,UPI STA.mp duty TAXINV/2405/437 FY25 - exp,STA.mp duty,False,exempt,FALSE,Exempt Services,0
TXN0000438,02-05-2024,11339.32,INR, / upi ikea bill/2405/438 fy24 - office supplids exp,Ikea,True,12%,TRUE,Office Supplies,0
TXN0000439,02-05-2024,68717.35,INR,auto-debit wework taxinv/2405/439 fy24 - exp,Wework,True,18%,TRUE,Rent,0
TXN0000440,02-05-2024,10077.02,INR,/ UPI Kseb BILL/2405/440 SUBS - exp,Kseb,True,18%,TRUE,Utilities,0
TXN0000441,02-05-2024,4293.84,INR, rtgs indigo inv/2405/441 fy24 - travel exp,Indigo,True,5%,FALSE,Travel,0
TXN0000442,02-05-2024,2200.83,INR,-CARD SWIGGY RCPT/2405/442 FY24 - exp,SWIGGY,True,5%,FALSE,Meals,0
TXN0000443,02-05-2024,21599.74,INR,!imps upgrad inv/2405/443 fy24 - training exp* ref 2672,UPGRAD,True,18%,unknown,Training,0
TXN0000444,02-05-2024,9429.51,INR,!IMPS UBE.r RCPT/2405/444 Q2 - travel exp,UBE.r,True,5%,FALSE,Travel,0
TXN0000445,02-05-2024,37780.89,INR,auto-debit techm pvt ltd bill/2405/445 fy24 - exp- ref 7764,TECHM Pvt Ltd,True,18%,TRUE,IT Services,0
TXN0000446,02-05-2024,127625.62,INR,upi wework pvt ltd bill/2405/446 q1 - rent exp,WEWORK Pvt Ltd,True,18%,TRUE,Rent,0
TXN0000447,03-05-2024,3111.88,INR,AUTO-DEBIT DOM.inos INV/2405/447 FY24 - exp,DOM.inos,True,5%,FALSE,Meals,0
TXN0000448,03-05-2024,61979.52,INR,NEFT WIP.ro BILL/2405448 GST - exp,WIP.ro,True,18%,TRUE,IT Services,0
TXN0000449,03-05-2024,6092.76,INR,AUTO-DEBIT RAPIDO RCPT/2405/449 Q1 -xexp,RAPIDO,True,5%,FALSE,Travel,0
TXN0000450,03-05-2024,7984.15,INR,card adobe india pvt ltd taxinv/2405/450 fy25 - exp! ref 4649,ADOBE INDIA PVT LTD,True,18%,TRUE,Software,0
TXN0000451,03-05-2024,82610.3,INR,imps indiqube pvt ltd taxinv/2405/451 tds - exp- ref 6794,INDIQUBE Pvt Ltd,True,18%,TRUE,Rent,0
TXN0000452,03-05-2024,8376.39,INR,auto-debit bescom pvt ltd taxinv/2405/452 q1 - utilities exp,BESCOM Pvt Ltd,True,18%,TRUE,Utilities,0
TXN0000453,03-05-2024,9423.69,INR, RTGS ADOBE BILL/2405/453 SUBS - software exp,ADOBE,True,18%,TRUE,Software,0
TXN0000454,03-05-2024,68499.35,INR,/ AUTO-DEBIT Indiqube INV/2405/454 GST - exp,Indiqube,True,18%,TRUE,Rent,0
TXN0000455,03-05-2024,9414.75,INR, auto-debit kseb pvt ltd bill/2405/455 adv - utilities exp,KSEB Pvt Ltd,True,18%,TRUE,Utilities,0
TXN0000456,03-05-2024,11045.86,INR,-imps kseb pvt ltd inv/2405/456 q2 - utilities exp,KSEB Pvt Ltd,True,18%,TRUE,Utilities,0
TXN0000457,03-05-2024,4269.28,INR,upi sta.mp duty bill/2405/457 adv - exp,STA.mp duty,False,exempt,FALSE,Exempt Services,0
TXN0000458,03-05-2024,5386.92,INR,auto-debit uber pvt ltd taxinv/2405/458 fy25 - exp,UBER Pvt Ltd,True,5%,FALSE,Travel,0
TXN0000459,03-05-2024,7798.94,INR,!upi staples inv/2405/459 q1 - office supplies exp* ref 5352,Staples,True,12%,TRUE,Office Supplies,0
TXN0000460,04-05-2024,35930.12,INR,TCS Pvt Ltd,TCS Pvt Ltd,True,18%,TRUE,IT Services,0
TXN0000461,04-05-2024,7072.93,INR,*imps staples pvt ltd bill/2405/461 fy24 - exp,STAPLES Pvt Ltd,True,12%,TRUE,Office Supplies,0
TXN0000462,04-05-2024,63923.1,INR, CARD WEW.ork RCPT/2405/462 Q2 - rent exp,WEW.ork,True,18%,TRUE,Rent,0
TXN0000463,04-05-2024,13317.33,INR,Airtel charges,Airtel,True,18%,TRUE,Utilities,0
TXN0000464,04-05-2024,15240.78,INR,#CARD BES.com INV/2405/464 FY24 - exp,BES.com,True,18%,TRUE,Utilities,0
TXN0000465,04-05-2024,3552.05,INR,NEFT Ola BILL/2405/465 RENT - exp,Ola,True,5%,FALSE,Travel,0
TXN0000466,04-05-2024,39560.12,INR,-,TCS,True,18%,TRUE,IT Services,0
TXN0000467,04-05-2024,6281.04,INR,IMPS ROC FEES INV/2405/467 FY24 - exempt services exp,ROC FEES,False,exempt,FALSE,Exempt Services,0
TXN0000468,04-05-2024,14637.59,INR,IMPS AIR.tel INV/2405/468 RENT - exp,AIR.tel,True,18%,TRUE,Utilities,0
TXN0000469,04-05-2024,8203.58,INR,!UPI IKEA BILL/2x05/469 FY24 - exp- ref 1633,IKEA,True,12%,TRUE,Office Supplies,0
TXN0000470,04-05-2024,12512.27,INR,upi kseb bill/2405/470 subs - exp,KSEB,True,18%,TRUE,Utilities,0
TXN0000471,04-05-2024,3699.89,INR,auto-debit swiggy taxinv/2405/471 q1 - exp,Swiggy,True,5%,FALSE,Meals,0
TXN0000472,04-05-2024,4720.63,INR,card swi.ggy taxinv/2405/472 subs - exp* ref 2166,SWI.ggy,True,5%,unknown,Meals,1
TXN0000473,05-05-2024,6195.92,INR, ATUO-DEBIT CANVA TAXINV/2405/473 SUBS - software exp,CANVA,True,18%,TRUE,Software,0
TXN0000474,05-05-2024,9275.43,INR,BESCOM INDIA PVT LTD,BESCOM INDIA PVT LTD,True,18%,TRUE,Utilities,0
TXN0000475,05-05-2024,3823.33,INR,*nft swiggy rcpt/2405/475 fy25 - meals exp,Swiggy,True,5%,FALSE,Meals,0
TXN0000476,05-05-2024,4900.81,INR,/ rtgs staples pvt ltd rcpt/2405/476 gst - exp* ref 7064,STAPLES Pvt Ltd,True,12%,TRUE,Office Supplies,0
TXN0000477,05-05-2024,11968.58,INR,-card canva pvt ltd inv/2405/477 fy24 - software exp,CANVA Pvt Ltd,True,18%,TRUE,Software,0
TXN0000478,05-05-2024,56152.99,INR,RTGS INDIQUBE INDIA PVT LTD TAXINV/2405/478 TDS - exp,INDIQUBE INDIA PVT LTD,True,18%,TRUE,Rent,0
TXN0000479,05-05-2024,5901.91,INR,UPI STAPLES RCPT/2405/479 FY24 - exp- ref 5135,STAPLES,True,12%,TRUE,Office Supplies,0
TXN0000480,05-05-2024,6077.61,INR,STAPLES charges,STAPLES,True,12%,TRUE,Office Supplies,0
TXN0000481,05-05-2024,19661.42,INR,-enft ra india pvt ltd inv/2405/481 adv - exp,COURSERA INDIA PVT LTD,True,18%,unknown,Training,0
TXN0000482,05-05-2024,6182.86,INR,n/a,CANVA,True,18%,TRUE,Software,0
TXN0000483,05-05-2024,4277.87,INR,#IMPS OFFICE DEPOT RCTP/2405/483 FY24 - exp* ref 9944,OFFICE DEPOT,True,12%,TRUE,Office Supplies,0
TXN0000484,05-05-2024,7194.72,INR,rtgs kseb taxinv/2405/484 gst - exp ref 8994,KSEB,True,18%,TRUE,Utilities,0
TXN0000485,05-05-2024,12231.15,INR,NEFT BES.com RCPT/2405/485 ADV - exp / ref 4717,BES.com,True,18%,TRUE,Utilities,0
TXN0000486,05-05-2024,62447.22,INR,/ IMPS AWFIS RCPT/2405/486 TDS - exp# ref 8297,AWFIS,True,18%,TRUE,Rent,0
TXN0000487,06-05-2024,6341.69,INR,CAN.va,CAN.va,True,18%,TRUE,Software,0
TXN0000488,06-05-2024,8376.47,INR,/ RTGS AIRTEL INDIA PVT LTD RCPT/2405/488 Q2 - exp,AIRTEL INDIA PVT LTD,True,18%,TRUE,Utilities,0
TXN0000489,06-05-2024,97193.32,INR,!NEFT Indiqube BILL/2405/489 SUBS - exp ref 6844,Indiqube,True,18%,TRUE,Rent,0
TXN0000490,06-05-2024,120506.01,INR, imps awfns pvt ltd inv/2405/490 q1 - rent exp,AWFIS Pvt Ltd,True,18%,TRUE,Rent,0
TXN0000491,06-05-2024,176059.73,INR,NEFT Idiqube BILL/2405/491 FY24 - exp,Indiqube,True,18%,TRUE,Rent,0
TXN0000492,06-05-2024,8336.24,INR,UPI Rkpido TAXINV/2405/492 GST - exp / ref 6373,Rapido,True,5%,FALSE,Travel,0
TXN0000493,06-05-2024,13290.79,INR,IMPS MICROSOFT Pvt Ltd RCPT/2405/493 FY24 - exp- ref 2308,MICROSOFT Pvt Ltd,True,18%,TRUE,Software,0
TXN0000494,06-05-2024,20292.98,INR, / upi airtel rcpt/2405/494 adv - utilities exp- ref 1620,Airtel,True,18%,TRUE,Utilities,0
TXN0000495,06-05-2024,136838.58,INR,AUTO-DEBIT Indiqube BILL/2405/495 Q2 - exp,Indiqube,True,18%,TRUE,Rent,0
TXN0000496,06-05-2024,27488.44,INR,rtgs tcs pvt ltd taxinv/2405/496 gst - exp# ref 1639,TCS Pvt Ltd,True,18%,TRUE,IT Services,0
TXN0000497,06-05-2024,37649.29,INR,*CARD WIPRO INDIAP VT LTD RCPT/2405/497 ADV - exp,WIPRO INDIA PVT LTD,True,18%,TRUE,IT Services,0
TXN0000498,06-05-2024,23707.67,INR,RTGS TECHM Pvt Ltd BILL/2405/498 Q2 - it services exp,TECHM Pvt Ltd,True,18%,TRUE,IT Services,0
TXN0000499,06-05-2024,3149.97,INR,card dominos bill/2405/499 q1 - exp! ref 1629,DOMINOS,True,5%,FALSE,Meals,0
TXN0000500,06-05-2024,59217.36,INR,!CARD HCL BILL/2405/500 FY25 - it services exp,HCL,True,18%,TRUE,IT Services,0
TXN0000501,06-05-2024,10528.36,INR, ,Microsoft,True,18%,TRUE,Software,0
TXN0000502,06-05-2024,59686.28,INR,IMPS HCL INDIA PVT LTD RCPT/2405/502 FY24 - exp,HCL INDIA PVT LTD,True,18%,TRUE,IT Services,0
TXN0000503,06-05-2024,57898.28,INR,CARD INDIQUBE INDIA PVT LTD INV/2405/503 RENT - rent exp,INDIQUBE INDIA PVT LTD,True,18%,TRUE,Rent,0
TXN0000504,06-05-2024,155925.44,INR, / upi upgrad taxinv/2405/504 fy24 - training exp  ref 6975,UPGRAD,True,18%,unknown,Training,1
TXN0000505,06-05-2024,6705.07,INR,!rtgs canva pvt ltd rcpt/2405/505 tds - exp,CANVA Pvt Ltd,True,18%,TRUE,Software,0
TXN0000506,07-05-2024,6412.1,INR,rtgs staples pvt ltd inv/2405/506 fy25 - exp,STAPLES Pvt Ltd,True,12%,TRUE,Office Supplies,0
TXN0000507,07-05-2024,7417.42,INR,/ AUTO-DEBIT MICROSOFT Pvt Ltd TAXINV/2405/507 Q1 - exp / ref 7173,MICROSOFT Pvt Ltd,True,18%,TRUE,Software,0
TXN0000508,07-05-2024,15776.48,INR,RTGS KSEB INV/2405/508 SUBS - exp,KSEB,True,18%,TRUE,Utilities,0
TXN0000509,07-05-2024,25133.2,INR,SIMPLILEARN,SIMPLILEARN,True,18%,unknown,Training,0
TXN0000510,07-05-2024,12769.04,INR,#neft bescom inv/2405/510 fy25 - exp,BESCOM,True,18%,TRUE,Utilities,0
TXN0000511,07-05-2024,4286.65,INR,*upi zomato inv/2405/511 subs - meals exp,ZOMATO,True,5%,FALSE,Meals,0
TXN0000512,07-05-2024,9226.09,INR,MICROSOFT,MICROSOFT,True,18%,TRUE,Software,0
TXN0000513,07-05-2024,95218.19,INR,-IMPS AWFIS BILL/2405/513 Q2 - exp,AWFIS,True,18%,TRUE,Rent,0
TXN0000514,07-05-2024,6802.69,INR,AUTO-DEBIT MICcOSOFT RCPT/2405/514 Q1 - exp,MICROSOFT,True,18%,TRUE,Software,0
TXN0000515,07-05-2024,40914.34,INR, ,Wipro,True,18%,TRUE,IT Services,0
TXN0000516,07-05-2024,140744.32,INR,WEWORK,WEWORK,True,18%,TRUE,Rent,0
TXN0000517,07-05-2024,4542.0,INR,UBER charges,UBER,True,5%,FALSE,Travel,0
TXN0000518,07-05-2024,32573.84,INR,RTGS WIP.ro TAXINV/2405518 Q1 - exp,WIP.ro,True,18%,TRUE,IT Services,0
TXN0000519,07-05-2024,3757.51,INR,AUTO-DEBIT STAPLES BILL/2405/519 Q1 - exp,STAPLES,True,12%,TRUE,Office Supplies,0
TXN0000520,07-05-2024,104459.15,INR,#AUTO-DEBIT WEW.ork RCPT/2405/520 FY25 - exp,WEW.ork,True,18%,unknown,Rent,1
TXN0000521,07-05-2024,5479.44,INR,CARD Ola BILL/2405/521 RENT - exp,Ola,True,5%,FALSE,Travel,0
TXN0000522,07-05-2024,36633.21,INR,CARD WIP.ro RCPT/2405/522 RENT - exp,WIP.ro,True,18%,TRUE,IT Services,0
TXN0000523,08-05-2024,6812.31,INR,impv ikea india pvt ltd rcpt/2405/523 adv - office supplies exp,IKEA INDIA PVT LTD,True,12%,TRUE,Office Supplies,0
TXN0000524,08-05-2024,5259.48,INR,neft staples rcpt/2405/524 fy25 - office supplies exp* ref 7045,STAPLES,True,12%,TRUE,Office Supplies,0
TXN0000525,08-05-2024,4875.91,INR,IMPS Ola RCPT/2405/525 Q2 - travel exp,Ola,True,5%,FALSE,Travel,0
TXN0000526,08-05-2024,4499.78,INR,b imps figma india pvt ltd inv/2405/526 adv - exp* ref 9962,FIGMA INDIA PVT LTD,True,18%,TRUE,Software,0
TXN0000527,08-05-2024,20190.96,INR,/ CARD UPGRAD INDIA PVT LTD TAXINV/2405/527 FY25 - exp,UPGRAD INDIA PVT LTD,True,18%,unknown,Training,0
TXN0000528,08-05-2024,18761.14,INR,!auto-debit bescom india pvt ltd rcpt/2405/528 fy25 - exp* ref 3673,BESCOM INDIA PVT LTD,True,18%,TRUE,Utilities,0
TXN0000529,08-05-2024,16827.0,INR,!NEFT MICROSOFT TAXINV/2405/529 ADV - software exp- ref 9817,MICROSOFT,True,18%,TRUE,Software,0
TXN0000530,08-05-2024,35101.85,INR,imps hcl pvt ltd inv/2405/530fy25 - exp,HCL Pvt Ltd,True,18%,TRUE,IT Services,0
TXN0000531,08-05-2024,9611.52,INR,NEFT BESCOM BILL/2405/531 Q2 - exp,BESCOM,True,18%,TRUE,Utilities,0
TXN0000532,08-05-2024,36258.05,INR,auto-debit hcl rcpt/2405/532 adv - it services exp  ref 7595,Hcl,True,18%,TRUE,IT Services,0
TXN0000533,08-05-2024,10290.42,INR,imps microsoft bill/2405/533 adv - exp / ref 8678,MICROSOFT,True,18%,TRUE,Software,0
TXN0000534,08-05-2024,8753.98,INR,RTGS FIGMA INV/2405/534 Q2 - software exp,FIGMA,True,18%,TRUE,Software,0
TXN0000535,08-05-2024,36024.94,INR,card techm pvt ltd taxinv/2405/535 fy25 - exp ref 5312,TECHM Pvt Ltd,True,18%,TRUE,IT Services,0
TXN0000536,08-05-2024,44855.5,INR,HCL charges,HCL,True,18%,TRUE,IT Services,0
TXN0000537,09-05-2024,1456.84,INR,AUTO-DEBIT Zomato TAXINV/2405/537 GST - xp,Zomato,True,5%,FALSE,Meals,0
TXN0000538,09-05-2024,1837.72,INR,!neft kfc inv/2405/538 subs - exp,KFC,True,5%,FALSE,Meals,0
TXN0000539,09-05-2024,2609.39,INR,-IMPx Dominos INV/2405/539 ADV - meals exp# ref 5926,Dominos,True,5%,FALSE,Meals,0
TXN0000540,09-05-2024,8022.2,INR,MICROSOFT INDIA PVT LTD,MICROSOFT INDIA PVT LTD,True,18%,TRUE,Software,0
TXN0000541,09-05-2024,11677.47,INR,RTGS JIO.fiber RCPT/2405/541 ADV - utilities exp  ref5 280,JIO.fiber,True,18%,TRUE,Utilities,0
TXN0000542,09-05-2024,2089.4,INR,*CARD Kfc INV/2405/542 FY25 - exp* ref 9932,Kfc,True,5%,FALSE,Meals,0
TXN0000543,09-05-2024,94746.34,INR, ,WEWORK INDIA PVT LTD,True,18%,TRUE,Rent,0
TXN0000544,09-05-2024,5324.18,INR,*CARD OFF.ice depot INV/2405/544 Q2 - exp,OFF.ice depot,True,12%,TRUE,Office Supplies,0
TXN0000545,09-05-2024,38461.98,INR,#RTGS INFY RCPT/2405/545 FY24 - it services exp- ref 1387,INFY,True,18%,TRUE,IT Services,0
TXN0000546,09-05-2024,12316.11,INR,/ neft jiofiber inv/2405/546 adv - exp,JIOFIBER,True,18%,TRUE,Utilities,0
TXN0000547,09-05-2024,32308.01,INR,#NEFT TEC.hm INV/2405/547 Q1 - exp,TEC.hm,True,18%,TRUE,IT Services,0
TXN0000548,09-05-2024,88169.65,INR,-CARD WEWORK INDIA PVT LTD RCPT/2405/548 GT - exp,WEWORK INDIA PVT LTD,True,18%,TRUE,Rent,0
TXN0000549,09-05-2024,123324.61,INR,WEWORK INDIA PVT LTD,WEWORK INDIA PVT LTD,True,18%,TRUE,Rent,0
TXN0000550,09-05-2024,33102.31,INR,upi tcs pvt ltd bill/2405/550 gst - exp# ref 5512,TCS Pvt Ltd,True,exempt,TRUE,IT Services,1
TXN0000551,10-05-2024,36589.61,INR,card wip.ro taxinv/2405/551 fy25- exp / ref 6919,WIP.ro,True,18%,TRUE,IT Services,0
TXN0000552,10-05-2024,5006.41,INR,/ AUTO-DEBIT OFFICE DEPOT Pvt Ltd RCPT/2405/c52 Q1 - exp,OFFICE DEPOT Pvt Ltd,True,12%,TRUE,Office Supplies,0
TXN0000553,10-05-2024,34517.65,INR,CARD HclINV/2405/553 SUBS - it services exp,Hcl,True,18%,TRUE,IT Services,0
TXN0000554,10-05-2024,40192.14,INR,rtgs techm pvt ltd inv/2405/554 rent - exp,TECHM Pvt Ltd,True,18%,TRUE,IT Services,0
TXN0000555,10-05-2024,58273.6,INR,card wipro pvt ltd bill/2405/555 gst - exp,WIPRO Pvt Ltd,True,18%,TRUE,IT Services,0
TXN0000556,10-05-2024,5702.08,INR,NEFT MICROSOFT INDIA PVT LTD BILL/2405/556 TDS - exp,MICROSOFT INDIA PVT LTD,True,18%,TRUE,Software,0
TXN0000557,10-05-2024,32746.61,INR,WIPRO,WIPRO,True,18%,TRUE,IT Services,0
TXN0000558,10-05-2024,72119.11,INR,auto-debit wework taxinv/2405/558 fy24 - exp,WEWORK,True,18%,TRUE,Rent,0
TXN0000559,10-05-2024,46506.75,INR,UPI INF.y BILL/2405/559 SUBS - exp,INF.y,True,18%,TRUE,IT Services,0
TXN0000560,10-05-2024,53637.75,INR,auto-debit awfis pvt ltd inv/405/560 fy24 - exp# ref 8088,AWFIS Pvt Ltd,True,18%,TRUE,Rent,0
TXN0000561,10-05-2024,2339.0,INR,IMPS KFC RCPT/2405/561 Q1 - exp / ref 1943,KFC,True,5%,FALSE,Meals,0
TXN0000562,10-05-2024,46382.19,INR,*RTGS HCL INDIA PVT LTD INV/2405/562 Q2 - exp! ref 9152,HCL INDIA PVT LTD,True,18%,TRUE,IT Services,0
TXN0000563,11-05-2024,20874.45,INR,UPGRAD charges,UPGRAD,True,18%,unknown,Training,0
TXN0000564,11-05-2024,63204.0,INR,UPI WIPRO RCPT/2405/564 TDS - exp,WIPRO,True,12%,TRUE,IT Services,1
TXN0000565,11-05-2024,80941.2,INR,INDIQUBE INDIA PVT LTD,INDIQUBE INDIA PVT LTD,True,18%,TRUE,Rent,0
TXN0000566,11-05-2024,28650.88,INR,-auto-debit infy rcpt/2405/566 q2 - exp* ref 1012,Infy,True,18%,TRUE,IT Services,0
TXN0000567,11-05-2024,9151.9,INR,AUTO-DEBIT AIRTEL BILL/2405/567 RENT - exp! ref 3673,AIRTEL,True,18%,TRUE,Utilities,0
TXN0000568,11-05-2024,95761.42,INR,RTGS WEW.ork TAXINV/2405/568 FY25 - rent exp,WEW.ork,True,18%,TRUE,Rent,0
TXN0000569,11-05-2024,91305.53,INR,auto-debit awfis india pvt ltd taxinv/2405/569 tds - exp,AWFIS INDIA PVT LTD,True,18%,TRUE,Rent,0
TXN0000570,11-05-2024,3271.2,INR,SWIGGY Pvt Ltd charges,SWIGGY Pvt Ltd,True,5%,FALSE,Meals,0
TXN0000571,11-05-2024,5576.01,INR,*AUTO-DEBIT ADOBE BILL/2405/571 RENT - exp,ADOBE,True,18%,TRUE,Software,0
TXN0000572,11-05-2024,11742.28,INR,*neft airtel inv/2405/572 adv - exp,AIRTEL,True,18%,TRUE,Utilities,0
TXN0000573,11-05-2024,5658.97,INR,!upi microsoft pvt ltd taxinv/2405/573 rent - software exp,MICROSOFT Pvt Ltd,True,18%,TRUE,Software,0
TXN0000574,11-05-2024,7041.17,INR,AUTO-DEBIT OLA INDIA PVT LTD BILL/2405/574 SUBS - exp,OLA INDIA PVT LTD,True,5%,FALSE,Travel,0
TXN0000575,11-05-2024,6782.53,INR,rtgs inv/2405/575 fy25 - exp ref 4171,STAMP DUTY,False,exempt,FALSE,Exempt Services,0
TXN0000576,11-05-2024,16203.16,INR,*imps upg.rad inv/2405/576 tds - exp,UPG.rad,True,18%,unknown,Training,0
TXN0000577,11-05-2024,8379.58,INR,auto-debit jiofiber rcpt/2405/577 tds - exp,JIOFIBER,True,18%,TRUE,Utilities,0
TXN0000578,11-05-2024,26849.71,INR,!UPI Wipro RCPT/2405/578 ADV - exp,Wipro,True,18%,TRUE,IT Services,0
TXN0000579,12-05-2024,8588.58,INR,NEFT IKEA INV/2405/579 GST - exp,IKEA,True,12%,TRUE,Office Supplies,0
TXN0000580,12-05-2024,13307.69,INR,CARD ADOBE Pvt Ltd INV/2405/580 ADV - exp,ADOBE Pvt Ltd,True,18%,TRUE,Software,0
TXN0000581,12-05-2024,5697.4,INR,!rtgs indigo pvt ltd rcpt/2405/581 gst - exp,INDIGO Pvt Ltd,True,5%,FALSE,Travel,0
TXN0000582,12-05-2024,12986.76,INR,#UPI COU.rsera BILL/2405/582 FY25 - exp,COU.rsera,True,18%,unknown,Training,0
TXN0000583,12-05-2024,3691.02,INR,auto-debit swiggy india pvt ltd taxinv/2405/583 rent - exp,SWIGGY INDIA PVT LTD,True,5%,FALSE,Meals,0
TXN0000584,12-05-2024,3337.08,INR,RTGS KFC INDIA PVT LTD TAXINV/2405/584 FY25 - exp / ref 4141,KFC INDIA PVT LTD,True,5%,FALSE,Meals,0
TXN0000585,12-05-2024,12218.37,INR,!rgts jiofiber india pvt ltd inv/2405/585 fy25 - exp,JIOFIBER INDIA PVT LTD,True,18%,TRUE,Utilities,0
TXN0000586,12-05-2024,66129.34,INR,AWFIS,AWFIS,True,18%,TRUE,Rent,0
TXN0000587,12-05-2024,28415.53,INR,#NEFT WIPRO vPt Ltd TAXINV/2405/587 GST - it services exp! ref 4604,WIPRO Pvt Ltd,True,18%,TRUE,IT Services,0
TXN0000588,12-05-2024,35177.35,INR, / imps wipro india pvt ltd inv/2405/588 rent - it services exp,WIPRO INDIA PVT LTD,True,18%,TRUE,IT Services,0
TXN0000589,12-05-2024,12425.54,INR,BESCOM Pvt Ltd,BESCOM Pvt Ltd,True,18%,TRUE,Utilities,0
TXN0000590,12-05-2024,32560.58,INR,-CARD Infy BILL/2405/590 Q2 - exp,Infy,True,18%,TRUE,IT Services,0
TXN0000591,12-05-2024,5612.15,INR,auto-debit gov.t fees taxinv/2405/591 tds - exp,GOV.t fees,False,exempt,FALSE,Exempt Services,0
TXN0000592,12-05-2024,5498.03,INR,TRGS UBE.r TAXINV/2405/592 SUBS - travel exp /  ref 4994,UBE.r,True,5%,FALSE,Travel,0
TXN0000593,12-05-2024,92419.4,INR, IMPS WEWORK RCPT/2405/593 SUBS - rent exp,WEWORK,True,18%,TRUE,Rent,0
TXN0000594,12-05-2024,39460.68,INR,*AUTO-DEBIT TECHM BILL/2405/594 Q1 - exp,TECHM,True,18%,TRUE,IT Services,0
TXN0000595,12-05-2024,5974.14,INR,!imps office depot pvt ltd taxinv/2405/595 subs - office supplies exp /  ref 5949,OFFICE DEPOT Pvt Ltd,True,12%,TRUE,Office Supplies,0
TXN0000596,12-05-2024,7305.38,INR,#auto-debit office depot bill/2405/596 tds - office supplies exp,OFFICE DEPOT,True,12%,TRUE,Office Supplies,0
TXN0000597,12-05-2024,40444.13,INR,-,TCS Pvt Ltd,True,18%,TRUE,IT Services,0
TXN0000598,12-05-2024,4103.46,INR,imps uber bill/e405/598 adv - travel exp,Uber,True,5%,FALSE,Travel,0
TXN0000599,13-05-2024,21238.84,INR,upi tcs pvt ltd inv/2405/599 q2 - exp,TCS Pvt Ltd,True,18%,TRUE,IT Services,0
TXN0000600,13-05-2024,8562.21,INR,,ADOBE,True,18%,TRUE,Software,0
TXN0000601,13-05-2024,63443.44,INR,!card awfis rcpt/2405/601 subs - exp,AWFIS,True,18%,TRUE,Rent,0
TXN0000602,13-05-2024,3812.32,INR,!card dominos taxinv/2405/602 fy24 - meals exp,Dominos,True,5%,FALSE,Meals,0
TXN0000603,13-05-2024,70484.98,INR,AUT-ODEBIT INDIQUBE TAXINV/2405/603 GST - exp,INDIQUBE,True,18%,TRUE,Rent,0
TXN0000604,13-05-2024,40987.27,INR,RTGS Wipro RCPT/2405/604 GST - exp,Wipro,True,18%,TRUE,IT Services,0
TXN0000605,13-05-2024,3704.12,INR,IMPS STAPLES INV/2405/605 Q1 - exp,STAPLES,True,12%,TRUE,Office Supplies,0
TXN0000606,13-05-2024,7253.59,INR,#upi office depo trcpt/2405/606 tds - office supplies exp* ref 9728,Office Depot,True,12%,TRUE,Office Supplies,0
TXN0000607,13-05-2024,85827.51,INR,CARD INDIQUBE INDIA PVT LTD TAXgNV/2405/607 - exp,INDIQUBE INDIA PVT LTD,True,18%,TRUE,Rent,0
TXN0000608,13-05-2024,10552.57,INR, / IMPS KSEB RCPT/2405/608 TDS - utilities exp,KSEB,True,18%,TRUE,Utilities,0
TXN0000609,13-05-2024,809681.76,INR,rtgs wework india pvt ltd rcpt/2405/609 gst - exp,WEWORK INDIA PVT LTD,True,18%,TRUE,Rent,1
TXN0000610,13-05-2024,11890.09,INR,rtgs jiofiber pvt ltd bill/2405/610 subs - exp,JIOFIBER Pvt Ltd,True,18%,TRUE,Utilities,0
TXN0000611,13-05-2024,9103.36,INR,imps kse.b inv/2405/611 tds - utilities exp,KSE.b,True,18%,TRUE,Utilities,0
TXN0000612,14-05-2024,18959.47,INR,neft upgrpd taxinv/2405/612 tds - exp,UPGRAD,True,18%,unknown,Training,0
TXN0000613,14-05-2024,4597.23,INR,/ RTGS OLA INDIA PVT LTD TAXINV/2405/613 ADV - exp,OLA INDIA PVT LTD,True,5%,FALSE,Travel,0
TXN0000614,14-05-2024,81219.51,INR,RTGS WEWORK RCPT/2405/614 Q1 - exp,WEWORK,True,18%,TRUE,Rent,0
TXN0000615,14-05-2024,7658.58,INR,!upi can.va taxinv/2405/615 tds - software exp! ref5768,CAN.va,True,18%,TRUE,Software,0
TXN0000616,14-05-2024,57542.95,INR,IMPS TECHM INDIA PVT LTD TAXINV/2405/616 TDS - exp,TECHM INDIA PVT LTD,True,18%,TRUE,IT Services,0
TXN0000617,14-05-2024,13685.32,INR,-imps couruera india pvt ltd inv/2405/617 gst - training exp,COURSERA INDIA PVT LTD,True,18%,unknown,Training,0
TXN0000618,14-05-2024,33353.21,INR,UPI Infy RCPT/2405/618 TDS - exp,Infy,True,18%,TRUE,IT Services,0
TXN0000619,14-05-2024,11655.6,INR,AUTO-DEBIT ADOBE BILL/2405/619 TDS - exp / ref 7907,ADOBE,True,18%,TRUE,Software,0
TXN0000620,14-05-2024,40384.68,INR,!card tcs inv/2405/620 subs - it services exp,TCS,True,18%,TRUE,IT Services,0
TXN0000621,14-05-2024,41354.95,INR,UPI INFY TAXINV/2405/621 GST - exp,INFY,True,18%,TRUE,IT Services,0
TXN0000622,14-05-2024,60965.96,INR,auto-debit techm bill/2405/622 adv - it services exp,TECHM,True,18%,TRUE,IT Services,0
TXN0000623,14-05-2024,35451.7,INR,CARD Wipro BILL/2405/623 Q1 - it services exp,Wipro,True,18%,TRUE,IT Services,0
TXN0000624,14-05-2024,2824.51,INR,neft zomato pvt ltdi nv/2405/624 adv - exp ref 8760,ZOMATO Pvt Ltd,True,5%,FALSE,Meals,0
TXN0000625,14-05-2024,5193.85,INR,imps staples india pvt ltd inv2405/625 rent - exp,STAPLES INDIA PVT LTD,True,12%,TRUE,Office Supplies,0
TXN0000626,14-05-2024,6814.35,INR,CARD JIOFIBER Pvt Ltd INV/2405/626 FY24 - utilities exp  ref 8617,JIOFIBER Pvt Ltd,True,18%,TRUE,Utilities,0
TXN0000627,14-05-2024,4734.51,INR,/ UPI IKEA INV/2405/627 TDS - exp,IKEA,True,12%,TRUE,Office Supplies,0
TXN0000628,14-05-2024,5241.18,INR,UPI STA.mp duty TAXINV/2405/628 Q2 - exempt services exp! ref 6757,STA.mp duty,False,exempt,FALSE,Exempt Services,0
TXN0000629,14-05-2024,5919.74,INR,!RTGS IKEA INDIA PVT LTD BILL/2405/629 ADV - exp,IKEA INDIA PVT LTD,True,12%,TRUE,Office Supplies,0
TXN0000630,14-05-2024,4612.21,INR,*UPI OLA INV/2405/630 Q2 - exp,OLA,True,5%,FALSE,Travel,0
TXN0000631,15-05-2024,11294.28,INR,*rtgs airtel india pvt ltd inv/2405/631 tds - utilities exp,AIRTEL INDIA PVT LTD,True,18%,TRUE,Utilities,0
TXN0000632,15-05-2024,5257.72,INR,IMPS STAPLES Pvt Ltd INV/2405/632 FY25 - exp,STAPLES Pvt Ltd,True,12%,TRUE,Office Supplies,0
TXN0000633,15-05-2024,5107.65,INR,rtgs off.ice depot taxinv/2405/633 gst - exp,OFF.ice depot,True,12%,TRUE,Office Supplies,0
TXN0000634,15-05-2024,31265.8,INR,Techm,Techm,True,18%,TRUE,IT Services,0
TXN0000635,15-05-2024,29240.92,INR,*upi tcs pvt ltd inv/2405/635 subs - exp! ref 6081,TCS Pvt Ltd,True,18%,TRUE,IT Services,0
TXN0000636,15-05-2024,5177.77,INR,/ imps adobe taxwnv/2405/636 fy24 - exp,ADOBE,True,18%,TRUE,Software,0
TXN0000637,15-05-2024,136614.0,INR,auto-dbeit airtel inv/2405/637 adv - exp,AIRTEL,True,18%,TRUE,Utilities,1
TXN0000638,15-05-2024,45672.42,INR,NEFT TEC.hm BILL/2405/638 GST - exp# ref 1248,TEC.hm,True,18%,TRUE,IT Services,0
TXN0000639,15-05-2024,4973.86,INR,card staples bill/2405q639 rent - exp,STAPLES,True,12%,TRUE,Office Supplies,0
TXN0000640,15-05-2024,8338.12,INR, ,OFFICE DEPOT,True,12%,TRUE,Office Supplies,0
TXN0000641,15-05-2024,6003.11,INR,-CARD ADOBE INDIA PVT LTD TAXINV/2405/641 GST - exp,ADOBE INDIA PVT LTD,True,18%,TRUE,Software,0
TXN0000642,15-05-2024,74113.52,INR,neft indiqube india pvt ltd taxinv/2405/642 fy25 - exp,INDIQUBE INDIA PVT LTD,True,18%,TRUE,Rent,0
TXN0000643,15-05-2024,12152.6,INR,imps kseb pvt ltd bill/2405/643 tds - exp,KSEB Pvt Ltd,True,18%,TRUE,Utilities,0
TXN0000644,15-05-2024,10465.93,INR,,KSEB INDIA PVT LTD,True,18%,TRUE,Utilities,0
TXN0000645,16-05-2024,4869.4,INR,-upi zom.ato bill/2405/645 q1 - meals exp,ZOM.ato,True,5%,FALSE,Meals,0
TXN0000646,16-05-2024,3078.06,INR,UPI Ikea TAXINV/2405/646 FY24 - exp# ref 7745,Ikea,True,12%,TRUE,Office Supplies,0
TXN0000647,16-05-2024,79576.46,INR,RTGS INDIQUBE Pvt Ltd INV/2405/647 FY25 - exp,INDIQUBE Pvt Ltd,True,18%,TRUE,Rent,0
TXN0000648,16-05-2024,5798.89,INR,#upi mic.rosoft taxinv/2405/648 rent - ep,MIC.rosoft,True,18%,TRUE,Software,0
TXN0000649,16-05-2024,85381.44,INR,UPI AWFIS INDIA PVT LTD TAXINV/2405/649 Q1 - exp,AWFIS INDIA PVT LTD,True,18%,TRUE,Rent,0
TXN0000650,16-05-2024,27946.32,INR,UPI HCL BILL/2405/650 TDS - exp,HCL,True,18%,TRUE,IT Services,0
TXN0000651,16-05-2024,4473.58,INR,card staples inv/2405/651 subs - exp,Staples,True,12%,TRUE,Office Supplies,0
TXN0000652,16-05-2024,4509.4,INR,upi indio inv/2405/652 q2 - exp,Indigo,True,5%,FALSE,Travel,0
TXN0000653,17-05-2024,5465.88,INR,NEFT Ikea RCP/T2405/653 Q2 - exp! ref 1166,Ikea,True,12%,TRUE,Office Supplies,0
TXN0000654,17-05-2024,1805.28,INR,NEFT ominos RCPT/2405/654 FY25 - exp,Dominos,True,5%,FALSE,Meals,0
TXN0000655,17-05-2024,67797.61,INR,!imps ind.iqube inv/2405/655 gst - exp,IND.iqube,True,18%,TRUE,Rent,0
TXN0000656,17-05-2024,24458.99,INR,#card tec.hm bill/2405/656 subs - exp,TEC.hm,True,18%,TRUE,IT Services,0
TXN0000657,17-05-2024,15189.09,INR,card jiofiber bill/2405/657 fy25 - exp,JIOFIBER,True,18%,TRUE,Utilities,0
TXN0000658,17-05-2024,76379.53,INR,RTGS WEW.ork INV/2405/658 FY24 - exp,WEW.ork,True,18%,TRUE,Rent,0
TXN0000659,17-05-2024,30568.25,INR,/ imps wipro pvt ltd taxinv/2405/659 q2 - exp,WIPRO Pvt Ltd,True,18%,TRUE,IT Services,0
TXN0000660,17-05-2024,8918.78,INR,-,FIGMA INDIA PVT LTD,True,18%,TRUE,Software,0
TXN0000661,17-05-2024,86858.28,INR,upi awfis vt ltd taxinv/2405/661 fy25 - exp,AWFIS Pvt Ltd,True,18%,TRUE,Rent,0
TXN0000662,17-05-2024,71420.57,INR,rtgsdind.iqube bill/2405/662 q1 - exp,IND.iqube,True,18%,TRUE,Rent,0
TXN0000663,17-05-2024,66990.78,INR,AUTO-DEBIT AWFIS Pvt Ltd TAXINV/2405/663 Q2 - exp,AWFIS Pvt Ltd,True,18%,TRUE,Rent,0
TXN0000664,17-05-2024,46176.01,INR,/ CARD Hcl INV/2405/664 SUBS - exp,Hcl,True,18%,TRUE,IT Services,0
TXN0000665,17-05-2024,16566.68,INR,!RTGS KSEB Pvt Ltd BILL/2405/665 Q1 - exp,KSEB Pvt Ltd,True,18%,TRUE,Utilities,0
TXN0000666,17-05-2024,26357.21,INR,auto-debit infy india pvt ltd bill/2405/666 q1 - exp,INFY INDIA PVT LTD,True,18%,TRUE,IT Services,0
TXN0000667,17-05-2024,100132.1,INR,upi indiqube inv/2405/667 gst - exp! ref 8796,INDIQUBE,True,18%,TRUE,Rent,0
TXN0000668,17-05-2024,34381.96,INR,!NEFT WIPRO TAXINV/2405/668 GST - exp! ref 2473,WIPRO,True,18%,TRUE,IT Services,0
TXN0000669,17-05-2024,55147.38,INR,#UPI INFY BILL/2405/669 SUBS - exp! ref 3868,INFY,True,18%,TRUE,IT Services,0
TXN0000670,17-05-2024,6672.4,INR,-,RAPIDO Pvt Ltd,True,5%,FALSE,Travel,0
TXN0000671,17-05-2024,39565.54,INR,#UPI Hcl RCPT/2405/671 GST - exp / ref 8600,Hcl,True,18%,TRUE,IT Services,0
TXN0000672,18-05-2024,40340.78,INR,CARD TECHM RCPT/2405/672 Q1 - exp / ref 2389,TECHM,True,28%,TRUE,IT Services,1
TXN0000673,18-05-2024,11914.2,INR,neft kseb india pvt ltd inv/2405/673 rent - epx,KSEB INDIA PVT LTD,True,18%,TRUE,Utilities,0
TXN0000674,18-05-2024,13054.21,INR,AUTO-DEBIT UPGRAD Pvt Ltd INV/2405/674 SUBS - training exp- ref 8142,UPGRAD Pvt Ltd,True,18%,unknown,Training,0
TXN0000675,18-05-2024,21029.33,INR,imps wipro pvt ltd inv/2405/675 tds - exp,WIPRO Pvt Ltd,True,18%,TRUE,IT Services,0
TXN0000676,18-05-2024,44553.46,INR,#rtgs infy taxinv/2405/676 q2 - exp,Infy,True,18%,TRUE,IT Services,0
TXN0000677,18-05-2024,2577.99,INR,Swiggy charges,Swiggy,True,5%,FALSE,Meals,0
TXN0000678,18-05-2024,2445.55,INR,!auto-debit kfc taxinv/2405/678 fy25 - exp,KFC,True,5%,FALSE,Meals,0
TXN0000679,18-05-2024,7294.27,INR,imps ikea rcpt/2405/679 gst - exp,Ikea,True,12%,TRUE,Office Supplies,0
TXN0000680,18-05-2024,111884.02,INR,auto-debit awfis inv/2405/680 adv - exp,Awfis,True,18%,TRUE,Rent,0
TXN0000681,18-05-2024,6952.91,INR,RTGS AIRTEL INV/2405681 ADV - exp,AIRTEL,True,18%,TRUE,Utilities,0
TXN0000682,18-05-2024,95907.16,INR,n/a,WEWORK,True,18%,TRUE,Rent,0
TXN0000683,19-05-2024,6165.92,INR,*nefteindigo rcpt/2405/683 rent - travel exp,INDIGO,True,5%,FALSE,Travel,0
TXN0000684,19-05-2024,33843.28,INR,card hcl taxinv/2405/684 gst - exp,HCL,True,18%,TRUE,IT Services,0
TXN0000685,19-05-2024,11406.18,INR,UPI Bescom INV/2405/685 SUBS - exp,Bescom,True,18%,TRUE,Utilities,0
TXN0000686,19-05-2024,150798.73,INR,IMPS AWFIS INDIA PVT LTD INV/2405/686 TDS - exp,AWFIS INDIA PVT LTD,True,18%,TRUE,Rent,0
TXN0000687,19-05-2024,5335.38,INR,-rtgs rapido rcpt/2405/687 q2 - exp# ref 3871,RAPIDO,True,5%,FALSE,Travel,0
TXN0000688,19-05-2024,23585.74,INR,!upi wipro rcpt/2405/688 fy24-  exp,Wipro,True,18%,TRUE,IT Services,0
TXN0000689,19-05-2024,6242.93,INR,upi figma bill/2405/689 rznt - software exp,FIGMA,True,18%,TRUE,Software,0
TXN0000690,19-05-2024,4810.33,INR,-UPI STAPLES INDIA PVT LTD BILL/2405/690 FY24 - exp,STAPLES INDIA PVT LTD,True,12%,TRUE,Office Supplies,0
TXN0000691,19-05-2024,14536.68,INR,*AUTO-DEBIT BESCOM INDIA PVT LTD BILL/2405/691 Q1 - utilities exp,BESCOM INDIA PVT LTD,True,18%,TRUE,Utilities,0
TXN0000692,19-05-2024,12391.05,INR,UPI JIO.fibet TAXINV/2405/692 SUBS - exp,JIO.fiber,True,18%,TRUE,Utilities,0
TXN0000693,19-05-2024,105869.38,INR,-AUTO-DEBIT IND.iqube RCPT/2405/693 FY25 - exp# ref 6474,IND.iqube,True,18%,TRUE,Rent,0
TXN0000694,19-05-2024,87723.61,INR,AWFIS Pvt Ltd charges,AWFIS Pvt Ltd,True,18%,TRUE,Rent,0
TXN0000695,19-05-2024,80062.87,INR,/ NEFT WEW.ork TAXINV/2405/695 GST - exp,WEW.ork,True,18%,TRUE,Rent,0
TXN0000696,20-05-2024,42571.8,INR,/ CARD INFY RCPT/2405/696 ADV - exp,INFY,True,18%,TRUE,IT Services,0
TXN0000697,20-05-2024,3384.75,INR,imps rap.ido inv/2405/697 gst - exp,RAP.ido,True,5%,FALSE,Travel,0
TXN0000698,20-05-2024,15321.07,INR,CARD BESCOM INV/2405/698 TDS - ezp / ref 9822,BESCOM,True,18%,TRUE,Utilities,0
TXN0000699,20-05-2024,9712.86,INR,RTGS JIOFIBER BILL/2405/699 FY25 - exp ref 1473,JIOFIBER,True,18%,TRUE,Utilities,0
TXN0000700,20-05-2024,107149.83,INR,#car dawfis india pvt ltd bill/2405/700 subs - exp- ref 2353,AWFIS INDIA PVT LTD,True,18%,TRUE,Rent,0
TXN0000701,20-05-2024,26268.98,INR,upi infy indi apvt ltd inv/2405/701 q2 - exp! ref 7175,INFY INDIA PVT LTD,True,18%,TRUE,IT Services,0
TXN0000702,20-05-2024,15577.29,INR, ,JIOFIBER,True,18%,TRUE,Utilities,0
TXN0000703,20-05-2024,5176.14,INR,UPI ROC FEES Pvt Ltd BILL/2405/703 SUBS - exempt services exp* ref 2886,ROC FEES Pvt Ltd,False,exempt,FALSE,Exempt Services,0
TXN0000704,20-05-2024,60516.88,INR,RTGS HCL TAXINV/2405/704 SUBS - exp,HCL,True,18%,TRUE,IT Services,0
TXN0000705,20-05-2024,7584.27,INR,MICROSOFT,MICROSOFT,True,18%,TRUE,Software,0
TXN0000706,20-05-2024,4747.64,INR,upi figma inv/2405/706 fy2 - software exp,FIGMA,True,18%,TRUE,Software,0
TXN0000707,21-05-2024,7960.67,INR, ,CANVA INDIA PVT LTD,True,18%,TRUE,Software,0
TXN0000708,21-05-2024,5583.19,INR, imps ola india pvt ltd taxinv/2405/708 q2 - travel exp,OLA INDIA PVT LTD,True,5%,FALSE,Travel,0
TXN0000709,21-05-2024,99041.94,INR,neft wewor inv/2405/709 q2 - exp,WEWORK,True,18%,TRUE,Rent,0
TXN0000710,21-05-2024,17967.93,INR, ,UPGRAD,True,18%,unknown,Training,0
TXN0000711,21-05-2024,2878.04,INR,IMPS KFC RCPT/24j5/711 ADV - exp,KFC,True,5%,FALSE,Meals,0
TXN0000712,21-05-2024,9461.95,INR,card off.ice depot taxinv/2405/712 rent - exp* ref 9817,OFF.ice depot,True,12%,TRUE,Office Supplies,0
TXN0000713,21-05-2024,11215.07,INR,NEFT KSEB RCPT/24057/13 TDS - exp,KSEB,True,18%,TRUE,Utilities,0
TXN0000714,21-05-2024,77167.3,INR,!UPI Awfis RCPT/2405/714 SUBS - exp- ref 722,Awfis,True,18%,TRUE,Rent,0
TXN0000715,21-05-2024,58675.28,INR,/ imps wework india pvt ltd taxinv/2405/715 tds - exp,WEWORK INDIA PVT LTD,True,18%,TRUE,Rent,0
TXN0000716,21-05-2024,3507.94,INR,UPI OFFICE DEPOT INDIA PVT LTD RCPT/2405/716 RENT - exp / ref 7360,OFFICE DEPOT INDIA PVT LTD,True,12%,TRUE,Office Supplies,0
TXN0000717,21-05-2024,53775.9,INR,-imps wework pvt ltd inv/2405/717 fy25 - exp,WEWORK Pvt Ltd,True,18%,TRUE,Rent,0
TXN0000718,21-05-2024,12274.44,INR,IMPS KSEB TAXINV/2405/718 SUBS - utilities exp,KSEB,True,18%,TRUE,Utilities,0
TXN0000719,21-05-2024,33827.99,INR, ,HCL,True,18%,TRUE,IT Services,0
TXN0000720,21-05-2024,115981.4,INR,*upi wework taxinv/2405/720 1 - exp,WEWORK,True,18%,TRUE,Rent,0
TXN0000721,21-05-2024,28206.47,INR, ,Wipro,True,18%,TRUE,IT Services,0
TXN0000722,22-05-2024,5692.95,INR,rtgs stamp duty india ptv ltd rcpt/2405/722 adv - exempt services exp,STAMP DUTY INDIA PVT LTD,False,exempt,FALSE,Exempt Services,0
TXN0000723,22-05-2024,16751.88,INR,RTGS COU.rsera TAXINV/2405/723 Q2 - exp,COU.rsera,True,18%,unknown,Training,0
TXN0000724,22-05-2024,3897.13,INR,*card ike.a inv/2405/724 rent - office supplies exp,IKE.a,True,12%,TRUE,Office Supplies,0
TXN0000725,22-05-2024,37761.56,INR,!AUTO-DEBIT Hcl INV/2405/725 FY24 - exp,Hcl,True,18%,TRUE,IT Services,0
TXN0000726,22-05-2024,64445.28,INR,TCS Pvt Ltd,TCS Pvt Ltd,True,18%,TRUE,IT Services,0
TXN0000727,22-05-2024,3571.19,INR,UPI KFC INDIA PVT LTD RCPT/2405/727 Q1 - exp# ref 1062,KFC INDIA PVT LTD,True,5%,FALSE,Meals,0
TXN0000728,22-05-2024,3474.68,INR,imps dom.inos rcpt/2405/728 tds - exp,DOM.inos,True,5%,FALSE,Meals,0
TXN0000729,22-05-2024,98599.58,INR,AUTO-DEBIT INDIQUBE Pvt Ltd RCPT/2405/729 TDS - exp,INDIQUBE Pvt Ltd,True,18%,TRUE,Rent,0
TXN0000730,22-05-2024,14884.35,INR,!RTGS KSEB RCPT/2405/730 SUBS - exp- ref 1035,KSEB,True,18%,TRUE,Utilities,0
TXN0000731,22-05-2024,78661.98,INR,-CARD AWFIS INV/2405/731 TDS - exp# ref 1523,AWFIS,True,18%,TRUE,Rent,0
TXN0000732,22-05-2024,5075.48,INR,Ola charges,Ola,True,5%,FALSE,Travel,0
TXN0000733,23-05-2024,24765.13,INR,AUTO-DEBIT COU.rsera RCPT/2405/733 FY25 - training exp,COU.rsera,True,18%,unknown,Training,0
TXN0000734,23-05-2024,9217.53,INR,RTGS Staples RCPT/2405/734 FY24 - exp ref 5493,Staples,True,12%,TRUE,Office Supplies,0
TXN0000735,23-05-2024,11962.13,INR,auto-debit ra india pvt ltd inv/2405/735 subs - exp,COURSERA INDIA PVT LTD,True,18%,unknown,Training,0
TXN0000736,23-05-2024,86604.93,INR,AUTO-DEBIT WEW.ork RCPT/2405/736 - exp,WEW.ork,True,18%,TRUE,Rent,0
TXN0000737,23-05-2024,4500.22,INR,AUTO-DEBIT OFFICE DEPOT BILL/2405/737 TDS - exp,OFFICE DEPOT,True,12%,TRUE,Office Supplies,0
TXN0000738,23-05-2024,6471.9,INR,RTGS OFFICE DEPOT INDIA PVT LTD RCPT/2405/738 FY24 - exp,OFFICE DEPOT INDIA PVT LTD,True,12%,TRUE,Office Supplies,1
TXN0000739,23-05-2024,10638.98,INR,UPI MICROSOFT INV/2405/739 TDS - exp,MICROSOFT,True,28%,TRUE,Software,1
TXN0000740,23-05-2024,3073.25,INR, ,ZOM.ato,True,5%,FALSE,Meals,0
TXN0000741,23-05-2024,28132.02,INR,na,INF.y,True,18%,TRUE,IT Services,0
TXN0000742,23-05-2024,5147.09,INR,IMPS UBER RCPT/2405/742 RENT - exp,UBER,True,5%,FALSE,Travel,0
TXN0000743,23-05-2024,12551.29,INR,-upi can.va inv/2405/743 fy24 - exp# ref 5599,CAN.va,True,18%,TRUE,Software,0
TXN0000744,23-05-2024,108061.73,INR,CARD Afis TAXINV/2405/744 SUBS - exp,Awfis,True,18%,TRUE,Rent,0
TXN0000745,23-05-2024,34849.75,INR,Hcl,Hcl,True,18%,TRUE,IT Services,0
TXN0000746,23-05-2024,29530.58,INR,IMPS Hcl BILL/2405/746 FY24j- exp,Hcl,True,18%,TRUE,IT Services,0
TXN0000747,23-05-2024,25352.6,INR,WIPRO charges,WIPRO,True,18%,TRUE,IT Services,0
TXN0000748,24-05-2024,101027.58,INR,card awf.is inv/2405/748 adv - exp ref 1623,AWF.is,True,18%,TRUE,Rent,0
TXN0000749,24-05-2024,12752.76,INR,-RTGS Kseb TAXINV/2405/749 ADV - exp,Kseb,True,18%,TRUE,Utilities,0
TXN0000750,24-05-2024,91106.86,INR,!RTGS WEWORK INDIA PVT LTD INV/2405/750 GST - exp- ref 4827,WEWORK INDIA PVT LTD,True,18%,TRUE,Rent,0
TXN0000751,24-05-2024,67839.24,INR,HCL charges,HCL,True,18%,TRUE,IT Services,0
TXN0000752,24-05-2024,43749.99,INR,!NEFT INFY INDIA PVT LTD BILL/2405/752 TDS - exp,INFY INDIA PVT LTD,True,18%,TRUE,IT Services,0
TXN0000753,24-05-2024,5187.6,INR,#card ind.igo rcpt/2405/753 adv - exp- ref 8167,IND.igo,True,5%,FALSE,Travel,0
TXN0000754,24-05-2024,5071.09,INR,*upi staples bill/2405/754 q1 - exp# ref 5465,STAPLES,True,12%,TRUE,Office Supplies,0
TXN0000755,24-05-2024,27794.01,INR,#RTGS AIRTEL TAXINV/2405/755 SUBS - utilities exp,AIRTEL,True,18%,TRUE,Utilities,0
TXN0000756,24-05-2024,19868.66,INR, ,COURSERA,True,18%,unknown,Training,0
TXN0000757,24-05-2024,117112.15,INR,IND.iqube charges,IND.iqube,True,18%,TRUE,Rent,0
TXN0000758,24-05-2024,56301.67,INR,auto-debit awfis taxinv/2405/758 gst - exp,Awfis,True,18%,TRUE,Rent,0
TXN0000759,24-05-2024,79481.5,INR,!NEFT WEWORK INV/2405/759 FY25 - rent exp* ref 1607,WEWORK,True,18%,TRUE,Rent,0
TXN0000760,24-05-2024,265970.32,INR,HCL Pvt Ltd,HCL Pvt Ltd,True,18%,TRUE,IT Services,1
TXN0000761,24-05-2024,109291.5,INR, neft awfis taxinv/2405/761 tds - rent expn ref 1832,Awfis,True,18%,TRUE,Rent,0
TXN0000762,25-05-2024,32003.76,INR,AUTO-DEBIT INFY Pvt Ltd BILL/2405/762 SUBS- exp,INFY Pvt Ltd,True,18%,TRUE,IT Services,0
TXN0000763,25-05-2024,75459.05,INR,auto-debit awfis pvt ltd rcpt/2405/763 fy25 - exp,AWFIS Pvt Ltd,True,18%,TRUE,Rent,0
TXN0000764,25-05-2024,65393.2,INR,-card kseb bill/2405/764 fy24 - exp / ref 2064,KSEB,True,18%,TRUE,Utilities,1
TXN0000765,25-05-2024,19147.71,INR,#rtgs wipro pvt ltd inv/2405/765 fy24 - exp- ref 2937,WIPRO Pvt Ltd,True,18%,TRUE,IT Services,0
TXN0000766,25-05-2024,65202.37,INR,na,IND.iqube,True,18%,TRUE,Rent,0
TXN0000767,25-05-2024,14276.73,INR,STA.ples charges,STA.ples,True,12%,TRUE,Office Supplies,0
TXN0000768,25-05-2024,14772.66,INR,STAPLES INDIA PVT LTD charges,STAPLES INDIA PVT LTD,True,12%,TRUE,Office Supplies,0
TXN0000769,25-05-2024,122379.86,INR, ,AWFIS Pvt Ltd,True,18%,TRUE,Rent,0
TXN0000770,25-05-2024,6726.76,INR,card rapido inv/2405/770 tds - exp,RAPIDO,True,5%,FALSE,Travel,0
TXN0000771,25-05-2024,9624.41,INR,upi figma pvt ltd taxinv/2405/771 rent - exp,FIGMA Pvt Ltd,True,18%,TRUE,Software,0
TXN0000772,25-05-2024,4768.54,INR,UPI ADOBE INDIA PVT LTD INV/2405/772 FY24 - exp,ADOBE INDIA PVT LTD,True,18%,TRUE,Software,0
TXN0000773,25-05-2024,14350.87,INR,rtgs microsoft inv/2405/773 fy25 - exp* ref 7756,MICROSOFT,True,18%,TRUE,Software,0
TXN0000774,26-05-2024,6063.39,INR,rtgs kfc bill/2405/774 gst - exp,Kfc,True,5%,FALSE,Meals,0
TXN0000775,26-05-2024,11974.87,INR,RTGS AIRTEL Pvt Ltd BILL/2405/775 ADV - utilities exp,AIRTEL Pvt Ltd,True,18%,TRUE,Utilities,0
TXN0000776,26-05-2024,33200.74,INR,Infy,Infy,True,18%,TRUE,IT Services,0
TXN0000777,26-05-2024,45948.93,INR,auto-debit tcs pvt ltd bill/2405/777 q1 - exp,TCS Pvt Ltd,True,18%,TRUE,IT Services,0
TXN0000778,26-05-2024,20096.33,INR,#imps infy inv/405/778 q2 - it services exp,INFY,True,18%,TRUE,IT Services,0
TXN0000779,26-05-2024,20667.31,INR,auto-debit techm india pvt ltd rcpt/2405/779 adv - exp,TECHM INDIA PVT LTD,True,18%,TRUE,IT Services,0
TXN0000780,26-05-2024,5331.45,INR,auto-debit off.ice depot bill/2405/780 adv - exp,OFF.ice depot,True,12%,TRUE,Office Supplies,0
TXN0000781,26-05-2024,9602.97,INR,RTGS STAPLES INDIA PVTxLTD TAXINV/2405/781 Q2 - exp# ref 9320,STAPLES INDIA PVT LTD,True,12%,TRUE,Office Supplies,0
TXN0000782,26-05-2024,181826.65,INR,-imps awfi inv/2405/782 fy24 - exp,Awfis,True,18%,TRUE,Rent,0
TXN0000783,26-05-2024,6917.79,INR, / UPI FIGMA INDIA PVT LTD TAXINV/2405/783 ADV - software exp- ref 1203,FIGMA INDIA PVT LTD,True,18%,TRUE,Software,0
TXN0000784,26-05-2024,6981.41,INR,neft figma inv/2405/784 tds - exp# ref 3390,Figma,True,18%,TRUE,Software,0
TXN0000785,26-05-2024,52714.87,INR,card wework india pvt ltd inv/2405/785 adv - exp,WEWORK INDIA PVT LTD,True,18%,TRUE,Rent,0
TXN0000786,26-05-2024,3723.13,INR,/ neft zomato pvt ltd inv/2405/786 fy24 - exp,ZOMATO Pvt Ltd,True,5%,FALSE,Meals,0
TXN0000787,26-05-2024,2415.13,INR,!auto-debit zomato bill/2405/787 q2 - exp* ref 8677,ZOMATO,True,5%,FALSE,Meals,0
TXN0000788,26-05-2024,4029.03,INR,OLA charges,OLA,True,5%,FALSE,Travel,0
TXN0000789,27-05-2024,113655.86,INR,NEFT WEW.ork BILL/2405/789 TDS - exp,WEW.ork,True,18%,TRUE,Rent,0
TXN0000790,27-05-2024,3801.91,INR,!RTGS Staples TAXINV/2405/790 GST - office supplies exp  ref 7376,Staples,True,12%,TRUE,Office Supplies,0
TXN0000791,27-05-2024,89227.35,INR,IMPS IND.iqube RCPT/2405/791 Q2 - exp,IND.iqube,True,18%,TRUE,Rent,0
TXN0000792,27-05-2024,96926.35,INR,AUTO-DEBIT INDIQUBE INV/2405/792 SUBS - rent exp,INDIQUBE,True,18%,TRUE,Rent,0
TXN0000793,27-05-2024,27595.04,INR,card kfc taxinv/2405/793 fy25 - exp# ref 3156,KFC,True,5%,FALSE,Meals,1
TXN0000794,27-05-2024,27756.31,INR,RTGS Simplilearn BILL/2405/o94 FY25 - exp,Simplilearn,True,18%,unknown,Training,0
TXN0000795,27-05-2024,4040.43,INR,RTGS Ikea BILL/2405/795 Q1 - exp,Ikea,True,12%,TRUE,Office Supplies,0
TXN0000796,27-05-2024,14755.38,INR,*auto-debit jio.fiber bill/2405/796 q1 - exp,JIO.fiber,True,18%,TRUE,Utilities,0
TXN0000797,28-05-2024,6920.37,INR,#NEFT KSEB INV/2405/797 RENT - utilities exp,KSEB,True,18%,TRUE,Utilities,0
TXN0000798,28-05-2024,49547.31,INR,CARD HCL RCPT/2405/798 RENT - it services exp- ref 1582,HCL,True,18%,TRUE,IT Services,0
TXN0000799,28-05-2024,35512.55,INR,#imps wipro inv/2405/799 fy24 - it services exp,WIPRO,True,18%,TRUE,IT Services,0
TXN0000800,28-05-2024,11630.47,INR,AUTO-DEBIT BESCOM BILL/2405/800 Q1 - utilities exp,BESCOM,True,12%,TRUE,Utilities,1
TXN0000801,28-05-2024,14917.04,INR,imps kse.b rcpt/2405/801 rent - exp* ref 4911,KSE.b,True,18%,TRUE,Utilities,0
TXN0000802,28-05-2024,11202.79,INR,KSEB charges,KSEB,True,18%,TRUE,Utilities,0
TXN0000803,28-05-2024,5259.46,INR,!neft staples pvt ltd taxinv/2405/80f subs - exp,STAPLES Pvt Ltd,True,12%,TRUE,Office Supplies,0
TXN0000804,28-05-2024,2144.2,INR,-UPI SWIGGY INV/2405/804 FY24 - exp,SWIGGY,True,5%,FALSE,Meals,0
TXN0000805,28-05-2024,20090.96,INR,rtgs kfc inv/2405/805 q1 - exp,KFC,True,5%,FALSE,Meals,1
TXN0000806,28-05-2024,6359.62,INR,UPI OLA Pvt Ltd BILL/2405/806 Q2 - exp,OLA Pvt Ltd,True,5%,FALSE,Travel,0
TXN0000807,28-05-2024,61702.2,INR,imps awfis taxinv/2405/807 q2 - exp,AWFIS,True,18%,TRUE,Rent,0
TXN0000808,28-05-2024,30779.02,INR,WIPRO,WIPRO,True,18%,TRUE,IT Services,0
TXN0000809,28-05-2024,11185.03,INR,#UPI KSEB INDIA PVT LTD RCPT/2405/809 FY24-  exp,KSEB INDIA PVT LTD,True,18%,TRUE,Utilities,0
TXN0000810,28-05-2024,5024.45,INR,UPI Adobe RCPT/2405/810 RENT - exp,Adobe,True,18%,TRUE,Software,0
TXN0000811,28-05-2024,9338.19,INR,-imps besco inv/2405/811 fy25 - exp! ref 9043,Bescom,True,18%,TRUE,Utilities,0
TXN0000812,29-05-2024,3043.01,INR,/ CARD TAXINV/2405/812 ENT - exp,STAMP DUTY,False,exempt,FALSE,Exempt Services,0
TXN0000813,29-05-2024,70444.91,INR,/ NEFT TECHM BILL/2405/813 FY24 - exp,TECHM,True,18%,TRUE,IT Services,0
TXN0000814,29-05-2024,99197.86,INR,NEFT INDIQUBE RCPT/2405/814 SUBS - exp* ref 5495,INDIQUBE,True,18%,TRUE,Rent,0
TXN0000815,29-05-2024,4951.86,INR,#auto-debit ikea rcpt/2405/815 q2 - exp,IKEA,True,12%,TRUE,Office Supplies,0
TXN0000816,29-05-2024,6146.65,INR,RTGS Staples TAXINV/2405/8k6 Q1 - office supplies exp,Staples,True,12%,TRUE,Office Supplies,0
TXN0000817,29-05-2024,38459.76,INR,HCL,HCL,True,18%,TRUE,IT Services,0
TXN0000818,29-05-2024,28439.24,INR,UPI WIPRO INV/2405/818 FY24 - exp,WIPRO,True,18%,TRUE,IT Services,0
TXN0000819,29-05-2024,96440.86,INR,*CARD INDIQUBE RCPT/2405/819 ADV - exp,INDIQUBE,True,18%,TRUE,Rent,0
TXN0000820,30-05-2024,101560.3,INR,*imps awfis pvt ltd inv/2405/820 gst - rent exp,AWFIS Pvt Ltd,True,18%,TRUE,Rent,0
TXN0000821,30-05-2024,4322.23,INR,*NEFT OLA BILL/2405/821 RENT - exp / ref 7051,OLA,True,5%,FALSE,Travel,0
TXN0000822,30-05-2024,5262.49,INR,AUTO-DEBIT IND.igo RCPT/2405/822F Y25 - exp,IND.igo,True,5%,FALSE,Travel,0
TXN0000823,30-05-2024,30222.16,INR,TCS,TCS,True,18%,TRUE,IT Services,0
TXN0000824,30-05-2024,6796.21,INR,#NEFT IKE.a INV/2405/824 SUBS-  exp,IKE.a,True,12%,TRUE,Office Supplies,0
TXN0000825,30-05-2024,10238.48,INR,#IMPS RAPIDO BILL/2405/825 RENT - exp,RAPIDO,True,18%,FALSE,Travel,1
TXN0000826,30-05-2024,34515.65,INR,NEFT TECHM INV/2405/826 SUBS - epx,TECHM,True,18%,TRUE,IT Services,0
TXN0000827,30-05-2024,13642.95,INR,RTGS JIOFIBER INDIA PVT LTD TAXINV/2405/827 TDS - exp,JIOFIBER INDIA PVT LTD,True,18%,TRUE,Utilities,0
TXN0000828,30-05-2024,3752.64,INR,!AUTO-DEBIT IV/2405/828 FY25 - exp,STAMP DUTY,False,exempt,FALSE,Exempt Services,0
TXN0000829,30-05-2024,6769.99,INR,auto-debit govt fees rcpt/2405/829 gst - exempt services exp,GOVT FEES,False,exempt,FALSE,Exempt Services,0
TXN0000830,30-05-2024,7688.79,INR,-NEFT STAPLES RCPT/2405/830 FY25 - exp,STAPLES,True,12%,TRUE,Office Supplies,0
TXN0000831,30-05-2024,7905.47,INR,-AUTO-DEBIT JIOFIBER RCPT/2405/831 TDS - utieities exp,JIOFIBER,True,18%,TRUE,Utilities,0
TXN0000832,30-05-2024,110170.56,INR,AUTO-DEBIT Awfis BILL/2405/832 FY25 -exp,Awfis,True,18%,TRUE,Rent,0
TXN0000833,30-05-2024,7366.02,INR,,Staples,True,12%,TRUE,Office Supplies,0
TXN0000834,31-05-2024,6245.85,INR,CARD MICROSOFT TAXINV/2405/834 GST - exp! ref 9830,MICROSOFT,True,18%,TRUE,Software,0
TXN0000835,31-05-2024,10721.15,INR,na,MIC.rosoft,True,18%,TRUE,Software,0
TXN0000836,31-05-2024,115403.79,INR,imps awfis bill/2405/836 gst - rent exp,Awfis,True,18%,TRUE,Rent,0
TXN0000837,31-05-2024,5590.58,INR,NEFT IKEA INDIA PVT LTD INV/2405/837 SUBS - exp,IKEA INDIA PVT LTD,True,12%,TRUE,Office Supplies,0
TXN0000838,31-05-2024,7314.24,INR,AUTO-DEBIT IKEA INV/2405/838 RENT - exp,IKEA,True,12%,TRUE,Office Supplies,0
TXN0000839,31-05-2024,5052.99,INR,upi ind.igo taxinv/2405839 fy24 - exp ref 5678,IND.igo,True,5%,FALSE,Travel,0
TXN0000840,31-05-2024,14464.1,INR,AUTO-DEBIT BESCOM Pvt Ltd BILL/2405/840 Q1 - exp,BESCOM Pvt Ltd,True,18%,TRUE,Utilities,0
TXN0000841,31-05-2024,20823.71,INR,,Upgrad,True,18%,unknown,Training,0
TXN0000842,31-05-2024,23492.81,INR,IMPS COU.rsera TAXINV/2405/842 ADV - exp,COU.rsera,True,18%,unknown,Training,0
TXN0000843,31-05-2024,54968.05,INR,!NEFT INFY Pvt Ltd RCPT/2405/843 Q2 - exp,INFY Pvt Ltd,True,18%,TRUE,IT Services,0
TXN0000844,01-06-2024,33398.66,INR,-,TCS,True,18%,TRUE,IT Services,0
TXN0000845,01-06-2024,5275.09,INR,IMPS FIGMA RCPT/2406/845 TDS - exp,FIGMA,True,18%,TRUE,Software,0
TXN0000846,01-06-2024,29238.94,INR,rtgs tcs inv/2406/846 tdsz- exp* ref 6244,Tcs,True,18%,TRUE,IT Services,0
TXN0000847,01-06-2024,6248.74,INR,card microsoft inv/2406/847 gst - exp,Microsoft,True,18%,TRUE,Software,0
TXN0000848,01-06-2024,60081.91,INR, / rtgs hcl pvt ltd rcpt/2406/848 rent - it services exp# ref 3414,HCL Pvt Ltd,True,18%,TRUE,IT Services,0
TXN0000849,01-06-2024,4035.53,INR,CARD OFF.ice depot TAXINV/2406/849 Q1 - office supplies exp,OFF.ice depot,True,12%,TRUE,Office Supplies,0
TXN0000850,01-06-2024,1955.12,INR,Dominos charges,Dominos,True,5%,TRUE,Meals,1
TXN0000851,01-06-2024,8792.64,INR,#auto-debit microsoft pvt ltd rcpt/2406/851 q2 - exp,MICROSOFT Pvt Ltd,True,18%,TRUE,Software,0
TXN0000852,01-06-2024,35401.7,INR,auto-debit wipro pvt ltd bill/2406/852 tds - exp,WIPRO Pvt Ltd,True,18%,TRUE,IT Services,0
TXN0000853,01-06-2024,2510.13,INR,RTGS SWIGGY RCPT/2406/853 Q2 - exp,SWIGGY,True,5%,FALSE,Meals,0
TXN0000854,01-06-2024,4322.28,INR,-,RAPIDO Pvt Ltd,True,5%,FALSE,Travel,0
TXN0000855,01-06-2024,5722.59,INR,RTGS RAPIDO Pvt Ltd BILL/2406/855 SUBS - exp! ref 5039,RAPIDO Pvt Ltd,True,5%,FALSE,Travel,0
TXN0000856,01-06-2024,8530.49,INR,-,MICROSOFT,True,18%,TRUE,Software,0
TXN0000857,02-06-2024,53020.79,INR,#imps indiqube pvt ltd bill/2406/857 fy25 - exp / ref 8985,INDIQUBE Pvt Ltd,True,18%,TRUE,Rent,0
TXN0000858,02-06-2024,12495.65,INR,/ imps simplilearn inv/2406/858 fy25 - exp,SIMPLILEARN,True,18%,unknown,Training,0
TXN0000859,02-06-2024,4222.15,INR,#UTO-DEBIT KFC INDIA PVT LTD RCPT/2406/859 SUBS - exp,KFC INDIA PVT LTD,True,5%,FALSE,Meals,0
TXN0000860,02-06-2024,93100.22,INR,/ UPI WEWORK INV/2406/860 FY24 - exp,WEWORK,True,18%,TRUE,Rent,0
TXN0000861,02-06-2024,5006.52,INR,#NEFT OFFICE DEPOT INDIA PVT LTD TAXINV/2406/861 Q2 - office supplies exp  ref 8428,OFFICE DEPOT INDIA PVT LTD,True,12%,TRUE,Office Supplies,0
TXN0000862,02-06-2024,113594.21,INR,IMPS AWFIS INV/2406/862 Q1 - exp,AWFIS,True,18%,TRUE,Rent,0
TXN0000863,02-06-2024,105147.88,INR,AWFIS INDIA PVT LTD,AWFIS INDIA PVT LTD,True,18%,TRUE,Rent,0
TXN0000864,02-06-2024,6917.5,INR,n/a,STAPLES,True,12%,TRUE,Office Supplies,0
TXN0000865,02-06-2024,123870.49,INR,upi wework india pvt ltd taxinv/2406/865 gst - exp ref 5057,WEWORK INDIA PVT LTD,True,18%,TRUE,Rent,0
TXN0000866,02-06-2024,45468.68,INR,TECHM,TECHM,True,18%,TRUE,IT Services,0
TXN0000867,03-06-2024,2386.7,INR,card zomato bill/2406/867 sgt - exp,ZOMATO,True,5%,FALSE,Meals,0
TXN0000868,03-06-2024,53561.43,INR,CARD INF.y TAXINV/2406/868 FY24 - exp,INF.y,True,18%,TRUE,IT Services,0
TXN0000869,03-06-2024,57707.85,INR,UPI HCL INV/2406/869 TDS - exp,HCL,True,18%,TRUE,IT Services,0
TXN0000870,03-06-2024,2843.13,INR,AUTO-DEBIT Rapido RCPT/2406/870 ADV - exp,Rapido,True,5%,FALSE,Travel,0
TXN0000871,03-06-2024,5995.17,INR,,UBER INDIA PVT LTD,True,5%,FALSE,Travel,0
TXN0000872,03-06-2024,34228.81,INR,TCS Pvt Ltd charges,TCS Pvt Ltd,True,18%,TRUE,IT Services,0
TXN0000873,03-06-2024,28982.77,INR,NEFT AWFIS Pvt LtdR CPT/2406/873 SUBS - exp,AWFIS Pvt Ltd,True,18%,TRUE,Rent,0
TXN0000874,03-06-2024,6673.78,INR,na,FIGMA Pvt Ltd,True,18%,TRUE,Software,0
TXN0000875,03-06-2024,14991.34,INR,/ RTGS BESCOM IDNIA PVT LTD INV/2406/875 FY24 - exp,BESCOM INDIA PVT LTD,True,18%,TRUE,Utilities,0
TXN0000876,04-06-2024,12383.78,INR,IMPS CANVA RCPT/2406/876 GST - exp,CANVA,True,18%,TRUE,Software,0
TXN0000877,04-06-2024,36305.25,INR,UPI WPIRO BILL/2406/877 ADV - it services exp,WIPRO,True,18%,TRUE,IT Services,0
TXN0000878,04-06-2024,10930.27,INR,Kseb,Kseb,True,18%,TRUE,Utilities,0
TXN0000879,04-06-2024,90069.88,INR,*RTGS Awfis TAXINV/2406/879 - exp,Awfis,True,18%,TRUE,Rent,0
TXN0000880,04-06-2024,27023.11,INR,-imps hcl pv tltd taxinv/2406/880 fy25 - exp,HCL Pvt Ltd,True,18%,TRUE,IT Services,0
TXN0000881,04-06-2024,5453.61,INR,IMPS OLA RCPT/2406/881 GST - exp- ref 4225,OLA,True,5%,FALSE,Travel,0
TXN0000882,04-06-2024,51081.78,INR,card tcs inv/2406/882 subs - exp / ref 1735,TCS,True,18%,TRUE,IT Services,0
TXN0000883,05-06-2024,89691.44,INR,card indiqube india pvt ltd bill/2406/883 tds - exp,INDIQUBE INDIA PVT LTD,True,18%,TRUE,Rent,0
TXN0000884,05-06-2024,3755.2,INR,#UPI STAPLES BILL/2406/884 RENT - exp- ref 5271,STAPLES,True,12%,TRUE,Office Supplies,0
TXN0000885,05-06-2024,7977.6,INR, ,OFFICE DEPOT,True,12%,TRUE,Office Supplies,0
TXN0000886,05-06-2024,29772.22,INR,RTGS AIRTEL TAXINV/2406/886 Q2 - exp,AIRTEL,True,18%,TRUE,Utilities,0
TXN0000887,05-06-2024,4067.31,INR,OFFICE DEPOT INDIA PVT LTD,OFFICE DEPOT INDIA PVT LTD,True,12%,TRUE,Office Supplies,0
TXN0000888,05-06-2024,6602.09,INR,*IMPS OFFICE DEPOT INDIA PVT LTD INV/2406/888 GT - office supplies exp,OFFICE DEPOT INDIA PVT LTD,True,12%,TRUE,Office Supplies,0
TXN0000889,05-06-2024,60299.2,INR,-,TEC.hm,True,18%,TRUE,IT Services,0
TXN0000890,05-06-2024,84098.41,INR,auto-debit awfis inv/2406/890 adv - rent exp,AWFIS,True,18%,TRUE,Rent,0
TXN0000891,06-06-2024,3621.25,INR,CARD DOM.inos TAXINV/2406/891 TDS - meals expr ref 1793,DOM.inos,True,5%,FALSE,Meals,0
TXN0000892,06-06-2024,2172.93,INR, / CARD Zomato TAXINV/2406/892 RENT - meals exa,Zomato,True,5%,FALSE,Meals,0
TXN0000893,06-06-2024,68167.96,INR,card awfis pv tltd bill/2406/893 tds - rent exp,AWFIS Pvt Ltd,True,18%,TRUE,Rent,0
TXN0000894,06-06-2024,72538.23,INR,WEW.ork,WEW.ork,True,18%,TRUE,Rent,0
TXN0000895,06-06-2024,6246.22,INR,AUTO-DEBIT KSEB INDIA PVT LTD INV/2406/895 GST - exp,KSEB INDIA PVT LTD,True,18%,FALSE,Utilities,1
TXN0000896,06-06-2024,116260.91,INR,rtgs wework india pvt ltd inv/2406/896 - exp,WEWORK INDIA PVT LTD,True,18%,TRUE,Rent,0
TXN0000897,06-06-2024,68120.19,INR,NEFT INDIQUBE Pvt Ltd INV/2406/897 Q1 - exp,INDIQUBE Pvt Ltd,True,18%,TRUE,Rent,0
TXN0000898,06-06-2024,11040.87,INR,CARD FIGMA INDIA PVT LTD RCPT/2406/898 SUBS - exp,FIGMA INDIA PVT LTD,True,18%,TRUE,Software,0
TXN0000899,06-06-2024,2564.81,INR,CARD OLA INDIA PVT LTD INV/2406/899 RENT - exp,OLA INDIA PVT LTD,True,5%,FALSE,Travel,0
TXN0000900,06-06-2024,51475.62,INR,UPI WEWORK Pvt Ltd RCPT/2406/900 GST - exp,WEWORK Pvt Ltd,True,18%,TRUE,Rent,0
TXN0000901,06-06-2024,49760.9,INR, RTGS WIP.ro INV/2406/901 RENT - it services exp* ref 4731,WIP.ro,True,18%,TRUE,IT Services,0
TXN0000902,06-06-2024,32487.38,INR,#RTGS TECHM INV/2406/902 ADV - it services exp  ref 1411,TECHM,True,18%,TRUE,IT Services,0
TXN0000903,07-06-2024,108093.09,INR,!CARD INDIQUBE INDIA PVT LTD RCPT/2406/903 - exp,INDIQUBE INDIA PVT LTD,True,18%,TRUE,Rent,0
TXN0000904,07-06-2024,3866.44,INR,NEFT INDIGO INDIA PVT LTD TAXINV/2406/904 Q1 - exp / ref 9558,INDIGO INDIA PVT LTD,True,5%,FALSE,Travel,0
TXN0000905,07-06-2024,3912.62,INR,IKEA INDIA PVT LTD,IKEA INDIA PVT LTD,True,12%,TRUE,Office Supplies,0
TXN0000906,07-06-2024,28983.32,INR,imps wip.ro bill/2406/906 fy25 - exp / ref 8765,WIP.ro,True,18%,TRUE,IT Services,0
TXN0000907,07-06-2024,7120.12,INR,upi off.ice depot bill/2406/907 fy25 - exp,OFF.ice depot,True,12%,TRUE,Office Supplies,0
TXN0000908,07-06-2024,17204.69,INR,imps fig.ma inv/2406/908 q1 - exp* ref 5213,FIG.ma,True,18%,TRUE,Software,0
TXN0000909,07-06-2024,4867.92,INR,OFF.ice depot charges,OFF.ice depot,True,12%,TRUE,Office Supplies,0
TXN0000910,07-06-2024,76998.44,INR,Wework charges,Wework,True,18%,TRUE,Rent,0
TXN0000911,07-06-2024,47733.13,INR,UPI HCL Pvt Ltd RCPT/2406/911 Q2 - exp,HCL Pvt Ltd,True,18%,TRUE,IT Services,0
TXN0000912,07-06-2024,12141.86,INR, / UPI KSEB INDIA PVT LTD BILL/2406/912 TDS - tilities exp,KSEB INDIA PVT LTD,True,18%,TRUE,Utilities,0
TXN0000913,07-06-2024,20382.0,INR,!auto-debit upgrad pvt ltd taxinv/2406/913 q2 - ep* ref 2740,UPGRAD Pvt Ltd,True,18%,unknown,Training,0
TXN0000914,08-06-2024,9508.42,INR,CARD IKEA BILL/24069/14 FY24 - exp- ref 9888,IKEA,True,12%,TRUE,Office Supplies,0
TXN0000915,08-06-2024,15416.33,INR,CARD BESCOM TAXINV/2406/915 FY25 - exp,BESCOM,True,18%,TRUE,Utilities,0
TXN0000916,08-06-2024,52043.25,INR,rtgs awf.is inv/2406/916 gst - rent exp,AWF.is,True,18%,TRUE,Rent,0
TXN0000917,08-06-2024,2087.68,INR,NEFT ZOMATO Pvt Ltd RCPT/2406/917 FY24 - exp- ref 7588,ZOMATO Pvt Ltd,True,5%,FALSE,Meals,0
TXN0000918,08-06-2024,45098.53,INR,rtgs infy rcpt/2406/918 fy25 - exp,INFY,True,18%,TRUE,IT Services,0
TXN0000919,08-06-2024,62603.86,INR,upi wew.ork bill/2406/919 adv - exp,WEW.ork,True,18%,TRUE,Rent,0
TXN0000920,08-06-2024,6832.42,INR,*CARD STAPLES INDIA PVT LTD BILL/2406/920 ADV - exp,STAPLES INDIA PVT LTD,True,12%,TRUE,Office Supplies,0
TXN0000921,08-06-2024,8306.19,INR,#imps figma india pvt ltd taxinv/2406/921 q2 - exp* ref 4654,FIGMA INDIA PVT LTD,True,18%,TRUE,Software,0
TXN0000922,08-06-2024,8087.04,INR,imps mic.rosoft inv/2406/922 q1 - exp# ref 7160,MIC.rosoft,True,18%,TRUE,Software,0
TXN0000923,08-06-2024,42379.82,INR,HCL charges,HCL,True,18%,TRUE,IT Services,0
TXN0000924,08-06-2024,39986.53,INR,*imps hcl india pvt ltd inv/2406/924 q2 - it services exp* ref 3824,HCL INDIA PVT LTD,True,18%,TRUE,IT Services,0
TXN0000925,08-06-2024,32327.53,INR,/ RTGS TECHM INDIA PVT LTD BILL/2406/925 RENT - exp,TECHM INDIA PVT LTD,True,18%,TRUE,IT Services,0
TXN0000926,08-06-2024,5714.94,INR,CARD RAPIDO RCPT/2406/926 Q2 - travel exp,RAPIDO,True,5%,FALSE,Travel,0
TXN0000927,09-06-2024,35309.21,INR,#rtgs techm rcpt/2406/927 fy25 - it services exp,TECHM,True,18%,TRUE,IT Services,0
TXN0000928,09-06-2024,10640.9,INR,n/a,FIGMA,True,18%,TRUE,Software,0
TXN0000929,09-06-2024,3284.93,INR,CARD DOMINOS INDIA PVT LTD TAXINV/2406/929 TDS - meals exp,DOMINOS INDIA PVT LTD,True,5%,FALSE,Meals,0
TXN0000930,09-06-2024,22921.66,INR,upi wipro taxinv/2406/930 fy24 - exp,WIPRO,True,12%,TRUE,IT Services,1
TXN0000931,09-06-2024,4070.75,INR,imps staples pvt ltd taxinv/2406/931 q1 - exp,STAPLES Pvt Ltd,True,12%,TRUE,Office Supplies,0
TXN0000932,09-06-2024,16606.54,INR,/ RTGS KSEB RCPT/2046/932 TDS - exp- ref 9579,KSEB,True,18%,TRUE,Utilities,0
TXN0000933,09-06-2024,364593.6,INR,HCL,HCL,True,18%,TRUE,IT Services,1
TXN0000934,09-06-2024,5850.72,INR, AUjO-DEBIT MICROSOFT BILL/2406/934 ADV - software exp,MICROSOFT,True,18%,TRUE,Software,0
TXN0000935,10-06-2024,9644.22,INR,rtgs adobe india pvt ltd taxinv/2406/935 rent - exp# ref 5163,ADOBE INDIA PVT LTD,True,18%,TRUE,Software,0
TXN0000936,10-06-2024,3610.32,INR,#auto-debit kfc pvt ltd taxinv/2406/936 tds - exp,KFC Pvt Ltd,True,5%,FALSE,Meals,0
TXN0000937,10-06-2024,10787.03,INR,upi figma taxinv/2406/937 q2 - software exp /  ref 6222,FIGMA,True,18%,TRUE,Software,0
TXN0000938,10-06-2024,43812.14,INR,WIPRO Pvt Ltd charges,WIPRO Pvt Ltd,True,18%,TRUE,IT Services,0
TXN0000939,10-06-2024,3064.67,INR,/ neft zomato pvt ltd taxinv/2406/939 rent - exp! ref 3789,ZOMATO Pvt Ltd,True,12%,FALSE,Meals,1
TXN0000940,10-06-2024,162887.59,INR,-CARD INDIQUBE INV/2406/940 - exp# ref 5555,INDIQUBE,True,18%,TRUE,Rent,0
TXN0000941,10-06-2024,25249.76,INR,#UPI RA Pvt Ltd RCPT/2406/941 ADV - xp,COURSERA Pvt Ltd,True,18%,unknown,Training,0
TXN0000942,10-06-2024,5100.41,INR,UPIR APIDO BILL/2406/942 Q1 - travel exp,RAPIDO,True,5%,FALSE,Travel,0
TXN0000943,10-06-2024,11295.51,INR,CARD STAPLES Pvt Ltd RCPT/2406/943 SUBS - exp,STAPLES Pvt Ltd,True,12%,TRUE,Office Supplies,0
TXN0000944,10-06-2024,14669.71,INR,IMPS ADOBE TAXINV/2406/944 ADV - exp# ref 6463,ADOBE,True,18%,TRUE,Software,0
TXN0000945,10-06-2024,10490.64,INR,auto-debit adobe taxinv/2406/945 adv - exp,ADOBE,True,18%,TRUE,Software,0
TXN0000946,10-06-2024,10938.16,INR,Ikea charges,Ikea,True,12%,TRUE,Office Supplies,0
TXN0000947,10-06-2024,44511.84,INR,rtgs infy bill/2406/947 gst - epx,INFY,True,18%,TRUE,IT Services,0
TXN0000948,10-06-2024,125192.6,INR,imps indiqube bill/2406/948 fy24 - exp,INDIQUBE,True,18%,TRUE,Rent,0
TXN0000949,10-06-2024,9321.26,INR,-CARD AIR.tel TAXINV/2406/949 TDS - exp,AIR.tel,True,18%,TRUE,Utilities,0
TXN0000950,10-06-2024,8987.03,INR,UPI Jiofiber TAXINV/2406/950 SUBS - utilities exp,Jiofiber,True,18%,TRUE,Utilities,0
TXN0000951,11-06-2024,4499.63,INR,imps inv/2406/951 td - exp,Roc Fees,False,exempt,FALSE,Exempt Services,0
TXN0000952,11-06-2024,12023.56,INR,/ NEFT Kseb RCPT/2406/952 FY25 - exp* ref 9341,Kseb,True,18%,TRUE,Utilities,0
TXN0000953,11-06-2024,13776.5,INR,RTGS AIR.telcBILL/2406/953 Q2 - utilities exp,AIR.tel,True,18%,TRUE,Utilities,0
TXN0000954,11-06-2024,20600.65,INR,n/a,JIO.fiber,True,18%,TRUE,Utilities,0
TXN0000955,11-06-2024,12169.02,INR,RTGS Airtel INV/24069/55 Q1 - exp,Airtel,True,18%,TRUE,Utilities,0
TXN0000956,11-06-2024,14108.06,INR,card microsoft rcpt/2406/956 adv - exp,MICROSOFT,True,18%,TRUE,Software,0
TXN0000957,11-06-2024,5340.99,INR,/ RTGS OLA BILL/2406/957 TDS - exp,OLA,True,5%,FALSE,Travel,0
TXN0000958,11-06-2024,69230.29,INR,auto-debit infy rcpt/2406/958 ubs - exp,INFY,True,18%,TRUE,IT Services,0
TXN0000959,11-06-2024,11801.91,INR,IMPS Figma TAXINV/2406/959 ADV - software exp,Figma,True,18%,TRUE,Software,0
TXN0000960,11-06-2024,42560.0,INR,WIPRO INDIA PVT LTD charges,WIPRO INDIA PVT LTD,True,18%,TRUE,IT Services,0
TXN0000961,11-06-2024,12018.62,INR,*CARD JIO.fiber BILL/2406/961 SUBS - exp,JIO.fiber,True,18%,TRUE,Utilities,0
TXN0000962,11-06-2024,7576.25,INR,card rapido bill/2406/962tds - exp,RAPIDO,True,5%,FALSE,Travel,0
TXN0000963,11-06-2024,16593.53,INR, ,KSEB INDIA PVT LTD,True,18%,TRUE,Utilities,0
TXN0000964,11-06-2024,48941.36,INR,#RTGS WIPRO BILL/2406/964 FY24 - exp,WIPRO,True,18%,TRUE,IT Services,0
TXN0000965,11-06-2024,37882.63,INR,card wip.ro bill/2406/965 subs - exp,WIP.ro,True,18%,TRUE,IT Services,0
TXN0000966,11-06-2024,150068.55,INR,UPI INDIQUBE INV/2406/96 FY25 - exp,INDIQUBE,True,18%,TRUE,Rent,0
TXN0000967,11-06-2024,1995.72,INR,RTGS SWIGGY INV/2406/967 TDS - meals exp  ref 6420,SWIGGY,True,18%,FALSE,Meals,1
TXN0000968,11-06-2024,4429.94,INR,,IKE.a,True,12%,TRUE,Office Supplies,0
TXN0000969,11-06-2024,13887.03,INR,#NEFT KSEB RCPT/2406/969 SUBS - exp,KSEB,True,18%,TRUE,Utilities,0
TXN0000970,11-06-2024,33045.74,INR,TCS,TCS,True,18%,TRUE,IT Services,0
TXN0000971,11-06-2024,4836.87,INR,#imps taxinv/2406/971 fy24 - exp ref 5487,Stamp Duty,False,exempt,FALSE,Exempt Services,0
TXN0000972,11-06-2024,14084.04,INR,/ IMPS SIM.plilearn BILL/2406/972 RENT - exp,SIM.plilearn,True,18%,unknown,Training,0
TXN0000973,11-06-2024,4185.68,INR,*AUTO-DEBIT OFF.ice depot RCPT/2406/973 ADV - exp,OFF.ice depot,True,12%,TRUE,Office Supplies,0
TXN0000974,12-06-2024,16142.83,INR, AUTO-DEBIT Coursera TAXINV/2406/974 FY24 - training exp,Coursera,True,18%,unknown,Training,0
TXN0000975,12-06-2024,37909.76,INR, ,Techm,True,18%,TRUE,IT Services,0
TXN0000976,12-06-2024,13239.17,INR,/ AUTO-DEBIT UPGRAD INDIA PVT LTD RCPT/2406/976 RENT - exp* ref 7492,UPGRAD INDIA PVT LTD,True,18%,unknown,Training,0
TXN0000977,12-06-2024,33548.13,INR,-upi wipro taxinv/240f/977 rent - exp,WIPRO,True,18%,TRUE,IT Services,0
TXN0000978,12-06-2024,7313.88,INR,,BES.com,True,18%,TRUE,Utilities,0
TXN0000979,12-06-2024,115037.36,INR,INDIQUBE Pvt Ltd,INDIQUBE Pvt Ltd,True,18%,TRUE,Rent,0
TXN0000980,12-06-2024,4114.39,INR,neft stamp duty pvt ltd bill/2406/980 fy25 - exempt services exp,STAMP DUTY Pvt Ltd,False,exempt,unknown,Exempt Services,1
TXN0000981,12-06-2024,6885.3,INR,AUTO-DEBIT MICROSOFT BILL/2406/981 Fw25 - exp,MICROSOFT,True,18%,TRUE,Software,0
TXN0000982,12-06-2024,17804.5,INR,/ RTGS SIMPLILEARN Pvt Ltd TAXINV/2406/982 Q2 - exp,SIMPLILEARN Pvt Ltd,True,18%,unknown,Training,0
TXN0000983,12-06-2024,3486.74,INR,ptgs rap.ido inv/2406/983 q1 - exr,RAP.ido,True,5%,FALSE,Travel,0
TXN0000984,12-06-2024,87474.49,INR,CARD AWFIS INV/2406/984 TD - rent exp! ref 4922,AWFIS,True,18%,TRUE,Rent,0
TXN0000985,12-06-2024,85990.0,INR,RTGS AWFIS TAXINV2/406/985 ADV - rent exp,AWFIS,True,18%,TRUE,Rent,0
TXN0000986,12-06-2024,4544.89,INR,auto-debit ola rcpt/2406/986 adv -rexp,OLA,True,5%,FALSE,Travel,0
TXN0000987,13-06-2024,42329.5,INR,WEWORK INDIA PVT LTD charges,WEWORK INDIA PVT LTD,True,18%,TRUE,Rent,0
TXN0000988,13-06-2024,7761.49,INR,/ RTGS IKE.a TAXINV/2406/988 2Q - exp,IKE.a,True,12%,TRUE,Office Supplies,0
TXN0000989,13-06-2024,72363.6,INR,/ AUTO-DEBIT BESCOM INDIA PVT LTD TAXINV/2406/989 ADV - exp ref 3164,BESCOM INDIA PVT LTD,True,18%,TRUE,Utilities,1
TXN0000990,13-06-2024,102176.63,INR,card ind.iqube inv2/406/990 tds - exp,IND.iqube,True,18%,TRUE,Rent,0
TXN0000991,13-06-2024,78488.29,INR,rtgs awfis inv/2406/991 q1 - exp,AWFIS,True,18%,TRUE,Rent,0
TXN0000992,13-06-2024,30539.06,INR,cadr ra inv/2406/992 q1 - exp# ref 7790,COURSERA,True,18%,unknown,Training,0
TXN0000993,13-06-2024,101427.0,INR,IMPS AWFIS INV/2406/993 SUBS - exp,AWFIS,True,18%,TRUE,Rent,0
TXN0000994,13-06-2024,5029.88,INR,IMPS RAPIDO PvtzLtd INV/2406/994 Q2 - exp,RAPIDO Pvt Ltd,True,5%,FALSE,Travel,0
TXN0000995,13-06-2024,4612.96,INR,INDIGO charges,INDIGO,True,5%,FALSE,Travel,0
TXN0000996,13-06-2024,3348.81,INR,#AUTO-DEBIT STAPLES BILL/2406/996 RENT - exp,STAPLES,True,12%,TRUE,Office Supplies,0
TXN0000997,13-06-2024,14325.12,INR,CARD ADOBE RCPT/2406/997 RENT - exp,ADOBE,True,18%,TRUE,Software,0
TXN0000998,13-06-2024,34086.95,INR,*card infy india pvt ltd taxinv/2406/998 q1 - it services exp,INFY INDIA PVT LTD,True,18%,TRUE,IT Services,0
TXN0000999,13-06-2024,4623.57,INR,#IMPS Ola INV/2406/999 Q1 - exp / ref 5058,Ola,True,5%,FALSE,Travel,0
TXN0001000,13-06-2024,25170.54,INR,!neft wip.ro taxinv/2406/000 q1 - exp,WIP.ro,True,18%,TRUE,IT Services,0
TXN0001001,13-06-2024,14291.72,INR,*NEFT SIMPLILEARN Pvt Ltd RCPT/2406/001 TDS - training exp,SIMPLILEARN Pvt Ltd,True,18%,unknown,Training,0
TXN0001002,14-06-2024,33704.66,INR,UPI TECHM Pvt Ltd INV/2406/002 RENT - exp,TECHM Pvt Ltd,True,18%,TRUE,IT Services,0
TXN0001003,14-06-2024,10125.52,INR,AUTO-DEBIT BES.com RCPT/2406/003 Q2 - exp,BES.com,True,18%,TRUE,Utilities,0
TXN0001004,14-06-2024,19879.58,INR,#ACRD Upgrad RCPT/2406/004 FY25 - training exp  ref 5710,Upgrad,True,18%,unknown,Training,0
TXN0001005,14-06-2024,54732.34,INR,upi awf.i srcpt/2406/005 q2 - exp# ref 1723,AWF.is,True,18%,TRUE,Rent,0
TXN0001006,14-06-2024,6042.97,INR,RAPIDO,RAPIDO,True,5%,FALSE,Travel,0
TXN0001007,14-06-2024,4389.25,INR,/ AUTO-DEBIT KFC RCPT/2406/007 GST - exp,KFC,True,5%,FALSE,Meals,0
TXN0001008,14-06-2024,56504.47,INR,CARD TCS TAXINV/2406/008 SUBS - exp,TCS,True,18%,TRUE,IT Services,0
TXN0001009,14-06-2024,3974.24,INR,AUTO-DEBIT ZOMATO Pvt Ltd BILL/2406/009 FY24 - exp# ref 3402,ZOMATO Pvt Ltd,True,5%,FALSE,Meals,0
TXN0001010,14-06-2024,5236.19,INR,CARD STAPLES Pvt Ltd TAXINV/2406/010 Q2 - office supplies exp,STAPLES Pvt Ltd,True,12%,TRUE,Office Supplies,0
TXN0001011,14-06-2024,11052.61,INR,#UPI ADOBE INV/2406/011 Q1 - exp,ADOBE,True,18%,TRUE,Software,0
TXN0001012,14-06-2024,9352.48,INR,UPI KFC INV/2406/012 TDS - exp,KFC,True,5%,FALSE,Meals,0
TXN0001013,14-06-2024,13763.71,INR,AUTO-DEBIT AIRTEL INV/2406/013Q 2 - exp,AIRTEL,True,18%,TRUE,Utilities,0
TXN0001014,15-06-2024,8785.51,INR,neft jio.fiber taxinv/2406/014 subs - exp,JIO.fiber,True,18%,TRUE,Utilities,0
TXN0001015,15-06-2024,2646.16,INR,na,ZOMATO,True,5%,FALSE,Meals,0
TXN0001016,15-06-2024,35632.23,INR,CARD WIPRO INV/2406/016 Q1 - exp,WIPRO,True,18%,TRUE,IT Services,0
TXN0001017,15-06-2024,5945.63,INR,*RTGS FIGMA INDIA PVT LTD RCPT/2406/017 Q2 - exp,FIGMA INDIA PVT LTD,True,18%,TRUE,Software,0
TXN0001018,15-06-2024,82526.13,INR,rtgs techm india pvt ltd bill/2406/d18 gst - exp,TECHM INDIA PVT LTD,True,18%,TRUE,IT Services,0
TXN0001019,15-06-2024,9910.42,INR,-UPI ADOBE INV/2406/019 Q1 - exp / ref 5826,ADOBE,True,18%,TRUE,Software,0
TXN0001020,15-06-2024,13545.47,INR,IMPS BESCOM TAXINV/2406/020 ADV - utiilties exp- ref 2252,BESCOM,True,18%,TRUE,Utilities,0
TXN0001021,15-06-2024,66608.59,INR,!card indiqube inv/2406/021 adv - exp,Indiqube,True,18%,TRUE,Rent,0
TXN0001022,15-06-2024,10571.99,INR,#CARD STAPLES Pvt Ltd INV/2406/022 GST - exp,STAPLES Pvt Ltd,True,12%,TRUE,Office Supplies,0
TXN0001023,15-06-2024,61271.89,INR,/ AUTO-DEBIT WEW.ork TAXINV/2406/023 TDS - exp# ref 6963,WEW.ork,True,18%,TRUE,Rent,0
TXN0001024,15-06-2024,3237.08,INR,SWIGGY INDIA PVT LTD charges,SWIGGY INDIA PVT LTD,True,5%,FALSE,Meals,0
TXN0001025,15-06-2024,73261.61,INR,na,Wework,True,18%,TRUE,Rent,0
TXN0001026,15-06-2024,9424.76,INR,*RTGS OFF.ice depot RCPT/2406/026 SUBS - exp,OFF.ice depot,True,28%,TRUE,Office Supplies,1
TXN0001027,15-06-2024,5421.25,INR,IMPS Indigo INV/2406/07 RENT - exp,Indigo,True,5%,FALSE,Travel,0
TXN0001028,15-06-2024,9095.73,INR,rtgs staples bill/2406/028 fy25 - exp,STAPLES,True,12%,TRUE,Office Supplies,0
TXN0001029,15-06-2024,10280.65,INR,IKEA,IKEA,True,12%,TRUE,Office Supplies,0
TXN0001030,15-06-2024,43406.98,INR,*imps hcl inv/2406/030 gst - exp# ref 2612,HCL,True,18%,TRUE,IT Services,0
TXN0001031,15-06-2024,80019.94,INR,UPI INDIQUBE INDIA PVT LTD TAXINV/2406/031 Q2 - exp,INDIQUBE INDIA PVT LTD,True,18%,TRUE,Rent,0
TXN0001032,15-06-2024,54743.05,INR,*IMPS WIPRO INDIA PVT LTD INV/2406/032 FY24 - exp,WIPRO INDIA PVT LTD,True,18%,TRUE,IT Services,0
TXN0001033,16-06-2024,6236.95,INR,FIGMA charges,FIGMA,True,18%,TRUE,Software,0
TXN0001034,16-06-2024,41022.68,INR,UPI Infy BILL/2406/034FY25 - exp,Infy,True,18%,TRUE,IT Services,0
TXN0001035,16-06-2024,43056.55,INR,AUTO-DEIBT TCS TAXINV/2406/035 RENT - it services exp /  ref 3228,TCS,True,12%,TRUE,IT Services,1
TXN0001036,16-06-2024,129528.84,INR, ,AWFIS INDIA PVT LTD,True,18%,TRUE,Rent,0
TXN0001037,16-06-2024,5442.15,INR,C!ARD Ikea RCPT/2406/037 ADV - exp,Ikea,True,12%,TRUE,Office Supplies,0
TXN0001038,16-06-2024,32198.37,INR,*imps infy taxinv/2406/038 q2 - it services exp /  ref 4765,Infy,True,18%,TRUE,IT Services,0
TXN0001039,16-06-2024,23945.13,INR,imps tcs inv/2406/039 fy25 - exp,Tcs,True,18%,TRUE,IT Services,0
TXN0001040,16-06-2024,12783.79,INR,rtgs jiofiber bill/2406/040 adv - utilities exp,JIOFIBER,True,18%,TRUE,Utilities,0
TXN0001041,16-06-2024,6402.48,INR,IMPS OFFICE DEPOT INDIA PVT LTD RCPT/2406/041 SUBS - exp,OFFICE DEPOT INDIA PVT LTD,True,12%,TRUE,Office Supplies,0
TXN0001042,16-06-2024,2447.83,INR,AUTO-DEBIT SWI.ggy BILL/2406/042 SUBS - exp,SWI.ggy,True,5%,FALSE,Meals,0
TXN0001043,16-06-2024,11338.08,INR, ,Canva,True,18%,TRUE,Software,0
TXN0001044,17-06-2024,4977.6,INR,CARD DOMINOS Pvt LtdI NV/2406/044 SUBS - meals exp,DOMINOS Pvt Ltd,True,5%,FALSE,Meals,0
TXN0001045,17-06-2024,12545.49,INR,RTGS Airtel BILL/2406/045 RENT - exp! ref 1260,Airtel,True,18%,TRUE,Utilities,0
TXN0001046,17-06-2024,60499.01,INR,UPI AWFIS RCPT/2406/046 ADV - rent exp,AWFIS,True,18%,TRUE,Rent,0
TXN0001047,17-06-2024,113046.4,INR,#CARD AWFIS TAXINV/2406/047 Q2 - rent exp  ref 8410,AWFIS,True,18%,TRUE,Rent,0
TXN0001048,17-06-2024,3622.4,INR,CARD IKEA TAXINV/2406/048 TDS - exp,IKEA,True,12%,TRUE,Office Supplies,0
TXN0001049,17-06-2024,32179.36,INR,card hcl rcpt/2406/049 bdv - it services exp,HCL,True,18%,TRUE,IT Services,0
TXN0001050,17-06-2024,97555.4,INR,rtgs awfis taxinv/2406/050 q1 - exp- ref 4514,AWFIS,True,18%,TRUE,Rent,0
TXN0001051,17-06-2024,6323.78,INR,AUTO-DEBIT OFFICE DEPOT Pvt Ltd TAXINV/2406/051 Q2 - exp- ref 9109,OFFICE DEPOT Pvt Ltd,True,12%,TRUE,Office Supplies,0
TXN0001052,17-06-2024,164359.01,INR, imps awfis india pvt ltd taxinv/2406/052 adv - rent exp* ref 7270,AWFIS INDIA PVT LTD,True,18%,TRUE,Rent,0
TXN0001053,17-06-2024,26522.26,INR,-IMPS TCS INV/2406/053 FY24 - it services exp,TCS,True,18%,TRUE,IT Services,0
TXN0001054,17-06-2024,7253.25,INR,RTGS CAN.va BILL/2406/054 SUBS - software exp,CAN.va,True,18%,TRUE,Software,0
TXN0001055,17-06-2024,3080.57,INR,Indigo charges,Indigo,True,5%,FALSE,Travel,0
TXN0001056,17-06-2024,24508.93,INR,RTGS UPG.rad RCPT/2406/056 Q1 - exp,UPG.rad,True,18%,unknown,Training,0
TXN0001057,18-06-2024,5389.59,INR,STAPLES Pvt Ltd,STAPLES Pvt Ltd,True,12%,TRUE,Office Supplies,0
TXN0001058,18-06-2024,8048.53,INR,neft office depot taxinv/2406/058 q1 - office supplies exp,OFFICE DEPOT,True,12%,TRUE,Office Supplies,0
TXN0001059,18-06-2024,42963.31,INR,Infy charges,Infy,True,18%,TRUE,IT Services,0
TXN0001060,18-06-2024,5376.27,INR,-UPI CANVA Pvt Ldt BILL/2406/060 Q1 - exp! ref 3118,CANVA Pvt Ltd,True,18%,TRUE,Software,0
TXN0001061,18-06-2024,5242.29,INR,-AUTO-DEBIT UBER INV/2406/061 RENT - travel exp,UBER,True,5%,FALSE,Travel,0
TXN0001062,18-06-2024,7850.62,INR,OLA,OLA,True,5%,FALSE,Travel,0
TXN0001063,18-06-2024,13085.74,INR,!NEFT BESCOM RCPT/2406/063 FY24 - exp,BESCOM,True,18%,TRUE,Utilities,0
TXN0001064,18-06-2024,5616.13,INR,neft ikea taxinv/2406/064 adv - exp! ref 8947,IKEA,True,12%,TRUE,Office Supplies,0
TXN0001065,18-06-2024,8727.53,INR,n/a,OFFICE DEPOT Pvt Ltd,True,12%,TRUE,Office Supplies,0
TXN0001066,18-06-2024,11406.21,INR,*auto-debit jiofiber bill/2406/066 rent - utilities exp /  ref 5797,JIOFIBER,True,18%,TRUE,Utilities,0
TXN0001067,19-06-2024,20365.05,INR,#auto-debit tec.hm rcpt/2406/067 adv - exp,TEC.hm,True,18%,TRUE,IT Services,0
TXN0001068,19-06-2024,5190.81,INR,#CARD Staples INV/2406/068 TDS - xep,Staples,True,12%,TRUE,Office Supplies,0
TXN0001069,19-06-2024,8249.54,INR,-NEFT STA.ples TAXINV/2406/069 FY25 - office supplies exp,STA.ples,True,12%,TRUE,Office Supplies,0
TXN0001070,19-06-2024,12405.54,INR,upi jiofiber india pvt ltd rcpt/2406/070 gst - exp,JIOFIBER INDIA PVT LTD,True,18%,TRUE,Utilities,0
TXN0001071,19-06-2024,2489.88,INR,NEFT DOMINOS INDIA PVT LTD BILL/2406/071 ADV - exp,DOMINOS INDIA PVT LTD,True,5%,FALSE,Meals,0
TXN0001072,19-06-2024,10593.17,INR,-neft kseb ill/2406/072 gst - exp* ref 7846,KSEB,True,exempt,TRUE,Utilities,1
TXN0001073,19-06-2024,5238.19,INR,card ola taxinv/2406/073 gst - exp,OLA,True,5%,FALSE,Travel,0
TXN0001074,19-06-2024,10906.49,INR,RTGS ADOBE INDIA PVT LTD RCPT/2406/074 FY25 - exp,ADOBE INDIA PVT LTD,True,18%,TRUE,Software,0
TXN0001075,19-06-2024,30010.37,INR, imps techm bill/2406/075 adv - it services exp,Techm,True,18%,TRUE,IT Services,0
TXN0001076,19-06-2024,4897.28,INR,AUTO-DEBIT IKE.a INV/2406/076 ADV - exp,IKE.a,True,12%,TRUE,Office Supplies,0
TXN0001077,19-06-2024,98199.98,INR,#auto-debit wework taxinv/2406/077 fy24 - exp,WEWORK,True,18%,TRUE,Rent,0
TXN0001078,19-06-2024,8191.25,INR,#UPI MICROSOFT Pvt Ltd RCPT/2406/078 ADV - exp# ref 4429,MICROSOFT Pvt Ltd,True,18%,TRUE,Software,0
TXN0001079,19-06-2024,4280.2,INR,*AUTO-DEBIT DOMINOS RCPT/2406/079 ADV  -exp,DOMINOS,True,5%,FALSE,Meals,0
TXN0001080,19-06-2024,10234.05,INR,auto-debit adobe india pvt ltd rcpt2/406/080 adv - exp# ref 2752,ADOBE INDIA PVT LTD,True,18%,TRUE,Software,0
TXN0001081,20-06-2024,7421.63,INR,#imps figma inv/2406/081 tds - exp,FIGMA,True,5%,TRUE,Software,1
TXN0001082,20-06-2024,73474.87,INR,*card indiqube taxinv/2406/082 q1 - exp,Indiqube,True,18%,TRUE,Rent,0
TXN0001083,20-06-2024,174151.14,INR,AWFIS INDIA PVT LTD charges,AWFIS INDIA PVT LTD,True,18%,TRUE,Rent,0
TXN0001084,20-06-2024,14732.15,INR,IMPS AIRETL INDIA PVT LTD INV/2406/084 FY25 - exp / ref 8528,AIRTEL INDIA PVT LTD,True,18%,TRUE,Utilities,0
TXN0001085,20-06-2024,59763.32,INR,CARD WEWORK INDIA PVT LTD BILL/2406/085 GST - exp* ref 1334,WEWORK INDIA PVT LTD,True,18%,TRUE,Rent,0
TXN0001086,20-06-2024,5933.03,INR,imps office depot inv/2406/086 gst - exp,Office Depot,True,12%,TRUE,Office Supplies,0
TXN0001087,20-06-2024,5169.21,INR,/ auto-debit bill/2406/087 tds - exp,STAMP DUTY,False,exempt,FALSE,Exempt Services,0
TXN0001088,20-06-2024,40290.49,INR,-imps hcl inv/246/088 tds - exp- ref 4346,HCL,True,18%,TRUE,IT Services,0
TXN0001089,20-06-2024,81772.98,INR,NEFT WEWORK Pvt Ltd INV/2406/089 TDS - exp- ref 9484,WEWORK Pvt Ltd,True,18%,TRUE,Rent,0
TXN0001090,20-06-2024,15088.89,INR,imps ra india pvt ltd bill/2406/090 subs - exp# ref 5337,COURSERA INDIA PVT LTD,True,18%,unknown,Training,0
TXN0001091,20-06-2024,50912.31,INR,imps wework taxinv/2406/091 fy24 - ep,WEWORK,True,18%,TRUE,Rent,0
TXN0001092,20-06-2024,14924.15,INR,*upi jiofiber rcpt/2406/092 subs - exp! ref 6308,JIOFIBER,True,18%,TRUE,Utilities,0
TXN0001093,20-06-2024,30349.01,INR,na,TECHM INDIA PVT LTD,True,18%,TRUE,IT Services,0
TXN0001094,20-06-2024,37953.18,INR,TECHM,TECHM,True,18%,TRUE,IT Services,0
TXN0001095,21-06-2024,577636.4,INR,-UPI WEl.ork TAXINV/2406/095 GST - exp,WEW.ork,True,18%,TRUE,Rent,1
TXN0001096,21-06-2024,3105.8,INR,ZOMATO charges,ZOMATO,True,5%,FALSE,Meals,0
TXN0001097,21-06-2024,3576.7,INR,neft indigo pvt ltd rcpt/2406/097 rent - exp,INDIGO Pvt Ltd,True,5%,FALSE,Travel,0
TXN0001098,21-06-2024,71546.01,INR,*RTGS AWFIS INDIA PVT LTD INV/2406/098 Q1 - exp* ref 3437,AWFIS INDIA PVT LTD,True,18%,TRUE,Rent,0
TXN0001099,21-06-2024,34279.46,INR, AUTO-DEBIT HCL INDIA PVT LTD BILL/2406/099 Q1 - it services exp! ref 4434,HCL INDIA PVT LTD,True,18%,TRUE,IT Services,0
TXN0001100,21-06-2024,6231.69,INR,imps sta.ples taxinv/2406/100 adv - exp,STA.ples,True,12%,TRUE,Office Supplies,0
TXN0001101,21-06-2024,47981.31,INR,UPI Awfis BILL/2406/101 Q1 - exp,Awfis,True,18%,TRUE,Rent,0
TXN0001102,21-06-2024,10854.85,INR,NEFT JIOFIBER RCPT/2406/102 ADV - utilities exp /  ref 6351,JIOFIBER,True,18%,TRUE,Utilities,0
TXN0001103,21-06-2024,62089.91,INR, neft wework bill/2406/103 gst - rent exp# ref 5638,Wework,True,18%,TRUE,Rent,0
TXN0001104,21-06-2024,9331.61,INR,/ IMPS Figma INV/2406/104 SUBS - exp,Figma,True,18%,TRUE,Software,0
TXN0001105,21-06-2024,16668.94,INR,auto-debit airtel tainv/2406/105 rent - exp,AIRTEL,True,18%,TRUE,Utilities,0
TXN0001106,21-06-2024,5837.23,INR,NEFT OFFICE DEPOT INDIA PVT LTD BILL/2406/106 FY24 - exp# ref 7447,OFFICE DEPOT INDIA PVT LTD,True,12%,TRUE,Office Supplies,0
TXN0001107,21-06-2024,35553.97,INR,*neft hcl inv/2406/107 q2 - exp,HCL,True,18%,TRUE,IT Services,0
TXN0001108,21-06-2024,7080.43,INR,!IMPS BESCOM INDIA PVT LTD RCPT/2406/108 ADV - exp,BESCOM INDIA PVT LTD,True,18%,TRUE,Utilities,0
TXN0001109,21-06-2024,52221.83,INR,rtgs tcs bill/2406/109 q2 - exp ref 8140,TCS,True,18%,TRUE,IT Services,0
TXN0001110,21-06-2024,84471.84,INR,card indiqube india pvt ltd inv/2406/110 gst - exp! ref 9738,INDIQUBE INDIA PVT LTD,True,18%,TRUE,Rent,0
TXN0001111,21-06-2024,3861.71,INR,auto-debit dominos india pvt ltd rcpt/2406/111 rent - exp,DOMINOS INDIA PVT LTD,True,5%,FALSE,Meals,0
TXN0001112,21-06-2024,108221.67,INR,*UPI WEW.ork INV/2406/112 SUBS - exp,WEW.ork,True,18%,TRUE,Rent,0
TXN0001113,21-06-2024,9194.12,INR,upi office depot taxinv/2406/113 fy25 - office supplies exp,OFFICE DEPOT,True,12%,TRUE,Office Supplies,0
TXN0001114,22-06-2024,6545.63,INR,/ IMPS CANVA RCPT/2406/114 ADV - exp,CANVA,True,18%,TRUE,Software,0
TXN0001115,22-06-2024,28559.1,INR,card techm rcpt/2406/115 subs - exp,TECHM,True,18%,TRUE,IT Services,0
TXN0001116,22-06-2024,18448.63,INR,!CARD UPGRAD Pvt Ltd INV/2406/116 TDS - exp,UPGRAD Pvt Ltd,True,18%,unknown,Training,0
TXN0001117,22-06-2024,9101.48,INR,AUTO-DEBIT OLA BILL/2406/117 TDS - exp,OLA,True,5%,FALSE,Travel,0
TXN0001118,22-06-2024,28631.81,INR,!AUTO-DEBIT INFY INDIA PVT LTD RCPT/2046/118 SUBS - exp,INFY INDIA PVT LTD,True,18%,TRUE,IT Services,0
TXN0001119,22-06-2024,5406.37,INR,rtgs office depot india pvt ltd inv/2406/119 adv - exp,OFFICE DEPOT INDIA PVT LTD,True,12%,TRUE,Office Supplies,0
TXN0001120,22-06-2024,3025.61,INR,!auto-debit swiggy axinv/2406/120 gst - exp,SWIGGY,True,5%,FALSE,Meals,0
TXN0001121,22-06-2024,6283.36,INR,na,MIC.rosoft,True,18%,TRUE,Software,0
TXN0001122,22-06-2024,16531.38,INR, ,TCS INDIA PVT LTD,True,18%,TRUE,IT Services,0
TXN0001123,22-06-2024,26109.26,INR,AUTO-DEBIT TECHM Pvt Ltd RCPT/2406/123 FY24 - it services exp,TECHM Pvt Ltd,True,18%,TRUE,IT Services,0
TXN0001124,22-06-2024,42731.44,INR,neft techm india pvt ltd rcpt/240/124 fy25 - exp,TECHM INDIA PVT LTD,True,18%,TRUE,IT Services,0
TXN0001125,22-06-2024,11449.54,INR,-neft kse.b taxinv/2406/125 fy25 - exp,KSE.b,True,18%,TRUE,Utilities,0
TXN0001126,22-06-2024,5473.41,INR, ,FIGMA INDIA PVT LTD,True,18%,TRUE,Software,0
TXN0001127,23-06-2024,5525.44,INR,#UPI FIGMA INDIA PVT LTD INV/2406/127 FY25 - exp,FIGMA INDIA PVT LTD,True,18%,TRUE,Software,0
TXN0001128,23-06-2024,19984.43,INR,*UPI KSEB INDIA PVT LTD RCPT/2406/128 Q1 - utilities exp,KSEB INDIA PVT LTD,True,18%,TRUE,Utilities,0
TXN0001129,23-06-2024,4780.36,INR,rtgs microsoft india pvt ltd inv/2406/129 rent - exp,MICROSOFT INDIA PVT LTD,True,18%,TRUE,Software,0
TXN0001130,23-06-2024,12338.74,INR,NEFT AIRTEL BILL/2406/130 Q2 - exp,AIRTEL,True,18%,TRUE,Utilities,0
TXN0001131,23-06-2024,7719.4,INR,RTGS MICROSOFT INDIA PVT LTD BILL/2406/131 GST - software exp,MICROSOFT INDIA PVT LTD,True,exempt,TRUE,Software,1
TXN0001132,23-06-2024,11906.69,INR,!upi kseb taxinv/2406/132 q1 - exp / qef 5619,KSEB,True,18%,TRUE,Utilities,0
TXN0001133,23-06-2024,249537.04,INR,IMPS INF.y RCPT/2406/133 RENT - exp# ref 1623,INF.y,True,18%,TRUE,IT Services,1
TXN0001134,23-06-2024,3627.34,INR,-neft indigo inv/2406/134q 1 - travel exp,INDIGO,True,5%,FALSE,Travel,0
TXN0001135,23-06-2024,9150.29,INR,rtgs jiofiber india pvt ltd rcpt/2406/135 rent - exp! ref 9300,JIOFIBER INDIA PVT LTD,True,18%,TRUE,Utilities,0
TXN0001136,23-06-2024,124645.2,INR,AUTO-DEBIT INDIQUBE TAXINV/2406/136 SUBS - exp* ref 5087,INDIQUBE,True,18%,TRUE,Rent,0
TXN0001137,23-06-2024,7029.66,INR,*RTGS STAPLES INDIA PVT LTD BILL/2406/137 Q2 - exp! ref 3608,STAPLES INDIA PVT LTD,True,12%,TRUE,Office Supplies,0
TXN0001138,23-06-2024,1800.65,INR,RTGS ZOMATO INDIA PVT LTD TAXINV/2406/138 Q1 - exp ref 1727,ZOMATO INDIA PVT LTD,True,5%,FALSE,Meals,0
TXN0001139,23-06-2024,3618.72,INR,n/a,Uber,True,5%,FALSE,Travel,0
TXN0001140,23-06-2024,38860.71,INR,!NEFT WIPRO Pvt Ltd INV/2406/140 FY25 - exp,WIPRO Pvt Ltd,True,18%,TRUE,IT Services,0
TXN0001141,23-06-2024,3677.87,INR,-,INDIGO,True,5%,FALSE,Travel,0
TXN0001142,24-06-2024,7213.57,INR,auto-debit indigo india pvt ltd inv/2406/142 fy24 - exp,INDIGO INDIA PVT LTD,True,5%,FALSE,Travel,0
TXN0001143,24-06-2024,5676.38,INR,auto-debit sta.ples inv/2406/143 q2 -o ffice supplies exp,STA.ples,True,12%,TRUE,Office Supplies,0
TXN0001144,24-06-2024,37865.29,INR,n/a,TECHM,True,18%,TRUE,IT Services,0
TXN0001145,24-06-2024,70162.47,INR,UPI AWFIS RCPT/2406/145 - exp,AWFIS,True,18%,TRUE,Rent,0
TXN0001146,24-06-2024,17783.79,INR,UPI JIOFIBER Pvt Ltd INV/2406/146 Q1 - exp / ref 2397,JIOFIBER Pvt Ltd,True,18%,TRUE,Utilities,0
TXN0001147,24-06-2024,17763.64,INR,imps jiofiber india pvt ltd bill/2406/147 subs - utilities exp,JIOFIBER INDIA PVT LTD,True,18%,TRUE,Utilities,0
TXN0001148,24-06-2024,11962.2,INR,JIOFIBER,JIOFIBER,True,18%,TRUE,Utilities,0
TXN0001149,24-06-2024,25859.57,INR,!CARD WIPRO INDIA PVT LTD BILL/2406/149 FY25 - exp sef 1438,WIPRO INDIA PVT LTD,True,18%,TRUE,IT Services,0
TXN0001150,24-06-2024,54613.04,INR,!UPI TEC.hm BILL/2406/150 GST - exp,TEC.hm,True,18%,TRUE,IT Services,0
TXN0001151,24-06-2024,4455.91,INR,!UPI ARPIDO RCPT/2406/151 FY25 - exp,RAPIDO,True,5%,FALSE,Travel,0
TXN0001152,24-06-2024,5257.49,INR,n/a,Indigo,True,5%,FALSE,Travel,0
TXN0001153,24-06-2024,43134.73,INR,auto-debit tcs india pvt ltd inv/2406/153 q2 - exp,TCS INDIA PVT LTD,True,18%,TRUE,IT Services,0
TXN0001154,24-06-2024,94338.25,INR,#RTGS WqWORK INDIA PVT LTD BILL/2406/154 ADV - rent exp,WEWORK INDIA PVT LTD,True,18%,TRUE,Rent,0
TXN0001155,24-06-2024,8451.03,INR,AUTO-DEBIT STAPLES BILt/2406/155 FY24 - exp,STAPLES,True,12%,TRUE,Office Supplies,0
TXN0001156,25-06-2024,7217.96,INR,Microsoft,Microsoft,True,18%,TRUE,Software,0
TXN0001157,25-06-2024,4067.58,INR,!rtgs canva taxinv/2406/157 q1 - exp,CANVA,True,18%,TRUE,Software,0
TXN0001158,25-06-2024,6955.89,INR,!NEFT ADOBE INV/2406/158 ADV - software exp# ref 6202,ADOBE,True,18%,TRUE,Software,0
TXN0001159,25-06-2024,17127.8,INR,CARD IKEA INDIA PVT LTD INV/2406/159 FY25 - exp,IKEA INDIA PVT LTD,True,12%,TRUE,Office Supplies,0
TXN0001160,25-06-2024,6136.71,INR,upi pvt ltd taxinv/2406/160 gst - exp,STAMP DUTY Pvt Ltd,False,exempt,FALSE,Exempt Services,0
TXN0001161,25-06-2024,2966.57,INR,KFC charges,KFC,True,5%,FALSE,Meals,0
TXN0001162,25-06-2024,1868.84,INR,imps kfc rcpt/2406/162 tds - exp,KFC,True,5%,FALSE,Meals,0
TXN0001163,25-06-2024,20700.45,INR,IMPS Infy BLL/2406/163 TDS - exp,Infy,True,18%,TRUE,IT Services,0
TXN0001164,25-06-2024,4519.2,INR,CARD IKE.a INV/2406/164 FY25 - exp! ref 7480,IKE.a,True,12%,TRUE,Office Supplies,0
TXN0001165,25-06-2024,26121.15,INR,neft hcl taxinv/2406/165 q2 - exp,Hcl,True,18%,TRUE,IT Services,0
TXN0001166,25-06-2024,34589.09,INR,INFY INDIA PVT LTD charges,INFY INDIA PVT LTD,True,18%,TRUE,IT Services,0
TXN0001167,25-06-2024,2705.87,INR,neft zomato rcpt/2406/167 fy24 - exp,ZOMATO,True,5%,FALSE,Meals,0
TXN0001168,25-06-2024,52289.85,INR,-,INDIQUBE Pvt Ltd,True,18%,TRUE,Rent,0
TXN0001169,25-06-2024,13568.13,INR,NEFT AIRTEL Pvt Ltd INV/2406/169 FY24 - exp,AIRTEL Pvt Ltd,True,18%,TRUE,Utilities,0
TXN0001170,25-06-2024,4233.48,INR,-card zom.atoinv/2406/170 adv - meals exp  ref 1925,ZOM.ato,True,5%,FALSE,Meals,0
TXN0001171,25-06-2024,57207.78,INR,!UPI Wework RCPT/2406/171 GST - exp,Wework,True,18%,TRUE,Rent,0
TXN0001172,26-06-2024,5508.43,INR,AUTO-DEBIT FIGMA INDIA PVT LTD INV/2406/172 Q2 - exp ref 7940,FIGMA INDIA PVT LTD,True,18%,TRUE,Software,0
TXN0001173,26-06-2024,11192.31,INR,/ AUTO-DEBIT ADOBE Pvt Ltd BILL/2406/173 TDS - exp,ADOBE Pvt Ltd,True,18%,TRUE,Software,0
TXN0001174,26-06-2024,61156.71,INR,*RTGS AW.Fis RCPT/2406/174 TDS - exp,AWF.is,True,18%,TRUE,Rent,0
TXN0001175,26-06-2024,26003.16,INR,AUTO-DBIT HCL INDIA PVT LTD TAXINV/2406/175 FY24 - exp,HCL INDIA PVT LTD,True,18%,TRUE,IT Services,0
TXN0001176,26-06-2024,26474.34,INR,CARD rnfy BILL/2406/176 FY24 - exp,Infy,True,18%,TRUE,IT Services,0
TXN0001177,26-06-2024,10784.5,INR,*RTGS AIR.tel RCPT/2406/177 TDS - exp,AIR.tel,True,18%,TRUE,Utilities,0
TXN0001178,26-06-2024,85371.28,INR,/ RTGS AWFIS RCPT/2406/178 - exp,AWFIS,True,18%,TRUE,Rent,0
TXN0001179,26-06-2024,6508.4,INR,RAPIDO Pvt Ltd,RAPIDO Pvt Ltd,True,5%,FALSE,Travel,0
TXN0001180,26-06-2024,76243.68,INR,*NEFT Adobe TAXINV/2406/180 Q2 - exp,Adobe,True,18%,TRUE,Software,1
TXN0001181,26-06-2024,23277.37,INR,/ NEFT INFY INDIA PVT LTD INV/2406/181 Q2 - exp,INFY INDIA PVT LTD,True,18%,TRUE,IT Services,0
TXN0001182,26-06-2024,12357.7,INR,*CARD JIOFIBER RCPT/2406/12 GST - exp,JIOFIBER,True,18%,TRUE,Utilities,0
TXN0001183,26-06-2024,5549.77,INR,AUTO-DEBIT STA.pwes INV/2406/183 Q2 - exp* ref 6885,STA.ples,True,12%,TRUE,Office Supplies,0
TXN0001184,26-06-2024,48605.05,INR,!card hcl india pvt ltd rcpt/2406/184 subs - exp,HCL INDIA PVT LTD,True,18%,TRUE,IT Services,0
TXN0001185,27-06-2024,5457.57,INR,CARD Microsoft BILL/2406/185 ADV - exy,Microsoft,True,18%,TRUE,Software,0
TXN0001186,27-06-2024,52698.88,INR,UPI AIRTEL Pvt Ltd INV/2406/186 TDS - exp,AIRTEL Pvt Ltd,True,18%,TRUE,Utilities,1
TXN0001187,27-06-2024,5081.28,INR,RTGS STAPLES INDIA PVT LTD INV/2406/187 Q2 - exp,STAPLES INDIA PVT LTD,True,12%,TRUE,Office Supplies,0
TXN0001188,27-06-2024,9325.95,INR,!card canva taxinv/2406/188 q1 - exp ref 5410,Canva,True,18%,TRUE,Software,0
TXN0001189,27-06-2024,3085.98,INR,-auto-debit office depot pvt ltd taxinv/2406/189 gst - exp,OFFICE DEPOT Pvt Ltd,True,12%,TRUE,Office Supplies,0
TXN0001190,27-06-2024,3020.78,INR,card zomato pvt ltd bill/2406/190 gst - exp,ZOMATO Pvt Ltd,True,5%,FALSE,Meals,0
TXN0001191,27-06-2024,44824.17,INR,UPI INF.y TAXINV/2406/191 FY24 - exp / ref 6758,INF.y,True,18%,TRUE,IT Services,0
TXN0001192,27-06-2024,4438.23,INR,#upi dominos inv/2406/192 subs - exp# ref 3851,DOMINOS,True,5%,FALSE,Meals,0
TXN0001193,27-06-2024,6505.01,INR,!upi ola pvt ltd inv/2406/193 q2 - exp,OLA Pvt Ltd,True,5%,FALSE,Travel,0
TXN0001194,28-06-2024,2754.55,INR,UPI SWI.ggy RCPT/2406/194 ADV - exp,SWI.ggy,True,5%,FALSE,Meals,0
TXN0001195,28-06-2024,4913.39,INR,#NEFT INDIA PVT LTD INV/2406/195 SUBS - exp! ref 64n0,GOVT FEES INDIA PVT LTD,False,exempt,FALSE,Exempt Services,0
TXN0001196,28-06-2024,139628.93,INR,upi indiqube inv/240c/196 q1 - exp,Indiqube,True,18%,TRUE,Rent,0
TXN0001197,28-06-2024,116061.89,INR,UPI AWFIS INDIA PVT LTD RCPT/2406/197 FY24 - exp,AWFIS INDIA PVT LTD,True,18%,TRUE,Rent,0
TXN0001198,28-06-2024,17727.68,INR,rtgs coursera pvt ltd bill/2406/198 fy24 - training exp,COURSERA Pvt Ltd,True,18%,unknown,Training,0
TXN0001199,28-06-2024,9658.45,INR,NEFT Airtel BILL/2406/199 RENT - exp,Airtel,True,18%,TRUE,Utilities,0
TXN0001200,28-06-2024,9125.82,INR,IMPS IKEA INDIA PVT LTD RCPT/2406/200 RENT - exp,IKEA INDIA PVT LTD,True,12%,TRUE,Office Supplies,0
TXN0001201,28-06-2024,5608.7,INR,!AUTO-DEBIT MICROSOFT BILL/2406/201 Q1 - exp,MICROSOFT,True,18%,TRUE,Software,0
TXN0001202,28-06-2024,5520.07,INR,IMPS Ikea BILL/2406/202 Q1 - exp,Ikea,True,12%,TRUE,Office Supplies,0
TXN0001203,28-06-2024,41789.7,INR,CARD Infy TAXINV/2406/203 TDS - exp,Infy,True,5%,TRUE,IT Services,1
TXN0001204,28-06-2024,6287.51,INR,neft figma india pvt ltd inv/2406/204 adv - exp,FIGMA INDIA PVT LTD,True,18%,TRUE,Software,0
TXN0001205,28-06-2024,90988.09,INR,upi awfis bill/2406/205 tds - ex,AWFIS,True,18%,TRUE,Rent,0
TXN0001206,28-06-2024,3628.17,INR,#AUTO-DEBIT SWIGGY INV/2406/206 Q1 - exp,SWIGGY,True,5%,FALSE,Meals,0
TXN0001207,28-06-2024,12913.24,INR, / NEFT Bescom TAXINV/2406/207 FY24 - utilities exp,Bescom,True,18%,TRUE,Utilities,0
TXN0001208,28-06-2024,4371.11,INR,#card staples pvt ltd rcpt/2406/208 adv - exp ref 7467,STAPLES Pvt Ltd,True,12%,TRUE,Office Supplies,0
TXN0001209,28-06-2024,19038.08,INR,*AUTO-DEBIT TCS INDIA PVT LTD TAXINV/2406/209 Q1 - exp / ref 4263,TCS INDIA PVT LTD,True,18%,TRUE,IT Services,0
TXN0001210,28-06-2024,19902.49,INR,upi upgrad inv/2406/210 gst - exp,UPGRAD,True,18%,unknown,Training,0
TXN0001211,28-06-2024,22863.38,INR,UPI INFY RCPT/406/211 TDS - exp,INFY,True,18%,TRUE,IT Services,0
TXN0001212,28-06-2024,17930.13,INR,card air.tel txinv/2406/212 subs - exp,AIR.tel,True,18%,TRUE,Utilities,0
TXN0001213,28-06-2024,4596.79,INR,NEFT RAPIDO Pvt Ltd TAXINV/2406/13 Q1 - travel exp* ref 9571,RAPIDO Pvt Ltd,True,5%,FALSE,Travel,0
TXN0001214,28-06-2024,121028.96,INR,KSEB Pvt Ltd charges,KSEB Pvt Ltd,True,18%,TRUE,Utilities,1
TXN0001215,28-06-2024,6070.88,INR,na,Office Depot,True,12%,TRUE,Office Supplies,0
TXN0001216,28-06-2024,5871.71,INR,#UPI STAPLES RCPT/2406/216 Q2 - exp- ref 3072,STAPLES,True,12%,TRUE,Office Supplies,0
TXN0001217,29-06-2024,28745.84,INR,!auto-debit ola pvt ltd inv/2406/217 tds - exp,OLA Pvt Ltd,True,5%,FALSE,Travel,1
TXN0001218,29-06-2024,7384.23,INR,#net can.va taxinv/2406/218 fy25 - software exp /  ref 5842,CAN.va,True,18%,TRUE,Software,0
TXN0001219,29-06-2024,11695.6,INR,!NEFT Bescom RCPT/2406/219 ADV-  exp,Bescom,True,18%,TRUE,Utilities,0
TXN0001220,29-06-2024,29307.7,INR,-UPI WIPRO BILL/2406/220 FY24 - exp,WIPRO,True,18%,TRUE,IT Services,0
TXN0001221,29-06-2024,8002.64,INR,NEFT IKEA TAXINV/2406/221 Q1 - exp,IKEA,True,12%,TRUE,Office Supplies,0
TXN0001222,29-06-2024,112803.27,INR,-RTGS AWFIS INDIA PVT LTD TAXINV/2406/222 TDS - rent exp,AWFIS INDIA PVT LTD,True,18%,TRUE,Rent,0
TXN0001223,29-06-2024,3682.3,INR,IMPS IND.igo TAXINV/2406/223 SUBS - exp,IND.igo,True,5%,FALSE,Travel,0
TXN0001224,29-06-2024,22256.49,INR,AUTO-DEBIT WIPRO INDIA PVT LTD RCPT/2406/224 FY25 - it services exp,WIPRO INDIA PVT LTD,True,18%,TRUE,IT Services,0
TXN0001225,29-06-2024,10132.57,INR,neft jiofiber taxinv/2406/225 adv - utilities exp,JIOFIBER,True,18%,TRUE,Utilities,0
TXN0001226,29-06-2024,63926.44,INR,card wework taxinv/2406/226 fy25 - rent exp,Wework,True,18%,TRUE,Rent,0
TXN0001227,29-06-2024,32750.47,INR,!neft infy rcpt/2406/227 q1 - exp,Infy,True,18%,TRUE,IT Services,0
TXN0001228,29-06-2024,12649.39,INR,upi airtel taxinv/2406/228 gst - utilitirs exp,AIRTEL,True,18%,TRUE,Utilities,0
TXN0001229,29-06-2024,60740.78,INR,!IMPS WIP.ro TAXINV/2406/229 RENT - exp- ref 8128,WIP.ro,True,18%,TRUE,IT Services,0
TXN0001230,29-06-2024,5120.12,INR,UPI IKE.a BILL/2406/230 Q2 - office supplies exp  ref 6206,IKE.a,True,12%,TRUE,Office Supplies,0
TXN0001231,30-06-2024,59413.98,INR,#auto-debit tcs pvt ltd inv/2406/231 subs - exp,TCS Pvt Ltd,True,18%,TRUE,IT Services,0
TXN0001232,30-06-2024,5995.64,INR,!NEFT BILL/2406/232 Q2 - exp,ROC FEES,False,exempt,FALSE,Exempt Services,0
TXN0001233,30-06-2024,6228.68,INR,ptgs bescom bill/2406/233 adv - exr,BESCOM,True,18%,TRUE,Utilities,0
TXN0001234,30-06-2024,98251.43,INR,!NEFT AWFIS BILL/2406/234 Q2 - rent exp,AWFIS,True,18%,TRUE,Rent,1
TXN0001235,30-06-2024,11724.48,INR,JIOFIBER INDIA PVT LTD charges,JIOFIBER INDIA PVT LTD,True,18%,TRUE,Utilities,0
TXN0001236,30-06-2024,6049.0,INR,-card ikeaa rcpt/2406/236 q2 - exp,IKE.a,True,12%,TRUE,Office Supplies,0
TXN0001237,30-06-2024,96361.39,INR,IMPS AWFIS Pvt Ltd INV/2406/237 TDS - exp! ref 8890,AWFIS Pvt Ltd,True,18%,TRUE,Rent,0
TXN0001238,30-06-2024,57231.23,INR,upi infy rcpt/2406/238 rent - exp- ref 7560,INFY,True,18%,TRUE,IT Services,0
TXN0001239,30-06-2024,30820.26,INR,RTGS TECHM RCPT/2406/239 ADV - exp# ref 3404,TECHM,True,18%,TRUE,IT Services,0
TXN0001240,30-06-2024,75084.69,INR,imps awfis inv/2406/240 gst - exp! ref 5159,Awfis,True,18%,TRUE,Rent,0
TXN0001241,30-06-2024,7613.32,INR,UBE.r,UBE.r,True,5%,FALSE,Travel,0
TXN0001242,30-06-2024,6194.13,INR,/ NEFT Canva TAXINV/2406/242 RENT  -exp,Canva,True,18%,TRUE,Software,0
TXN0001243,01-07-2024,6741.51,INR,*card can.va inv2407/243 tds - exp ref 9923,CAN.va,True,18%,TRUE,Software,0
TXN0001244,01-07-2024,101785.17,INR,WEWORK Pvt Ltd,WEWORK Pvt Ltd,True,18%,TRUE,Rent,0
TXN0001245,01-07-2024,127117.77,INR,AUTO-DEBIT AWFIS INDIA PVT LTD RCPT/2407/245 Q2 - exp,AWFIS INDIA PVT LTD,True,18%,TRUE,Rent,0
TXN0001246,01-07-2024,4746.52,INR,-,RAPIDO Pvt Ltd,True,5%,FALSE,Travel,0
TXN0001247,01-07-2024,3949.8,INR,AUTO-DEBIT INV/2407/247 FY25 - exp,Roc Fees,False,exempt,FALSE,Exempt Services,0
TXN0001248,01-07-2024,8494.7,INR,NEFT UBER INV/2407/248 TDS - travel exp,UBER,True,5%,FALSE,Travel,0
TXN0001249,01-07-2024,27935.35,INR,AUTO-DEBIT HCL Pvt Ltd TAXINV/2407/249 RENT - exp* ref 6502,HCL Pvt Ltd,True,18%,TRUE,IT Services,0
TXN0001250,01-07-2024,4076.79,INR,SWIGGY charges,SWIGGY,True,5%,FALSE,Meals,0
TXN0001251,01-07-2024,11855.49,INR,AUTO-DEBIT Bescom RCPT/2407/251 TDS - exp,Bescom,True,18%,TRUE,Utilities,0
TXN0001252,01-07-2024,9150.11,INR,imps kseb india pvt ltd inv/2407/252 subs - exp,KSEB INDIA PVT LTD,True,18%,TRUE,Utilities,0
TXN0001253,01-07-2024,27038.2,INR,auto-debit infy india pvt ltd bill/2407/253 q1 - it serviecs exp  ref 9522,INFY INDIA PVT LTD,True,18%,TRUE,IT Services,0
TXN0001254,01-07-2024,6375.52,INR,IMPS FIGMA RCPT/2407/254 F2Y5 - exp* ref 1571,FIGMA,True,18%,TRUE,Software,0
TXN0001255,02-07-2024,2767.64,INR,rtgs office depot india pvt ltd taxinv/2407/255 fy25 - exp,OFFICE DEPOT INDIA PVT LTD,True,12%,TRUE,Office Supplies,0
TXN0001256,02-07-2024,47861.15,INR,AUTO-DEBIT WIPRO PvttLtd BILL/2407/256 RENT - exp# ref 3114,WIPRO Pvt Ltd,True,18%,TRUE,IT Services,0
TXN0001257,02-07-2024,13514.4,INR,CARD KSEB BILL/2407257 SUBS - exp,KSEB,True,18%,TRUE,Utilities,0
TXN0001258,02-07-2024,8359.69,INR, / CARD STA.ples RCPT/2407/258 Q1 - office supplies exp,STA.ples,True,12%,TRUE,Office Supplies,0
TXN0001259,02-07-2024,7456.19,INR,CARD CANVA BILL2407/259 SUBS - exp,CANVA,True,18%,TRUE,Software,0
TXN0001260,02-07-2024,14731.69,INR,!rtgs upg.rad inv/2407/260 q1 - exp,UPG.rad,True,18%,unknown,Training,0
TXN0001261,02-07-2024,3941.43,INR,,RAP.ido,True,5%,FALSE,Travel,0
TXN0001262,02-07-2024,10429.5,INR,,ADOBE Pvt Ltd,True,18%,TRUE,Software,0
TXN0001263,02-07-2024,4324.41,INR,RTGS Office Depot BILL2/407/263 ADV - office supplies exp,Office Depot,True,12%,TRUE,Office Supplies,0
TXN0001264,02-07-2024,4598.28,INR,#card ola rcpt/2407/264 adv - exp,Ola,True,5%,FALSE,Travel,0
TXN0001265,02-07-2024,7343.99,INR,AUTO-DEBIT Canva RCPT/2407/265 RENT - exp,Canva,True,18%,TRUE,Software,0
TXN0001266,02-07-2024,2420.86,INR,#CARD ZOMATO RCPT/2407/266 SUBS - meals exp,ZOMATO,True,5%,FALSE,Meals,0
TXN0001267,02-07-2024,10580.87,INR,upi ikea rcpt/2407/267 rent - exp,Ikea,True,12%,TRUE,Office Supplies,0
TXN0001268,03-07-2024,8030.27,INR,RTGS OFF.ice depot BILL/2407/268 FY24 - exp ref 2993,OFF.ice depot,True,12%,TRUE,Office Supplies,0
TXN0001269,03-07-2024,112982.73,INR,auto-debit awfis bill/2407/269 gst - exp,Awfis,True,18%,TRUE,Rent,0
TXN0001270,03-07-2024,5672.4,INR,neft ikea taxinv/2407/270 gst - exp,Ikea,True,12%,TRUE,Office Supplies,0
TXN0001271,03-07-2024,5824.65,INR, card ikea rcpt/2407/271 q1 - office supplies exp,Ikea,True,12%,TRUE,Office Supplies,0
TXN0001272,03-07-2024,88578.37,INR,TECHM,TECHM,True,18%,TRUE,IT Services,0
TXN0001273,03-07-2024,13618.19,INR,na,AIRTEL INDIA PVT LTD,True,18%,TRUE,Utilities,0
TXN0001274,03-07-2024,36720.59,INR,Tcs charges,Tcs,True,18%,TRUE,IT Services,0
TXN0001275,03-07-2024,18072.24,INR,CARDKSE.b RCPT/2407/275 TDS - exp,KSE.b,True,18%,TRUE,Utilities,0
TXN0001276,03-07-2024,2393.66,INR, NEFT ZOMATO BILL/2407/276 SUBS - meals exp- ref 2256,ZOMATO,True,5%,FALSE,Meals,0
TXN0001277,03-07-2024,77050.18,INR,c-ard awfis pvt ltd rcpt/2407/277 - exp,AWFIS Pvt Ltd,True,18%,TRUE,Rent,0
TXN0001278,03-07-2024,1631.27,INR,imps kfc rcpt/2407/278 tds - exp,KFC,True,5%,FALSE,Meals,0
TXN0001279,03-07-2024,28717.38,INR,AUTO-DEBIT TCS INDIA PVT LTD INV/2407/279 TDS - exp,TCS INDIA PVT LTD,True,18%,TRUE,IT Services,0
TXN0001280,04-07-2024,5156.48,INR,IMPS Staples RCPT/2407/280 FY5 - office supplies exp,Staples,True,12%,TRUE,Office Supplies,0
TXN0001281,04-07-2024,20607.0,INR,#imps techm india pvt ltd taxinv/2407/281 b1 - exp,TECHM INDIA PVT LTD,True,18%,TRUE,IT Services,0
TXN0001282,04-07-2024,51022.15,INR,IMPS AWFIS Pvt Ltd INV/2407/282 GST - exp* ref 3022,AWFIS Pvt Ltd,True,18%,TRUE,Rent,0
TXN0001283,04-07-2024,3009.98,INR,neft kfc inv/2407/283 fy25 - exp ref 5239,KFC,True,5%,FALSE,Meals,0
TXN0001284,04-07-2024,79341.8,INR,CARD AWFIS INDIA PVT LTD RCPT/2407/284 FY24 - ren texp,AWFIS INDIA PVT LTD,True,18%,TRUE,Rent,0
TXN0001285,04-07-2024,5319.22,INR,rtgs office depot taxizv/2407/285 adv - exp / ref 2966,OFFICE DEPOT,True,12%,TRUE,Office Supplies,0
TXN0001286,04-07-2024,7836.05,INR,UPI MICROSOFT BILL/2407/286 ADV - exp,MICROSOFT,True,18%,TRUE,Software,0
TXN0001287,04-07-2024,4236.01,INR,AUTO-DEBIT IKEA TAXINV/2407/287 RENT - exp,IKEA,True,12%,TRUE,Office Supplies,0
TXN0001288,04-07-2024,7709.66,INR,!rtgs microsoft pvt ltd inv/2407/288 fy24 - exp,MICROSOFT Pvt Ltd,True,18%,TRUE,Software,0
TXN0001289,04-07-2024,6020.1,INR,!imps figma taxinv/2407/289 tds - software exp,FIGMA,True,18%,TRUE,Software,0
TXN0001290,04-07-2024,17340.4,INR,card kse.b bill/2407/290tds - exp# ref 8789,KSE.b,True,18%,TRUE,Utilities,0
TXN0001291,04-07-2024,11143.02,INR,RTGS Adobe RCPT/2407/291 Q1 - exp ref 6099,Adobe,True,18%,TRUE,Software,0
TXN0001292,04-07-2024,2689.2,INR,-upi swi.ggy taxinv/24072/92 subs - exp,SWI.ggy,True,5%,FALSE,Meals,0
TXN0001293,04-07-2024,35209.83,INR,*CARD TCS RCPT/2407/293 Q1 - exp# ref 3121,TCS,True,18%,TRUE,IT Services,0
TXN0001294,05-07-2024,1603.29,INR,#AUTO-DEBIT SWIGGY INV/2407/294 Q2 - exp ref 1316,SWIGGY,True,5%,FALSE,Meals,0
TXN0001295,05-07-2024,2496.69,INR,/ IMPS Kfc BILL/2407/295 Q1 - exp ref 6378,Kfc,True,5%,FALSE,Meals,0
TXN0001296,05-07-2024,17409.07,INR,AUTO-DEBIT UPGRAD TAXINV/2407/296 TDS - exp,UPGRAD,True,18%,unknown,Training,0
TXN0001297,05-07-2024,15529.8,INR,/ NEFT JIOFIBER TAXINV/2407/297 Q2 - exp,JIOFIBER,True,18%,TRUE,Utilities,0
TXN0001298,05-07-2024,8517.64,INR,IMPS MICROSOFT INDIA PVT LTD RCPT/2407/298 Q1 - exp,MICROSOFT INDIA PVT LTD,True,18%,TRUE,Software,0
TXN0001299,05-07-2024,25246.04,INR,/ IMPS INFY Pvt Ltd BILL/2407/299 FY24 - exp,INFY Pvt Ltd,True,18%,TRUE,IT Services,0
TXN0001300,05-07-2024,19346.35,INR,*AUTO-DEBIT TCS RCPT/2407/300 FY25 - exp,TCS,True,18%,TRUE,IT Services,0
TXN0001301,05-07-2024,12612.56,INR,-imps canva india pvt ltd taxinv/2407/301 fy24 - exp,CANVA INDIA PVT LTD,True,18%,TRUE,Software,0
TXN0001302,05-07-2024,4213.24,INR,!NEFT ZOM.ato TAXINV/2407/302F Y25 - exp,ZOM.ato,True,5%,FALSE,Meals,0
TXN0001303,05-07-2024,93710.89,INR,*AUTO-DEBIT WEWORK INDIA PVT LTD TAXINV/2407/303 FY25 - rent exp  ref 9529,WEWORK INDIA PVT LTD,True,18%,TRUE,Rent,0
TXN0001304,05-07-2024,5246.26,INR,*rtgs ube.r taxinv/2407/304 subs - exp# ref 6902,UBE.r,True,5%,FALSE,Travel,0
TXN0001305,05-07-2024,14479.5,INR,UPI KSEB INV/2407/305 GST - exp,KSEB,True,18%,TRUE,Utilities,0
TXN0001306,05-07-2024,102896.03,INR,IMPS AWF.is INV/2407/306 SUBS - exp,AWF.is,True,18%,TRUE,Rent,0
TXN0001307,06-07-2024,35173.57,INR,/ NEFT Infy INV/2407/307 Q1 - exp,Infy,True,18%,TRUE,IT Services,0
TXN0001308,06-07-2024,7896.54,INR,CARD CANVA RCPT/2407308 ADV - exp,CANVA,True,18%,TRUE,Software,0
TXN0001309,06-07-2024,46995.81,INR,imps tec.hm bill/2407/309 q1 - exp! ref 9208,TEC.hm,True,18%,TRUE,IT Services,0
TXN0001310,06-07-2024,31181.95,INR,TCS,TCS,True,18%,TRUE,IT Services,0
TXN0001311,06-07-2024,80942.65,INR,RTGS INDIQUBE RCPT/2407/311 ADV - exp,INDIQUBE,True,18%,TRUE,Rent,0
TXN0001312,06-07-2024,3932.51,INR,card staples india pvt ltd taxinv/2407/312 adv - exp,STAPLES INDIA PVT LTD,True,12%,TRUE,Office Supplies,0
TXN0001313,06-07-2024,8912.39,INR,UPI KSE.b BILL/2407/313 ADV - exp,KSE.b,True,18%,TRUE,Utilities,0
TXN0001314,06-07-2024,9196.33,INR,*IMPS MICROSOFT INDIA PVT LTD BILL/2407/314 SUBS - exp,MICROSOFT INDIA PVT LTD,True,18%,TRUE,Software,0
TXN0001315,06-07-2024,6211.8,INR,-neft adobe inv/2407/315 fy24 - software exp# ref 2117,Adobe,True,18%,TRUE,Software,0
TXN0001316,06-07-2024,39977.25,INR,/ rtgs tcs pvt ltd inv/2407/316 fy25 - exp,TCS Pvt Ltd,True,18%,TRUE,IT Services,0
TXN0001317,06-07-2024,42731.69,INR,CARD TCS INV/2407/317 Q1 - it services exp,TCS,True,18%,TRUE,IT Services,0
TXN0001318,06-07-2024,4756.49,INR,#NEFT OFFICE DEPOT INDIA PVT LTD TAXINV/2407/318 ADV - exp,OFFICE DEPOT INDIA PVT LTD,True,12%,TRUE,Office Supplies,0
TXN0001319,06-07-2024,8024.57,INR,#IMPS FIGMA INDIA PVT LTD INV/2407/319 FY24 - exp,FIGMA INDIA PVT LTD,True,18%,TRUE,Software,0
TXN0001320,06-07-2024,9407.46,INR,#RTGS STAPLES INDIA PVT LTD INV/2407/320 RENT - exp- ref 4354,STAPLES INDIA PVT LTD,True,12%,TRUE,Office Supplies,0
TXN0001321,06-07-2024,118395.17,INR,!UPI IND.iqube TAXINV/2407/321 GST - rent exp,IND.iqube,True,18%,TRUE,Rent,0
TXN0001322,07-07-2024,77492.92,INR,NEFT WEWORK INDIc PVT LTD TAXINV/2407/322 TDS - exp,WEWORK INDIA PVT LTD,True,18%,TRUE,Rent,0
TXN0001323,07-07-2024,31971.66,INR,-auto-debit techm india pvt ltd rcpt/2407/323 subs - exp / ref 6076,TECHM INDIA PVT LTD,True,18%,TRUE,IT Services,0
TXN0001324,07-07-2024,3852.67,INR,-CARD STAPLES RCPT/2407/324 FY25 - exp,STAPLES,True,12%,TRUE,Office Supplies,0
TXN0001325,07-07-2024,4576.05,INR,/ NEFT OLA Pvt Ltd INV/2407/325 TDS - exp,OLA Pvt Ltd,True,5%,FALSE,Travel,0
TXN0001326,07-07-2024,10749.81,INR,-UPI Kseb TAXINV/2407/326 ADV -utilities exp,Kseb,True,18%,TRUE,Utilities,0
TXN0001327,07-07-2024,32964.72,INR,#NEFT WIPRO Pvt Ltd RCPT/2407/327 GST - exp / ref 9912,WIPRO Pvt Ltd,True,18%,TRUE,IT Services,0
TXN0001328,07-07-2024,3790.97,INR,/ rtgs rap.ido rcpt/2407/328 gst - exp / ref 3304,RAP.ido,True,5%,FALSE,Travel,0
TXN0001329,07-07-2024,3490.56,INR,IMPS BILL/2407/329 FY5 - exp,Stamp Duty,False,exempt,FALSE,Exempt Services,0
TXN0001330,08-07-2024,28563.96,INR, ,WIP.ro,True,18%,TRUE,IT Services,0
TXN0001331,08-07-2024,10000.5,INR, nef tfig.ma inv/2407/331 q1 - software exp,FIG.ma,True,18%,TRUE,Software,0
TXN0001332,08-07-2024,3441.89,INR,!AUTO-DEBIT ZOMATO INDIA PVT LTD RCPT/2407/332 SUBS - exp* ref 1580,ZOMATO INDIA PVT LTD,True,5%,FALSE,Meals,0
TXN0001333,08-07-2024,46798.13,INR,WIPRO,WIPRO,True,18%,TRUE,IT Services,0
TXN0001334,08-07-2024,40192.68,INR,card hcl bill/2407/334 fy25 - it services exp,HCL,True,18%,TRUE,IT Services,0
TXN0001335,08-07-2024,120487.54,INR,-,AWFIS INDIA PVT LTD,True,18%,TRUE,Rent,0
TXN0001336,08-07-2024,5955.08,INR,-IMPS RAPIDO Pvt Ltd RCPT/2407/336 ADV - travel exp,RAPIDO Pvt Ltd,True,5%,FALSE,Travel,0
TXN0001337,08-07-2024,4957.23,INR,IMPS INDIA PVT LTD RCPT/2407/337 FY24 - exp# ref 2754,STAMP DUTY INDIA PVT LTD,False,exempt,FALSE,Exempt Services,0
TXN0001338,08-07-2024,7330.36,INR,auto-debit adobe taxinv/2407/338 q2 - exp,ADOBE,True,18%,TRUE,Software,0
TXN0001339,08-07-2024,6116.44,INR,rtgs dobe india pvt ltd inv/2407/339 tds - software exp,ADOBE INDIA PVT LTD,True,18%,TRUE,Software,0
TXN0001340,08-07-2024,94158.71,INR,#neft awfis taxinv/2407/340 q1  -exp,AWFIS,True,18%,TRUE,Rent,0
TXN0001341,08-07-2024,3334.25,INR,AUTO-DEBITqRAP.ido TAXINV/2407/341 Q1 - travel exp! ref 3208,RAP.ido,True,5%,FALSE,Travel,0
TXN0001342,08-07-2024,5702.37,INR,!CARD IKEA oAXINV/2407/342 TDS - exp,IKEA,True,12%,TRUE,Office Supplies,0
TXN0001343,09-07-2024,15842.93,INR,AUTO-DEBIT KSEB INDIA PVT LTD INV/2407/343 TDS - utilities exp,KSEB INDIA PVT LTD,True,18%,TRUE,Utilities,0
TXN0001344,09-07-2024,10230.71,INR,-card kseb pvt ltd bill/2407/344 tds - exp,KSEB Pvt Ltd,True,18%,TRUE,Utilities,0
TXN0001345,09-07-2024,10540.97,INR,*auto-debit bescom rcpt/2407/345 subs - exp,BESCOM,True,18%,TRUE,Utilities,0
TXN0001346,09-07-2024,25510.58,INR,UPIT ECHM TAXINV/2407/346 ADV - exp# ref 3347,TECHM,True,18%,TRUE,IT Services,0
TXN0001347,09-07-2024,42025.56,INR,HCL Pvt Ltd,HCL Pvt Ltd,True,18%,TRUE,IT Services,0
TXN0001348,09-07-2024,22978.18,INR,HCL charges,HCL,True,18%,TRUE,IT Services,0
TXN0001349,09-07-2024,14014.13,INR,n/a,KSEB Pvt Ltd,True,18%,TRUE,Utilities,0
TXN0001350,09-07-2024,15290.44,INR,CARD SIMPLILEARN INV/2407/350 Q1 - exp- ref 3199,SIMPLILEARN,True,18%,unknown,Training,0
TXN0001351,09-07-2024,71201.08,INR,!IMPS AWFIS RCPT/2407/351 GST - exp,AWFIS,True,18%,TRUE,Rent,0
TXN0001352,09-07-2024,3271.58,INR,/ RTGS RAPIDO Pvt Ltd RCPT/2407/352 ADV - exp,RAPIDO Pvt Ltd,True,5%,FALSE,Travel,0
TXN0001353,09-07-2024,4181.86,INR,UPI Office Depot TAXINV/2407/353 FY24 - exp / ref 4275,Office Depot,True,12%,TRUE,Office Supplies,0
TXN0001354,09-07-2024,106624.35,INR,auto-debit wework rcp/2407/354 subs - rent exp,Wework,True,18%,TRUE,Rent,0
TXN0001355,09-07-2024,30461.91,INR,*AUTO-DEBIT HCL INV/2407/355 FY25 - exp- ref 6698,HCL,True,18%,TRUE,IT Services,0
TXN0001356,09-07-2024,761798.32,INR,upi indiqube india pvt ltd inv/2407/356 q2 - exp,INDIQUBE INDIA PVT LTD,True,18%,TRUE,Rent,1
TXN0001357,10-07-2024,69922.28,INR,UPI Awfis INV/2407/357 - exp,Awfis,True,18%,TRUE,Rent,0
TXN0001358,10-07-2024,3193.34,INR,*UPI DOM.inos INV/2407/358 RENT - meals exp* ref 9871,DOM.inos,True,5%,FALSE,Meals,0
TXN0001359,10-07-2024,113043.86,INR,*NEFT INDIQUBE RCPT/2407/359 TDS - exp / ref 1672,INDIQUBE,True,18%,TRUE,Rent,0
TXN0001360,10-07-2024,3788.51,INR,#UPI Dominos BILL/2407/360 Q1 - exp- ref 8705,Dominos,True,5%,FALSE,Meals,0
TXN0001361,10-07-2024,31872.6,INR,auto-debit tcs india pvt ltd rcp/2407/361 q1 - exp,TCS INDIA PVT LTD,True,18%,TRUE,IT Services,0
TXN0001362,10-07-2024,10335.89,INR,RTGS Adobe RCPT/h407/362 ADV - exp,Adobe,True,18%,TRUE,Software,0
TXN0001363,10-07-2024,16982.4,INR, / neft airtel bill/2407/363 q2 - tilities exp,AIRTEL,True,18%,TRUE,Utilities,0
TXN0001364,10-07-2024,31971.39,INR,rtgs infy bill/2407/364 fy24 - exp* ref 3673,INFY,True,18%,TRUE,IT Services,0
TXN0001365,10-07-2024,42823.75,INR,AUTO-DEBIT Wipro INV/2407/365 TDS - exp! ref 8280,Wipro,True,18%,TRUE,IT Services,0
TXN0001366,10-07-2024,126303.77,INR,CARD INDIQUBE INV/2407/636 ADV - exp,INDIQUBE,True,18%,TRUE,Rent,0
TXN0001367,10-07-2024,3078.12,INR,UPI RAPIDO INDIA PVT LTD TAXINV/2407/367 RENT - ekp,RAPIDO INDIA PVT LTD,True,5%,FALSE,Travel,0
TXN0001368,10-07-2024,29691.68,INR,#AUTO-DEBIT HCL INDIA PVT LTD RCPT/2407/368 Q2 - exp,HCL INDIA PVT LTD,True,18%,TRUE,IT Services,0
TXN0001369,11-07-2024,10442.23,INR,RTGS Adobe INV/2407/69 SUBS - exp# ref 1637,Adobe,True,18%,TRUE,Software,0
TXN0001370,11-07-2024,11378.08,INR,CARD BESCOM Pvt Ltd RCPT/2407/370 GST - exp,BESCOM Pvt Ltd,True,18%,TRUE,Utilities,0
TXN0001371,11-07-2024,8217.25,INR,AUTO-DEBIT JIOFIBER Pvt Ltd RCPT/2407/371 FY24 - exp- ref 7647,JIOFIBER Pvt Ltd,True,18%,TRUE,Utilities,0
TXN0001372,11-07-2024,4201.83,INR,CARD Adobe RCPT/2407/372 FY24 - exp,Adobe,True,18%,TRUE,Software,0
TXN0001373,11-07-2024,36460.66,INR,TCS,TCS,True,18%,TRUE,IT Services,0
TXN0001374,11-07-2024,37053.67,INR,CARD Tcs INV/4207/374 Q1 - exp,Tcs,True,18%,TRUE,IT Services,0
TXN0001375,11-07-2024,2815.11,INR,!UPI ZOM.ato TAXINV/2407/375 TDS - meals exp,ZOM.ato,True,5%,FALSE,Meals,0
TXN0001376,11-07-2024,61727.1,INR,RTGS WEWORK BILL/2407/376 FY24 - exp! ref 2583,WEWORK,True,18%,TRUE,Rent,0
TXN0001377,11-07-2024,17594.5,INR,card airtel taxinv/2407/377 adv - utilities exp,AIRTEL,True,18%,unknown,Utilities,1
TXN0001378,12-07-2024,7587.9,INR,UPI AIRTEL INDIA PVT LTD INV/2407/378 GST - exp,AIRTEL INDIA PVT LTD,True,18%,TRUE,Utilities,0
TXN0001379,12-07-2024,3275.58,INR,imps kfc bill/2407/379 q2 - exp,Kfc,True,5%,FALSE,Meals,0
TXN0001380,12-07-2024,9693.82,INR,#IMPS CANVA INDIA PVT LTD RCPT/2407/380 Q1 - exp,CANVA INDIA PVT LTD,True,18%,TRUE,Software,0
TXN0001381,12-07-2024,4287.48,INR,upi ikea pvt ltd taxinv/2407/381 adv - office supplies exp,IKEA Pvt Ltd,True,12%,TRUE,Office Supplies,0
TXN0001382,12-07-2024,3727.39,INR,OFFICE DEPOT Pvt Ltd,OFFICE DEPOT Pvt Ltd,True,12%,TRUE,Office Supplies,0
TXN0001383,12-07-2024,7700.05,INR,/ auto-debit ola pvt ltd inv/2407/383 fy25 - exp,OLA Pvt Ltd,True,5%,FALSE,Travel,0
TXN0001384,12-07-2024,23335.91,INR,!AUTO-DEBIT Wipro INV/2407/384 DAV - it services exp  ref 8875,Wipro,True,18%,TRUE,IT Services,0
TXN0001385,12-07-2024,4356.89,INR,!neft rcpt/2407/385 tds - exp,GOVT FEES,False,exempt,FALSE,Exempt Services,0
TXN0001386,12-07-2024,64316.78,INR,RTGS Wework RCPT/2407/386 Q1 - exp / ref 2271,Wework,True,18%,TRUE,Rent,0
TXN0001387,12-07-2024,142748.92,INR,WEW.ork,WEW.ork,True,18%,TRUE,Rent,0
TXN0001388,12-07-2024,128848.65,INR,neft wework rcpt/2407/388 fy25 - exp,WEWORK,True,18%,TRUE,Rent,0
TXN0001389,12-07-2024,38968.18,INR,!UPI Infy TAXINV/2407/389 SUBS - exp,Infy,True,18%,TRUE,IT Services,0
TXN0001390,12-07-2024,5386.88,INR,#auto-debit uber india pvt ltd bill/2407/390 gst - exp! ref 6643,UBER INDIA PVT LTD,True,5%,FALSE,Travel,0
TXN0001391,12-07-2024,22510.32,INR,-IMPS INFY INV/2407/391 Q2 - exp ref 8h03,INFY,True,18%,TRUE,IT Services,0
TXN0001392,12-07-2024,8721.58,INR,CARD IKE.a INV/2407/392 GST - exp,IKE.a,True,12%,TRUE,Office Supplies,0
TXN0001393,13-07-2024,9705.71,INR,*upi kseb bill/2407/393 subs - exp,KSEB,True,18%,TRUE,Utilities,0
TXN0001394,13-07-2024,5947.52,INR,KFC charges,KFC,True,5%,FALSE,Meals,0
TXN0001395,13-07-2024,1723.15,INR,imps dominos taxinv/2407/395 fy24 - exp,DOMINOS,True,5%,FALSE,Meals,0
TXN0001396,13-07-2024,102073.06,INR,*upi ind.iqube inv/2407/396 gst - exp,IND.iqube,True,18%,TRUE,Rent,0
TXN0001397,13-07-2024,5148.98,INR,cMPS Ikea TAXINV/2407/397 FY24 - office supplies exp,Ikea,True,12%,TRUE,Office Supplies,0
TXN0001398,13-07-2024,36877.27,INR,-neft hcl pvtltd taxinv/2407/398 tds - exp ref 3913,HCL Pvt Ltd,True,18%,TRUE,IT Services,0
TXN0001399,13-07-2024,3844.8,INR,CARD WIGGY BILL/2407/399 TDS - exp* ref 9320,SWIGGY,True,5%,FALSE,Meals,0
TXN0001400,13-07-2024,73608.5,INR,IMPS AWF.is TAXINV/2407/400 FY24 - exp,AWF.is,True,18%,TRUE,Rent,0
TXN0001401,13-07-2024,25139.24,INR,*upi simplilearn taxinv/2407/401 tds - training exp# ref 6254,SIMPLILEARN,True,18%,unknown,Training,0
TXN0001402,13-07-2024,5960.17,INR,-imps staples india pvt ltd rcpt/2407/402 subs - exp *ref 4100,STAPLES INDIA PVT LTD,True,12%,TRUE,Office Supplies,0
TXN0001403,14-07-2024,2813.12,INR, UPI SWIGGY BILL/2407/403 FY25 - meals exp,SWIGGY,True,5%,FALSE,Meals,0
TXN0001404,14-07-2024,13492.53,INR,#card canva pvt ltd inv/2407/404 tds - exp* ref 7857,CANVA Pvt Ltd,True,18%,TRUE,Software,0
TXN0001405,14-07-2024,15732.51,INR,rtgs upgrad india pvt ltd bill/2407/405 subs - exp,UPGRAD INDIA PVT LTD,True,18%,unknown,Training,0
TXN0001406,14-07-2024,125634.39,INR,IMPS Indiqube TAXINV/2407/406 GST - exp! ref 7829,Indiqube,True,18%,TRUE,Rent,0
TXN0001407,14-07-2024,108005.89,INR,IMPS INDIQUBE TAXINV/2407/407 GST - exp,INDIQUBE,True,18%,TRUE,Rent,0
TXN0001408,14-07-2024,26093.81,INR,/ AUTO-DEBIT HCL INDIA PVT LTD BILL/2407/408 TDS - exp,HCL INDIA PVT LTD,True,18%,TRUE,IT Services,0
TXN0001409,14-07-2024,14824.06,INR,UPI RA INDIA PVT LTD RCPT/2407/409 RENT - exp,COURSERA INDIA PVT LTD,True,18%,unknown,Training,0
TXN0001410,14-07-2024,8513.69,INR,IMPS OFFICE DEPOT INV/2407/410 ADV - exp,OFFICE DEPOT,True,12%,TRUE,Office Supplies,0
TXN0001411,14-07-2024,13360.34,INR,-upi sim.plilearn bill/2407/411 tds - training exp,SIM.plilearn,True,18%,unknown,Training,0
TXN0001412,14-07-2024,8883.06,INR,IMPS ADOBE INDIA PVT LTD TAXINV/2407/412 Q2 - exp,ADOBE INDIA PVT LTD,True,18%,TRUE,Software,0
TXN0001413,14-07-2024,849735.76,INR,#RTGS AWFIS INDIA PVT LTD TAXINV/2407/413 ADV - exp,AWFIS INDIA PVT LTD,True,18%,TRUE,Rent,1
TXN0001414,14-07-2024,7333.66,INR,Office Depot charges,Office Depot,True,12%,TRUE,Office Supplies,0
TXN0001415,14-07-2024,12344.94,INR,#UPI JIOFIBER INDIA PVT LTD TAXINV/2407/415 SUBS - exp,JIOFIBER INDIA PVT LTD,True,18%,TRUE,Utilities,0
TXN0001416,14-07-2024,6179.33,INR,*auto-debit office depot rcpt/207/416 tds - exp,Office Depot,True,12%,TRUE,Office Supplies,0
TXN0001417,14-07-2024,36546.72,INR,*AUTO-DEBIT Hcl RCPT/2407/417 Q1 - exp,Hcl,True,18%,TRUE,IT Services,0
TXN0001418,15-07-2024,33207.33,INR,CsRD Wipro TAXINV/2407/418 RENT - exp# ref 1480,Wipro,True,18%,TRUE,IT Services,0
TXN0001419,15-07-2024,16594.43,INR,UPGRAD Pvt Ltd charges,UPGRAD Pvt Ltd,True,18%,unknown,Training,0
TXN0001420,15-07-2024,77147.01,INR, card awfis inv/2407/420 rent - rent exp,AWFIS,True,18%,TRUE,Rent,0
TXN0001421,15-07-2024,6556.07,INR,card uber taxinv/2407/421 tds - exp,UBER,True,12%,FALSE,Travel,1
TXN0001422,15-07-2024,27763.36,INR,!NEFT TECHM Pvt Ltd RCPT/2407/422 Q1 - it services exp,TECHM Pvt Ltd,True,18%,TRUE,IT Services,0
TXN0001423,15-07-2024,27917.75,INR, NEFT TCS Pvt Ltd INV/2407/423 ADV - it services exp,TCS Pvt Ltd,True,18%,TRUE,IT Services,0
TXN0001424,15-07-2024,74447.72,INR,!upi awfis india pvt ltd bill/2407/424 - exp,AWFIS INDIA PVT LTD,True,18%,TRUE,Rent,0
TXN0001425,15-07-2024,12077.86,INR,*RTGS JIOFIBER BILL/2407/425 Q1 - utmlities exp,JIOFIBER,True,18%,TRUE,Utilities,0
TXN0001426,15-07-2024,25411.23,INR,upi infy taxinv/2407/426 q1 - exp,Infy,True,18%,TRUE,IT Services,0
TXN0001427,15-07-2024,2131.04,INR,Zomato charges,Zomato,True,5%,FALSE,Meals,0
TXN0001428,15-07-2024,108605.72,INR,AWF.is,AWF.is,True,18%,TRUE,Rent,0
TXN0001429,15-07-2024,96430.55,INR,#AUTO-DEBIT AWFIS TAXINV/2407/429 SUBS - exp,AWFIS,True,28%,TRUE,Rent,1
TXN0001430,15-07-2024,41184.24,INR,/ imps hcl pvt ltd taxinv/2407/430 q2 - exp,HCL Pvt Ltd,True,18%,TRUE,IT Services,0
TXN0001431,15-07-2024,92782.04,INR,/ UPI INDIQUBE INDIA PVT LTD TAXINV/2407/431 TDS - exp / ref 6551,INDIQUBE INDIA PVT LTD,True,18%,TRUE,Rent,0
TXN0001432,15-07-2024,4244.66,INR,CARD OZMATO RCPT/2407/432 FY25 - exp,ZOMATO,True,5%,FALSE,Meals,0
TXN0001433,15-07-2024,60197.82,INR,UP Infy TAXINV/2407/433 Q1 - exp# ref 2378,Infy,True,18%,TRUE,IT Services,0
TXN0001434,15-07-2024,69794.47,INR,WEWORK charges,WEWORK,True,18%,TRUE,Rent,0
TXN0001435,15-07-2024,10380.94,INR,/ imps ike.a bill/2407/435 adv - exp,IKE.a,True,12%,TRUE,Office Supplies,0
TXN0001436,15-07-2024,50254.03,INR,INFY charges,INFY,True,18%,TRUE,IT Services,0
TXN0001437,15-07-2024,2859.79,INR,/ RTGS INDIGO TAXINV/2407/437 FY24 - exp,INDIGO,True,5%,FALSE,Travel,0
TXN0001438,16-07-2024,8847.66,INR,*neft ola rcpt/2407/438 q1 - exp,OLA,True,5%,FALSE,Travel,0
TXN0001439,16-07-2024,51311.53,INR,#AUTO-DEBIT INDIQUBE INDIA PVT LTD INV/2407/439 Q1 - exp,INDIQUBE INDIA PVT LTD,True,18%,TRUE,Rent,0
TXN0001440,16-07-2024,4768.94,INR,AUTO-DEBIT OLA Pvt Ltd BILL/2407/440 FY24 - exp,OLA Pvt Ltd,True,5%,FALSE,Travel,0
TXN0001441,16-07-2024,8412.47,INR,RGTS FIGMA INDIA PVT LTD RCPT/2407/441 ADV - exp,FIGMA INDIA PVT LTD,True,exempt,TRUE,Software,1
TXN0001442,16-07-2024,67968.56,INR,!rtgs uber taxinv/2407/442 q1 - exp,UBER,True,5%,FALSE,Travel,1
TXN0001443,16-07-2024,134353.91,INR,NEFT AWF.is BILL/2407/443 ADV - exp,AWF.is,True,18%,TRUE,Rent,0
TXN0001444,16-07-2024,42095.46,INR,IMPS TECHM BILL/2407/444 SUBS - exp,TECHM,True,18%,TRUE,IT Services,0
TXN0001445,16-07-2024,4693.95,INR, / NEFT Office Depot BILL/2407/445 GST - office supplies exp,Office Depot,True,12%,TRUE,Office Supplies,0
TXN0001446,16-07-2024,15156.76,INR,-RTGS AIRt.el RCPT/2407/446 FY25 - utilities exp,AIR.tel,True,18%,TRUE,Utilities,0
TXN0001447,16-07-2024,5459.34,INR,imps office depot rcpt/4207/447 q1 - exp,OFFICE DEPOT,True,12%,TRUE,Office Supplies,0
TXN0001448,16-07-2024,6945.04,INR,CARD OFFICE DEPOT Pvt Ltd RCPT/2407/448 ADV - office supplies exp,OFFICE DEPOT Pvt Ltd,True,12%,TRUE,Office Supplies,0
TXN0001449,16-07-2024,8593.07,INR,-UPI JIOFIBER Pvt Ltd TAXINV/2407/449 FY25 - exp# ref 1664,JIOFIBER Pvt Ltd,True,18%,TRUE,Utilities,0
TXN0001450,17-07-2024,127554.79,INR,#IMPS AWF.is BILL/2407/450 FY25 - exp,AWF.is,True,18%,TRUE,Rent,0
TXN0001451,17-07-2024,8750.59,INR,*CARD Adobe INV/2407/451 TDS - exp,Adobe,True,18%,TRUE,Software,0
TXN0001452,17-07-2024,68551.73,INR,!IMPS INDIQUBE INDIA PVT LTD BILL/2407/452 TDS - exp,INDIQUBE INDIA PVT LTD,True,18%,TRUE,Rent,0
TXN0001453,17-07-2024,10110.91,INR,card kseb pvt ltd bill/2407/453 q2 - exp,KSEB Pvt Ltd,True,18%,TRUE,Utilities,0
TXN0001454,17-07-2024,595262.48,INR,UPI WEWORK INDIA PVT LTD RCPT/2407/454 Q1 - exp,WEWORK INDIA PVT LTD,True,18%,TRUE,Rent,1
TXN0001455,17-07-2024,90822.96,INR,n/a,INDIQUBE,True,18%,TRUE,Rent,0
TXN0001456,17-07-2024,20208.09,INR,NEFT Airtel INV/2407/456 GST - exp ref 4944,Airtel,True,18%,TRUE,Utilities,0
TXN0001457,17-07-2024,14813.29,INR,auto-debit airtel pvt ltd inv/2407/457 fy25 - exp# ref 8503,AIRTEL Pvt Ltd,True,18%,unknown,Utilities,1
TXN0001458,17-07-2024,10642.26,INR,auto-debit airtel pvt ltd inv/2407/458efy25 - exp,AIRTEL Pvt Ltd,True,18%,TRUE,Utilities,0
TXN0001459,17-07-2024,10734.23,INR,imps kseb vt ltd inv/2407/459 rent - exp,KSEB Pvt Ltd,True,18%,TRUE,Utilities,0
TXN0001460,17-07-2024,23422.71,INR,#upi wipro inv/2407/460 q1 - exp,Wipro,True,18%,TRUE,IT Services,0
TXN0001461,18-07-2024,30208.46,INR,NEFT WIPRO RCPT/2407/461 FY25 - exp# ref 720,WIPRO,True,18%,TRUE,IT Services,0
TXN0001462,18-07-2024,22245.06,INR,IMPS TCS RCPT/2407/462 TDS - exp,TCS,True,18%,TRUE,IT Services,0
TXN0001463,18-07-2024,9481.89,INR,UPI ADOBE INDIA PVT LTD RCPT/2407/463 SUBS - exp- ref 2018,ADOBE INDIA PVT LTD,True,18%,TRUE,Software,0
TXN0001464,18-07-2024,80937.5,INR,IMPS INDIQUBE INV/2407/464 GST -exp,INDIQUBE,True,18%,TRUE,Rent,0
TXN0001465,18-07-2024,51273.0,INR,INFY charges,INFY,True,18%,TRUE,IT Services,0
TXN0001466,18-07-2024,22975.42,INR,#IMPS Simplilearn BILL/2407/466 Q1 - exp,Simplilearn,True,18%,unknown,Training,0
TXN0001467,18-07-2024,30348.1,INR,imps infy india pvt ltd bill/2407/467 tds - it services exp# ref u325,INFY INDIA PVT LTD,True,18%,TRUE,IT Services,0
TXN0001468,18-07-2024,11460.08,INR,neft bes.com taxinv/2407/468 q1 - exp,BES.com,True,18%,TRUE,Utilities,0
TXN0001469,18-07-2024,29183.03,INR,#UPI Tcs INV/2407/469 ADV - it services exp,Tcs,True,18%,TRUE,IT Services,0
TXN0001470,18-07-2024,10989.3,INR,#UPI Figma BILL/2407/470 ADV - software exp,Figma,True,18%,TRUE,Software,0
TXN0001471,18-07-2024,32601.59,INR,/ IMPS TCS RCPT/2407/471 ADV - exp,TCS,True,18%,TRUE,IT Services,0
TXN0001472,18-07-2024,18136.08,INR,Hcl,Hcl,True,28%,TRUE,IT Services,1
TXN0001473,19-07-2024,20626.58,INR, NEFT HCL RCPT/2407/473 FY24 - it services exp,HCL,True,18%,TRUE,IT Services,0
TXN0001474,19-07-2024,96655.55,INR,-NEFT Wework INV/2407/474 FY25 - exp,Wework,True,18%,TRUE,Rent,0
TXN0001475,19-07-2024,7529.15,INR,-upi ikea rcpt/2407/475 q2 - exp,IKEA,True,12%,TRUE,Office Supplies,0
TXN0001476,19-07-2024,7511.99,INR,IMPS CANVA BILL/2407/476 FY25 - exp,CANVA,True,18%,TRUE,Software,0
TXN0001477,19-07-2024,97069.93,INR,neft indiqube india pvt ltd taxinv/2407/477 adv - rent exp,INDIQUBE INDIA PVT LTD,True,18%,TRUE,Rent,0
TXN0001478,19-07-2024,25951.13,INR,NEFT SIMPLILEARN INDIA PVT LTD INV/2407/478 RENT - exp ref 4758,SIMPLILEARN INDIA PVT LTD,True,18%,unknown,Training,0
TXN0001479,19-07-2024,2977.55,INR,!auto-debit kfc bill/2407/479 subs - exp,KFC,True,5%,FALSE,Meals,0
TXN0001480,19-07-2024,4147.74,INR,CARD INDIGO Pvt Ltd BILL/2407/480 RENT - travel exp /  ref 8406,INDIGO Pvt Ltd,True,5%,FALSE,Travel,0
TXN0001481,19-07-2024,12514.09,INR,CARD CANVA INV/2407/481 Q1 - exp,CANVA,True,18%,TRUE,Software,0
TXN0001482,19-07-2024,5546.34,INR,CAN.va,CAN.va,True,18%,TRUE,Software,0
TXN0001483,19-07-2024,63743.07,INR,IMPS Tcs INV/2407/483 TDS - exp,Tcs,True,18%,TRUE,IT Services,0
TXN0001484,19-07-2024,14375.73,INR,UPI STAPLES INV/2407/484 SUBS - exp,STAPLES,True,12%,TRUE,Office Supplies,0
TXN0001485,19-07-2024,10877.69,INR,CARD BESCOM INV/2407/485 TDS - utilities exp,BESCOM,True,18%,TRUE,Utilities,0
TXN0001486,19-07-2024,40641.95,INR,*IMPS TECHM INDIA PVT LTD TAXINV/2407/486 Q1 - exp,TECHM INDIA PVT LTD,True,18%,TRUE,IT Services,0
TXN0001487,19-07-2024,7676.51,INR,imps sta.ples rcpt/2407/487 ubs - exp,STA.ples,True,12%,TRUE,Office Supplies,0
TXN0001488,19-07-2024,14769.12,INR,!UP KSEB Pvt Ltd RCPT/2407/488 TDS - utilities exp,KSEB Pvt Ltd,True,18%,TRUE,Utilities,0
TXN0001489,20-07-2024,14364.27,INR,UPI COU.rsera TAXINV/2407/489 FY24 - exp,COU.rsera,True,18%,unknown,Training,0
TXN0001490,20-07-2024,33175.27,INR,CARD WIP.ro RCPT/2407/490 ADV - it services exp,WIP.ro,True,18%,TRUE,IT Services,0
TXN0001491,20-07-2024,9410.23,INR,/ upi bescom rcpt/2407/491 fy24 - exp,BESCOM,True,18%,TRUE,Utilities,0
TXN0001492,20-07-2024,24060.96,INR,rtgs wipro bill/2407/492 rent - exp* ref 5744,WIPRO,True,18%,TRUE,IT Services,0
TXN0001493,20-07-2024,81901.09,INR,Wework charges,Wework,True,18%,TRUE,Rent,0
TXN0001494,20-07-2024,77051.11,INR,#upi awfis bill/2407/494 q1 - exp / ref 7222,Awfis,True,18%,TRUE,Rent,0
TXN0001495,20-07-2024,5885.2,INR,neft staples inv/2407/495 tds - exp,STAPLES,True,12%,TRUE,Office Supplies,0
TXN0001496,20-07-2024,4842.24,INR,*upi staples inv/2407/496 tds - exp,STAPLES,True,12%,TRUE,Office Supplies,0
TXN0001497,20-07-2024,94831.65,INR,rtgs wework india pvt ltd bill/2407/497 gst - exp,WEWORK INDIA PVT LTD,True,18%,TRUE,Rent,0
TXN0001498,21-07-2024,27970.45,INR,upi inf.y inv/2407/498 fy24 - exp,INF.y,True,18%,TRUE,IT Services,0
TXN0001499,21-07-2024,10301.7,INR, / auto-debit kseb india pvt ltd taxinv/24n7/499 tds - utilities exp,KSEB INDIA PVT LTD,True,18%,TRUE,Utilities,0
TXN0001500,21-07-2024,68946.86,INR,IMPS INDIQUBE Pvt Ltd TAXINV/240z/500 Q1 - exp,INDIQUBE Pvt Ltd,True,18%,TRUE,Rent,0
TXN0001501,21-07-2024,5350.47,INR,*card staples bill/2407/501 q2 - exp,STAPLES,True,12%,TRUE,Office Supplies,0
TXN0001502,21-07-2024,82658.59,INR,card wew.ork taxinv/2407/502 subs - exp,WEW.ork,True,18%,TRUE,Rent,0
TXN0001503,21-07-2024,84745.22,INR,/ RTGS WEWORK Pvt Ltd RCPT/2407/503 ADV - exp,WEWORK Pvt Ltd,True,18%,TRUE,Rent,0
TXN0001504,21-07-2024,18615.8,INR,IMPS JIOFIBER INDIA PVT LTD RCPT/2407/504 ADV - exp! ref 2806,JIOFIBER INDIA PVT LTD,True,18%,TRUE,Utilities,0
TXN0001505,21-07-2024,41438.87,INR,AUTO-DEBIT Tcs TAXINV/2407/505 TDS - exp ref 3687,Tcs,True,18%,TRUE,IT Services,0
TXN0001506,21-07-2024,6742.02,INR,!IMPS MICROSOFT Pvt Ltd BILL/2407/506 Q2 - software exp,MICROSOFT Pvt Ltd,True,18%,TRUE,Software,0
TXN0001507,21-07-2024,43431.97,INR, ,TECHM Pvt Ltd,True,18%,TRUE,IT Services,0
TXN0001508,21-07-2024,67729.53,INR, CARD WEW.ork INV/2407/508 TDS - rent exp,WEW.ork,True,18%,TRUE,Rent,0
TXN0001509,21-07-2024,26479.89,INR,*neft wip.ro rcpt/2407/509 fy24 - exp,WIP.ro,True,18%,TRUE,IT Services,0
TXN0001510,21-07-2024,7899.58,INR,/ imps ado.be rcpt/2407/510 fy25 - exp,ADO.be,True,18%,TRUE,Software,0
TXN0001511,21-07-2024,18364.81,INR,COU.rsera charges,COU.rsera,True,18%,unknown,Training,0
TXN0001512,21-07-2024,11042.67,INR,neft ra india pvt ltd inv/2407/512 fy25 - exp* ref 2878,COURSERA INDIA PVT LTD,True,18%,unknown,Training,0
TXN0001513,22-07-2024,42276.25,INR,NEFT INFY Pvt Ltd RCPT/2407/513 Q1 - exp,INFY Pvt Ltd,True,18%,TRUE,IT Services,0
TXN0001514,22-07-2024,200307.2,INR,neft techm bill/2407/514 q1 - exp,TECHM,True,18%,TRUE,IT Services,1
TXN0001515,22-07-2024,96540.83,INR,UPI INDIQUBE Pvt Ltd BILL/2407/5v5 Q2 - exp,INDIQUBE Pvt Ltd,True,18%,TRUE,Rent,0
TXN0001516,22-07-2024,7563.82,INR,rtgs figma india pvt ltd bill/2407/516 adv - exp,FIGMA INDIA PVT LTD,True,18%,TRUE,Software,0
TXN0001517,22-07-2024,6369.15,INR,MICROSOFT charges,MICROSOFT,True,18%,TRUE,Software,0
TXN0001518,22-07-2024,33779.08,INR,#NEFT INFY tvt Ltd BILL/2407/518 TDS - exp,INFY Pvt Ltd,True,18%,TRUE,IT Services,0
TXN0001519,22-07-2024,9437.8,INR,AUTO-DEBIT CANVA INDIA PVT LTD TAXINV/2407/519 RENT - exp# ref 9252,CANVA INDIA PVT LTD,True,18%,TRUE,Software,0
TXN0001520,22-07-2024,6178.54,INR,na,Staples,True,12%,TRUE,Office Supplies,0
TXN0001521,22-07-2024,6085.22,INR,OLA Pvt Ltd charges,OLA Pvt Ltd,True,5%,FALSE,Travel,0
TXN0001522,22-07-2024,5859.01,INR,pPI STAPLES INDIA PVT LTD BILL/2407/522 FY24 - exU,STAPLES INDIA PVT LTD,True,12%,TRUE,Office Supplies,0
TXN0001523,23-07-2024,5872.35,INR,AUTO-DEBIT STAMP DUTY INV/2407/523 SUBS - exempt services exp- ref 1766,STAMP DUTY,False,exempt,unknown,Exempt Services,1
TXN0001524,23-07-2024,2613.3,INR,-neft swiggy rcpt/2407/524 q2 - exp,SWIGGY,True,5%,FALSE,Meals,0
TXN0001525,23-07-2024,9850.0,INR,UPI ADO.be RCPT/2407/525 Q2 - exp,ADO.be,True,18%,TRUE,Software,0
TXN0001526,23-07-2024,8210.52,INR,IePS STAPLES TAXINV/2407/526 Q1 - exp ref 8491,STAPLES,True,12%,TRUE,Office Supplies,0
TXN0001527,23-07-2024,4034.42,INR,upi ike.a inv/2407/527 q1 - exp# ref 6254,IKE.a,True,12%,TRUE,Office Supplies,0
TXN0001528,23-07-2024,4235.55,INR,upi india pvt ltd rpt/2407/528 q2 - exp / ref 1843,GOVT FEES INDIA PVT LTD,False,exempt,FALSE,Exempt Services,0
TXN0001529,23-07-2024,4717.06,INR,upi zomato india pvt ltd bill/2407/529 tds - meals exp,ZOMATO INDIA PVT LTD,True,5%,FALSE,Meals,0
TXN0001530,23-07-2024,12132.15,INR,auto-debit kse.b inv/2407/530 fy24 - exp,KSE.b,True,18%,TRUE,Utilities,0
TXN0001531,23-07-2024,9708.87,INR,upi fig.ma rcpt/2407/531 gst - exp,FIG.ma,True,18%,TRUE,Software,0
TXN0001532,23-07-2024,40701.89,INR,INF.y,INF.y,True,18%,TRUE,IT Services,0
TXN0001533,23-07-2024,8629.06,INR,upi adobe india pvt ltd inv/2407/533 adv - exp,ADOBE INDIA PVT LTD,True,18%,TRUE,Software,0
TXN0001534,23-07-2024,3926.74,INR,NEFT KFC INV/4207/534 FY25 - meals exp,KFC,True,5%,FALSE,Meals,0
TXN0001535,24-07-2024,2120.7,INR,,DOMINOS,True,5%,FALSE,Meals,0
TXN0001536,24-07-2024,10709.68,INR,/ upi airtel india pvt ltd taxinv/2407/536 adv - exp,AIRTEL INDIA PVT LTD,True,18%,TRUE,Utilities,0
TXN0001537,24-07-2024,4958.16,INR,STAPLES INDIA PVT LTD,STAPLES INDIA PVT LTD,True,12%,TRUE,Office Supplies,0
TXN0001538,24-07-2024,64726.3,INR,Indiqube,Indiqube,True,18%,TRUE,Rent,0
TXN0001539,24-07-2024,30019.9,INR,IMPS RA Pvt Ltd RCPT/2407/539 Q2 - exp# ref 3340,COURSERA Pvt Ltd,True,18%,unknown,Training,0
TXN0001540,24-07-2024,35829.63,INR,upi infy pvt ltd taxinv/2407/540 subs - exp,INFY Pvt Ltd,True,18%,TRUE,IT Services,0
TXN0001541,24-07-2024,5211.79,INR,NEFT OFFICE DEPOT TAXINV/2407/541 ADV - office supplips exp,OFFICE DEPOT,True,12%,TRUE,Office Supplies,0
TXN0001542,24-07-2024,9556.92,INR,pARD KSEB Pvt Ltd BILL/2407/542 Q2 - exC,KSEB Pvt Ltd,True,18%,TRUE,Utilities,0
TXN0001543,24-07-2024,73487.59,INR,UPI AWFIS INDIA PVT LTD TAXINV/2407/543 RENT - rent exp /  ref 1433,AWFIS INDIA PVT LTD,True,18%,TRUE,Rent,0
TXN0001544,24-07-2024,23589.36,INR,CARD Infy TAXINV/24075/44 SUBS - exp,Infy,True,18%,TRUE,IT Services,0
TXN0001545,24-07-2024,51560.29,INR,-neft hcl bill/2407/545 gst - exp,Hcl,True,18%,TRUE,IT Services,0
TXN0001546,24-07-2024,6749.94,INR,-AUTO-DEBIT OFFICE DEPOT TAXINV/2407/546 ADV - exp,OFFICE DEPOT,True,12%,TRUE,Office Supplies,0
TXN0001547,24-07-2024,73565.12,INR,!auto-debit airtel india pvt ltd inv/2407/547 fy25 - exp! ref 3888,AIRTEL INDIA PVT LTD,True,18%,TRUE,Utilities,1
TXN0001548,24-07-2024,13973.77,INR,CARD AIRTEL INDIA PVT LTD RCPT/2407/548 SUBS - exp,AIRTEL INDIA PVT LTD,True,18%,TRUE,Utilities,0
TXN0001549,25-07-2024,9705.4,INR,#card kseb inda pvt ltd bill/2407/549 fy25 - exp,KSEB INDIA PVT LTD,True,18%,TRUE,Utilities,0
TXN0001550,25-07-2024,7329.92,INR,CARD STAPLES INDIA PVT LTD INV/2407/550 GST - exp,STAPLES INDIA PVT LTD,True,12%,TRUE,Office Supplies,0
TXN0001551,25-07-2024,8510.63,INR,IKEA,IKEA,True,12%,TRUE,Office Supplies,0
TXN0001552,25-07-2024,5523.41,INR,RTGS OFFICE DEPOT Pvt Ltd BILL/2407/552 Q2 - office supplies exp,OFFICE DEPOT Pvt Ltd,True,12%,TRUE,Office Supplies,0
TXN0001553,25-07-2024,5113.02,INR,#RTGS BILL/2407/553 Q1 - exp* ef 5698,STAMP DUTY,False,exempt,FALSE,Exempt Services,0
TXN0001554,25-07-2024,14970.12,INR,/ auto-debit bescom pvt ltd inv/2407/554 rent - exp ref 7230,BESCOM Pvt Ltd,True,18%,TRUE,Utilities,0
TXN0001555,25-07-2024,79650.3,INR,-UPI AWF.is RCPT/240/7555 TDS - exp,AWF.is,True,28%,TRUE,Rent,1
TXN0001556,25-07-2024,14839.9,INR,#AUTO-DEBIT JIOFIBER INDIA PVT LTD RCPT/2407/556 TDS - exp,JIOFIBER INDIA PVT LTD,True,18%,TRUE,Utilities,0
TXN0001557,25-07-2024,5033.86,INR,CARD AIRTEL INDIA PVT LTD BILL/2407/557 RENT - exp,AIRTEL INDIA PVT LTD,True,18%,TRUE,Utilities,0
TXN0001558,25-07-2024,1905.07,INR,n/a,ZOMATO,True,5%,FALSE,Meals,0
TXN0001559,25-07-2024,12025.63,INR,-upi jiofber inv/2407/559 adv - exp,JIOFIBER,True,18%,TRUE,Utilities,0
TXN0001560,25-07-2024,2135.18,INR,AUTO-DEBIT ZOMATO INDIA PVT LTD RCPT/2407/560 RENT - exp,ZOMATO INDIA PVT LTD,True,5%,FALSE,Meals,0
TXN0001561,26-07-2024,16485.85,INR,!CARD KSEB qNV/2407/561 GST - exp# ref 1826,KSEB,True,18%,TRUE,Utilities,0
TXN0001562,26-07-2024,8350.96,INR, / neft canva bill/2407/562t ds - software exp,CANVA,True,18%,TRUE,Software,0
TXN0001563,26-07-2024,56348.84,INR,#upi wework rcpt/2407/563 subs - exp,Wework,True,18%,TRUE,Rent,0
TXN0001564,26-07-2024,7428.03,INR,upi mfcrosoft inv/2407/564 fy24 - exp,MICROSOFT,True,18%,TRUE,Software,0
TXN0001565,26-07-2024,4159.98,INR,imps staples rcpt/2407/565 fy25 - exp,Staples,True,12%,TRUE,Office Supplies,0
TXN0001566,26-07-2024,9030.85,INR,#NEFT CANVA Pvt Ltd RCPT/2407/566 Q1 - exp,CANVA Pvt Ltd,True,18%,TRUE,Software,0
TXN0001567,26-07-2024,17573.18,INR,upi simplilearn india pvt ltd rcpt/2047/567 fy24 - exp! ref 4599,SIMPLILEARN INDIA PVT LTD,True,18%,unknown,Training,0
TXN0001568,26-07-2024,4797.1,INR,OFFICE DEPOT charges,OFFICE DEPOT,True,12%,TRUE,Office Supplies,0
TXN0001569,26-07-2024,6116.48,INR,auto-debit uber pvt ltd taxinv/2407/569 rent - exp,UBER Pvt Ltd,True,5%,FALSE,Travel,0
TXN0001570,26-07-2024,129441.0,INR,#IMPS AWFIS BILL/2407/570 SUBS - exp,AWFIS,True,18%,TRUE,Rent,1
TXN0001571,26-07-2024,19717.09,INR,IMPS AIR.tel TAXINV/2407/571 SUBS - exp,AIR.tel,True,18%,TRUE,Utilities,0
TXN0001572,26-07-2024,10064.28,INR,#imps jiofiber inv/2407/572 fy25 - exp ref 1953,JIOFIBER,True,18%,TRUE,Utilities,0
TXN0001573,26-07-2024,11917.76,INR,Staples charges,Staples,True,12%,TRUE,Office Supplies,0
TXN0001574,26-07-2024,14597.75,INR,NEFT KSEB INV/2407/5p4 FY24 - exp- ref 7316,KSEB,True,18%,TRUE,Utilities,0
TXN0001575,27-07-2024,14602.64,INR,/ neft simplilearn inv/2407/575 fy24 - exp,Simplilearn,True,18%,unknown,Training,0
TXN0001576,27-07-2024,70493.04,INR,upi awfis india pvt ltd taxinv/2407/576 fy25 - exp,AWFIS INDIA PVT LTD,True,28%,TRUE,Rent,1
TXN0001577,27-07-2024,5992.96,INR,AUTO-DEBIT UBER BILL/2470/577 FY24 - exp,UBER,True,5%,FALSE,Travel,0
TXN0001578,27-07-2024,71832.09,INR,AUTO-DEBIT Indiqube INV/2407/578 Q1 - exp,Indiqube,True,18%,TRUE,Rent,0
TXN0001579,27-07-2024,3828.53,INR,neft zomato rcpt/2407/579 q1 - exp,ZOMATO,True,5%,FALSE,Meals,0
TXN0001580,27-07-2024,3073.2,INR,/ RTGS ZOMAqO INV/2407/580 GST - exp! ref 8357,ZOMATO,True,5%,FALSE,Meals,0
TXN0001581,27-07-2024,27281.7,INR,CARD INFY Pvt Ltd INV/2407/581 Q2 - exp! ref 8049,INFY Pvt Ltd,True,18%,TRUE,IT Services,0
TXN0001582,27-07-2024,69948.67,INR,*UPI Wework INV/2407/582 RENT - rent exp,Wework,True,18%,TRUE,Rent,0
TXN0001583,27-07-2024,7482.09,INR,neft canva pvt ltd taxinv/2407/583 gst - exp ref 2058,CANVA Pvt Ltd,True,18%,TRUE,Software,0
TXN0001584,28-07-2024,5313.87,INR,CARD Rapido INV/2407/584 Q2 - exp,Rapido,True,exempt,FALSE,Travel,1
TXN0001585,28-07-2024,116401.85,INR,WEWORK charges,WEWORK,True,18%,TRUE,Rent,0
TXN0001586,28-07-2024,9154.35,INR,AUTO-DEBIT AIR.tel INV/2407/586 Q1 - exp# ref 2399,AIR.tel,True,18%,TRUE,Utilities,0
TXN0001587,28-07-2024,101423.15,INR,*card wework inv/2407/587 fy24 - exp,WEWORK,True,18%,TRUE,Rent,0
TXN0001588,28-07-2024,9788.69,INR,UPI Jiofiber TAXINV/2407/588 FY25 - exp,Jiofiber,True,18%,TRUE,Utilities,0
TXN0001589,28-07-2024,54485.74,INR,HCL Pvt Ltd,HCL Pvt Ltd,True,18%,TRUE,IT Services,0
TXN0001590,28-07-2024,13882.61,INR,!AUTO-DEBIT BES.com INV/2407/590 Q1 - exp- ref 2722,BES.com,True,18%,TRUE,Utilities,0
TXN0001591,28-07-2024,4352.61,INR,rtgs uber inv/2407/591 tds - exp,UBER,True,5%,FALSE,Travel,0
TXN0001592,28-07-2024,7123.5,INR,#neft office depot taxinv/2407/592 tds - office supplies exp,Office Depot,True,12%,TRUE,Office Supplies,0
TXN0001593,28-07-2024,18430.93,INR,card ra india pvt ltd rcpt/2407/593 tds - exp,COURSERA INDIA PVT LTD,True,18%,unknown,Training,0
TXN0001594,28-07-2024,39423.96,INR,card hcl bill/2407/594 tds - exp / ref 1745,HCL,True,18%,TRUE,IT Services,0
TXN0001595,28-07-2024,29928.35,INR,*AUTO-DEBIT SIM.plilearn BILL/2407/595 GST - exp,SIM.plilearn,True,18%,unknown,Training,0
TXN0001596,28-07-2024,25657.63,INR,CARD TEC.hm RCPT/2407/596 TDS q exp,TEC.hm,True,18%,TRUE,IT Services,0
TXN0001597,28-07-2024,10571.54,INR,RTGS IGMA Pvt Ltd RCPT/2407/597 Q1 - software exp! ref 2996,FIGMA Pvt Ltd,True,18%,TRUE,Software,0
TXN0001598,28-07-2024,11709.46,INR,IMPS KSEB INV/2407/598 Q1 - exp,KSEB,True,18%,TRUE,Utilities,0
TXN0001599,29-07-2024,3312.74,INR,IKEA Pvt Ltd charges,IKEA Pvt Ltd,True,12%,TRUE,Office Supplies,0
TXN0001600,29-07-2024,11986.73,INR,rtgs figma pvt ltd rcpt/2407/600 subs - software exp,FIGMA Pvt Ltd,True,18%,TRUE,Software,0
TXN0001601,29-07-2024,11571.89,INR,/ rtgs bescom bill/2407/601 fy24c- exp,Bescom,True,18%,TRUE,Utilities,0
TXN0001602,29-07-2024,58623.24,INR,/ AUTO-DEBIT Indiqube TAXINV/2407/602 ADV - exp,Indiqube,True,18%,TRUE,Rent,0
TXN0001603,29-07-2024,9858.37,INR, ,IKEA Pvt Ltd,True,12%,TRUE,Office Supplies,0
TXN0001604,29-07-2024,2825.6,INR,NEFT ZOMATO BILL/2407/604 FY24 - meals exp,ZOMATO,True,5%,FALSE,Meals,0
TXN0001605,29-07-2024,12824.87,INR,AUTO-DEBIT Bescom TAXINV/2407/605 SUBS - exp,Bescom,True,18%,TRUE,Utilities,0
TXN0001606,29-07-2024,1762.79,INR,UPI DOMINOS TAXINV/2407/606 RENT - exp,DOMINOS,True,5%,FALSE,Meals,0
TXN0001607,29-07-2024,4922.1,INR,UPI INDIGO Pvt Ltd BILL/2407/607 ADV - exp,INDIGO Pvt Ltd,True,5%,FALSE,Travel,0
TXN0001608,29-07-2024,31474.56,INR,IMPS HCL Pvt Ltd BILL/2407/608 Q2 - exp /r ef 9215,HCL Pvt Ltd,True,18%,TRUE,IT Services,0
TXN0001609,29-07-2024,10230.71,INR,#NEFT UBER BILL/2407/609 ADV - exp,UBER,True,5%,FALSE,Travel,0
TXN0001610,29-07-2024,35045.71,INR,upi wipro india pvt ltd rcpt/2407/610 gst - exp,WIPRO INDIA PVT LTD,True,18%,TRUE,IT Services,0
TXN0001611,30-07-2024,2983.46,INR,NEFT RAPIDO Pvt Ltd RCPT/2407/611 TDS - exp / ref 3192,RAPIDO Pvt Ltd,True,5%,FALSE,Travel,0
TXN0001612,30-07-2024,93469.79,INR,UPI WEW.ork BILL/2407/612 GST - exp! ref 700,WEW.ork,True,18%,TRUE,Rent,0
TXN0001613,30-07-2024,6352.97,INR,rtgs swiggy taxinv/240/613 q1 - meals exp,Swiggy,True,5%,FALSE,Meals,0
TXN0001614,30-07-2024,6911.59,INR,UPI MICROSOFT TAXINV/2407/614 SUBS - exp- ref 4811,MICROSOFT,True,18%,TRUE,Software,0
TXN0001615,30-07-2024,53543.6,INR,#UPI INDIQUBE INDIA PVT LTD TAXINV/2407/615 - exp- ref 2597,INDIQUBE INDIA PVT LTD,True,18%,TRUE,Rent,0
TXN0001616,30-07-2024,6114.34,INR,#imps staples pvt ltd inv/2407/616 tds - exp- ref 4209,STAPLES Pvt Ltd,True,12%,TRUE,Office Supplies,0
TXN0001617,30-07-2024,4439.86,INR,imps rapido india pvt ltd rcpt/2407/617 gst - exp,RAPIDO INDIA PVT LTD,True,5%,FALSE,Travel,0
TXN0001618,30-07-2024,7620.13,INR,card sta.ples rcpt/2407/618 q2 - office supplies exp,STA.ples,True,12%,TRUE,Office Supplies,0
TXN0001619,30-07-2024,2879.19,INR,-imps india pvt lcd bill/2407/619 gst - exp,ROC FEES INDIA PVT LTD,False,exempt,FALSE,Exempt Services,0
TXN0001620,30-07-2024,8584.61,INR,!upi canva pvt ltd taxinv/2407/620 fy24 - exp* ref 2825,CANVA Pvt Ltd,True,18%,TRUE,Software,0
TXN0001621,30-07-2024,9719.85,INR,neft kseb india pvt ltd bill/2407/621 subs - exp,KSEB INDIA PVT LTD,True,18%,TRUE,Utilities,0
TXN0001622,31-07-2024,35425.36,INR,CARD IKEA INV/2407/622 SUBS - office supplies exp  ref 964t,IKEA,True,12%,TRUE,Office Supplies,1
TXN0001623,31-07-2024,31689.35,INR,CARD Techm RCPT/2407/623 GST - exp,Techm,True,18%,TRUE,IT Services,0
TXN0001624,31-07-2024,55275.1,INR,card wework inv/2407/624 q2 - exp,Wework,True,18%,TRUE,Rent,0
TXN0001625,31-07-2024,6333.53,INR,CARD STA.ples TAXINV/2s07/625 Q2 - exp,STA.ples,True,12%,TRUE,Office Supplies,0
TXN0001626,31-07-2024,14537.02,INR,card kseb pvt ltd inv/207/626 subs - utilities exp,KSEB Pvt Ltd,True,18%,TRUE,Utilities,0
TXN0001627,31-07-2024,121328.98,INR,na,AWFIS,True,18%,TRUE,Rent,0
TXN0001628,31-07-2024,74163.2,INR,RTGS AWFIS BILL/2407/628 2Q - exp! ref 5845,AWFIS,True,18%,TRUE,Rent,0
TXN0001629,31-07-2024,9785.65,INR,OFFICE DEPOT Pvt Ltd,OFFICE DEPOT Pvt Ltd,True,12%,TRUE,Office Supplies,0
TXN0001630,31-07-2024,36926.2,INR,RTGS TCS INV/2407/630 Q1 - it services exp- ref 2839,TCS,True,18%,TRUE,IT Services,0
TXN0001631,31-07-2024,7643.34,INR,UPI ADOBE INDIA PVT LTD RCPT/2407/631 SUBS - exp# ref 3287,ADOBE INDIA PVT LTD,True,18%,TRUE,Software,0
TXN0001632,31-07-2024,62831.46,INR,auto-debit tcs bill/2407/632 q2 - exp,TCS,True,18%,TRUE,IT Services,0
TXN0001633,31-07-2024,42997.44,INR,NEFT HCL TAXINV/2407/633 FY24 - exp,HCL,True,18%,TRUE,IT Services,0
TXN0001634,31-07-2024,6823.02,INR,OFFICE DEPOT,OFFICE DEPOT,True,12%,TRUE,Office Supplies,0
TXN0001635,31-07-2024,5670.51,INR,*RTGS STAPLES Pvt Ltd TAXINV/2407/635 RENT - office supplies exp,STAPLES Pvt Ltd,True,12%,TRUE,Office Supplies,0
TXN0001636,31-07-2024,4829.83,INR,-,KFC INDIA PVT LTD,True,exempt,FALSE,Meals,1
TXN0001637,01-08-2024,50157.31,INR,#imps infy pvt ltd taxinv/2408/637 q1 - exp,INFY Pvt Ltd,True,18%,TRUE,IT Services,0
TXN0001638,01-08-2024,46848.92,INR,AUTO-DEBIT HCL INV/2408/638 ADV - exp,HCL,True,18%,TRUE,IT Services,0
TXN0001639,01-08-2024,11154.47,INR,-card staples pvt ltd taxinv/2408/639 tds - exp,STAPLES Pvt Ltd,True,12%,TRUE,Office Supplies,0
TXN0001640,01-08-2024,4230.77,INR,!neft zomato taxinv/2408/640 q1 - exp / ref 7825,ZOMATO,True,5%,FALSE,Meals,0
TXN0001641,01-08-2024,3891.93,INR,na,GOVT FEES,False,exempt,FALSE,Exempt Services,0
TXN0001642,01-08-2024,9757.52,INR,JIOFIBER,JIOFIBER,True,18%,TRUE,Utilities,0
TXN0001643,01-08-2024,30624.98,INR,card tcs india pvt ltd taxinv/2408/643 q1 - exp,TCS INDIA PVT LTD,True,18%,TRUE,IT Services,0
TXN0001644,01-08-2024,43387.9,INR,AUTO-DEBIT WIP.ro INV/2408/644 SUBS - exp / ref 7305,WIP.ro,True,18%,TRUE,IT Services,0
TXN0001645,01-08-2024,8092.27,INR,/ NEFT UBER RCPT/2408/645 TDS - exp,UBER,True,5%,FALSE,Travel,0
TXN0001646,01-08-2024,33733.58,INR,na,INF.y,True,18%,TRUE,IT Services,0
TXN0001647,01-08-2024,3637.21,INR,*neft office depot rcpt/2408/647 fy25 - exp,OFFICE DEPOT,True,12%,TRUE,Office Supplies,0
TXN0001648,01-08-2024,21780.54,INR, / imps coursera pvt ltd bill/2408/648 adv-  training exp,COURSERA Pvt Ltd,True,18%,unknown,Training,0
TXN0001649,01-08-2024,109125.22,INR,n/a,AWF.is,True,18%,TRUE,Rent,0
TXN0001650,01-08-2024,7612.06,INR,CARD Ikea BILL/2408/650 SUBS - exp,Ikea,True,12%,TRUE,Office Supplies,0
TXN0001651,01-08-2024,11912.01,INR,AUTO-DEBIT KSEB INV/2408/651 FY24 - utilities exp,KSEB,True,18%,TRUE,Utilities,0
TXN0001652,01-08-2024,98178.48,INR,!IMPS Wework RCPT/2408/652 ADV - exp,Wework,True,18%,TRUE,Rent,0
TXN0001653,01-08-2024,96401.87,INR,NEFT INDIQUBE BILL/2408/653 GST - exp,INDIQUBE,True,18%,TRUE,Rent,0
TXN0001654,01-08-2024,2375.29,INR,#auto-debit dominos india pvt ltd inv/2408/654 fy24 - exp,DOMINOS INDIA PVT LTD,True,5%,FALSE,Meals,0
TXN0001655,01-08-2024,16332.6,INR,!IMPS Adobe TAXINV/2408/655 ADV - exp,Adobe,True,18%,TRUE,Software,0
TXN0001656,01-08-2024,14612.09,INR,auto-debit bescom pvt ltd inv/2408/656 q2 - exp ref 3977,BESCOM Pvt Ltd,True,18%,TRUE,Utilities,0
TXN0001657,01-08-2024,30915.24,INR,UPI TCS BILL/2408/657 RENT - exp,TCS,True,18%,TRUE,IT Services,0
TXN0001658,02-08-2024,68713.21,INR,!NEFT INDIQUBy INDIA PVT LTD TAXINV/2408/658 TDS - exp,INDIQUBE INDIA PVT LTD,True,18%,TRUE,Rent,0
TXN0001659,02-08-2024,9199.71,INR,STAPLES INDIA PVT LTD,STAPLES INDIA PVT LTD,True,12%,TRUE,Office Supplies,0
TXN0001660,02-08-2024,95857.22,INR,INDIQUBE,INDIQUBE,True,18%,TRUE,Rent,0
TXN0001661,02-08-2024,41871.52,INR,NEFT OFFICE DEPOT BILL/2480/661 RENT - exp,OFFICE DEPOT,True,12%,TRUE,Office Supplies,1
TXN0001662,02-08-2024,7342.6,INR,RTGS IKEA RCPT/2408/662 FY25 - exp- ref 9825,IKEA,True,12%,TRUE,Office Supplies,0
TXN0001663,02-08-2024,9117.94,INR,UPI BESCOM Pvt Ltd TAXINV/2408/663 TDS - exp! ref 6625,BESCOM Pvt Ltd,True,18%,TRUE,Utilities,0
TXN0001664,02-08-2024,36235.78,INR,RTGS HCL INDIA PVT LTD RCPT/2408/664 SUBS - exp,HCL INDIA PVT LTD,True,18%,TRUE,IT Services,0
TXN0001665,02-08-2024,3977.56,INR,rtgs indigo rcpt/2408/665 fy24 - exp,INDIGO,True,12%,FALSE,Travel,1
TXN0001666,02-08-2024,6111.49,INR,RTGS IKEA Pvt Ltd BILL/2408/666 SUBS - exp,IKEA Pvt Ltd,True,12%,TRUE,Office Supplies,0
TXN0001667,02-08-2024,1754.31,INR,-upi stamp duty inv/2408/667 tds - exempt services exp- ref 4623,Stamp Duty,False,exempt,FALSE,Exempt Services,0
TXN0001668,02-08-2024,8268.84,INR,#auto-debit jiofiber inv/2408/668 fy25 - exp,JIOFIBER,True,18%,TRUE,Utilities,0
TXN0001669,02-08-2024,7267.01,INR,NEFT FIGMA RCPT/24086/69 ADV - exp,FIGMA,True,18%,TRUE,Software,0
TXN0001670,02-08-2024,79895.82,INR,IMPS INDIQUBE BILL/2408/670 ENT - rent exp,INDIQUBE,True,18%,TRUE,Rent,0
TXN0001671,02-08-2024,8084.49,INR,!rtgs office depot inv/2408/671 q1 - exp,Office Depot,True,12%,TRUE,Office Supplies,0
TXN0001672,03-08-2024,117694.36,INR,CARD WEWORK INDIA PVT LTD BILL/2408/672 FY24 - exp,WEWORK INDIA PVT LTD,True,18%,TRUE,Rent,0
TXN0001673,03-08-2024,2979.49,INR,CARD Zomato RCPT/2408/673 RENT - exp# ref 3542,Zomato,True,5%,FALSE,Meals,0
TXN0001674,03-08-2024,11923.26,INR,imps ra rcpt/2408/674 subs - exp,Coursera,True,18%,unknown,Training,0
TXN0001675,03-08-2024,35160.35,INR,*AUTO-DEBITbTCS INDIA PVT LTD TAXINV/2408/675 TDS - it services exp,TCS INDIA PVT LTD,True,18%,TRUE,IT Services,0
TXN0001676,03-08-2024,2590.76,INR,Zomato charges,Zomato,True,5%,FALSE,Meals,0
TXN0001677,03-08-2024,61186.9,INR,rtgs techm inv/2408/677 fy24 - exp,Techm,True,18%,TRUE,IT Services,0
TXN0001678,03-08-2024,30976.3,INR,CARD TECHM INV/2408/678 Q1 - it services exp- ref 2354,TECHM,True,18%,TRUE,IT Services,0
TXN0001679,03-08-2024,97928.67,INR,n/a,INDIQUBE Pvt Ltd,True,18%,TRUE,Rent,0
TXN0001680,03-08-2024,13652.8,INR, ,ADOBE,True,18%,TRUE,Software,0
TXN0001681,03-08-2024,6920.37,INR,*UPI CAN.va BILL/2408/681 SUBS - exp# ref 1756,CAN.va,True,18%,TRUE,Software,0
TXN0001682,03-08-2024,64453.71,INR,card indiqube rcpt/2408/682 rent - rent exp  ref 6505,INDIQUBE,True,18%,TRUE,Rent,0
TXN0001683,03-08-2024,37116.73,INR,!upi hcl bill/2408/683 tds - exp,HCL,True,18%,TRUE,IT Services,0
TXN0001684,03-08-2024,3568.05,INR,NEFT OFFICE DEPOT INDIA PVT LTD TAXINV/2408/684 Q2 - exp! ref 9142,OFFICE DEPOT INDIA PVT LTD,True,12%,TRUE,Office Supplies,0
TXN0001685,03-08-2024,23940.86,INR, ,TECHM INDIA PVT LTD,True,18%,TRUE,IT Services,0
TXN0001686,03-08-2024,78218.32,INR,WEWORK INDIA PVT LTD charges,WEWORK INDIA PVT LTD,True,18%,TRUE,Rent,0
TXN0001687,03-08-2024,24830.64,INR,-IMPS INFY Pvt Ltd BILL/2408/687 FY24 - exp,INFY Pvt Ltd,True,18%,TRUE,IT Services,0
TXN0001688,03-08-2024,12595.69,INR,neft kseb pvt ltd inv/2408/688 q1 - exp / ref 6856,KSEB Pvt Ltd,True,18%,TRUE,Utilities,0
TXN0001689,03-08-2024,8887.74,INR, AUTO-DEBIT BESCOM TAXINV/2408/689 Q1 - utilities exp,BESCOM,True,18%,TRUE,Utilities,0
TXN0001690,03-08-2024,28019.78,INR,IMPS TECHM RCPT/2408/690 ADV - it services exp,TECHM,True,18%,TRUE,IT Services,0
TXN0001691,03-08-2024,4498.77,INR, / AUTO-DEBIT ZOMATO RCPT/2408/691 SUBS - meals exp,ZOMATO,True,5%,FALSE,Meals,0
TXN0001692,03-08-2024,3432.83,INR,IMPS GOV.tfees TAXINV/2408/692 SUBS - exp,GOV.t fees,False,exempt,FALSE,Exempt Services,0
TXN0001693,03-08-2024,11552.2,INR,/ UPI FIGMA BqLL/2408/693 FY25 - exp,FIGMA,True,18%,TRUE,Software,0
TXN0001694,03-08-2024,4377.57,INR,RTG SIKE.a BILL/2408/694 SUBS - exp,IKE.a,True,12%,TRUE,Office Supplies,0
TXN0001695,04-08-2024,5717.92,INR,AUTO-DEBIT OFFICE DEPOT Pvt Ltd TAXINV/2408/695 ADV - exp,OFFICE DEPOT Pvt Ltd,True,12%,TRUE,Office Supplies,0
TXN0001696,04-08-2024,10823.77,INR,AIRTEL INDIA PVT LTD,AIRTEL INDIA PVT LTD,True,18%,TRUE,Utilities,0
TXN0001697,04-08-2024,109309.04,INR,card wework rcpt/2408/697 adv - exp,Wework,True,18%,TRUE,Rent,0
TXN0001698,04-08-2024,129029.18,INR,#IMPS WEWORK Pvt Ltd TAXINV/2408/698 GST - exp / ref 4815,WEWORK Pvt Ltd,True,18%,TRUE,Rent,0
TXN0001699,04-08-2024,46878.59,INR,TECHM INDIA PVT LTD charges,TECHM INDIA PVT LTD,True,18%,TRUE,IT Services,0
TXN0001700,04-08-2024,10672.11,INR,-upi jiofiber rcpt/2408/700 tds - exp,Jiofiber,True,18%,TRUE,Utilities,0
TXN0001701,04-08-2024,85179.36,INR,RTGS IND.iqube TAXINV/2408/701 FY24 - exp,IND.iqube,True,18%,TRUE,Rent,0
TXN0001702,04-08-2024,43741.96,INR,!RTGS TECHM TAXINV/2408/702 Q2 - exp# ref 8097,TECHM,True,18%,TRUE,IT Services,0
TXN0001703,04-08-2024,11808.12,INR,RTGS BESCOM Pvt Ltd INV/2408/703 SUBS - exp,BESCOM Pvt Ltd,True,18%,TRUE,Utilities,0
TXN0001704,04-08-2024,44052.62,INR,AUTO-DEBIT TCS RCPT/2408/704 SUBS - exp,TCS,True,18%,TRUE,IT Services,0
TXN0001705,04-08-2024,4648.69,INR,IMPS Figma BILL/2408/705 TDS - exp / ref 9024,Figma,True,18%,TRUE,Software,0
TXN0001706,04-08-2024,13689.49,INR,rtgs jiofiber inv/2408/706 subs - exs,JIOFIBER,True,18%,TRUE,Utilities,0
TXN0001707,04-08-2024,33573.64,INR,neft techm india pvt ltd bill/2408/707 fy5 - exp,TECHM INDIA PVT LTD,True,18%,TRUE,IT Services,0
TXN0001708,04-08-2024,12670.51,INR,CARD BES.com BILL/2408/708 RENT - exp,BES.com,True,18%,TRUE,Utilities,0
TXN0001709,05-08-2024,7631.11,INR,IKEA INDIA PVT LTD,IKEA INDIA PVT LTD,True,12%,TRUE,Office Supplies,0
TXN0001710,05-08-2024,5746.35,INR,-rtgs rapido taxinv/2408/710 fy25 - exp,RAPIDO,True,5%,FALSE,Travel,0
TXN0001711,05-08-2024,6757.05,INR,imps taxinv/2408/711 rent - exp / ref 3425,Govt Fees,False,exempt,FALSE,Exempt Services,0
TXN0001712,05-08-2024,77389.09,INR,AWF.is charges,AWF.is,True,18%,TRUE,Rent,0
TXN0001713,05-08-2024,6283.53,INR,CARD STA.ples BILL/2408/713 ADV - exp,STA.ples,True,12%,TRUE,Office Supplies,0
TXN0001714,05-08-2024,65525.5,INR,!upi wework pvt ltd inv/2408/714 subs - exp,WEWORK Pvt Ltd,True,18%,TRUE,Rent,0
TXN0001715,05-08-2024,4485.74,INR,upi sta.ples rcpt/2408/715 subs - exp,STA.ples,True,12%,TRUE,Office Supplies,0
TXN0001716,05-08-2024,113021.11,INR,#CARD AWFIS RCPT/2408/716 Q1 - exp,AWFIS,True,18%,TRUE,Rent,0
TXN0001717,05-08-2024,11316.0,INR,neft ikea bill/2408/717 q2 - office supplies exp,Ikea,True,12%,TRUE,Office Supplies,0
TXN0001718,05-08-2024,5618.32,INR,imps microsoft rcpt/240/718 gst - exp,MICROSOFT,True,18%,TRUE,Software,0
TXN0001719,05-08-2024,6011.53,INR,neft office depot rcptr2408/719 fy24 - exp* ref 1481,Office Depot,True,12%,TRUE,Office Supplies,0
TXN0001720,05-08-2024,10214.58,INR,CARD KSE.b BILL/2408/720 Q2 - exp,KSE.b,True,18%,TRUE,Utilities,0
TXN0001721,05-08-2024,3097.3,INR,!UI OLA TAXINV/2408/721 FY24 - exp ref 8407,OLA,True,5%,FALSE,Travel,0
TXN0001722,05-08-2024,13589.99,INR,-auto-debit uber rcpt/2408/722s ubs - exp,Uber,True,5%,FALSE,Travel,0
TXN0001723,06-08-2024,17784.17,INR,upi air.tel rcpt/2408/723 tds - exp,AIR.tel,True,18%,TRUE,Utilities,0
TXN0001724,06-08-2024,7276.09,INR,neft ind.igo rcpt/2408/724 gst - exp,IND.igo,True,28%,FALSE,Travel,1
TXN0001725,06-08-2024,966612.48,INR,AWF.is,AWF.is,True,18%,TRUE,Rent,1
TXN0001726,06-08-2024,5594.92,INR,*NEFT STAPLES BILL/2408/726 Q1 - exp / ref 5473,STAPLES,True,12%,TRUE,Office Supplies,0
TXN0001727,06-08-2024,9977.75,INR,NEFT KSEB BILL/2408/727 ADV - exp ref 1079,KSEB,True,18%,TRUE,Utilities,0
TXN0001728,06-08-2024,5661.59,INR,RTGS OLA INDIA PVT LTD TAXINV/2408/728 FY25 - exp,OLA INDIA PVT LTD,True,5%,FALSE,Travel,0
TXN0001729,06-08-2024,8539.42,INR,,Jiofiber,True,18%,TRUE,Utilities,0
TXN0001730,06-08-2024,25061.24,INR,p AUTO-DEBIT HCL Pvt Ltd TAXINV/2408/730 ADV - ex/,HCL Pvt Ltd,True,18%,TRUE,IT Services,0
TXN0001731,06-08-2024,82514.85,INR,auto-debit wework india pvt ltd bilk/2408/731 fy24 - exp,WEWORK INDIA PVT LTD,True,18%,TRUE,Rent,0
TXN0001732,06-08-2024,36024.96,INR,RTGS TECHM Pvt Ltd RCPT/2408/732 FY25 - exp,TECHM Pvt Ltd,True,18%,TRUE,IT Services,0
TXN0001733,06-08-2024,13041.53,INR,auto-debit jiofiber bill/2408/733 adv - exp- ref 7282,JIOFIBER,True,18%,TRUE,Utilities,0
TXN0001734,06-08-2024,7137.96,INR,-CARD Indigo TAXINV/2408/734 GST - exp ref 5824,Indigo,True,5%,FALSE,Travel,0
TXN0001735,07-08-2024,10813.41,INR,UPI JIOFIBER INDIA PVT LTD RCPT/2408/735 RENT - exp,JIOFIBER INDIA PVT LTD,True,18%,TRUE,Utilities,0
TXN0001736,07-08-2024,3682.7,INR,CARD RAP.ido TAXINV/2408/736 FY25 - travel exp,RAP.ido,True,5%,FALSE,Travel,0
TXN0001737,07-08-2024,8075.51,INR, IMPS Figma INV/2408/737 Q1 - software exp,Figma,True,18%,TRUE,Software,0
TXN0001738,07-08-2024,14612.45,INR,*UTO-DEBIT TEC.hm BILL/2408/738 TDS - exp,TEC.hm,True,18%,TRUE,IT Services,0
TXN0001739,07-08-2024,7291.04,INR,IKEA Pvt Ltd,IKEA Pvt Ltd,True,12%,TRUE,Office Supplies,0
TXN0001740,07-08-2024,6878.11,INR,AUTO-DEBIT OLA TAXINV/2408/740 RENT - exp,OLA,True,5%,FALSE,Travel,0
TXN0001741,07-08-2024,2981.8,INR,upi zomato pvt ltd bill/2408/741 tds - exp,ZOMATO Pvt Ltd,True,5%,FALSE,Meals,0
TXN0001742,07-08-2024,97035.29,INR,imps indiqube bill/2408/742 - exp / ref 9166,INDIQUBE,True,18%,TRUE,Rent,0
TXN0001743,07-08-2024,5255.35,INR,OLA INDIA PVT LTD,OLA INDIA PVT LTD,True,5%,FALSE,Travel,0
TXN0001744,07-08-2024,3120.07,INR,-imps office depot inv/2408/744 fy24 - exp,Office Depot,True,12%,TRUE,Office Supplies,0
TXN0001745,07-08-2024,9930.62,INR,card fig.ma taxinv/2408/745 adv - exp,FIG.ma,True,18%,TRUE,Software,0
TXN0001746,07-08-2024,11461.12,INR,CARD iESCOM TAXINV/2408/746 RENT - utilities exp,BESCOM,True,18%,TRUE,Utilities,0
TXN0001747,07-08-2024,11923.19,INR,AUTO-DEBIT KSEB Pvt Ltd INV/2408/747 SUBS - utilities exp /  ref 4856,KSEB Pvt Ltd,True,18%,TRUE,Utilities,0
TXN0001748,07-08-2024,6714.15,INR,NEFT OFFICE DEPOT RCPT/2408/748 Q1 - exp,OFFICE DEPOT,True,12%,TRUE,Office Supplies,0
TXN0001749,07-08-2024,17405.03,INR,UPI AIRTEL INV/2408/749 RENT - exp,AIRTEL,True,18%,TRUE,Utilities,0
TXN0001750,07-08-2024,33313.08,INR,imps tcs india pvt ltd bill/2408/750 adv - exp# ref 1391,TCS INDIA PVT LTD,True,18%,TRUE,IT Services,0
TXN0001751,07-08-2024,5351.68,INR,#card ola inv/2408/751 fy25 - exp,OLA,True,5%,FALSE,Travel,0
TXN0001752,08-08-2024,12322.4,INR,AUTO-DEBIT SIMPLILEARN BILL/4208/752 SUBS - exp,SIMPLILEARN,True,18%,unknown,Training,0
TXN0001753,08-08-2024,19567.21,INR,#RTGS TECHM INDIA PVT LTD BILL/2408/753iSUBS - exp,TECHM INDIA PVT LTD,True,12%,TRUE,IT Services,1
TXN0001754,08-08-2024,4460.61,INR,rtgs can.va bill/2408/754 tds -sexp,CAN.va,True,18%,TRUE,Software,0
TXN0001755,08-08-2024,70624.25,INR,AWFIS Pvt Ltd charges,AWFIS Pvt Ltd,True,18%,TRUE,Rent,0
TXN0001756,08-08-2024,8056.76,INR,-rtgs adobe rcpt/2408/756 rent - software exp- ref 2934,ADOBE,True,18%,TRUE,Software,0
TXN0001757,08-08-2024,7609.0,INR,/ IMPS IKEA INV/2408/757 SUBS - exp,IKEA,True,12%,TRUE,Office Supplies,0
TXN0001758,08-08-2024,40717.22,INR,!card hcl inv/2408/758 q2 - exp,Hcl,True,18%,TRUE,IT Services,0
TXN0001759,08-08-2024,72250.61,INR,IMPS IND.iqube RCPT/2048/759 GST - rent exp,IND.iqube,True,18%,TRUE,Rent,0
TXN0001760,08-08-2024,19122.4,INR,Wipro charges,Wipro,True,18%,TRUE,IT Services,0
TXN0001761,08-08-2024,22496.48,INR,UPI SIMPLILEARN INV/2408/761 RENT - exp,SIMPLILEARN,True,18%,unknown,Training,0
TXN0001762,08-08-2024,33180.17,INR,  /RTGS TCS BILL/2408/762 FY24 - it services exp,TCS,True,18%,TRUE,IT Services,0
TXN0001763,08-08-2024,75085.79,INR,TECHM charges,TECHM,True,18%,TRUE,IT Services,0
TXN0001764,08-08-2024,5447.82,INR,STAPLES INDIA PVT LTD,STAPLES INDIA PVT LTD,True,12%,TRUE,Office Supplies,0
TXN0001765,08-08-2024,17263.53,INR,card upgrad bill/2408/765 fy24 - exp,UPGRAD,True,18%,unknown,Training,0
TXN0001766,08-08-2024,19288.17,INR,JIOFIBER Pvt Ltd,JIOFIBER Pvt Ltd,True,18%,TRUE,Utilities,0
TXN0001767,08-08-2024,28593.82,INR,WIP.ro charges,WIP.ro,True,18%,TRUE,IT Services,0
TXN0001768,08-08-2024,30220.5,INR,AUTO-DEBIT Wipro TAXINV/2408/768 Q1 - exp,Wipro,True,18%,TRUE,IT Services,0
TXN0001769,08-08-2024,65762.04,INR,imps awfis pvt ltd bill/2408/769 tds - exp,AWFIS Pvt Ltd,True,18%,TRUE,Rent,0
TXN0001770,08-08-2024,35358.35,INR,imps hcl bill/2408/770 fy24 - exp- ref 9685,HCL,True,18%,TRUE,IT Services,0
TXN0001771,09-08-2024,15833.72,INR,IMPS MICROSOFT TAXINV/2408/771 SUBS - exp,MICROSOFT,True,18%,TRUE,Software,0
TXN0001772,09-08-2024,7044.4,INR,IMPS AIRTEL Pvt Ltd BILL/2408/772 ADV - exp,AIRTEL Pvt Ltd,True,18%,TRUE,Utilities,0
TXN0001773,09-08-2024,26007.68,INR,*auto-debit stamp duty rcpt/2408/773 gst - exempt services exp,STAMP DUTY,False,exempt,FALSE,Exempt Services,1
TXN0001774,09-08-2024,22846.67,INR,CARD HCL INDIA PVT LTD INV/2408/774 RENT - exp / ref 4140,HCL INDIA PVT LTD,True,18%,TRUE,IT Services,0
TXN0001775,09-08-2024,9813.04,INR,rtgs figma india pvt ltd crpt/2408/775 subs - exp- ref 9926,FIGMA INDIA PVT LTD,True,18%,TRUE,Software,0
TXN0001776,09-08-2024,4018.26,INR, card stamp duty rcpt/2408/776 fy24 - exempt services exp# ref 2130,STAMP DUTY,False,exempt,FALSE,Exempt Services,0
TXN0001777,09-08-2024,69387.77,INR,na,WEW.ork,True,18%,TRUE,Rent,0
TXN0001778,09-08-2024,7886.93,INR,CARD IKE.a TAXINV/2408/778Q 2 - exp,IKE.a,True,12%,TRUE,Office Supplies,0
TXN0001779,09-08-2024,135739.23,INR,/ RTGS INDIQUBE INDIA PVT LTD TAXINV/2408/779 FY25 - exp,INDIQUBE INDIA PVT LTD,True,28%,TRUE,Rent,1
TXN0001780,09-08-2024,38787.04,INR,#imps tcs rcpt/2408/780 fy24 - exp / ref 3677,TCS,True,18%,TRUE,IT Services,0
TXN0001781,09-08-2024,15970.98,INR,IMPS Jiofiber INV/2408/781 Q2 - exp* ref 8373,Jiofiber,True,18%,TRUE,Utilities,0
TXN0001782,10-08-2024,61741.22,INR,CARD INFY INDIA PVT LTD TAXINV/2408/782 GST - exp / ref 9366,INFY INDIA PVT LTD,True,18%,TRUE,IT Services,0
TXN0001783,10-08-2024,11781.27,INR,AUTO-DEBIT JIOFIBER RCPT/2408/783 TDS - utilities exph ref 1634,JIOFIBER,True,18%,TRUE,Utilities,0
TXN0001784,10-08-2024,5269.57,INR,-UPI INDIGO RCPT/2408/784 TDS - exp,INDIGO,True,5%,FALSE,Travel,0
TXN0001785,10-08-2024,6199.97,INR,/ RTGS MIC.rosoft INV/2408/785gFY24 - exp,MIC.rosoft,True,18%,TRUE,Software,0
TXN0001786,10-08-2024,19965.35,INR,upi airtel india pvt tld bill/2408/786 subs - exp,AIRTEL INDIA PVT LTD,True,18%,TRUE,Utilities,0
TXN0001787,10-08-2024,8662.34,INR,neft ado.be taxinv/2408/778 q1 - exp,ADO.be,True,18%,TRUE,Software,0
TXN0001788,10-08-2024,36118.13,INR,!upi wipro rcpt/2408/788 adv - exp,WIPRO,True,18%,TRUE,IT Services,0
TXN0001789,10-08-2024,19353.09,INR,CARD Kseb TAXINV/2408/789 SUBS - exp,Kseb,True,18%,TRUE,Utilities,0
TXN0001790,10-08-2024,3067.89,INR,/ AUTO-DEBIT Uber RCPT/2408/790 SUBS - exp,Uber,True,5%,FALSE,Travel,0
TXN0001791,10-08-2024,12421.89,INR,BESCOM INDIA PVT LTD charges,BESCOM INDIA PVT LTD,True,18%,TRUE,Utilities,0
TXN0001792,10-08-2024,5257.44,INR,auto-debit office depot taxinv/2408/792 q2 - exp,Office Depot,True,12%,TRUE,Office Supplies,0
TXN0001793,10-08-2024,15739.12,INR,n/a,BESCOM INDIA PVT LTD,True,18%,TRUE,Utilities,0
TXN0001794,10-08-2024,5192.25,INR,CARD FIG.ma BILL/2408/794 FY24 - exp! ref 2493,FIG.ma,True,18%,TRUE,Software,0
TXN0001795,10-08-2024,2669.38,INR,/ UPI ZOM.ato BILL/2408/795 FY25 - exp,ZOM.ato,True,5%,FALSE,Meals,0
TXN0001796,11-08-2024,25404.2,INR,/ IMPS HCL INDIA PVT LTD RCPT/408/796 SUBS - exp,HCL INDIA PVT LTD,True,18%,TRUE,IT Services,0
TXN0001797,11-08-2024,16176.46,INR,!auto-debit kse.b inv/2408/797 gst - exp,KSE.b,True,18%,TRUE,Utilities,0
TXN0001798,11-08-2024,11394.47,INR,AUTO-DEBIT MICROSOFT TAXINV/2408/798 Q1 - exp! ref 8089,MICROSOFT,True,18%,TRUE,Software,0
TXN0001799,11-08-2024,123665.68,INR,UPI AWFIS RCPT/2408/799 GST - exp,AWFIS,True,18%,TRUE,Rent,0
TXN0001800,11-08-2024,12069.8,INR,BESCOM Pvt Ltd,BESCOM Pvt Ltd,True,18%,TRUE,Utilities,0
TXN0001801,11-08-2024,67596.44,INR,IMPS WEWORK RCPT/2408/801 Q1 - exp ref 2256,WEWORK,True,18%,TRUE,Rent,0
TXN0001802,11-08-2024,9314.47,INR,*CARD Bescom BILL/2u08/802 Q2 - utilities exp* ref 3414,Bescom,True,18%,TRUE,Utilities,0
TXN0001803,11-08-2024,46093.86,INR,*NEFT INDIQUBE Pvt Ltd BILL/2408/803 FY24 - exp,INDIQUBE Pvt Ltd,True,18%,TRUE,Rent,0
TXN0001804,11-08-2024,37769.57,INR,AUTO-DEBIT Wipro TAXINV/2408/804 FY25 - exp,Wipro,True,18%,TRUE,IT Services,0
TXN0001805,11-08-2024,29227.65,INR,neft wipro bill/2408/805 tds - it services exp,WIPRO,True,18%,TRUE,IT Services,0
TXN0001806,11-08-2024,13503.9,INR,upi airtel taxinv/2408/806 tds - exv,AIRTEL,True,18%,TRUE,Utilities,0
TXN0001807,12-08-2024,8491.74,INR,IMPS Uber RCPT/2408/807 ADV - travel exp,Uber,True,5%,FALSE,Travel,0
TXN0001808,12-08-2024,78048.38,INR,INDIQUBE INDIA PVT LTD,INDIQUBE INDIA PVT LTD,True,18%,TRUE,Rent,0
TXN0001809,12-08-2024,20942.75,INR,*neft ra pvt ltd bill/2408/809 adv - exp,COURSERA Pvt Ltd,True,18%,unknown,Training,0
TXN0001810,12-08-2024,33801.48,INR,,WIP.ro,True,18%,TRUE,IT Services,0
TXN0001811,12-08-2024,12075.31,INR,RTGS MICROSOFT BILL/2408/811 FY24 - xp* ref 3317,MICROSOFT,True,18%,TRUE,Software,0
TXN0001812,12-08-2024,6237.97,INR,UBER charges,UBER,True,5%,FALSE,Travel,0
TXN0001813,12-08-2024,80530.71,INR,-rtgs tcs rcpt/2408/813 fy25 - it services exp# ref 7164,TCS,True,18%,TRUE,IT Services,0
TXN0001814,12-08-2024,7763.04,INR,*UPI IKEA RCPT/2408/814 Q2 - exp,IKEA,True,12%,TRUE,Office Supplies,0
TXN0001815,12-08-2024,71395.02,INR,TGS INFY Pvt Ltd RCPT/2408/815 FY25 - exp,INFY Pvt Ltd,True,18%,TRUE,IT Services,0
TXN0001816,12-08-2024,11923.83,INR,!IMPS BESCOM Pvt Ltd RCPT/2408/816 FY25 - utilities exp! ref 7170,BESCOM Pvt Ltd,True,18%,TRUE,Utilities,0
TXN0001817,12-08-2024,64800.11,INR,!IMPS WEWORK INV/2408/817 RENT - rent exp,WEWORK,True,18%,TRUE,Rent,0
TXN0001818,12-08-2024,12624.94,INR,JIOFIBER INDIA PVT LTD,JIOFIBER INDIA PVT LTD,True,18%,TRUE,Utilities,0
TXN0001819,12-08-2024,12912.18,INR,*rtgs canva rcpt/2408/v19 adv - exp,CANVA,True,18%,TRUE,Software,0
TXN0001820,13-08-2024,44753.77,INR,IMPS TC INDIA PVT LTD TAXINV/2408/820 GST - exp,TCS INDIA PVT LTD,True,18%,TRUE,IT Services,0
TXN0001821,13-08-2024,92791.63,INR,RTGS INDIQUBE INDIA PVT LTD BILL/2408/821 - exp- ref 3632,INDIQUBE INDIA PVT LTD,True,18%,TRUE,Rent,0
TXN0001822,13-08-2024,27522.37,INR, / IMPS TECHM Pvt Ltd BILL/2408/822 GST - it services exp  ref 3187,TECHM Pvt Ltd,True,18%,TRUE,IT Services,0
TXN0001823,13-08-2024,104118.64,INR,IMPS AWFIS INDIA PVT LTD RCPT/2408/823 TDS - rent exp,AWFIS INDIA PVT LTD,True,18%,TRUE,Rent,0
TXN0001824,13-08-2024,7689.61,INR,rtgs sta.ples taxinv/2408/824 fy25 - exp,STA.ples,True,12%,TRUE,Office Supplies,0
TXN0001825,13-08-2024,8877.93,INR,#rtgs canva pvt ltd rcpt/2408/825 fy24 - exp,CANVA Pvt Ltd,True,18%,TRUE,Software,0
TXN0001826,13-08-2024,13721.09,INR,neft jiofiber inv/2408/826 tds - exp,Jiofiber,True,18%,TRUE,Utilities,0
TXN0001827,13-08-2024,7028.74,INR,neft canva pvt ltd inv/2408/827 fy24 - exp,CANVA Pvt Ltd,True,18%,TRUE,Software,0
TXN0001828,13-08-2024,91852.37,INR,-RTGS INDIQUBE BILL/2408/828 Q1 - rent exp,INDIQUBE,True,18%,TRUE,Rent,0
TXN0001829,13-08-2024,3961.42,INR,AUTO-DEBIT Ikea INV/2408/829 FY25 - office supplies exp  ref 2115,Ikea,True,12%,TRUE,Office Supplies,0
TXN0001830,13-08-2024,11083.17,INR,AUTO-DEBIT BES.com INV/240/8830 TDS - exp,BES.com,True,18%,TRUE,Utilities,0
TXN0001831,13-08-2024,15613.64,INR,RTGS JIO.fiber IN/2408/831 TDS - exp / ref 6030,JIO.fiber,True,18%,TRUE,Utilities,0
TXN0001832,13-08-2024,65593.88,INR,CARD TCS INDIA PVT LTD RCPT/2408/832 FY24 - exp,TCS INDIA PVT LTD,True,18%,TRUE,IT Services,0
TXN0001833,13-08-2024,7775.65,INR,#imps bescom pvt ltd taxinv/2408/833 adv - exp* ref 3746,BESCOM Pvt Ltd,True,18%,TRUE,Utilities,0
TXN0001834,13-08-2024,154110.67,INR,*UPI INDIQUBE Pvt Ltd BILL/2408/834 SUBS - exp,INDIQUBE Pvt Ltd,True,18%,TRUE,Rent,0
TXN0001835,13-08-2024,2714.89,INR,CARD SWIGGY INDIA PVT LTD INV/2408/835 Q2 - meals exp,SWIGGY INDIA PVT LTD,True,5%,FALSE,Meals,0
TXN0001836,13-08-2024,64414.96,INR,UPI Wework BILL/2408/836 TDS - rent exp,Wework,True,18%,TRUE,Rent,0
TXN0001837,13-08-2024,9217.1,INR,RTGS Ola INV/2408/837 RENT - exp,Ola,True,5%,FALSE,Travel,0
TXN0001838,13-08-2024,34382.47,INR,AUTO-DEBIT INFY INDIA PVT LTD TAXINV/2408/838 Q2 - exp,INFY INDIA PVT LTD,True,18%,TRUE,IT Services,0
TXN0001839,14-08-2024,46191.49,INR,CARD HCL RCPT/2408/839 TDS - exp,HCL,True,18%,TRUE,IT Services,0
TXN0001840,14-08-2024,15676.16,INR,*RTGS KSEB INV/2408/840bQ1 - exp,KSEB,True,18%,TRUE,Utilities,0
TXN0001841,14-08-2024,11132.43,INR,*CARD CANVA INDIA PVT LTD BILL/2408/841 FY25 - exp / ref 8745,CANVA INDIA PVT LTD,True,18%,TRUE,Software,0
TXN0001842,14-08-2024,4054.98,INR,!upi rapido taxinv/2408/842 fy25 - travel exp,RAPIDO,True,5%,FALSE,Travel,0
TXN0001843,14-08-2024,94339.0,INR,-NEFT WEWORK TAXINV/2408/843 ADV - exp,WEWORK,True,18%,TRUE,Rent,0
TXN0001844,14-08-2024,176063.23,INR,rtgs wework pvt ltd inv/2408/844 - exp ref 2400,WEWORK Pvt Ltd,True,18%,TRUE,Rent,0
TXN0001845,14-08-2024,24041.0,INR,!neft wiproinv/2408/845 fy25 - exp* ref 4226,Wipro,True,18%,TRUE,IT Services,0
TXN0001846,14-08-2024,6659.88,INR,RTGS MIC.rosoft INV/2408/846 ADV - exp ref 1595,MIC.rosoft,True,18%,TRUE,Software,0
TXN0001847,14-08-2024,9906.25,INR,pui canva india pvt ltd taxinv/2408/847 fy24 - exp* ref 8879,CANVA INDIA PVT LTD,True,18%,TRUE,Software,0
TXN0001848,14-08-2024,11182.73,INR,AUTO-DEBIT FIGMA INDIA PVT LTD TAXINV/2408/848 Q2 - exp,FIGMA INDIA PVT LTD,True,18%,TRUE,Software,0
TXN0001849,14-08-2024,22154.45,INR,auto-debit cou.rsera bill/2408/849 tds - exp,COU.rsera,True,18%,unknown,Training,0
TXN0001850,15-08-2024,11324.82,INR,CARD Kseb RCPT/2408/850 Q1 - exp,Kseb,True,18%,TRUE,Utilities,0
TXN0001851,15-08-2024,9890.68,INR,/ UPI AIRTEL INV/2408/851 FY25 - exp,AIRTEL,True,18%,TRUE,Utilities,0
TXN0001852,15-08-2024,6409.05,INR,RAPIDO INDIA PVT LTD charges,RAPIDO INDIA PVT LTD,True,5%,FALSE,Travel,0
TXN0001853,15-08-2024,118347.28,INR,-,COURSERA,True,18%,unknown,Training,1
TXN0001854,15-08-2024,4648.81,INR,IMPS STA.ples RCPT/2408/854 Q1 - office supplie sexp,STA.ples,True,12%,TRUE,Office Supplies,0
TXN0001855,15-08-2024,6584.01,INR,!RTGS OLA BILLb2408/855 GST - exp ref 1714,OLA,True,5%,FALSE,Travel,0
TXN0001856,15-08-2024,26794.83,INR,IMPS INFY INDIA PVT LTD RCPT/2408/856 FYk4 - exp* ref 3700,INFY INDIA PVT LTD,True,18%,TRUE,IT Services,0
TXN0001857,15-08-2024,42973.86,INR,NEFT TECHM RCPT/2048/857 FY25 - exp,TECHM,True,18%,TRUE,IT Services,0
TXN0001858,15-08-2024,5612.35,INR,AUTO-DEBIT Office Depot BILL/2408/8v8 Q2 - exp* ref 4834,Office Depot,True,12%,TRUE,Office Supplies,0
TXN0001859,15-08-2024,91530.97,INR,WEW.ork charges,WEW.ork,True,18%,TRUE,Rent,0
TXN0001860,15-08-2024,4108.75,INR, ,STAPLES,True,12%,TRUE,Office Supplies,0
TXN0001861,15-08-2024,14360.03,INR,IMPS AIR.tel TAXINV/2408/861 Q2 - exp,AIR.tel,True,18%,TRUE,Utilities,0
TXN0001862,15-08-2024,35773.26,INR,imps infy pvt ltd bill/2408/862 adv - exp,INFY Pvt Ltd,True,18%,TRUE,IT Services,0
TXN0001863,15-08-2024,89474.72,INR,upi wework bill/2408/863 subs - rent exp! ref 6849,WEWORK,True,18%,TRUE,Rent,0
TXN0001864,15-08-2024,8604.11,INR,#CARD Uber RCPT/2408/864 ADV - exp,Uber,True,5%,FALSE,Travel,0
TXN0001865,16-08-2024,77365.19,INR,UPI WEWORK BILL/208/865 SUBS - rent exp# ref 7573,WEWORK,True,18%,TRUE,Rent,0
TXN0001866,16-08-2024,234856.96,INR,#NEFT TCS INDIA PVT LTD RCPT/2408/866 Q2 - exp,TCS INDIA PVT LTD,True,18%,TRUE,IT Services,1
TXN0001867,16-08-2024,25077.47,INR,imps simplilbarn india pvt ltd taxinv/2408/867 gst - exp,SIMPLILEARN INDIA PVT LTD,True,18%,unknown,Training,0
TXN0001868,16-08-2024,4771.25,INR,!card inv/2408/868 q2 - exp! ref 4562,GOVT FEES,False,exempt,FALSE,Exempt Services,0
TXN0001869,16-08-2024,14296.52,INR,RTGS Bescom TAXINV/2408/869 SUBS  exp / ref 2363,Bescom,True,18%,TRUE,Utilities,0
TXN0001870,16-08-2024,11506.04,INR,#RTGS AIRTEL TAXINV/2408/870 SUBS - exp,AIRTEL,True,18%,TRUE,Utilities,0
TXN0001871,16-08-2024,11855.17,INR,CARD KSEB INDIA PVT LTD RCPT/248/871 FY25 - exp! ref 2268,KSEB INDIA PVT LTD,True,18%,TRUE,Utilities,0
TXN0001872,16-08-2024,27342.91,INR, ,KSEB INDIA PVT LTD,True,18%,TRUE,Utilities,0
TXN0001873,16-08-2024,86611.5,INR,card wework inv/2408/873 fy25 - exp,WEWORK,True,18%,TRUE,Rent,0
TXN0001874,16-08-2024,27299.38,INR,UPI TCS TAXINV/2408/874 GST - exp,TCS,True,18%,TRUE,IT Services,0
TXN0001875,16-08-2024,39162.25,INR,WIPRO charges,WIPRO,True,18%,TRUE,IT Services,0
TXN0001876,16-08-2024,151289.8,INR,RTGS WEWORK Pvt Ltd BILL/2408/876 TDS - exp,WEWORK Pvt Ltd,True,18%,TRUE,Rent,0
TXN0001877,17-08-2024,28148.58,INR,!IMPS HCL BILL/2408/87l Q2 - exp,HCL,True,18%,TRUE,IT Services,0
TXN0001878,17-08-2024,12311.45,INR,!RTGS BESCOM INDIA PVT LTD TAXINV/2408/878 RENT - exp,BESCOM INDIA PVT LTD,True,18%,TRUE,Utilities,0
TXN0001879,17-08-2024,71818.56,INR,card wework pvt ltd taxinv/2408/879 subs - exp,WEWORK Pvt Ltd,True,18%,TRUE,Rent,0
TXN0001880,17-08-2024,14196.37,INR,NEFT JIO.fiber RCPT/240/8880 FY24 - exp,JIO.fiber,True,18%,TRUE,Utilities,0
TXN0001881,17-08-2024,10673.3,INR,IMPS MICROSOFT INDIA PVT LTD INV/2408/881 ADV - exp# ref 4396,MICROSOFT INDIA PVT LTD,True,18%,TRUE,Software,0
TXN0001882,17-08-2024,3183.16,INR,#CARD KFC RCPT/2408/882 SUBS - exp,KFC,True,5%,FALSE,Meals,0
TXN0001883,17-08-2024,102835.72,INR,WEWORK charges,WEWORK,True,18%,TRUE,Rent,0
TXN0001884,17-08-2024,7436.52,INR,CARD Ikea BILL/2408/884 ADV - exp,Ikea,True,12%,TRUE,Office Supplies,0
TXN0001885,17-08-2024,33822.76,INR,!NEFT WIP.ro INV/2408/885 SUBS - exp,WIP.ro,True,18%,TRUE,IT Services,0
TXN0001886,17-08-2024,24049.56,INR,!RTGS INFY INDIA PVT LTD RCPT/2408/886 FY24 - it services exp,INFY INDIA PVT LTD,True,18%,TRUE,IT Services,0
TXN0001887,17-08-2024,4002.63,INR,upi indigo bill/2408/887 subs - exp,INDIGO,True,5%,FALSE,Travel,0
TXN0001888,18-08-2024,10421.02,INR,rtgs figma inv/2408/888 adv - exp,Figma,True,18%,TRUE,Software,0
TXN0001889,18-08-2024,67258.93,INR,-UPI IND.iqube RCPT/2408/889 FY25 - rent exp# ref 6396,IND.iqube,True,18%,TRUE,Rent,0
TXN0001890,18-08-2024,7091.28,INR,AUTO-DBIT OFFICE DEPOT INDIA PVT LTD RCPT/2408/890 TDS - office supplies exp  ref 3239,OFFICE DEPOT INDIA PVT LTD,True,12%,TRUE,Office Supplies,0
TXN0001891,18-08-2024,39335.55,INR,-NEFT TECHM INDIA PVT LTD IBLL/2408/891 ADV - exp,TECHM INDIA PVT LTD,True,18%,TRUE,IT Services,0
TXN0001892,18-08-2024,7442.15,INR,-IMPS INDIGO Pvt Ltd RCPTc2408/892 Q1 - exp ref 3969,INDIGO Pvt Ltd,True,5%,FALSE,Travel,0
TXN0001893,18-08-2024,9557.05,INR,UPI ADOBE TAXINV/248/893 FY24 - exp,ADOBE,True,18%,TRUE,Software,0
TXN0001894,18-08-2024,51831.48,INR,*RTGS WIPRO Pvt Ltd RCPT/2408/894 ADV - exp,WIPRO Pvt Ltd,True,18%,TRUE,IT Services,0
TXN0001895,18-08-2024,84831.2,INR,NEFT WEWORK INV/2408/895 GST - exp,WEWORK,True,18%,TRUE,Rent,0
TXN0001896,18-08-2024,6956.84,INR,FIGMA,FIGMA,True,18%,TRUE,Software,0
TXN0001897,18-08-2024,63679.87,INR,c-ard awfis inv/2408/897 q2 - exp,AWFIS,True,18%,TRUE,Rent,0
TXN0001898,18-08-2024,9362.04,INR,-UPI AIRTEL INV/2408/898 FY24 - utilities exp  ref 7447,AIRTEL,True,18%,TRUE,Utilities,0
TXN0001899,18-08-2024,14258.21,INR,,BESCOM INDIA PVT LTD,True,18%,TRUE,Utilities,0
TXN0001900,18-08-2024,70374.01,INR,/ NEFT AWFIS BILL/2408/900 - exp! ref 9527,AWFIS,True,18%,TRUE,Rent,0
TXN0001901,18-08-2024,39228.38,INR,#auto-debit inf.y taxinv/2408/901 tds - exp,INF.y,True,18%,TRUE,IT Services,0
TXN0001902,19-08-2024,7875.74,INR,AUTO-DEBIT FIGMA INV/2408/902 FY25 - exp,FIGMA,True,18%,TRUE,Software,0
TXN0001903,19-08-2024,11364.91,INR,!UPI Rapido RCPTr2408/903 RENT - exp,Rapido,True,5%,FALSE,Travel,0
TXN0001904,19-08-2024,5459.41,INR,FIG.ma,FIG.ma,True,18%,TRUE,Software,0
TXN0001905,19-08-2024,24540.36,INR,!NEFT UPGRAD INDIA PVT LTD INV/2408/905 SUBS - exp*r ef 5554,UPGRAD INDIA PVT LTD,True,18%,unknown,Training,0
TXN0001906,19-08-2024,7646.78,INR,JIOFIBER,JIOFIBER,True,18%,TRUE,Utilities,0
TXN0001907,19-08-2024,67352.64,INR,IMPS INDIQUBE INDIA PVT LTD RCPT/2408/907 SUBS - exp,INDIQUBE INDIA PVT LTD,True,18%,TRUE,Rent,0
TXN0001908,19-08-2024,7347.43,INR,IKEA Pvt Ltd,IKEA Pvt Ltd,True,12%,TRUE,Office Supplies,0
TXN0001909,19-08-2024,39350.4,INR,RTGS HclR CPT/2408/909 Q2 - exp,Hcl,True,18%,TRUE,IT Services,0
TXN0001910,19-08-2024,63372.79,INR,-rtgs wework inv/2408/910 gst - exp# ref 1470,WEWORK,True,18%,TRUE,Rent,0
TXN0001911,19-08-2024,2977.95,INR,rtgs swi.ggy rcpt/2408/911 subs - exp ref 7130,SWI.ggy,True,5%,FALSE,Meals,0
TXN0001912,20-08-2024,4891.92,INR,neft rapido inv/2408/912 q2 - exp,Rapido,True,5%,FALSE,Travel,0
TXN0001913,20-08-2024,21994.56,INR,RTGS KSEB INDIA PVT LTD RCPT/2408/913 ADV - exp,KSEB INDIA PVT LTD,True,18%,TRUE,Utilities,0
TXN0001914,20-08-2024,49077.29,INR,WIP.ro,WIP.ro,True,18%,TRUE,IT Services,0
TXN0001915,20-08-2024,5694.05,INR,CRAD Uber INV/2408/915 Q1 - exp,Uber,True,5%,FALSE,Travel,0
TXN0001916,20-08-2024,5034.44,INR,UPI IND.igo INV/2408/916 RENT - exp,IND.igo,True,5%,FALSE,Travel,0
TXN0001917,20-08-2024,2987.59,INR,upi swiggy pvt ltd taxinv/2408/917 subs - exp,SWIGGY Pvt Ltd,True,28%,FALSE,Meals,1
TXN0001918,20-08-2024,12699.84,INR,#CARD FIGMA gNDIA PVT LTD BILL/2408/918 TDS - exp* ref 2856,FIGMA INDIA PVT LTD,True,18%,TRUE,Software,0
TXN0001919,20-08-2024,2899.24,INR,AUTO-DEBIT STA.mp dhty BILL/2408/919 RENT - exp,STA.mp duty,False,12%,FALSE,Exempt Services,1
TXN0001920,20-08-2024,3800.1,INR,CARD STAPLES INV/2408/920 RENT - exp,STAPLES,True,12%,TRUE,Office Supplies,0
TXN0001921,20-08-2024,37833.93,INR,-AUTO-DEBIT TECHM Pvt Ltd BILL/2408/921 GST - it services exp /  ref 307,TECHM Pvt Ltd,True,18%,TRUE,IT Services,0
TXN0001922,20-08-2024,64824.14,INR,imps wework taxinv/2408/922 q1 - exp,WEWORK,True,18%,TRUE,Rent,0
TXN0001923,20-08-2024,4275.59,INR,card ola nidia pvt ltd taxinv/2408/923 adv - exp# ref 3257,OLA INDIA PVT LTD,True,5%,FALSE,Travel,0
TXN0001924,20-08-2024,19582.32,INR,,UPG.rad,True,18%,unknown,Training,0
TXN0001925,21-08-2024,6589.83,INR,*NEFT ADOBE INV/2408925 RENT - exp,ADOBE,True,18%,TRUE,Software,0
TXN0001926,21-08-2024,122070.84,INR,NEFT AWF.is RCPT2/408/926 ADV - exp,AWF.is,True,18%,TRUE,Rent,0
TXN0001927,21-08-2024,15671.34,INR,a*uto-debit bescom pvt ltd bill/2408/927 q1 - exp,BESCOM Pvt Ltd,True,18%,TRUE,Utilities,0
TXN0001928,21-08-2024,6085.89,INR,auto-debit staples pvt ltd bill/4208/928 tds - exp,STAPLES Pvt Ltd,True,12%,TRUE,Office Supplies,0
TXN0001929,21-08-2024,31577.42,INR,NEFT WIPRO RCPT/2408/929 FY24 - it services exp /  ref 4415,WIPRO,True,18%,TRUE,IT Services,0
TXN0001930,21-08-2024,5978.49,INR,card microsoft inv/2408/930 rent - software exp,Microsoft,True,18%,TRUE,Software,0
TXN0001931,21-08-2024,7372.15,INR,RTGS KSEB RCPT/2408/931 FY25 - exp,KSEB,True,18%,TRUE,Utilities,0
TXN0001932,21-08-2024,108784.35,INR,upi indiqube bill/2408/932 tds - rent exp /  ref 6545,INDIQUBE,True,18%,TRUE,Rent,1
TXN0001933,21-08-2024,4984.62,INR,AUTO-DEBIT OFFICE DEPOT BILL/2408/933 FY25 - exp,OFFICE DEPOT,True,12%,TRUE,Office Supplies,0
TXN0001934,22-08-2024,8680.29,INR,imps figma pvt ltd inv/2408/934 rent - exp / ref 6353,FIGMA Pvt Ltd,True,18%,TRUE,Software,0
TXN0001935,22-08-2024,100430.81,INR,-IMPS INDIQUBE INV/2408/935 Q1 - rent exp,INDIQUBE,True,18%,TRUE,Rent,0
TXN0001936,22-08-2024,6555.27,INR,*imps staples inv/2408/936 adv - exp,STAPLES,True,12%,TRUE,Office Supplies,0
TXN0001937,22-08-2024,4724.33,INR,!AUTO-DEBIT KFC BILL/2408/937 SUB - exp,KFC,True,5%,FALSE,Meals,0
TXN0001938,22-08-2024,9498.19,INR,#UPI MICROSOFT INDIA PVT LTD TAXINV/2408/93 8GST - exp,MICROSOFT INDIA PVT LTD,True,18%,TRUE,Software,0
TXN0001939,22-08-2024,22123.52,INR,IMPS UPGRAD Pvt Ltd BILL/2408/939 TDS - exp,UPGRAD Pvt Ltd,True,18%,unknown,Training,0
TXN0001940,22-08-2024,86476.98,INR,IMPS AWFIS INDIA PVT LTD TAXINV/2408/940 ADV - rent exp,AWFIS INDIA PVT LTD,True,18%,TRUE,Rent,0
TXN0001941,22-08-2024,3420.38,INR,CARD IND.igo TAXINV/2408/941 Q2 - exp,IND.igo,True,5%,FALSE,Travel,0
TXN0001942,22-08-2024,2955.01,INR,,ZOMATO,True,5%,FALSE,Meals,0
TXN0001943,22-08-2024,38855.7,INR,NEFT Indiqube RCPT/2408/943 GST - exp,Indiqube,True,18%,TRUE,Rent,0
TXN0001944,23-08-2024,6872.38,INR,!NEFT OFFICE DEPOT BILL/2408/944 GST - exp,OFFICE DEPOT,True,12%,TRUE,Office Supplies,0
TXN0001945,23-08-2024,5679.64,INR,*IMPS RCPT/2408/945 RENT - exp# ref 4241,Govt Fees,False,exempt,FALSE,Exempt Services,0
TXN0001946,23-08-2024,6506.75,INR,!upi adobe rcpt/2408/946 fy24 - exp,ADOBE,True,18%,TRUE,Software,0
TXN0001947,23-08-2024,6656.71,INR,OLA Pvt Ltd,OLA Pvt Ltd,True,5%,FALSE,Travel,0
TXN0001948,23-08-2024,3262.33,INR,Ola,Ola,True,5%,FALSE,Travel,0
TXN0001949,23-08-2024,29512.28,INR,netf infy taxinv/2408/949 gst - exp,INFY,True,18%,TRUE,IT Services,0
TXN0001950,23-08-2024,5359.86,INR,#neft ike.a bill/2408/950 fy25 - exp,IKE.a,True,12%,TRUE,Office Supplies,0
TXN0001951,23-08-2024,86150.8,INR,!CARD IndiqubeoINV/2408/951 Q1 - exp* ref 1835,Indiqube,True,18%,TRUE,Rent,0
TXN0001952,23-08-2024,20592.65,INR,IMPS BESCOM INV/2408/952 FY24 - exp,BESCOM,True,18%,TRUE,Utilities,0
TXN0001953,23-08-2024,25490.01,INR,imps infy pvt ltd bill/2408/953 q2 - exp,INFY Pvt Ltd,True,18%,TRUE,IT Services,0
TXN0001954,23-08-2024,8133.63,INR,!UPI gkea INV/2408/954 FY24 - exp,Ikea,True,12%,TRUE,Office Supplies,0
TXN0001955,23-08-2024,69100.84,INR,NEFT WEWORK TAXINV/2408/955 FY24 - exp- ref 2831,WEWORK,True,18%,TRUE,Rent,0
TXN0001956,23-08-2024,11053.0,INR,imps jiofiber taxinv/2408/956 adv - exp,JIOFIBER,True,18%,TRUE,Utilities,0
TXN0001957,23-08-2024,111553.8,INR,-imps indiqube pvt ltd taxinv/2408/957 fy25 - exp f ref 5716,INDIQUBE Pvt Ltd,True,18%,TRUE,Rent,0
TXN0001958,23-08-2024,94050.94,INR,RTGS Awfis TAXINV/2408/958 GST -exp! ref 6284,Awfis,True,18%,TRUE,Rent,0
TXN0001959,23-08-2024,2424.63,INR, / imps zomato pvt ltd taxinv/2408/959 q1 - meals exp,ZOMATO Pvt Ltd,True,5%,FALSE,Meals,0
TXN0001960,23-08-2024,9754.8,INR,Jiofiber charges,Jiofiber,True,18%,TRUE,Utilities,0
TXN0001961,24-08-2024,46955.23,INR,-RTGS TCS RCPT/2408/961 RENT - it services exp,TCS,True,18%,TRUE,IT Services,0
TXN0001962,24-08-2024,2746.69,INR,imps kfc inv/2408/96 tds - meals exp,KFC,True,5%,FALSE,Meals,0
TXN0001963,24-08-2024,3080.0,INR, / imps kfc taxinv/2408/963 q1 - meals exp pref 3742,KFC,True,5%,FALSE,Meals,0
TXN0001964,24-08-2024,5895.74,INR, / CARD ADO.be BILL/2408/964 RENT - software exp,ADO.be,True,18%,TRUE,Software,0
TXN0001965,24-08-2024,6413.59,INR,UPI AIRTEL Pvt Ltd RCPT/2408/965 Q2 - exp- ref 5607,AIRTEL Pvt Ltd,True,18%,TRUE,Utilities,0
TXN0001966,24-08-2024,7989.46,INR,RTGS FIGMA INDIA PVT LTD RCPT/2408/966 TDS - exp! ref 4921,FIGMA INDIA PVT LTD,True,18%,TRUE,Software,0
TXN0001967,24-08-2024,2688.52,INR,*CARD SWIGGY Pvt Ltd TAXINV/2408/967 FY25 - exp- ref 9229,SWIGGY Pvt Ltd,True,5%,FALSE,Meals,0
TXN0001968,24-08-2024,7486.46,INR,IMPS CANVA INV/2408/968 FY25 - software exp,CANVA,True,18%,TRUE,Software,0
TXN0001969,24-08-2024,9146.46,INR,upi jiofiber taxinv/2408/969 rent - exp,Jiofiber,True,18%,TRUE,Utilities,0
TXN0001970,24-08-2024,3461.14,INR,Ikea charges,Ikea,True,12%,TRUE,Office Supplies,0
TXN0001971,24-08-2024,51562.69,INR,UPI Wipro RCPT/2408/971 SUBS - exp / ref 4449,Wipro,True,18%,TRUE,IT Services,0
TXN0001972,24-08-2024,6949.19,INR,imps figma rcpt/2408/972 fy25 - exp# ref 5356,Figma,True,18%,TRUE,Software,0
TXN0001973,24-08-2024,2551.78,INR,card zomato rcpt/2408/973 q1 - exp,ZOMATO,True,5%,FALSE,Meals,0
TXN0001974,24-08-2024,3728.24,INR,/ IMPS Kfc BILL/2408/974 FY25 - exp* ref 4196,Kfc,True,5%,FALSE,Meals,0
TXN0001975,25-08-2024,38289.68,INR,*NEFT WIPRO RCPT/2408/975 ADV - exp,WIPRO,True,18%,TRUE,IT Services,0
TXN0001976,25-08-2024,7238.9,INR,UPI IKE.a INV/2408/976 ADV - exp ref 1493,IKE.a,True,12%,TRUE,Office Supplies,0
TXN0001977,25-08-2024,2564.9,INR,/ rtgs kfc pvt ltd inv/2408/977 subs - exp,KFC Pvt Ltd,True,5%,FALSE,Meals,0
TXN0001978,25-08-2024,68038.67,INR,upi awfis bill/2408/978 tds - exp,Awfis,True,18%,TRUE,Rent,0
TXN0001979,25-08-2024,3108.51,INR,STAMP DUTY INDIA PVT LTD charges,STAMP DUTY INDIA PVT LTD,False,exempt,FALSE,Exempt Services,0
TXN0001980,25-08-2024,5451.95,INR,neft uber india pvt ltd bill/2408/980 yy25 - exp,UBER INDIA PVT LTD,True,5%,FALSE,Travel,0
TXN0001981,25-08-2024,6821.43,INR,OFFICE DEPOT INDIA PVT LTD charges,OFFICE DEPOT INDIA PVT LTD,True,12%,TRUE,Office Supplies,0
TXN0001982,25-08-2024,4038.19,INR,neft indigo taxinv/2408/982 rent - exp,INDIGO,True,5%,FALSE,Travel,0
TXN0001983,25-08-2024,3723.08,INR,#NEFT STAPLES Pvt Ltd TAXINV/2408/983 RENT - exp,STAPLES Pvt Ltd,True,12%,TRUE,Office Supplies,0
TXN0001984,25-08-2024,9478.07,INR,CANVA Pvt Ltd,CANVA Pvt Ltd,True,18%,TRUE,Software,0
TXN0001985,25-08-2024,7173.58,INR,CARD KSEB INDIA PVT LTD INV/2408/985 TDS - exp,KSEB INDIA PVT LTD,True,18%,TRUE,Utilities,0
TXN0001986,25-08-2024,99527.55,INR,AWF.is,AWF.is,True,18%,TRUE,Rent,0
TXN0001987,25-08-2024,90119.03,INR,AUTO-DEBIT WEWORK TAXINV/2408/987 GST - exp,WEWORK,True,18%,TRUE,Rent,0
TXN0001988,25-08-2024,5059.44,INR,*rtgs rapido india pvt ltd rcpt/2408/988 rent - exp,RAPIDO INDIA PVT LTD,True,5%,FALSE,Travel,0
TXN0001989,26-08-2024,33388.11,INR,!RTGS TCS INV/2408/989 GST - exp,TCS,True,18%,TRUE,IT Services,0
TXN0001990,26-08-2024,6685.05,INR,UPI Rapido INV/2408/990 TDS - exp- ref 8287,Rapido,True,5%,FALSE,Travel,0
TXN0001991,26-08-2024,7512.75,INR,-,Ola,True,5%,FALSE,Travel,0
TXN0001992,26-08-2024,3316.9,INR,*IMPS ZOMATO INDIA PVT LTD INV/2408/992 ADV - exp,ZOMATO INDIA PVT LTD,True,5%,FALSE,Meals,0
TXN0001993,26-08-2024,4525.04,INR,*auto-debit sta.ples inv/2408/993 fy24 - exp,STA.ples,True,12%,TRUE,Office Supplies,0
TXN0001994,26-08-2024,26165.19,INR,!upi techm india pvt ltd rcpt/2408/994 adv - it services exp,TECHM INDIA PVT LTD,True,18%,TRUE,IT Services,0
TXN0001995,26-08-2024,12579.71,INR,*imps upgrad taxinv/2408/995 q2 - exp- ref 3757,UPGRAD,True,18%,unknown,Training,0
TXN0001996,26-08-2024,2999.65,INR,OFF.ice depot charges,OFF.ice depot,True,12%,TRUE,Office Supplies,0
TXN0001997,26-08-2024,88627.91,INR,CARD AWFIS INV/2408/997 FY25 - exp / ref 7342,AWFIS,True,18%,TRUE,Rent,0
TXN0001998,26-08-2024,2526.2,INR,STAMP DUTY Pvt Ltd charges,STAMP DUTY Pvt Ltd,False,exempt,FALSE,Exempt Services,0
TXN0001999,26-08-2024,20567.02,INR,#UPI SIMPLILEARN RCPT/2408/999 RENT - exp,SIMPLILEARN,True,18%,unknown,Training,0
TXN0002000,26-08-2024,61475.25,INR,NEFT HCL RCPT/2408/000 ADV - exp,HCL,True,18%,TRUE,IT Services,0
TXN0002001,27-08-2024,133899.68,INR,/ upi kseb rcpt/2408/001 adv - exp,KSEB,True,18%,TRUE,Utilities,1
TXN0002002,27-08-2024,94660.72,INR, neft wework india pvt ltd rcpt/2408/002 fy25 - rent exp,WEWORK INDIA PVT LTD,True,18%,TRUE,Rent,0
TXN0002003,27-08-2024,14977.48,INR, UPI JIOFIBER Pvt Ltd RCPT/2408/003 Q2 - utilities exp# ref 5091,JIOFIBER Pvt Ltd,True,18%,TRUE,Utilities,0
TXN0002004,27-08-2024,18704.26,INR,AUTO-DEBIT HCL RCPT/2408/004 TDS - exp,HCL,True,18%,TRUE,IT Services,0
TXN0002005,27-08-2024,144839.63,INR,AUTO-DEBIT AWFIS INDIA PVT LTD INV/2408/005 SUBS - exp,AWFIS INDIA PVT LTD,True,18%,TRUE,Rent,0
TXN0002006,27-08-2024,64819.08,INR,*NEFT INFY BILL/2408/006 Q1 - exp,INFY,True,18%,TRUE,IT Services,0
TXN0002007,27-08-2024,13224.61,INR,neft airtel inv/2408/007 q2 - xep,AIRTEL,True,18%,TRUE,Utilities,0
TXN0002008,27-08-2024,19265.68,INR,UPI Jixfiber TAXINV/2408/008 ADV - exp,Jiofiber,True,18%,TRUE,Utilities,0
TXN0002009,27-08-2024,36760.47,INR,AUTO-DEBIT WIPRO INDIA PVT LTD TAXINV/2408/009 FY24 - exp* ref 6125,WIPRO INDIA PVT LTD,True,18%,TRUE,IT Services,0
TXN0002010,27-08-2024,29558.12,INR,CARD HCL INV/2408/010 FY24 - exp,HCL,True,18%,TRUE,IT Services,0
TXN0002011,27-08-2024,4324.78,INR,#RTGS RCPT/2408/011 GST - exp,ROC FEES,False,exempt,FALSE,Exempt Services,0
TXN0002012,27-08-2024,39590.22,INR,auto-debit infy taxinv/2408/012 fy25 - exp ref 4160,Infy,True,18%,TRUE,IT Services,0
TXN0002013,28-08-2024,12901.74,INR,-imps canva bill/2408/013 fy24 - exp# ref8614,CANVA,True,18%,TRUE,Software,0
TXN0002014,28-08-2024,5579.57,INR,*NEFT Staples INV/2408/014 RENT - exp,Staples,True,12%,TRUE,Office Supplies,0
TXN0002015,28-08-2024,5576.16,INR,imps adobe taxinv/2408/015 fy24 - software exp,Adobe,True,18%,TRUE,Software,0
TXN0002016,28-08-2024,9030.66,INR,#RTGS MIC.rosoft TAXINV/2408/016 Q1 - exp / ref 9647,MIC.rosoft,True,18%,TRUE,Software,0
TXN0002017,28-08-2024,27063.41,INR,RTGS TCS INDIA PVT LTD TAXINV/2408/017 Q2 - exp,TCS INDIA PVT LTD,True,18%,TRUE,IT Services,0
TXN0002018,28-08-2024,29601.79,INR,-RTGS TECHM RCPT/2408/018 SUBS - exp / ref 4499,TECHM,True,18%,TRUE,IT Services,0
TXN0002019,28-08-2024,6083.08,INR,RTGS RAPIDO INDIA PVT LTD BILL/2408/019 SUBS - exp,RAPIDO INDIA PVT LTD,True,5%,FALSE,Travel,0
TXN0002020,28-08-2024,43561.27,INR,AUTO-DEBIT TECHM BILL/2408/020 FY25 - it services exp,TECHM,True,18%,TRUE,IT Services,0
TXN0002021,28-08-2024,3059.33,INR,AUTO-DEBIT SWIGGY BILL/2408/021 FY24 - exp / ref 6426,SWIGGY,True,5%,FALSE,Meals,0
TXN0002022,28-08-2024,5017.7,INR,na,Staples,True,12%,TRUE,Office Supplies,0
TXN0002023,28-08-2024,6155.31,INR,/ imps bill/2408/023 fy24 - exp,ROC FEES,False,exempt,FALSE,Exempt Services,0
TXN0002024,28-08-2024,10995.76,INR,,JIOFIBER,True,18%,TRUE,Utilities,0
TXN0002025,28-08-2024,3283.69,INR,SWIGGY charges,SWIGGY,True,5%,FALSE,Meals,0
TXN0002026,28-08-2024,2979.44,INR,RTGS INDIGO Pvt Ltd INV/2408/026 RENT - exp- ref 8932,INDIGO Pvt Ltd,True,5%,FALSE,Travel,0
TXN0002027,28-08-2024,5116.82,INR,/ auto-debit staples rcpt/2408/027 adv - ex,STAPLES,True,12%,TRUE,Office Supplies,0
TXN0002028,28-08-2024,19420.27,INR,#AUTO-DEIBT UPGRAD Pvt Ltd INV/2408/028 Q1 - training exp,UPGRAD Pvt Ltd,True,18%,unknown,Training,0
TXN0002029,28-08-2024,7290.49,INR,#auto-debit ind.igo rcpt/2408/029 adv - exp! ref 8962,IND.igo,True,5%,FALSE,Travel,0
TXN0002030,29-08-2024,30919.6,INR,upi tcs india pvt ltd bill/2408/030 rent - exp ref 2731,TCS INDIA PVT LTD,True,18%,TRUE,IT Services,0
TXN0002031,29-08-2024,14424.79,INR,RTGS JIOFIBER INV/2408/031 TDS - exp ref 7576,JIOFIBER,True,18%,TRUE,Utilities,0
TXN0002032,29-08-2024,8134.41,INR,upi airtel bill/2408/032 avd - utilities exp,AIRTEL,True,18%,TRUE,Utilities,0
TXN0002033,29-08-2024,1247.39,INR,IMPS KFC INDIA PVT LTD RCPT/2408/033 RENT - exp! ref 8706,KFC INDIA PVT LTD,True,5%,FALSE,Meals,0
TXN0002034,29-08-2024,9271.19,INR,NEFT JIOFIBER Pvt Ltd RCPT/2408/034 YF25 - exp,JIOFIBER Pvt Ltd,True,18%,TRUE,Utilities,0
TXN0002035,29-08-2024,4057.52,INR,neft indigo inv/2408/035 q1 - exp,Indigo,True,5%,FALSE,Travel,0
TXN0002036,29-08-2024,4854.13,INR,upi ikea pvt ltd inv/2408/036 subs - office supplies exp,IKEA Pvt Ltd,True,12%,TRUE,Office Supplies,0
TXN0002037,29-08-2024,47336.08,INR,WIPRO,WIPRO,True,18%,TRUE,IT Services,0
TXN0002038,29-08-2024,8716.63,INR,!IMPS JIOFIBER Pvt Ltd TAXINV/2408/038 TDS - exp,JIOFIBER Pvt Ltd,True,18%,TRUE,Utilities,0
TXN0002039,29-08-2024,107030.79,INR,n/a,WEWORK,True,18%,TRUE,Rent,0
TXN0002040,29-08-2024,5149.62,INR,-card ikea india pvt ltd rcpt/2408/040 tds - exp* ref 6581,IKEA INDIA PVT LTD,True,12%,TRUE,Office Supplies,0
TXN0002041,29-08-2024,67719.19,INR,CARD INDIQUBE INV/2408/041 Q2 - rxp,INDIQUBE,True,18%,TRUE,Rent,0
TXN0002042,29-08-2024,60950.26,INR,!UPI Hcl RCPT/24080/42 SUBS - it services exp,Hcl,True,18%,TRUE,IT Services,0
TXN0002043,29-08-2024,50177.44,INR,imps hcl india pvt ltd bill/2408/043 fy24 - it services exp- ref 8916,HCL INDIA PVT LTD,True,18%,TRUE,IT Services,0
TXN0002044,29-08-2024,7807.6,INR,-auto-debit bescom rcpt/2408/044 subs - exp,Bescom,True,18%,TRUE,Utilities,0
TXN0002045,29-08-2024,20141.66,INR,IMPS TCS TAXINV/2408/045 Q2 - it services exp,TCS,True,18%,TRUE,IT Services,0
TXN0002046,29-08-2024,17826.07,INR,AUTO-DEBIT BESCOM INV/2408/046 GST - exp-href 5030,BESCOM,True,18%,TRUE,Utilities,0
TXN0002047,29-08-2024,3415.12,INR,UPI BILL/2408/047 FY25 - exp# ref 8919,STAMP DUTY,False,exempt,FALSE,Exempt Services,0
TXN0002048,29-08-2024,131802.76,INR,auto-debit awfis india pvt ltd bill/2408/048 q1 - exp,AWFIS INDIA PVT LTD,True,18%,TRUE,Rent,0
TXN0002049,29-08-2024,2758.83,INR,-CARD Pvt Ltd BILL/2408/049 GST - exp,ROC FEES Pvt Ltd,False,exempt,FALSE,Exempt Services,0
TXN0002050,29-08-2024,11508.46,INR,neft microsoft rcpt/2408/050 tds - software exp,MICROSOFT,True,18%,TRUE,Software,0
TXN0002051,30-08-2024,7896.54,INR,-,ADO.be,True,18%,TRUE,Software,0
TXN0002052,30-08-2024,15720.19,INR,NEFT Upgrad RCPT/2408052 FY24 - exp* ref 8074,Upgrad,True,18%,unknown,Training,0
TXN0002053,30-08-2024,85226.54,INR,/ IMPS Indiqube RCPT/2408/053 - exp,Indiqube,True,18%,TRUE,Rent,0
TXN0002054,30-08-2024,7814.73,INR,*UPI IKEA INDIA PVT LTD BILL/2408/054 RENT - exp* ref 8109,IKEA INDIA PVT LTD,True,12%,TRUE,Office Supplies,0
TXN0002055,30-08-2024,70076.2,INR,CARD AWFIS Pvt Ltd BILL/2408/055 GST - exp,AWFIS Pvt Ltd,True,18%,TRUE,Rent,0
TXN0002056,30-08-2024,3353.2,INR,NEFT RAPIDO TAXINV/2408/056 FY24 - exp,RAPIDO,True,5%,FALSE,Travel,0
TXN0002057,30-08-2024,4543.65,INR, ,SWI.ggy,True,5%,FALSE,Meals,0
TXN0002058,30-08-2024,10304.8,INR,na,ADOBE,True,18%,TRUE,Software,0
TXN0002059,30-08-2024,33702.43,INR,HCL charges,HCL,True,18%,TRUE,IT Services,0
TXN0002060,30-08-2024,3896.24,INR,#card kfc inv/2408/060 q1 - exp,KFC,True,5%,FALSE,Meals,0
TXN0002061,30-08-2024,8241.35,INR,*auto-debit ikea pvt ltd inv/2408/061 fy24 - exp- ref 1445,IKEA Pvt Ltd,True,12%,TRUE,Office Supplies,0
TXN0002062,30-08-2024,90229.08,INR,/ NEFT INDIQUBE BILL/2408/062 FY25 - exp,INDIQUBE,True,18%,TRUE,Rent,0
TXN0002063,31-08-2024,7807.82,INR,!neft indigo bill/2408/063 q1 - exp / ref 1320,Indigo,True,5%,FALSE,Travel,0
TXN0002064,31-08-2024,16888.59,INR, / UPI SIMPLILEARN INDIA PT LTD TAXINV/2408/064 ADV - training exp,SIMPLILEARN INDIA PVT LTD,True,18%,unknown,Training,0
TXN0002065,31-08-2024,13537.35,INR,ptgs upgrad india pvt ltd inv/2408/065 tds - exr,UPGRAD INDIA PVT LTD,True,18%,unknown,Training,0
TXN0002066,31-08-2024,10111.92,INR,/ RTGS Canva BILL/240/066 Q2 - exp,Canva,True,18%,TRUE,Software,0
TXN0002067,31-08-2024,101953.19,INR,imps wework bill/2408/067 adv - exp,WEWORK,True,18%,TRUE,Rent,0
TXN0002068,31-08-2024,4365.47,INR,IMPS Office Depot BILL/2408/068 SUBS - exp,Office Depot,True,12%,TRUE,Office Supplies,0
TXN0002069,31-08-2024,83300.68,INR,NEFT INDIQUBE INDIA PVT LTD INV/2408/069 TDS - exp,INDIQUBE INDIA PVT LTD,True,18%,TRUE,Rent,0
TXN0002070,31-08-2024,2792.74,INR,!upi india pvt ltd rcpt/2408/070 fy25 - exp ref 7732,ROC FEES INDIA PVT LTD,False,exempt,FALSE,Exempt Services,0
TXN0002071,31-08-2024,4449.62,INR,/ IMPS IKEA INV/2408/071 RENT - exp,IKEA,True,12%,TRUE,Office Supplies,0
TXN0002072,31-08-2024,4502.22,INR,imps bill/2408/072 q1 - exp,GOVT FEES,False,exempt,FALSE,Exempt Services,0
TXN0002073,31-08-2024,10939.23,INR,CARD KSEB INDIA PVT LTD BILL/2408/073 FY24 - exp,KSEB INDIA PVT LTD,True,18%,TRUE,Utilities,0
TXN0002074,31-08-2024,48254.96,INR,RTGS WIPRO BILL/2408/074 TDS - it services exp,WIPRO,True,18%,TRUE,IT Services,0
TXN0002075,31-08-2024,10742.15,INR,card figma pvt ltd inv/2408/075 subs - exp,FIGMA Pvt Ltd,True,18%,TRUE,Software,0
TXN0002076,31-08-2024,18781.55,INR,SIMPLILEARN charges,SIMPLILEARN,True,18%,unknown,Training,0
TXN0002077,31-08-2024,2383.45,INR,#IMPS DOMINOS Pvt Ltd TAXINV/2408/077 TDS - exp,DOMINOS Pvt Ltd,True,5%,FALSE,Meals,0
TXN0002078,31-08-2024,34752.32,INR,UIP TECHM RCPT/2408/078 FY25 - exp,TECHM,True,18%,TRUE,IT Services,0
TXN0002079,31-08-2024,4647.43,INR,!IMPS IKEA Pvt Ltd RCPT/2408/079 GST - exp,IKEA Pvt Ltd,True,12%,TRUE,Office Supplies,0
TXN0002080,31-08-2024,36272.89,INR, NEFT TEC.hm RCPT/2408/080 GST - it services exp,TEC.hm,True,5%,TRUE,IT Services,1
TXN0002081,01-09-2024,43584.12,INR,#UPI TEC.hm TAXINV/2409/081 ADV - exp# ref 7840,TEC.hm,True,18%,TRUE,IT Services,0
TXN0002082,01-09-2024,77688.39,INR,AUTO-DEBIT WEWORK RCPs/2409/082 Q1 - exp,WEWORK,True,18%,TRUE,Rent,0
TXN0002083,01-09-2024,9208.83,INR,MIC.rosoft charges,MIC.rosoft,True,18%,TRUE,Software,0
TXN0002084,01-09-2024,7473.64,INR,IMPS UBER INV/2409/084 TDS - travel exp* ref 7733,UBER,True,5%,FALSE,Travel,0
TXN0002085,01-09-2024,11142.47,INR,NEFT ADO.be RCPT/2409/085 SUBS - exp ref 4522,ADO.be,True,18%,TRUE,Software,0
TXN0002086,01-09-2024,6944.97,INR,Staples charges,Staples,True,12%,TRUE,Office Supplies,0
TXN0002087,01-09-2024,10219.13,INR,#imps adobe rcpt/2409/087 q2 - exp,ADOBE,True,18%,TRUE,Software,0
TXN0002088,01-09-2024,42307.12,INR,IMPS Tcs RCPT/2409/088 Q1 - exp,Tcs,True,18%,TRUE,IT Services,0
TXN0002089,01-09-2024,25450.63,INR,!AUTO-DEBIT HCL RCPT/2409/089 FY24 - exp,HCL,True,18%,TRUE,IT Services,0
TXN0002090,01-09-2024,3117.87,INR,-upi pvt ltd taxinv/2409/090 fy24 - exp* ref 8942,ROC FEES Pvt Ltd,False,exempt,FALSE,Exempt Services,0
TXN0002091,01-09-2024,15887.97,INR,!UPI Jiofiber INV/2409/091 Q1 - exp / ref 2113,Jiofiber,True,18%,TRUE,Utilities,0
TXN0002092,01-09-2024,4475.94,INR,CARD OFFICE DEPOT INV/2409/092 Q2 - exp,OFFICE DEPOT,True,12%,TRUE,Office Supplies,0
TXN0002093,01-09-2024,109829.26,INR,!NEFT Wewor kRCPT/2409/093 Q1 - exp ref 4722,Wework,True,18%,TRUE,Rent,0
TXN0002094,01-09-2024,20070.83,INR,IMPS UPGRAD INV/2409/094 GST - training exp,UPGRAD,True,18%,unknown,Training,0
TXN0002095,01-09-2024,2852.39,INR,AUTO-DEBIT Zomato BILL/2409/095 FY25 - exp,Zomato,True,5%,FALSE,Meals,0
TXN0002096,01-09-2024,13511.77,INR,RTGS KSE.b TAXINV/2409/096 GST - exp,KSE.b,True,18%,TRUE,Utilities,0
TXN0002097,02-09-2024,8390.11,INR,!CARD RAPIDO INDIA PVT LTD RCPT/2409/097 RENT - exp,RAPIDO INDIA PVT LTD,True,5%,TRUE,Travel,1
TXN0002098,02-09-2024,24226.78,INR,HCL Pvt Ltd,HCL Pvt Ltd,True,18%,TRUE,IT Services,0
TXN0002099,02-09-2024,17881.53,INR,!auto-debit adobe bill/2409/099 q1 - exp,ADOBE,True,18%,TRUE,Software,0
TXN0002100,02-09-2024,2114.57,INR, / RTGS DOMINOS INV/2409/100 GST - meals exp,DOMINOS,True,5%,FALSE,Meals,0
TXN0002101,02-09-2024,4700.62,INR,IMPS RAPIDO TAXINV/2409/101 Q2 - exp,RAPIDO,True,5%,FALSE,Travel,0
TXN0002102,02-09-2024,13775.92,INR,*RTGS AIRTEL BILL/2409/102 Q2 - exp,AIRTEL,True,18%,TRUE,Utilities,0
TXN0002103,02-09-2024,12275.69,INR,RTGS ra RCPT/2409/103 FY25 - exp,Coursera,True,18%,unknown,Training,0
TXN0002104,02-09-2024,34335.54,INR,!RTGS HCL Pvt Ltd RCPT/2409/104 FY24 - exp,HCL Pvt Ltd,True,18%,TRUE,IT Services,0
TXN0002105,02-09-2024,43309.95,INR,auto-debit wipro india pvt ltd rcpt/2409/105 q1 - exp,WIPRO INDIA PVT LTD,True,18%,TRUE,IT Services,0
TXN0002106,02-09-2024,4914.47,INR,upi indigo iv/2409/106 fy24 - exp,INDIGO,True,5%,FALSE,Travel,0
TXN0002107,02-09-2024,29107.54,INR,-IMPS INFY Pvt Ltd INV/2409/107 GST - exp,INFY Pvt Ltd,True,18%,TRUE,IT Services,0
TXN0002108,02-09-2024,16212.41,INR,-AUTO-DEBIT BESCOM Pvt Ltd TAXINV/2409/108 ADV - exp* ref 8820,BESCOM Pvt Ltd,True,18%,TRUE,Utilities,0
TXN0002109,02-09-2024,1922.34,INR,!rtgs swi.ggy rcpt/2409/109 adv - exp,SWI.ggy,True,5%,FALSE,Meals,0
TXN0002110,02-09-2024,6891.27,INR,NEFT FIG.ma TAXINV/2409/110 Q1 - exp,FIG.ma,True,18%,TRUE,Software,0
TXN0002111,03-09-2024,39313.72,INR,Techm charges,Techm,True,18%,TRUE,IT Services,0
TXN0002112,03-09-2024,7062.52,INR,#UPI STAPLES Pvt Ltd BILL/2409/112 FY5 - office supplies exp,STAPLES Pvt Ltd,True,12%,TRUE,Office Supplies,0
TXN0002113,03-09-2024,9278.29,INR,n/a,FIGMA,True,18%,TRUE,Software,0
TXN0002114,03-09-2024,33782.43,INR,NEFT INFY INDIA PVT LTD BILL/2409/114 Q2 - exp,INFY INDIA PVT LTD,True,18%,TRUE,IT Services,0
TXN0002115,03-09-2024,84530.1,INR,/ upi wework inv/2409/115 tds - exp,WEWORK,True,18%,TRUE,Rent,0
TXN0002116,03-09-2024,3739.16,INR,AUTO-DEBIT RAPIDO Pvt Ltd TAXINV/2409/116 RENT - exp,RAPIDO Pvt Ltd,True,5%,FALSE,Travel,0
TXN0002117,03-09-2024,40029.12,INR,RTGS TECmM RCPT/2409/117 FY25 - exp,TECHM,True,18%,TRUE,IT Services,0
TXN0002118,03-09-2024,11785.79,INR,*UPI RAP.ido INV/2409/118 GST - exp# ref 7084,RAP.ido,True,5%,FALSE,Travel,0
TXN0002119,03-09-2024,8001.16,INR,NEFT CANVA BILL/2409/119 ADV - exp* ref 7276,CANVA,True,18%,TRUE,Software,0
TXN0002120,03-09-2024,53043.98,INR,*card techm bill/2409/120 subs - it services exp,TECHM,True,18%,TRUE,IT Services,0
TXN0002121,04-09-2024,5114.73,INR,AUTO-DEBIT BILL/2409/121 RENT - exp,GOVT FEES,False,exempt,TRUE,Exempt Services,1
TXN0002122,04-09-2024,17438.77,INR,*imps coursera inv/2409/122 gst - training exp /  ref 3747,Coursera,True,18%,unknown,Training,0
TXN0002123,04-09-2024,38624.46,INR,AUTO-DEBIT RA Pvt Ltd TAXINV/2409/123 GST - exp,COURSERA Pvt Ltd,True,18%,unknown,Training,0
TXN0002124,04-09-2024,7623.86,INR,IMSP FIGMA RCPT/2409/124 FY24 - exp,FIGMA,True,18%,TRUE,Software,0
TXN0002125,04-09-2024,4677.97,INR,NEFT IKE.a RCPT/2409/125 GST - exp,IKE.a,True,12%,TRUE,Office Supplies,0
TXN0002126,04-09-2024,32567.8,INR,neft inf.y bill/2409/126 q1 - exp / ref 8066,INF.y,True,18%,TRUE,IT Services,0
TXN0002127,04-09-2024,3907.38,INR,RTGS BILL/2409/127 TDS - ep,Stamp Duty,False,exempt,FALSE,Exempt Services,0
TXN0002128,04-09-2024,9241.38,INR,RTGS BESCOM INDIA PVT LTD BILL/g409/128 Q2 - exp* ref 4420,BESCOM INDIA PVT LTD,True,18%,TRUE,Utilities,0
TXN0002129,04-09-2024,26993.52,INR,*RTGS WIPRO Pvt Ltd TAXINV/2409/129 FY25 - it services exp,WIPRO Pvt Ltd,True,18%,TRUE,IT Services,0
TXN0002130,04-09-2024,12193.81,INR,*RTGS AIRTEL INDIA PVT LTD INV/2409/130 TDS - exp,AIRTEL INDIA PVT LTD,True,18%,TRUE,Utilities,0
TXN0002131,04-09-2024,6234.51,INR,AUTO-DEBIT Ola BILL/2409/131 Q1 - exp ref 9872,Ola,True,5%,FALSE,Travel,0
TXN0002132,04-09-2024,97260.13,INR,!upi afwis bill/2409/132 fy24 - exp,AWFIS,True,18%,TRUE,Rent,0
TXN0002133,04-09-2024,5517.02,INR,#IMPS Office Depot BILL/2409/133 TDS - office supplies exp,Office Depot,True,12%,TRUE,Office Supplies,0
TXN0002134,04-09-2024,48987.88,INR,#neft tcs rcpt/2409/134 tds - exp,TCS,True,18%,TRUE,IT Services,0
TXN0002135,05-09-2024,95785.22,INR,AUTO-DEBIT AWFIS RCPT/2409/135 FY25 - exp,AWFIS,True,18%,TRUE,Rent,0
TXN0002136,05-09-2024,8323.22,INR,IMPS JIOFIBER Pvt Ltd TAXINV/2409/136 GST - exp,JIOFIBER Pvt Ltd,True,18%,TRUE,Utilities,0
TXN0002137,05-09-2024,2577.04,INR,!card dominos india pvt ltd taxinv/2409/137 rent - exp,DOMINOS INDIA PVT LTD,True,5%,FALSE,Meals,0
TXN0002138,05-09-2024,43293.15,INR,UPI WIP.ro INV/2409/138 GST - it services exp,WIP.ro,True,18%,TRUE,IT Services,0
TXN0002139,05-09-2024,8666.36,INR,IMPS CANVA TAXINV/2409/139fQ1 - exp,CANVA,True,18%,TRUE,Software,0
TXN0002140,05-09-2024,3676.08,INR,/ UPI INDIGO INxIA PVT LTD RCPT/2409/140 FY25 - exp# ref 2688,INDIGO INDIA PVT LTD,True,5%,FALSE,Travel,0
TXN0002141,06-09-2024,9260.63,INR,NEFT CANVA Pvt Ltd RCPT/2409/141 Q2 - exp ref 1747,CANVA Pvt Ltd,True,18%,TRUE,Software,0
TXN0002142,06-09-2024,36781.97,INR,#imps techm inv/2409/142 fy25 - it services exp,TECHM,True,18%,TRUE,IT Services,0
TXN0002143,06-09-2024,82221.98,INR,UPI INDIQUBE RCPT/2409/143 FY25 - exp,INDIQUBE,True,18%,TRUE,Rent,0
TXN0002144,06-09-2024,6305.23,INR,NEFT CANVA Pvt Ltd RCPT/2409/144 ADV  exp! ref 6526,CANVA Pvt Ltd,True,18%,TRUE,Software,0
TXN0002145,06-09-2024,6239.72,INR,RAPIDO INDIA PVT LTD,RAPIDO INDIA PVT LTD,True,5%,FALSE,Travel,0
TXN0002146,06-09-2024,5985.24,INR,card ikea inv/2409/146 gst - exp# ref 6690,IKEA,True,12%,TRUE,Office Supplies,0
TXN0002147,06-09-2024,15598.45,INR,rtgs kseb india pvt ltd bill/2409/147 tds - exp,KSEB INDIA PVT LTD,True,18%,TRUE,Utilities,0
TXN0002148,06-09-2024,39348.65,INR,#IMPS TCS TAXINV/2409/148 FY25 - exp,TCS,True,18%,TRUE,IT Services,0
TXN0002149,06-09-2024,4934.48,INR,CARD STA.ples INV/2409/149 ADV - office supplies exp,STA.ples,True,12%,TRUE,Office Supplies,0
TXN0002150,06-09-2024,37589.49,INR,RTGS INFY BILL/2409/150 FY24 - exp* ref 4077,INFY,True,18%,TRUE,IT Services,0
TXN0002151,06-09-2024,43248.78,INR,RTGS HCL Pvt Ltd TAXINV/2409/151 GST - it services exp,HCL Pvt Ltd,True,18%,TRUE,IT Services,0
TXN0002152,06-09-2024,9669.62,INR,*AUTO-DEBIT FIG.ma TAXINV/2409/152 FY25 - software exp,FIG.ma,True,18%,TRUE,Software,0
TXN0002153,06-09-2024,20910.93,INR,CARD RA TAXIVN/2409/153 TDS - exp,COURSERA,True,18%,unknown,Training,0
TXN0002154,07-09-2024,25671.1,INR,AUTO-EDBIT COU.rsera TAXINV/2409/154 GST - exp,COU.rsera,True,18%,unknown,Training,0
TXN0002155,07-09-2024,10516.35,INR,RTGS ADOBE BILL/2409/155 TDS - exp,ADOBE,True,18%,TRUE,Software,0
TXN0002156,07-09-2024,25584.6,INR,NEFT UPGRAD RCPT/2409/156 FY25 - exp- ref 1383,UPGRAD,True,18%,unknown,Training,0
TXN0002157,07-09-2024,45825.57,INR,card aafis india pvt ltd rcpt/2409/157 adv - rent exp /  ref 9654,AWFIS INDIA PVT LTD,True,18%,TRUE,Rent,0
TXN0002158,07-09-2024,10327.74,INR,upi jiofiber india pvt ltd rcpt/2409/158 tds - utilities exp# ref 2757,JIOFIBER INDIA PVT LTD,True,18%,TRUE,Utilities,0
TXN0002159,07-09-2024,120731.0,INR,-AUTO-DEBIT AWFIS RCPT/2409/159 FY24 - exp,AWFIS,True,18%,TRUE,Rent,0
TXN0002160,07-09-2024,55871.24,INR,!auto-debit awfis india pvt ltd rcpt/2409/160 adv - exp,AWFIS INDIA PVT LTD,True,18%,TRUE,Rent,0
TXN0002161,07-09-2024,6789.64,INR,*neft ikea india pvt ltd rcpt/2409/161 fy24 - exp,IKEA INDIA PVT LTD,True,12%,TRUE,Office Supplies,0
TXN0002162,07-09-2024,53549.62,INR,IMPS WIPRO TAXINV/2409/162 Q2 - exp,WIPRO,True,18%,TRUE,IT Services,0
TXN0002163,08-09-2024,7747.59,INR,NEFT ADOBE INV/2409/163 ADV - software exp,ADOBE,True,18%,TRUE,Software,0
TXN0002164,08-09-2024,3850.19,INR,card rcpt/2409/164 subs - exp,STAMP DUTY,False,exempt,FALSE,Exempt Services,0
TXN0002165,08-09-2024,4031.25,INR,UPI Stpales INV/2409/165 FY24 - exp,Staples,True,12%,TRUE,Office Supplies,0
TXN0002166,08-09-2024,4501.5,INR,CARD OLA INDIA PVT LTD TAXINV/2409/1f6 TDS - exp,OLA INDIA PVT LTD,True,5%,FALSE,Travel,0
TXN0002167,08-09-2024,16807.86,INR,*UPI TCS TAXINV/2409/167 GST - exp# ref 1005,TCS,True,18%,TRUE,IT Services,0
TXN0002168,08-09-2024,26149.71,INR,auto-debit hcl pvt ltd inv/2409/168 subs - exp,HCL Pvt Ltd,True,18%,TRUE,IT Services,0
TXN0002169,08-09-2024,5208.58,INR,upi ikea taxinv/2409/169 tds - exp,IKEA,True,12%,TRUE,Office Supplies,0
TXN0002170,08-09-2024,147527.24,INR,NEFT AWFIS INDIA PVT LTD TAXINV/2409/170 GST - rent exp- ref 8943,AWFIS INDIA PVT LTD,True,18%,TRUE,Rent,0
TXN0002171,08-09-2024,9691.51,INR,!neft kseb rcpt/2409/171 tds - exp! ref 1539,KSEB,True,18%,TRUE,Utilities,0
TXN0002172,08-09-2024,26146.78,INR,*UPI TCS RCPT/2409/172 ADV - exp- ref l551,TCS,True,18%,TRUE,IT Services,0
TXN0002173,08-09-2024,5906.26,INR,/ NEFT STAPLES TAXINV/2409/173 FY25 - exp / ref 2659,STAPLES,True,12%,TRUE,Office Supplies,0
TXN0002174,08-09-2024,28117.16,INR,auto-dbeit infy bill/2409/174 fy25 - exp,INFY,True,18%,TRUE,IT Services,0
TXN0002175,08-09-2024,31372.51,INR,RTGS Wipro INV/2409/175 TDS - exp,Wipro,True,18%,TRUE,IT Services,0
TXN0002176,08-09-2024,19582.82,INR,auto-debit ra taxinv/2409/176 subs - exp,Coursera,True,18%,unknown,Training,0
TXN0002177,08-09-2024,4263.47,INR,NEFT INDIGO TAXINV/2409/177 RENT - exp! ref 2244,INDIGO,True,5%,FALSE,Travel,0
TXN0002178,08-09-2024,6137.01,INR, / AUTO-DEBIT STA.ples TAXINV/2409/178 Q1 - office supplies exp,STA.ples,True,12%,TRUE,Office Supplies,0
TXN0002179,08-09-2024,10954.74,INR,*neft bescom rcpt/2409/179 q2 - exp,Bescom,True,18%,TRUE,Utilities,0
TXN0002180,08-09-2024,2878.41,INR,CARD Govt Fees RCPT/2409/180 Q2 - exempt services exp,Govt Fees,False,exempt,FALSE,Exempt Services,0
TXN0002181,08-09-2024,6354.45,INR,card office depot rcpt/2409/181 subs - exp,OFFICE DEPOT,True,12%,TRUE,Office Supplies,0
TXN0002182,08-09-2024,48800.64,INR,Uber charges,Uber,True,5%,FALSE,Travel,1
TXN0002183,08-09-2024,7535.96,INR,!IMPS OFFICE DEPOT RCPT/2409/183 FY24 - office supplies ejp /  ref 8959,OFFICE DEPOT,True,12%,TRUE,Office Supplies,0
TXN0002184,09-09-2024,15994.27,INR,card coursera pvt ltd ibll/2409/184 fy25 - training exp,COURSERA Pvt Ltd,True,18%,unknown,Training,0
TXN0002185,09-09-2024,97478.5,INR,!CARD INDIQUBE INDIA PVT LTD TAXNIV/2409/185 TDS - exp# ref 4238,INDIQUBE INDIA PVT LTD,True,18%,TRUE,Rent,0
TXN0002186,09-09-2024,28419.37,INR,CARD HCL INV/2409/186 SUBS - exp,HCL,True,18%,TRUE,IT Services,0
TXN0002187,09-09-2024,11786.56,INR,n/a,BESCOM,True,18%,TRUE,Utilities,0
TXN0002188,09-09-2024,79186.48,INR,IMPS AWFIS INDIA PVT LTD INV/2409/188 ADV - rent exp,AWFIS INDIA PVT LTD,True,18%,TRUE,Rent,0
TXN0002189,09-09-2024,86986.62,INR,UPI INDIQUBE Pvt Ltd RCPT/2409/189 Qc - exp,INDIQUBE Pvt Ltd,True,18%,TRUE,Rent,0
TXN0002190,09-09-2024,18975.62,INR,RTGS RA INV/2409/190 FY25 - exp- ref 5529,COURSERA,True,18%,unknown,Training,0
TXN0002191,09-09-2024,28101.16,INR,UPGRAD INDIA PVT LTD,UPGRAD INDIA PVT LTD,True,18%,unknown,Training,0
TXN0002192,09-09-2024,24311.23,INR,upi infy bill/2409/192 gst - exp,Infy,True,18%,TRUE,IT Services,0
TXN0002193,09-09-2024,28067.85,INR,-auto-debit wipro pvt ltd inv/2409/193 q1 - exp,WIPRO Pvt Ltd,True,18%,TRUE,IT Services,0
TXN0002194,09-09-2024,9488.17,INR,n/a,Kseb,True,18%,TRUE,Utilities,0
TXN0002195,09-09-2024,46696.54,INR,IMPS TECHM RCPT/2409/195 FY24 - exp,TECHM,True,18%,TRUE,IT Services,0
TXN0002196,09-09-2024,37593.33,INR,IMPS HCL RCPT/2409/196 GST - exp,HCL,True,18%,TRUE,IT Services,0
TXN0002197,10-09-2024,17249.55,INR,card simplilmarn rcpt/2409/197 tds - exp / ref 6436,SIMPLILEARN,True,18%,unknown,Training,0
TXN0002198,10-09-2024,66874.29,INR,rtgs infy taxinv/240b/198 gst - exp,Infy,True,18%,TRUE,IT Services,0
TXN0002199,10-09-2024,18521.98,INR,-upi tec.hm rcpt/2409/199 fy24 - it services exp,TEC.hm,True,18%,TRUE,IT Services,0
TXN0002200,10-09-2024,4613.35,INR,imps staples inv/2409/200 gst - exp,Staples,True,12%,TRUE,Office Supplies,0
TXN0002201,10-09-2024,34095.62,INR,NEFT HCL Pvt Ltd BILL/2409/201 ADV - exp,HCL Pvt Ltd,True,18%,TRUE,IT Services,0
TXN0002202,10-09-2024,11443.52,INR,Airtel,Airtel,True,18%,TRUE,Utilities,0
TXN0002203,10-09-2024,3563.52,INR,CARD Zomato INV/2409/203 FY24 - exp,Zomato,True,5%,FALSE,Meals,0
TXN0002204,10-09-2024,13783.01,INR,CARD BESCOM TAXINV/2409/204 Q1 - exp,BESCOM,True,18%,TRUE,Utilities,0
TXN0002205,10-09-2024,56224.1,INR,!card awfis atxinv/2409/205 q1 - exp,Awfis,True,18%,TRUE,Rent,0
TXN0002206,10-09-2024,72897.08,INR,-RTGS Indiqube RCPT/2409/206 Q2 - exp,Indiqube,True,18%,TRUE,Rent,0
TXN0002207,10-09-2024,118005.53,INR,WEWORK charges,WEWORK,True,18%,TRUE,Rent,0
TXN0002208,11-09-2024,9824.9,INR,!auto-debit jiofiber india pvt ltd bill/2409/208 fy25 - exp,JIOFIBER INDIA PVT LTD,True,18%,TRUE,Utilities,0
TXN0002209,11-09-2024,37348.17,INR,!IMPS TECHM INDIA PVT LTD INV/2409/209 SUBS - it services exp,TECHM INDIA PVT LTD,True,18%,TRUE,IT Services,0
TXN0002210,11-09-2024,12133.2,INR,UPI CANVA RCPT/2409/210 ADV - exp,CANVA,True,18%,TRUE,Software,0
TXN0002211,11-09-2024,26986.05,INR,NEFT RA BILL/2409/211 SUBS - exp,COURSERA,True,18%,unknown,Training,0
TXN0002212,11-09-2024,7972.87,INR,#auto-debi ola india pvt ltd rcpt/2409/212 fy25 - exp,OLA INDIA PVT LTD,True,5%,FALSE,Travel,0
TXN0002213,11-09-2024,10089.51,INR,MICROSOFT Pvt Ltd,MICROSOFT Pvt Ltd,True,18%,TRUE,Software,0
TXN0002214,11-09-2024,12811.02,INR,*rtgs bescom bill/2409/214 gsy - exp / ref 8115,Bescom,True,18%,TRUE,Utilities,0
TXN0002215,11-09-2024,6615.34,INR,-card ikea rcpt/2409/215 q2-  exp,IKEA,True,12%,TRUE,Office Supplies,0
TXN0002216,11-09-2024,4544.0,INR,/ NEFT OLA INV/2409/216 ADV - exp,OLA,True,5%,FALSE,Travel,0
TXN0002217,11-09-2024,4012.83,INR,AUTO-DEBIT Rapido INV/2409/217 Q2 - exp / ref 7993,Rapido,True,5%,FALSE,Travel,0
TXN0002218,12-09-2024,3665.78,INR,card figma inv/2409/218 gst - software exp,FIGMA,True,18%,TRUE,Software,0
TXN0002219,12-09-2024,42287.05,INR,*IMPS Tcs INV/2409/219 SUqS - exp,Tcs,True,18%,TRUE,IT Services,0
TXN0002220,12-09-2024,54875.06,INR,upi awfis bil/l2409/220 fy25 - exp,AWFIS,True,18%,TRUE,Rent,0
TXN0002221,12-09-2024,7161.32,INR,OFFICE DEPOT,OFFICE DEPOT,True,12%,TRUE,Office Supplies,0
TXN0002222,12-09-2024,38002.32,INR,*neft indiqube pvt ltd rcpt2409/222 subs - rent exp,INDIQUBE Pvt Ltd,True,18%,TRUE,Rent,0
TXN0002223,12-09-2024,3910.63,INR,NEFT OLA Pvt Ltd RCPT/2409/223 Q2 - exp,OLA Pvt Ltd,True,5%,FALSE,Travel,0
TXN0002224,12-09-2024,22040.27,INR,CARD Airtel TAXINV/2409/224 TDS - exp,Airtel,True,18%,TRUE,Utilities,0
TXN0002225,12-09-2024,38814.32,INR,WIPRO Pvt Ltd charges,WIPRO Pvt Ltd,True,12%,TRUE,IT Services,1
TXN0002226,12-09-2024,50369.46,INR,CARD HCL BILL/2409/226 FY25 - exp- ref 1889,HCL,True,18%,TRUE,IT Services,0
TXN0002227,12-09-2024,4632.93,INR,Ikea,Ikea,True,12%,TRUE,Office Supplies,0
TXN0002228,12-09-2024,18082.49,INR,/ NEFT INFY TAXINV/2409/228 ADV - exp* ref 6942,INFY,True,18%,TRUE,IT Services,0
TXN0002229,12-09-2024,18112.09,INR,card upgrad taxinv/2409/229 q2 - exp,Upgrad,True,18%,unknown,Training,0
TXN0002230,12-09-2024,34316.17,INR,UPI Hcl TAXINV/2409/230 Q1 - exp,Hcl,True,18%,TRUE,IT Services,0
TXN0002231,12-09-2024,5760.55,INR,-AUTO-DEbIT IKEA Pvt Ltd RCPT/2409/231 FY24 - exp,IKEA Pvt Ltd,True,12%,TRUE,Office Supplies,0
TXN0002232,12-09-2024,3153.19,INR,imps indigo india pvt ltd inv/2409/232 fy24 - exp,INDIGO INDIA PVT LTD,True,5%,FALSE,Travel,0
TXN0002233,12-09-2024,13833.0,INR,/ upi canva inv/2409/233 fy25 - exp,Canva,True,18%,TRUE,Software,0
TXN0002234,12-09-2024,3503.81,INR,RTGS Swiggy RCPT/2409/234 ADV - exp,Swiggy,True,5%,FALSE,Meals,0
TXN0002235,13-09-2024,90130.25,INR,NEFT IND.iqube RCPT/2409/235 - exp,IND.iqube,True,18%,TRUE,Rent,0
TXN0002236,13-09-2024,19185.35,INR,CARD Tcs TAXINV/2409/236 GST - exp* ref 6914,Tcs,True,18%,TRUE,IT Services,0
TXN0002237,13-09-2024,76292.91,INR,CARD WEWORK INV/2409/237 - exp# ref 3291,WEWORK,True,18%,TRUE,Rent,0
TXN0002238,13-09-2024,13807.48,INR,SIM.plilearn,SIM.plilearn,True,18%,unknown,Training,0
TXN0002239,13-09-2024,104688.23,INR,!IMPS AWFIS RCPT/2409/239 FY24 - exp,AWFIS,True,18%,TRUE,Rent,0
TXN0002240,13-09-2024,3591.19,INR,/ auto-debit kfc rcpt/2409/2g0 adv - exp! ref 6413,KFC,True,5%,FALSE,Meals,0
TXN0002241,13-09-2024,5365.15,INR,#CARD STAPLES BILL/2409/241 FY25 - exp,STAPLES,True,12%,TRUE,Office Supplies,0
TXN0002242,13-09-2024,10624.15,INR,neft air.tel inv/2409/242q 2 - exp,AIR.tel,True,18%,TRUE,Utilities,0
TXN0002243,13-09-2024,163007.42,INR,#upi indiqube pvt ltd taxinv/2409/243 fy25 - exp,INDIQUBE Pvt Ltd,True,18%,TRUE,Rent,0
TXN0002244,13-09-2024,4832.29,INR,neft indigo taxinv/2409/244 rent - exp,INDIGO,True,5%,FALSE,Travel,0
TXN0002245,13-09-2024,72784.9,INR,-UPI AWFIS BILL/2409/245 TDS - exp,AWFIS,True,18%,TRUE,Rent,0
TXN0002246,13-09-2024,16963.86,INR,CARD STAPLES Pvt Ltd BILL/2409/246 TDS - exp ref 4179,STAPLES Pvt Ltd,True,12%,TRUE,Office Supplies,0
TXN0002247,13-09-2024,6057.42,INR,-,OFFICE DEPOT,True,12%,TRUE,Office Supplies,0
TXN0002248,13-09-2024,8724.18,INR,!upi airtel india pvt ltd rcpt/2409/248 subs - exp,AIRTEL INDIA PVT LTD,True,12%,TRUE,Utilities,1
TXN0002249,13-09-2024,7300.56,INR,/ CARD Figma INV/2409/249 RENT - exp,Figma,True,18%,TRUE,Software,0
TXN0002250,13-09-2024,5004.9,INR,-AUTO-DEBIT OLA INV/2409/250 FY25 - exp- ref 8560,OLA,True,5%,FALSE,Travel,0
TXN0002251,14-09-2024,8473.28,INR,na,KSEB Pvt Ltd,True,18%,TRUE,Utilities,0
TXN0002252,14-09-2024,2963.55,INR,NEFT RPCT/2409/252 TDS - exp,GOVT FEES,False,exempt,FALSE,Exempt Services,0
TXN0002253,14-09-2024,91518.44,INR,-imps indiqube india pvt ltd rcpt/2409/253 fy25 - exp,INDIQUBE INDIA PVT LTD,True,18%,TRUE,Rent,0
TXN0002254,14-09-2024,33543.98,INR,#auto-debit wipro india pvt ltd rcpt/2409/254 gst - exp,WIPRO INDIA PVT LTD,True,18%,TRUE,IT Services,0
TXN0002255,14-09-2024,11692.54,INR,card airtel rcpt/2409/255 tds - utilities exp* ref 3637,AIRTEL,True,18%,TRUE,Utilities,0
TXN0002256,14-09-2024,6668.66,INR,-IMPS CANVA RCP/2409/256 ADV - exp- ref 6886,CANVA,True,18%,TRUE,Software,0
TXN0002257,14-09-2024,3589.34,INR,/ UPI OFFICE DEPOT TAXINV/2409/257 SGT - exp,OFFICE DEPOT,True,12%,TRUE,Office Supplies,0
TXN0002258,14-09-2024,24160.98,INR,*NEFT COURSERA Pvt Ltd RCPT/2409/258 TDS - training exp,COURSERA Pvt Ltd,True,18%,unknown,Training,0
TXN0002259,14-09-2024,37902.13,INR,!AUTO-DEBIT TSC INV/2409/259 FY24 - exp,TCS,True,18%,TRUE,IT Services,0
TXN0002260,14-09-2024,34470.33,INR,!NEFT HCL INV/2409/260 TDS - it services exp,HCL,True,18%,TRUE,IT Services,0
TXN0002261,15-09-2024,107183.3,INR,RTGS INDIQUBE RCPT/2409/261 Q2 - exp,INDIQUBE,True,18%,TRUE,Rent,0
TXN0002262,15-09-2024,10881.46,INR,/ auto-debit sta.ples inv/2409/262 fy24 - exp# ref 7925,STA.ples,True,12%,TRUE,Office Supplies,0
TXN0002263,15-09-2024,4769.33,INR,/ AUTO-DEBIT IKEA Pvt Ltd INV/2409/263 ADV - exp#iref 2550,IKEA Pvt Ltd,True,12%,TRUE,Office Supplies,0
TXN0002264,15-09-2024,5169.74,INR,UPI AIRTEL Pvt Ltd BILL/2409/264 RENT - exp,AIRTEL Pvt Ltd,True,18%,TRUE,Utilities,0
TXN0002265,15-09-2024,108187.33,INR,!neft indiqube rcpt/2409/265 subs - exp,INDIQUBE,True,18%,TRUE,Rent,0
TXN0002266,15-09-2024,1760.38,INR,UPI DO.inos INV/2409/266 SUBS - exp,DOM.inos,True,5%,FALSE,Meals,0
TXN0002267,15-09-2024,6252.67,INR,RTGS IKEA INV/2409/267 GST - exp,IKEA,True,12%,TRUE,Office Supplies,0
TXN0002268,15-09-2024,43538.35,INR,CARD TCEHM TAXINV/2409/268 TDS - exp,TECHM,True,18%,TRUE,IT Services,0
TXN0002269,15-09-2024,8015.17,INR,imps canva rcpt/2409/269 fy24 - software exp* ref 9108,CANVA,True,18%,TRUE,Software,0
TXN0002270,15-09-2024,35815.91,INR,-neft infy india pvt ltd bill/2409/270 tds - it services exp,INFY INDIA PVT LTD,True,18%,TRUE,IT Services,0
TXN0002271,15-09-2024,104525.78,INR,-upi awfis inv/2409/271 subs - exp,AWFIS,True,18%,TRUE,Rent,0
TXN0002272,15-09-2024,11972.98,INR,!auto-debit adobe rcpt/2409/272 gst - exp,ADOBE,True,18%,TRUE,Software,0
TXN0002273,15-09-2024,12729.22,INR,-neft jiofiber india pvt ltd bill/2409/273 fy25 - exp! ref 8491,JIOFIBER INDIA PVT LTD,True,18%,TRUE,Utilities,0
TXN0002274,15-09-2024,8025.4,INR,*imps airtel taxinv/2409/274 fy25 - exp,AIRTEL,True,18%,TRUE,Utilities,0
TXN0002275,15-09-2024,29572.77,INR,neft wipro rcpt/2409/275 adv - it esrvices exp# ref 6419,Wipro,True,18%,TRUE,IT Services,0
TXN0002276,15-09-2024,11285.64,INR,CARD KSEB TAXINV/2409/276 FY24 - xep,KSEB,True,18%,TRUE,Utilities,0
TXN0002277,15-09-2024,6210.72,INR,!UPI Figma INV/2409/277 FY25 - software exp* ref 4905,Figma,True,18%,TRUE,Software,0
TXN0002278,15-09-2024,5050.34,INR,ROC FEES INDIA PVT LTD charges,ROC FEES INDIA PVT LTD,False,exempt,FALSE,Exempt Services,0
TXN0002279,15-09-2024,46316.54,INR,AUTO-DEBIT WIPRO INDIA PVT LTD INV/2409/279 FY24 - exp,WIPRO INDIA PVT LTD,True,12%,TRUE,IT Services,1
TXN0002280,15-09-2024,3490.15,INR,!RTGS RAP.ido BILL/2409/280 Q1 - exp,RAP.ido,True,5%,FALSE,Travel,0
TXN0002281,15-09-2024,7239.94,INR,NEFT Office Depot TAXINV/2409/281 FY24 - exp,Office Depot,True,12%,TRUE,Office Supplies,0
TXN0002282,15-09-2024,95694.13,INR,#NEFT WEWORK RCPT/2409/282 GST - exp* ref 3215,WEWORK,True,18%,TRUE,Rent,0
TXN0002283,16-09-2024,87076.51,INR,NEFT INDIQUBE INDIA PVT LTD RCPT/2409/283 FY25 - exp,INDIQUBE INDIA PVT LTD,True,18%,TRUE,Rent,0
TXN0002284,16-09-2024,109645.7,INR,imps wework inv/2409/284 subs - exp- ref 5845,WEWORK,True,18%,TRUE,Rent,0
TXN0002285,16-09-2024,31347.6,INR,CARD Hcl RCPT/2409/285 Q2 - exp,Hcl,True,18%,TRUE,IT Services,0
TXN0002286,16-09-2024,75599.75,INR,!rtgs awfis pvt ltd bill/2409/286 tds - exp,AWFIS Pvt Ltd,True,18%,TRUE,Rent,0
TXN0002287,16-09-2024,68732.1,INR,!rtgs wipro inv/2409/287 rent - exp# ref 8985,WIPRO,True,18%,TRUE,IT Services,0
TXN0002288,16-09-2024,9815.69,INR,card canva india pvt ltd rcpt2409/288 rent - exp,CANVA INDIA PVT LTD,True,18%,TRUE,Software,0
TXN0002289,16-09-2024,22024.03,INR,#imps wipro bill/2409/289 subs - it services exp! ref 8565,WIPRO,True,18%,TRUE,IT Services,0
TXN0002290,16-09-2024,37450.27,INR,-card infy inv/2409/290 gst - exp! ref 1986,Infy,True,18%,TRUE,IT Services,0
TXN0002291,16-09-2024,10714.17,INR,KSEB,KSEB,True,18%,TRUE,Utilities,0
TXN0002292,16-09-2024,77102.53,INR,#auto-debit awfis bill/2409/292 q2 - exp,AWFIS,True,18%,TRUE,Rent,0
TXN0002293,16-09-2024,27459.89,INR,i AUTO-DEBIT TCS RCPT/2409/293 Q1 - exp,TCS,True,18%,TRUE,IT Services,0
TXN0002294,16-09-2024,86675.14,INR,!neft wew.ork bill/2409/294 subs - exp,WEW.ork,True,18%,TRUE,Rent,0
TXN0002295,17-09-2024,5072.8,INR,na,IKE.a,True,12%,TRUE,Office Supplies,0
TXN0002296,17-09-2024,26450.89,INR,neft wipro inv/2409/296 adv - exp ref 9681,WIPRO,True,18%,TRUE,IT Services,0
TXN0002297,17-09-2024,67489.01,INR,Awfis charges,Awfis,True,18%,TRUE,Rent,0
TXN0002298,17-09-2024,18430.46,INR,n/a,HCL INDIA PVT LTD,True,18%,TRUE,IT Services,0
TXN0002299,17-09-2024,34485.85,INR,neft wipro taxinv/2409/299 fy25 - exp# ref 2878,WIPRO,True,18%,TRUE,IT Services,0
TXN0002300,17-09-2024,23441.09,INR,/ CARD SIMPLILEARN INV/2409/300 Q2 - exp- ref 9527,SIMPLILEARN,True,18%,unknown,Training,0
TXN0002301,17-09-2024,112733.5,INR, rtgs wework bill/2409/301 tds - rent exp,WEWORK,True,18%,TRUE,Rent,0
TXN0002302,17-09-2024,35490.32,INR,SIMPLILEARN INDIA PVT LTD,SIMPLILEARN INDIA PVT LTD,True,18%,unknown,Training,0
TXN0002303,17-09-2024,37454.97,INR,#auto-debit wipro rcpt/2409/303 fy25 - exp* ref 3300,Wipro,True,18%,TRUE,IT Services,0
TXN0002304,18-09-2024,7424.25,INR,IMPS CANVA INDIA PVT LTD TAXINV/2409/304 RENT - software exp,CANVA INDIA PVT LTD,True,18%,TRUE,Software,0
TXN0002305,18-09-2024,9676.53,INR,#NEFT AIRTEL INDIA PVT LTD TAXINV/2409/305 RENT - exp,AIRTEL INDIA PVT LTD,True,18%,TRUE,Utilities,0
TXN0002306,18-09-2024,12179.01,INR,RTGS MICROSOFT RCPT/2409/306 GST - exp* ref 3340,MICROSOFT,True,18%,TRUE,Software,0
TXN0002307,18-09-2024,4511.31,INR,CARD DOMINOS INV/2409/307 FY25 - exp# ref 6071,DOMINOS,True,5%,FALSE,Meals,0
TXN0002308,18-09-2024,13642.41,INR,AUTO-DEBIT Airtel BILL/2409/308 RENT - exp,Airtel,True,18%,TRUE,Utilities,0
TXN0002309,18-09-2024,4136.81,INR,imps staples taxinv/2409/309 tds - exp,Staples,True,12%,TRUE,Office Supplies,0
TXN0002310,18-09-2024,9307.84,INR,*upi jiofiber india pvt ltd taxinv/2409/310 q2 - exp,JIOFIBER INDIA PVT LTD,True,18%,TRUE,Utilities,0
TXN0002311,18-09-2024,46087.14,INR, / card simplilearn inv/2409/311 fy25 - training exp,SIMPLILEARN,True,18%,unknown,Training,0
TXN0002312,18-09-2024,14575.23,INR,*UPI JIOFIBER Pvt Ltd TAXINV/2409/312 ADV - exp# ref 3427,JIOFIBER Pvt Ltd,True,18%,TRUE,Utilities,0
TXN0002313,19-09-2024,8430.81,INR,UPI BESCOM Pvt Ltd BILL/2409/313 ADV - exp! ref 6756,BESCOM Pvt Ltd,True,18%,TRUE,Utilities,0
TXN0002314,19-09-2024,42389.1,INR,na,TECHM INDIA PVT LTD,True,18%,TRUE,IT Services,0
TXN0002315,19-09-2024,32257.68,INR,#card inf.y inv/2409/315 q2 - exp- eef 5185,INF.y,True,18%,TRUE,IT Services,0
TXN0002316,19-09-2024,18156.87,INR,!rtgs wipro pvt ltd inv/2409/316 q2 - exp ref 9788,WIPRO Pvt Ltd,True,18%,TRUE,IT Services,0
TXN0002317,19-09-2024,33116.27,INR,*AUTO-DEBIT Tcs TAXINV/2409/317 FY24 - it services exp,Tcs,True,18%,TRUE,IT Services,0
TXN0002318,19-09-2024,9410.54,INR,card figma pvt ltd taxinv/2409/318 fy24 - exp,FIGMA Pvt Ltd,True,18%,unknown,Software,1
TXN0002319,19-09-2024,6457.64,INR,/ IMPS ADOBE RCPT/2409/319 ADV - exp,ADOBE,True,18%,TRUE,Software,0
TXN0002320,19-09-2024,137961.59,INR,,WEWORK INDIA PVT LTD,True,18%,TRUE,Rent,0
TXN0002321,19-09-2024,8891.77,INR,imps adobe india pvt ltd inv/2409/321 gst - exp! ref 9529,ADOBE INDIA PVT LTD,True,18%,TRUE,Software,1
TXN0002322,19-09-2024,58428.33,INR,#NEFT AWFIS Pvt Ltd INV/2409/322 FY25 - rent exp,AWFIS Pvt Ltd,True,18%,TRUE,Rent,0
TXN0002323,19-09-2024,4125.63,INR,#auto-debit canva inv/2409/323 gst - exp,CANVA,True,18%,TRUE,Software,0
TXN0002324,19-09-2024,28075.57,INR,HCL charges,HCL,True,18%,TRUE,IT Services,0
TXN0002325,19-09-2024,2706.89,INR,KFC,KFC,True,5%,FALSE,Meals,0
TXN0002326,20-09-2024,118144.49,INR,UPI INDIQUBE Pvt Ltd RCPT/2409/326 FY24 - exp / ref 9570,INDIQUBE Pvt Ltd,True,18%,TRUE,Rent,0
TXN0002327,20-09-2024,31484.15,INR,-RTGS TCS INV/2409/327 RENT - exp,TCS,True,18%,FALSE,IT Services,1
TXN0002328,20-09-2024,41251.48,INR,-IMPS HCL INDIA PVT LTD INV/2409/328 Q2 - it services exp,HCL INDIA PVT LTD,True,18%,TRUE,IT Services,0
TXN0002329,20-09-2024,107293.24,INR,imps awf.is taxinv/240w/329 fy25 - exp,AWF.is,True,18%,TRUE,Rent,0
TXN0002330,20-09-2024,21535.55,INR,CARD Bescom RCPT/2409/330 TDS - exp,Bescom,True,18%,TRUE,Utilities,0
TXN0002331,20-09-2024,538422.4,INR,*RTGS IND.iqube TAXINV/2409/331 FY25 - exp,IND.iqube,True,18%,TRUE,Rent,1
TXN0002332,20-09-2024,7357.56,INR,CARD ADOBE INV/2409/332 TDS - software exp,ADOBE,True,18%,TRUE,Software,0
TXN0002333,20-09-2024,13182.77,INR,UPI Adobe TAXINV/2409/333 TDS -e xp,Adobe,True,18%,TRUE,Software,0
TXN0002334,20-09-2024,21141.7,INR,TCS,TCS,True,18%,TRUE,IT Services,0
TXN0002335,20-09-2024,269006.08,INR,*NEFT WIPRO IBLL/2409/335 Q2 - exp,WIPRO,True,18%,TRUE,IT Services,1
TXN0002336,20-09-2024,7599.3,INR,card adobe taxinv/2409/336 q2 - exp,Adobe,True,18%,TRUE,Software,0
TXN0002337,20-09-2024,33019.4,INR,neft tcs rcpt/2409/337 q1 - exp# ref 3583,TCS,True,18%,TRUE,IT Services,0
TXN0002338,20-09-2024,28802.53,INR,upi wipro pvt ltd bill/2409/338 fy24 - exp,WIPRO Pvt Ltd,True,18%,TRUE,IT Services,0
TXN0002339,20-09-2024,65003.58,INR,!NEFT AWFIS Pvt Ltd BILL/2409/339 ADV - exp ref 2620,AWFIS Pvt Ltd,True,18%,TRUE,Rent,1
TXN0002340,20-09-2024,5311.04,INR,,DOM.inos,True,5%,FALSE,Meals,0
TXN0002341,20-09-2024,40136.51,INR,ips tcs taxinv/2409/341 tds - exp,Tcs,True,18%,TRUE,IT Services,0
TXN0002342,20-09-2024,17483.35,INR,auto-debit upgrad india pvt ltd bill/2409/342 subs - exp,UPGRAD INDIA PVT LTD,True,18%,unknown,Training,0
TXN0002343,21-09-2024,6655.81,INR,NEFT ADOBE BILL/2409/343 Q2 - exp! ref 6460,ADOBE,True,18%,TRUE,Software,0
TXN0002344,21-09-2024,12500.54,INR,/ CARD Bescom BILL/2409/344 FY24 - exp,Bescom,True,18%,TRUE,Utilities,0
TXN0002345,21-09-2024,5322.92,INR,UPI RCPT/2409/345 Q1 - exp,ROC FEES,False,exempt,FALSE,Exempt Services,0
TXN0002346,21-09-2024,6071.7,INR,#UPI IKEA TAXINV/2409/346 GST - exp,IKEA,True,12%,TRUE,Office Supplies,0
TXN0002347,21-09-2024,6655.0,INR,UPI Staples BILL/2409/347 Q2 - exp- ref 9773,Staples,True,12%,TRUE,Office Supplies,0
TXN0002348,21-09-2024,17255.26,INR,IMPS JIOFIBER BILL/2409/348 FY24 - exp,JIOFIBER,True,18%,TRUE,Utilities,0
TXN0002349,21-09-2024,69691.64,INR,UPI Indiqube INV/2409/349 FY25 - rent exp* ref 4038,Indiqube,True,18%,TRUE,Rent,0
TXN0002350,21-09-2024,15159.97,INR,RTGS BES.com RCP/T2409/350 ADV - exp,BES.com,True,18%,TRUE,Utilities,0
TXN0002351,21-09-2024,18457.69,INR,AIR.tel,AIR.tel,True,18%,TRUE,Utilities,0
TXN0002352,21-09-2024,27197.23,INR,rtgsw ipro taxinv/2409/352 subs - exp ref 2544,WIPRO,True,18%,TRUE,IT Services,0
TXN0002353,21-09-2024,4777.04,INR,!UPI OFFICE DEPOT RqPT/2409/353 FY25 - exp,OFFICE DEPOT,True,12%,TRUE,Office Supplies,0
TXN0002354,22-09-2024,89187.38,INR,!RTGS AWF.is TAXINV/2409/354 Q1 - rent exp,AWF.is,True,18%,TRUE,Rent,0
TXN0002355,22-09-2024,69320.14,INR,!auto-debit awfis india pvt ltd rcpt/2409/355 rent - rent exp,AWFIS INDIA PVT LTD,True,18%,TRUE,Rent,0
TXN0002356,22-09-2024,2177.17,INR,neft kfc inv/2409/356 subs - exp,Kfc,True,5%,FALSE,Meals,0
TXN0002357,22-09-2024,12575.89,INR, ,MICROSOFT,True,18%,TRUE,Software,0
TXN0002358,22-09-2024,121496.24,INR,NEFT INDIQUBE Pvt Ltd BILL/2409/358 FY24 - exp,INDIQUBE Pvt Ltd,True,18%,TRUE,Rent,0
TXN0002359,22-09-2024,21449.19,INR,auto-debit upgrad india pvt ltd bill/2409/359 tds - exm,UPGRAD INDIA PVT LTD,True,18%,unknown,Training,0
TXN0002360,22-09-2024,4733.55,INR,imps office depot bill/2409/360 q1 - exp,OFFICE DEPOT,True,12%,TRUE,Office Supplies,0
TXN0002361,22-09-2024,5817.55,INR,Canva,Canva,True,18%,TRUE,Software,0
TXN0002362,22-09-2024,8110.24,INR,card office depot pvt ltd taxinv/2409/362 q1 - exp,OFFICE DEPOT Pvt Ltd,True,12%,TRUE,Office Supplies,0
TXN0002363,22-09-2024,5065.54,INR,upi office depot inv/2409/363 subs - exp! ref 8978,Office Depot,True,12%,TRUE,Office Supplies,0
TXN0002364,22-09-2024,3158.34,INR,*auto-debit indigo rcpt/2409/364 tds - exp,INDIGO,True,5%,FALSE,Travel,0
TXN0002365,23-09-2024,35903.88,INR,neft hcl india pvt ltd bill/2409/365 q2 - exp,HCL INDIA PVT LTD,True,18%,TRUE,IT Services,0
TXN0002366,23-09-2024,9553.02,INR, / card off.ice depot taxinv/2409/366 subs  office supplies exp /  ref 2538,OFF.ice depot,True,12%,TRUE,Office Supplies,0
TXN0002367,23-09-2024,8588.44,INR,-AUTO-DEBIT KSE.b INV/2409/367 GST - exp,KSE.b,True,18%,TRUE,Utilities,0
TXN0002368,23-09-2024,44531.89,INR,UPI INFe RCPT/2409/368 RENT - exp,INFY,True,18%,TRUE,IT Services,0
TXN0002369,23-09-2024,3152.95,INR,ZOM.ato charges,ZOM.ato,True,5%,FALSE,Meals,0
TXN0002370,23-09-2024,9123.11,INR,#AUTO-DEBIT Jiofiber BILL/2409/370 Q1 - exp,Jiofiber,True,18%,TRUE,Utilities,0
TXN0002371,23-09-2024,3864.46,INR,*auto-debit stamp duty inv/2409/371 fy24 - exempt services exp,Stamp Duty,False,exempt,FALSE,Exempt Services,0
TXN0002372,23-09-2024,7633.12,INR,CARD MICROSOFT Pvt Ltd BILL/2409/372 TDS - software exp- ref 1410,MICROSOFT Pvt Ltd,True,18%,TRUE,Software,0
TXN0002373,23-09-2024,61644.43,INR,AUTO-DEBIT AWFIS BILL/2409/373 ADV - exp,AWFIS,True,18%,TRUE,Rent,0
TXN0002374,23-09-2024,22343.44,INR,IMPS RA INDIA PVT LTD BILL/2409/374 RENT - exp,COURSERA INDIA PVT LTD,True,18%,unknown,Training,0
TXN0002375,24-09-2024,31093.61,INR,/ RTGS INFY INDIA PVT LTD INV/2409/375 RENT - exp,INFY INDIA PVT LTD,True,18%,TRUE,IT Services,0
TXN0002376,24-09-2024,50403.65,INR,rtgs awfis inv/2409/376 fy25 - rent exp,AWFIS,True,18%,TRUE,Rent,0
TXN0002377,24-09-2024,9878.08,INR,/ NEFT MICROSOFT Pvt Ltd INV/2409/377 RENT - exp,MICROSOFT Pvt Ltd,True,18%,TRUE,Software,0
TXN0002378,24-09-2024,33700.87,INR,RTGS TECH MBILL/2409/378 ADV - exp,TECHM,True,18%,TRUE,IT Services,0
TXN0002379,24-09-2024,5404.02,INR,na,STAPLES Pvt Ltd,True,12%,TRUE,Office Supplies,0
TXN0002380,24-09-2024,149759.88,INR,NEFT Awfis TAXINV/2409/380 ADV - exp,Awfis,True,18%,TRUE,Rent,0
TXN0002381,24-09-2024,23702.99,INR,IMPS WIPRO RCPT/2409/381 FY24 - exp,WIPRO,True,12%,TRUE,IT Services,1
TXN0002382,24-09-2024,9665.3,INR,ADO.be,ADO.be,True,18%,TRUE,Software,0
TXN0002383,24-09-2024,113626.26,INR,-AUTO-DEBIT INDIQUBE INV/2409/383 FY25 - exp- ref 2084,INDIQUBE,True,18%,TRUE,Rent,0
TXN0002384,24-09-2024,50521.17,INR,upi wework inv/2409/384 q2 - exp,WEWORK,True,18%,TRUE,Rent,0
TXN0002385,24-09-2024,9108.74,INR,imps kseb india pvt ltd rcpt/2490/385 q2 - exp,KSEB INDIA PVT LTD,True,exempt,TRUE,Utilities,1
TXN0002386,24-09-2024,99245.67,INR,#auto-debit indiqube taxinv/2409/386 tds  exp* ref 3962,INDIQUBE,True,18%,TRUE,Rent,0
TXN0002387,24-09-2024,27127.78,INR,-,WIPRO INDIA PVT LTD,True,18%,TRUE,IT Services,0
TXN0002388,24-09-2024,42632.75,INR,imps wework rcpt/2409/388 - exp,WEWORK,True,18%,TRUE,Rent,0
TXN0002389,24-09-2024,89303.13,INR,*upi awfis inv/2409/389 - exp,Awfis,True,18%,TRUE,Rent,0
TXN0002390,24-09-2024,56688.9,INR, rtgs awfis rcpt/2409/390 fy24 - rent exp,Awfis,True,18%,TRUE,Rent,0
TXN0002391,24-09-2024,6470.7,INR,!rtgs mic.rosoft rcpt/2409/391 fy25 - exp,MIC.rosoft,True,18%,TRUE,Software,0
TXN0002392,25-09-2024,12848.09,INR,-NFET MICROSOFT TAXINV/2409/392 Q1 - exp,MICROSOFT,True,12%,TRUE,Software,1
TXN0002393,25-09-2024,96930.17,INR,na,AWFIS,True,18%,TRUE,Rent,0
TXN0002394,25-09-2024,9789.32,INR,-neft can.va inv/2409/394 fy25 - exp- ref 7816,CAN.va,True,18%,TRUE,Software,0
TXN0002395,25-09-2024,29776.41,INR, / RTGS Wipro TAXINV/2409/395 RENT  -it services exp,Wipro,True,18%,TRUE,IT Services,0
TXN0002396,25-09-2024,9979.28,INR,!NEFT FIGMA TAXINV/2409/396 SUBS - exp,FIGMA,True,18%,TRUE,Software,0
TXN0002397,25-09-2024,41591.3,INR,card infy ill/2409/397 adv - exp ref 1096,INFY,True,18%,TRUE,IT Services,0
TXN0002398,25-09-2024,24084.41,INR,IMPS HCL Pvt Ltd TAXINV/2409/398 RENT - exp# ref 5586,HCL Pvt Ltd,True,18%,TRUE,IT Services,0
TXN0002399,25-09-2024,4334.92,INR,auto-debit rapido rcpt/2409/399 q2 - exp! ref 6877,RAPIDO,True,5%,FALSE,Travel,0
TXN0002400,25-09-2024,8428.48,INR,n/a,IKEA,True,12%,TRUE,Office Supplies,0
TXN0002401,25-09-2024,8715.94,INR,IMPS IKE.a INV/2409/401 ADV - exp,IKE.a,True,12%,TRUE,Office Supplies,0
TXN0002402,26-09-2024,4960.95,INR,NEFT Ikea BILL/2409/402 Q1 - exp,Ikea,True,12%,TRUE,Office Supplies,0
TXN0002403,26-09-2024,69890.68,INR,upi awfis taxinv/2409/43 subs - exp,AWFIS,True,18%,TRUE,Rent,0
TXN0002404,26-09-2024,1874.51,INR,SWIGGY INDIA PVT LTD,SWIGGY INDIA PVT LTD,True,5%,FALSE,Meals,0
TXN0002405,26-09-2024,27767.56,INR,RTGS TCS RCPT/2409/405 Q2 - exp- ref 2276,TCS,True,18%,TRUE,IT Services,0
TXN0002406,26-09-2024,10164.72,INR,RAPIDO,RAPIDO,True,5%,FALSE,Travel,0
TXN0002407,26-09-2024,3976.24,INR,upi rapido rcpt/2409/407 subs - exp,Rapido,True,5%,FALSE,Travel,0
TXN0002408,26-09-2024,95510.9,INR,AUTO-DEBIT Awfis RCPT/2409/40n FY25 - exp,Awfis,True,18%,TRUE,Rent,0
TXN0002409,26-09-2024,15656.66,INR,*neft kseb india pvt ltd bill/2409/409 gst - exp- ref 3067,KSEB INDIA PVT LTD,True,18%,TRUE,Utilities,0
TXN0002410,26-09-2024,94748.18,INR,AUTO-DEBIT AWFIS Pvt Ltd RCPT/2409/410 SUBS - exp,AWFIS Pvt Ltd,True,18%,TRUE,Rent,0
TXN0002411,26-09-2024,4146.4,INR,Stamp Duty,Stamp Duty,False,exempt,FALSE,Exempt Services,0
TXN0002412,26-09-2024,45846.31,INR,#neft infy pvt ltd inv/2409/412 fy25 - exp ref 4378,INFY Pvt Ltd,True,18%,TRUE,IT Services,0
TXN0002413,26-09-2024,18983.79,INR,card wipro taxinv/2409/413 rent - exp,Wipro,True,18%,TRUE,IT Services,0
TXN0002414,26-09-2024,3536.44,INR,IMPS Ikea RCPT/2409/414 GST - exp,Ikea,True,12%,TRUE,Office Supplies,0
TXN0002415,26-09-2024,26164.81,INR,WIP.ro,WIP.ro,True,18%,TRUE,IT Services,0
TXN0002416,26-09-2024,6607.59,INR, imps microsoft taxinv/2409/416 rent - exp# ref 5757,MICROSOFT,True,18%,TRUE,Software,0
TXN0002417,26-09-2024,506991.52,INR,*RTGS Awfis BILL/2409/417 ADV - rent ep! ref 4306,Awfis,True,18%,TRUE,Rent,1
TXN0002418,26-09-2024,93623.1,INR,*RTGS INDIQUBE Pvt Ltd TAXINV/2409/418 ADV - exp,INDIQUBE Pvt Ltd,True,18%,TRUE,Rent,0
TXN0002419,26-09-2024,40701.87,INR,-NEFT HCL INV/2409/419 FY24 - exp,HCL,True,18%,TRUE,IT Services,0
TXN0002420,26-09-2024,7506.69,INR,!neft staples bill/2409/420 q2 - exp,STAPLES,True,12%,TRUE,Office Supplies,0
TXN0002421,26-09-2024,11405.58,INR,/ AUTO-DEBIT BES.com RCPT/2409/421 ADV - exp,BES.com,True,18%,TRUE,Utilities,0
TXN0002422,27-09-2024,4969.91,INR,,INDIGO,True,5%,FALSE,Travel,0
TXN0002423,27-09-2024,3963.22,INR,#UPI OLA INV/2409/423 SUBS - exp,OLA,True,5%,FALSE,Travel,0
TXN0002424,27-09-2024,48575.56,INR,/ RTGS Techm TAXINV/209/424 GST - exp / ref 7811,Techm,True,18%,TRUE,IT Services,0
TXN0002425,27-09-2024,4975.58,INR,imps kiea taxinv/2409/425 fy25 - exp- ref 4469,IKEA,True,12%,TRUE,Office Supplies,0
TXN0002426,27-09-2024,25610.13,INR,neft coursera pvt ltd bill/2409/426 tds - training exp,COURSERA Pvt Ltd,True,18%,unknown,Training,0
TXN0002427,27-09-2024,9911.92,INR,NEFT Canva BILL/2409/427 Q1 - software exp,Canva,True,18%,TRUE,Software,0
TXN0002428,27-09-2024,78578.22,INR,IMPS INDIQUBE INV/2409/428 FY25 - exp,INDIQUBE,True,18%,TRUE,Rent,0
TXN0002429,27-09-2024,5671.28,INR,AUTO-DEBIT STAPLES TAXINV/2409/429 ADV - exp,STAPLES,True,12%,TRUE,Office Supplies,0
TXN0002430,27-09-2024,19307.69,INR,RTGS Wipro BILL/2409/430 Q1 - exp ref 3111,Wipro,True,18%,TRUE,IT Services,0
TXN0002431,27-09-2024,34102.64,INR,upi hcl rcpt/2409/431 rent - exp / ref 7406,HCL,True,18%,TRUE,IT Services,0
TXN0002432,27-09-2024,65985.5,INR,NEFT WEWORK Pvt Ltd BILL/2409/432 ADV - exp,WEWORK Pvt Ltd,True,18%,TRUE,Rent,0
TXN0002433,27-09-2024,10393.98,INR,*IMPS MIC.rosoft TAXINV/2409/433 FY25 - exp,MIC.rosoft,True,18%,TRUE,Software,0
TXN0002434,27-09-2024,34908.88,INR,INFY,INFY,True,18%,TRUE,IT Services,0
TXN0002435,27-09-2024,45700.87,INR,UPI WEWORK BILL/2409/435 TDS - exp,WEWORK,True,18%,TRUE,Rent,0
TXN0002436,27-09-2024,96079.11,INR,upi wework inv/2409/436 q1 - rent exp- ref 7448,WEWORK,True,18%,TRUE,Rent,0
TXN0002437,27-09-2024,29374.29,INR,RTGS TCS BILL/2409/437 Q1 - exp- ref 3348,TCS,True,18%,TRUE,IT Services,0
TXN0002438,27-09-2024,13884.8,INR,#CARD BESCOM RCPT/2409/438 FY24 - utilities exp,BESCOM,True,18%,TRUE,Utilities,0
TXN0002439,28-09-2024,37264.61,INR,auto-debit wip.ro rcpt/2409/439 tds - exp,WIP.ro,True,18%,TRUE,IT Services,0
TXN0002440,28-09-2024,60736.1,INR,-UPI WEWORK BILL/2409/440 ADV - rent exp,WEWORK,True,18%,TRUE,Rent,0
TXN0002441,28-09-2024,10290.89,INR,upi air.tel rcpt/2409/441 q1 - exp,AIR.tel,True,18%,TRUE,Utilities,0
TXN0002442,28-09-2024,8013.09,INR,!neft adobe bill/2409/442 q2 - exp,ADOBE,True,18%,TRUE,Software,0
TXN0002443,28-09-2024,16377.62,INR,upi ra pvt ltd taxinv/2409/443 subs - exp,COURSERA Pvt Ltd,True,18%,unknown,Training,0
TXN0002444,28-09-2024,7208.26,INR,/ auto-debit rapido taxinv/2409/444 gst - exp# ref 3631,RAPIDO,True,5%,FALSE,Travel,0
TXN0002445,28-09-2024,2306.86,INR,-,GOVT FEES INDIA PVT LTD,False,exempt,FALSE,Exempt Services,0
TXN0002446,28-09-2024,34981.14,INR,NEFT INFY INV/2409/446 Q1 - exp! ref 1569,INFY,True,18%,TRUE,IT Services,0
TXN0002447,28-09-2024,98795.94,INR,neft wework india pvt ltd bill/2409/447 tds - rent exp,WEWORK INDIA PVT LTD,True,18%,TRUE,Rent,0
TXN0002448,28-09-2024,2154.96,INR,auto-debit kfc bill/2409/448 q1 - exp,Kfc,True,5%,FALSE,Meals,0
TXN0002449,28-09-2024,34659.37,INR,!UPI Tcs BILL/2409/449 SUBS - exp,Tcs,True,18%,TRUE,IT Services,0
TXN0002450,28-09-2024,7054.4,INR,AUTO-DEBIT OFFICE DEPOT INDIA PVT LTD INV/2409/450 Q2 -pexp,OFFICE DEPOT INDIA PVT LTD,True,12%,TRUE,Office Supplies,0
TXN0002451,28-09-2024,3064.83,INR,*card taxinv/2409/451 q1 - exp,Govt Fees,False,exempt,FALSE,Exempt Services,0
TXN0002452,29-09-2024,73829.78,INR,auto-debit hcl pvt ltd bill/2409/452 rent - exp- ref 8284,HCL Pvt Ltd,True,18%,TRUE,IT Services,0
TXN0002453,29-09-2024,3832.64,INR,NEFT SWIGGY INDIA PVT LTD INV/2409/453 TDS - exp / ref 4762,SWIGGY INDIA PVT LTD,True,5%,FALSE,Meals,0
TXN0002454,29-09-2024,8059.81,INR,,IKE.a,True,12%,TRUE,Office Supplies,0
TXN0002455,29-09-2024,39481.42,INR,UPI UPGRAD INDIA PVT LTD INV/2409/455 FY25 - exp,UPGRAD INDIA PVT LTD,True,18%,unknown,Training,0
TXN0002456,29-09-2024,80198.68,INR,IMPS WEWORK INDIA PVT LTD TAXINV/2409/456 SUBS - exp,WEWORK INDIA PVT LTD,True,18%,TRUE,Rent,0
TXN0002457,29-09-2024,9855.21,INR,AUTO-DEBIT AIR.tel INV/2409/457 Q1 - utilities exp,AIR.tel,True,18%,TRUE,Utilities,0
TXN0002458,29-09-2024,15048.94,INR,CARD SIMPLILEARN RCPT/2409/458 FY24 - exp ref 1977,SIMPLILEARN,True,18%,unknown,Training,0
TXN0002459,29-09-2024,3792.72,INR,!UPI MICROSOFT RCPT/2409/459 Q1 - exp,MICROSOFT,True,18%,TRUE,Software,0
TXN0002460,29-09-2024,8945.67,INR,CARD FIGMA Pvt Ltd TAXINV/2409/460 Q2 - exp,FIGMA Pvt Ltd,True,18%,TRUE,Software,0
TXN0002461,30-09-2024,5405.69,INR,!CARD FIG.ma TAXINV/2409/461 Q2 - software exp# ref 9649,FIG.ma,True,18%,TRUE,Software,0
TXN0002462,30-09-2024,142344.54,INR,-AUTO-DEBIT WAFIS INDIA PVT LTD INV/2409/462 GST - exp! ref 9313,AWFIS INDIA PVT LTD,True,18%,TRUE,Rent,0
TXN0002463,30-09-2024,32772.94,INR,!CARD HCL INDIA PVT LTD INV/2409/463 Q1 - it services exp,HCL INDIA PVT LTD,True,18%,TRUE,IT Services,0
TXN0002464,30-09-2024,48298.62,INR,/ IMPS Techm INV/2409/464 GST - exp- ref 3017,Techm,True,18%,TRUE,IT Services,0
TXN0002465,30-09-2024,99226.7,INR,#AUTO-DEBIT WEWORK INDIA PVT LTD INV/24v9/465 FY24 - exp,WEWORK INDIA PVT LTD,True,18%,TRUE,Rent,0
TXN0002466,30-09-2024,14540.95,INR,#auto-debit bescom bill/2409/466 fy24 - exp* ref 5582,Bescom,True,18%,TRUE,Utilities,0
TXN0002467,30-09-2024,37664.87,INR,NEFT HCL INDIA PVT LTD INV/2409/467 GST - it services exp,HCL INDIA PVT LTD,True,18%,TRUE,IT Services,0
TXN0002468,30-09-2024,92150.84,INR,AUTO-DEBIT AWFIS TAXINV/240/9468 FY24 - exp,AWFIS,True,18%,TRUE,Rent,0
TXN0002469,30-09-2024,5020.64,INR,UPI SWIGGY TAXINV/2409/469 Q1 - meals exp  ref3 900,SWIGGY,True,5%,FALSE,Meals,0
TXN0002470,30-09-2024,26255.69,INR,UPI UPGRAD RCPT/2409/470 TDS - exp,UPGRAD,True,18%,unknown,Training,0
TXN0002471,30-09-2024,19977.52,INR,-imps kseb taxinv/2409/471 fy24 - exp,Kseb,True,18%,TRUE,Utilities,0
TXN0002472,30-09-2024,6896.07,INR,-upi microsoft rcpt/2409/472 subs - exp,MICROSOFT,True,18%,TRUE,Software,0
TXN0002473,30-09-2024,7069.16,INR,!auto-debit uber pvt ltdtaxinv/2409/473 fy25 - exp,UBER Pvt Ltd,True,5%,FALSE,Travel,0
TXN0002474,30-09-2024,7312.81,INR,AUTO-DEBIT FIGMA TAXINV/2409/474 SUBS - exp,FIGMA,True,18%,TRUE,Software,0
TXN0002475,30-09-2024,6387.33,INR,upi office depot rcpt/2409/475 fy24 - offic esupplies exp,Office Depot,True,12%,TRUE,Office Supplies,0
TXN0002476,30-09-2024,19990.05,INR,/ RTGS Airtel RCPT/2409/476 FY24 - exp,Airtel,True,18%,TRUE,Utilities,0
TXN0002477,30-09-2024,15296.74,INR,IMPS Kseb INV/2409/477 TDS - exp / ref 9884,Kseb,True,18%,TRUE,Utilities,0
TXN0002478,01-10-2024,91188.99,INR,!IMPS AWFIS Pvt Ltd INV/2410/478 Q1 - rent exp  ref 3869,AWFIS Pvt Ltd,True,18%,TRUE,Rent,0
TXN0002479,01-10-2024,12444.47,INR,/ rtgs airtel taxinv/2410/479 gst - exp,AIRTEL,True,18%,TRUE,Utilities,0
TXN0002480,01-10-2024,27800.89,INR,#IMP WIPRO TAXINV/2410/480 Q2 - exp! ref 1806,WIPRO,True,18%,TRUE,IT Services,0
TXN0002481,01-10-2024,50117.17,INR,rtgs indiqube bill/2410/481 subs - rens exp! ref 3139,Indiqube,True,18%,TRUE,Rent,0
TXN0002482,01-10-2024,4828.89,INR,!CARD DOMINOS RCPT/2410/482 TDS - exp / ref 9672,DOMINOS,True,5%,FALSE,Meals,0
TXN0002483,01-10-2024,72414.6,INR,/ NEFT IND.iqube BILL/2410/483 TDS - exp,IND.iqube,True,18%,TRUE,Rent,0
TXN0002484,01-10-2024,77392.16,INR,AUTO-DEBIT INDIQUBE INDIA PVT LTD TAXINV/2410/484 Q1 - exp,INDIQUBE INDIA PVT LTD,True,18%,TRUE,Rent,0
TXN0002485,01-10-2024,39151.27,INR,/ CARD HCL TAXINV/2410/485 Q2 - exp,HCL,True,18%,TRUE,IT Services,0
TXN0002486,01-10-2024,2880.73,INR,*AUTO-DEBIT ZOM.ato INV/2410/486 TDS - exp,ZOM.ato,True,5%,FALSE,Meals,0
TXN0002487,01-10-2024,49782.6,INR,WIP.ro charges,WIP.ro,True,18%,TRUE,IT Services,0
TXN0002488,01-10-2024,8674.97,INR,na,ADO.be,True,18%,TRUE,Software,0
TXN0002489,01-10-2024,20819.19,INR,IMPS UPGRAD INDIA PVT LTD TAXINV/2410/489 ADV - exp,UPGRAD INDIA PVT LTD,True,18%,unknown,Training,0
TXN0002490,01-10-2024,7986.13,INR, RTGS OLA INDIA PVT LTD BILL/2410/490 TDS - travel exp,OLA INDIA PVT LTD,True,5%,FALSE,Travel,0
TXN0002491,01-10-2024,12329.77,INR,!card bescom pvt ltd taxinv/2410/491 fy25 - exp,BESCOM Pvt Ltd,True,18%,TRUE,Utilities,0
TXN0002492,01-10-2024,4549.69,INR,rtgs microsoft rcpt/2410/492 fy25 - exp,MICROSOFT,True,18%,TRUE,Software,0
TXN0002493,01-10-2024,28521.41,INR,UPI UPGRAD BILL/2410/493 ADV - exp,UPGRAD,True,18%,unknown,Training,0
TXN0002494,02-10-2024,68832.8,INR,TCS Pvt Ltd,TCS Pvt Ltd,True,18%,TRUE,IT Services,0
TXN0002495,02-10-2024,10519.5,INR,IMPS Kseb RCPT/2410/495 GST - utilities exp  ref 5794,Kseb,True,18%,TRUE,Utilities,0
TXN0002496,02-10-2024,10661.92,INR,auto-debit adobe bill/2410/496 q2 - exp,ADOBE,True,18%,TRUE,Software,0
TXN0002497,02-10-2024,3288.31,INR,*NEFT SWIGGY INDIA PVT LTD RCPT/2410/497 Q1 - exp ref 9209,SWIGGY INDIA PVT LTD,True,5%,FALSE,Meals,0
TXN0002498,02-10-2024,5319.38,INR,CARD BESCOM INDIA PVT LTD RCPT/2410/498 SUBS - utilities exp,BESCOM INDIA PVT LTD,True,18%,TRUE,Utilities,0
TXN0002499,02-10-2024,31136.81,INR,RTGS TECHM INDIA PVT LTD BILL/2410/499 Q2 - exp,TECHM INDIA PVT LTD,True,18%,TRUE,IT Services,0
TXN0002500,02-10-2024,8493.55,INR,-,JIOFIBER,True,18%,TRUE,Utilities,0
TXN0002501,02-10-2024,4720.08,INR,STAPLES Pvt Ltd,STAPLES Pvt Ltd,True,12%,TRUE,Office Supplies,0
TXN0002502,02-10-2024,38373.43,INR, IMPS SIMPLILEARN INV/2410/502 RENT - training exp,SIMPLILEARN,True,18%,unknown,Training,0
TXN0002503,02-10-2024,3482.45,INR,!imps uber india pvt ltd taxinv/2410/503 gst - exp,UBER INDIA PVT LTD,True,5%,FALSE,Travel,0
TXN0002504,02-10-2024,1737.26,INR,CARD DOMINOS INDIA PVT LTD INV/2410/504 FY24 - exp,DOMINOS INDIA PVT LTD,True,5%,FALSE,Meals,0
TXN0002505,02-10-2024,17032.59,INR, / CARD AIREL INDIA PVT LTD RCPT/2410/505 TDS - utilities exp,AIRTEL INDIA PVT LTD,True,18%,TRUE,Utilities,0
TXN0002506,02-10-2024,7458.24,INR,RTGS Figma TAXINV/2410/506 RENT - exp,Figma,True,18%,TRUE,Software,0
TXN0002507,02-10-2024,15085.98,INR,rtgs jiofiber taxinv/2410/507 rent - exp! ref 7206,JIOFIBER,True,18%,TRUE,Utilities,0
TXN0002508,03-10-2024,33213.84,INR,neft techm india pvt ltd taxinv2410/508 fy25 - exp,TECHM INDIA PVT LTD,True,18%,TRUE,IT Services,0
TXN0002509,03-10-2024,18600.45,INR,AUTO-DEBIT RA TAXINV/2410/509 TDS - exp,COURSERA,True,18%,unknown,Training,0
TXN0002510,03-10-2024,7798.45,INR,NEFT MICROSOFT INDIA PVT LTD TAXINV/2410/510 SUBS -e xp,MICROSOFT INDIA PVT LTD,True,18%,TRUE,Software,0
TXN0002511,03-10-2024,23588.37,INR,upi tec.hm taxinv/2410/511 fy25 - it services exp,TEC.hm,True,18%,TRUE,IT Services,0
TXN0002512,03-10-2024,6540.49,INR,RTGS RCPT/2410/512 Q2 - exp / ref 5167,Govt Fees,False,exempt,FALSE,Exempt Services,0
TXN0002513,03-10-2024,11014.68,INR,CARD ADOBE INDIA PVT LTD TAXINV/2410/513 ADV - exp,ADOBE INDIA PVT LTD,True,18%,TRUE,Software,0
TXN0002514,03-10-2024,91772.24,INR,rtgs airtel inv/2410/514 tds - exp,AIRTEL,True,18%,TRUE,Utilities,1
TXN0002515,03-10-2024,49240.48,INR,card wework taxinv/2410/515 subs - exp,WEWORK,True,18%,TRUE,Rent,0
TXN0002516,03-10-2024,10518.71,INR,/ neft bescom inv/2410/516 gst - exp,Bescom,True,18%,TRUE,Utilities,0
TXN0002517,03-10-2024,30378.49,INR, RTGS TCS RCPT/2410/517 Q1 - it serivces exp,TCS,True,18%,TRUE,IT Services,0
TXN0002518,03-10-2024,29466.24,INR,*rtgs wipro inv/2410/518 subs - it services exp,WIPRO,True,18%,TRUE,IT Services,0
TXN0002519,03-10-2024,9974.96,INR,UPI ADOBE INDIA PVT LTD TAXINV/2410/519 GST - exp# ref 7477,ADOBE INDIA PVT LTD,True,18%,TRUE,Software,0
TXN0002520,03-10-2024,86735.84,INR,imps indiqube india pvt ltd bill/2410/520 - exp,INDIQUBE INDIA PVT LTD,True,18%,TRUE,Rent,0
TXN0002521,03-10-2024,5315.21,INR,auto-debit adobe pvt ltd bill/2410/521 q2 - software exp  ref 9288,ADOBE Pvt Ltd,True,5%,TRUE,Software,1
TXN0002522,04-10-2024,7029.41,INR,card ikea inv/241x/522 adv - exp- ref 9226,Ikea,True,12%,TRUE,Office Supplies,0
TXN0002523,04-10-2024,5569.48,INR,imps ola pvt ltd rcpt/2410/523 rent - exp,OLA Pvt Ltd,True,5%,FALSE,Travel,0
TXN0002524,04-10-2024,7564.89,INR,rtgs figma rcpt/2410/524 rent - exp,FIGMA,True,18%,TRUE,Software,0
TXN0002525,04-10-2024,8368.55,INR,-upi ado.be bill/2410/525 fy24 - exp,ADO.be,True,18%,TRUE,Software,0
TXN0002526,04-10-2024,108221.08,INR, / auto-debit awfis rcpt/2410/526 subs - rent exp,AWFIS,True,18%,TRUE,Rent,0
TXN0002527,04-10-2024,19259.61,INR,RTGS KSEB TAbINV/2410/527 FY25 - exp,KSEB,True,18%,TRUE,Utilities,0
TXN0002528,04-10-2024,6934.5,INR,ADO.be charges,ADO.be,True,18%,TRUE,Software,0
TXN0002529,04-10-2024,3690.19,INR,RTGS INDIA PVT LTD TAXINV/2410/529 Q2 - exp,GOVT FEES INDIA PVT LTD,False,exempt,FALSE,Exempt Services,0
TXN0002530,04-10-2024,19540.77,INR,rtgs bescom inv/2410/530 q2 - utilities exp,BESCOM,True,18%,TRUE,Utilities,0
TXN0002531,04-10-2024,11717.22,INR,!RTGS AIR.tel BILL/2410/531 Q1 - exp,AIR.tel,True,18%,TRUE,Utilities,0
TXN0002532,04-10-2024,5732.22,INR,-rtgs office depot pvt ltd inv/2410/532 adv - exp* ref 1184,OFFICE DEPOT Pvt Ltd,True,12%,TRUE,Office Supplies,0
TXN0002533,04-10-2024,5714.46,INR,UPI OFF.ice depot INV/2410/533 Q2 - exp- rrf 5874,OFF.ice depot,True,12%,TRUE,Office Supplies,0
TXN0002534,04-10-2024,98854.17,INR,AUTO-DEBIT IND.iqube RCPT/2410/534 FY25 - exp* ref 2369,IND.iqube,True,18%,TRUE,Rent,0
TXN0002535,04-10-2024,14208.93,INR,KSE.b charges,KSE.b,True,18%,TRUE,Utilities,0
TXN0002536,04-10-2024,23123.22,INR,-RTGS HCL INV/2410/536 FY25 - exp- ref 4717,HCL,True,18%,TRUE,IT Services,0
TXN0002537,04-10-2024,3260.35,INR,/ upi kfc inv/2410/537 subs - exp,KFC,True,5%,FALSE,Meals,0
TXN0002538,04-10-2024,3584.72,INR,imps ola bill/2410/538 rent - exp,OLA,True,5%,FALSE,Travel,0
TXN0002539,05-10-2024,11621.79,INR,IMPS JIOFIBER INDIA PVT LTD TAXINV/2410/539 RENT -exp,JIOFIBER INDIA PVT LTD,True,18%,TRUE,Utilities,0
TXN0002540,05-10-2024,7169.1,INR,-IMPS OLA RCPT/2410/540 TDS - exp,OLA,True,5%,FALSE,Travel,0
TXN0002541,05-10-2024,8338.61,INR,/ neft adobe india pvt ltd inv/2410/541 subs - exp,ADOBE INDIA PVT LTD,True,18%,TRUE,Software,0
TXN0002542,05-10-2024,36893.28,INR,!upi simplilearn taxinv/2410/542 q2f- exp,Simplilearn,True,18%,unknown,Training,0
TXN0002543,05-10-2024,31835.97,INR,upi inf.y bill/2410/543 subs - exp,INF.y,True,18%,TRUE,IT Services,0
TXN0002544,05-10-2024,5608.09,INR,RTGS Ikea RCP/2410/544 RENT - exp,Ikea,True,12%,TRUE,Office Supplies,0
TXN0002545,05-10-2024,7671.72,INR,*CARD MICROSOFT Pvt Ltd TAXINV/2410/545 REN T- software exp* ref 7577,MICROSOFT Pvt Ltd,True,18%,TRUE,Software,0
TXN0002546,05-10-2024,4763.42,INR,-upi uber taxinv/2410/546 gst - exp,UBER,True,5%,FALSE,Travel,0
TXN0002547,05-10-2024,27930.76,INR,/ AUTO-DEBIT TCS BILL/2410/547 DAV - exp,TCS,True,18%,TRUE,IT Services,0
TXN0002548,05-10-2024,4508.39,INR,Indigo charges,Indigo,True,5%,FALSE,Travel,0
TXN0002549,05-10-2024,1812.99,INR,CARD DOMINOS BILL/2410/549 FY24 - exp,DOMINOS,True,5%,FALSE,Meals,0
TXN0002550,05-10-2024,61871.78,INR,UPI INDIQUBE INDIA PVT LTD BILL/2410/550 FY25 - exp! ref 8677,INDIQUBE INDIA PVT LTD,True,18%,TRUE,Rent,0
TXN0002551,06-10-2024,4540.57,INR,IMPS KFC RCPT/2410/55s FY25 - exp,KFC,True,5%,FALSE,Meals,0
TXN0002552,06-10-2024,3716.01,INR,*AUTO-DEBIT DOMINOS Pvt Ltd TAXINV/2410/552 SUBS - exp# ref 9713,DOMINOS Pvt Ltd,True,5%,FALSE,Meals,0
TXN0002553,06-10-2024,12010.94,INR,!rtgs kseb taxinv/2410/553 subs - utilities exp,KSEB,True,18%,TRUE,Utilities,0
TXN0002554,06-10-2024,10050.65,INR,!upi adobe pvt ltd taxinv/2410/554 q2 - exp / ref 4446,ADOBE Pvt Ltd,True,18%,TRUE,Software,0
TXN0002555,06-10-2024,37797.86,INR,imps techm bill/2410/555 fy24 - exp,Techm,True,18%,TRUE,IT Services,0
TXN0002556,06-10-2024,111576.46,INR,#NEFT INDIQUBE INDIA PVT LTD BILL/2410/556 TDS - rent exp* ref 4316,INDIQUBE INDIA PVT LTD,True,18%,TRUE,Rent,0
TXN0002557,06-10-2024,15974.65,INR,neft bescom nidia pvt ltd taxinv/2410/557 subs - exp,BESCOM INDIA PVT LTD,True,18%,TRUE,Utilities,0
TXN0002558,06-10-2024,5159.72,INR,*IMPS Zomato INV/2410/558 TDS - meals exp,Zomato,True,5%,FALSE,Meals,0
TXN0002559,06-10-2024,47843.05,INR,RTGS Tcs BILL/2410/559 ADV - exp,Tcs,True,18%,TRUE,IT Services,0
TXN0002560,06-10-2024,3925.72,INR,AUTO-DEBIT ZOM.ato BILL/2410/560 Q2 - meals exp,ZOM.ato,True,5%,FALSE,Meals,0
TXN0002561,06-10-2024,22558.25,INR,#AUTO-DEBIT Hcl BILL/2410/561 Q2 - exp,Hcl,True,18%,TRUE,IT Services,0
TXN0002562,06-10-2024,10252.72,INR,RTGS BESCOM INV/2410/562 ADV - exp,BESCOM,True,18%,TRUE,Utilities,0
TXN0002563,06-10-2024,3537.37,INR,AUTO-DEBIT DOMINOS INV/2410/563 RENT - exp,DOMINOS,True,5%,FALSE,Meals,0
TXN0002564,06-10-2024,7075.89,INR,ADOBE Pvt Ltd charges,ADOBE Pvt Ltd,True,18%,FALSE,Software,1
TXN0002565,06-10-2024,17146.78,INR,*UPI SIMPLILEARN TAXINV/2410/565 Q2 - training exp,SIMPLILEARN,True,18%,unknown,Training,0
TXN0002566,06-10-2024,63389.41,INR,auto-debit wework invw2410/566 - exp,Wework,True,18%,TRUE,Rent,0
TXN0002567,07-10-2024,42416.1,INR,auto-debit infy pvt ltd rcpt/2410/567 fy25 - exp,INFY Pvt Ltd,True,18%,TRUE,IT Services,0
TXN0002568,07-10-2024,3734.03,INR,AUTO-DEBIT INDIGO INDIA PVT LTD INV/2410/568 Q1 - travel exp,INDIGO INDIA PVT LTD,True,5%,FALSE,Travel,0
TXN0002569,07-10-2024,14077.35,INR,-card airtel taxinv/2410/569 tds - exp,Airtel,True,18%,TRUE,Utilities,0
TXN0002570,07-10-2024,85296.38,INR,IMPS Wework RCPT/2410/570 Q1 - rent exp- ref 8971,Wework,True,18%,TRUE,Rent,0
TXN0002571,07-10-2024,12613.84,INR,n/a,Canva,True,18%,TRUE,Software,0
TXN0002572,07-10-2024,4251.98,INR,IMPS RAPIDO INDIA PVT LTD BILL/2410/572 GST - exp,RAPIDO INDIA PVT LTD,True,5%,FALSE,Travel,0
TXN0002573,07-10-2024,28871.82,INR,card ra bill/2410/573 fy25 - exp,Coursera,True,18%,unknown,Training,0
TXN0002574,07-10-2024,11404.26,INR,UPI BES.com TAXINV/2410/574 Q1 - utilities exp# ref 5877,BES.com,True,18%,TRUE,Utilities,0
TXN0002575,07-10-2024,126869.22,INR, / IMPS WEWORK Pvt Ltd INV/2410/575 FY24 - rent exp,WEWORK Pvt Ltd,True,18%,TRUE,Rent,0
TXN0002576,07-10-2024,50043.87,INR,NEFT AWFIS BILL/2410/576 GST - exp,AWFIS,True,18%,TRUE,Rent,0
TXN0002577,07-10-2024,15869.75,INR,/ CARD AIRTEL TAXINV/2410/577 SUBS - exp,AIRTEL,True,18%,TRUE,Utilities,0
TXN0002578,08-10-2024,4726.57,INR,SWI.ggy,SWI.ggy,True,18%,FALSE,Meals,1
TXN0002579,08-10-2024,114301.62,INR,*IMPS WEWORK Pvt Ltd RCPT/24105/79 FY25 - exp,WEWORK Pvt Ltd,True,18%,TRUE,Rent,0
TXN0002580,08-10-2024,5341.48,INR,IMPS OFFICE DEPOT INDIA PVT LTD TAXINV/2410/580 SUBS - office supplies exp,OFFICE DEPOT INDIA PVT LTD,True,12%,TRUE,Office Supplies,0
TXN0002581,08-10-2024,53725.15,INR,Wipro charges,Wipro,True,18%,TRUE,IT Services,0
TXN0002582,08-10-2024,66372.89,INR,/ NEFT HCL INDIA PVT LTD INV/2410/582 TDS - exp,HCL INDIA PVT LTD,True,18%,TRUE,IT Services,0
TXN0002583,08-10-2024,78583.06,INR,WEWORK charges,WEWORK,True,18%,TRUE,Rent,0
TXN0002584,08-10-2024,15058.94,INR,*NEFT SIMPLILEARN INDIA PVT LTD TAXINV/2410/584 FY24 - exp,SIMPLILEARN INDIA PVT LTD,True,18%,unknown,Training,0
TXN0002585,08-10-2024,91486.74,INR,/ RTGS INDIQUBE TAXINV/2410/585 - exp,INDIQUBE,True,18%,TRUE,Rent,1
TXN0002586,08-10-2024,106289.07,INR,CARD WEWORK Pvt Ltd INV/2410/586 ADV - exp- ref 6204,WEWORK Pvt Ltd,True,18%,TRUE,Rent,0
TXN0002587,08-10-2024,6724.79,INR,CARD JIOFIBER BILL/2410/587 ADV - exp,JIOFIBER,True,18%,TRUE,Utilities,0
TXN0002588,08-10-2024,16150.29,INR,AUTO-DEBIT BESCOM INDIA PVT LTD TAXINV/2410/588 Q1 - exp,BESCOM INDIA PVT LTD,True,18%,TRUE,Utilities,0
TXN0002589,08-10-2024,172209.9,INR,*AUTO-DEBIT AWFIS INV/2410/589 FY25 - exp,AWFIS,True,18%,TRUE,Rent,0
TXN0002590,08-10-2024,33685.64,INR,CARD Tcs INV/2410/590 Q2 - exp,Tcs,True,18%,TRUE,IT Services,0
TXN0002591,09-10-2024,35324.03,INR,imps wip.ro bill/241/0591 subs - exp* ref 8827,WIP.ro,True,18%,TRUE,IT Services,0
TXN0002592,09-10-2024,3022.05,INR,Roc Fees,Roc Fees,False,exempt,FALSE,Exempt Services,0
TXN0002593,09-10-2024,84913.58,INR,auto-debit indiqube india pvt ltd taxinv/2410/593 gst - exp,INDIQUBE INDIA PVT LTD,True,18%,TRUE,Rent,0
TXN0002594,09-10-2024,4023.99,INR,ZOMATO,ZOMATO,True,5%,FALSE,Meals,0
TXN0002595,09-10-2024,62438.32,INR,TCS,TCS,True,18%,TRUE,IT Services,0
TXN0002596,09-10-2024,10627.14,INR,ADOBE INDIA PVT LTD charges,ADOBE INDIA PVT LTD,True,18%,TRUE,Software,0
TXN0002597,09-10-2024,51126.47,INR,-,TCS,True,18%,TRUE,IT Services,0
TXN0002598,09-10-2024,2603.26,INR,ppi zom.ato taxinv/2410/598 subs - exu,ZOM.ato,True,5%,FALSE,Meals,0
TXN0002599,09-10-2024,9388.29,INR,imps kseb inv/2410/599 fy25 - exp,Kseb,True,18%,TRUE,Utilities,0
TXN0002600,09-10-2024,19570.52,INR,na,COURSERA INDIA PVT LTD,True,18%,unknown,Training,0
TXN0002601,09-10-2024,3196.49,INR,AUTO-DEBIT RAP.ido TAXINV/2410/601 RENT - exp,RAP.ido,True,5%,FALSE,Travel,0
TXN0002602,09-10-2024,4913.08,INR,RTGS IKEA INDIA PVT LTD INV/2410/602 SUBS - exp,IKEA INDIA PVT LTD,True,12%,TRUE,Office Supplies,0
TXN0002603,09-10-2024,2850.98,INR,UPI DOMINOS BILL/2410/603 FY24 - exp,DOMINOS,True,5%,FALSE,Meals,0
TXN0002604,09-10-2024,8238.2,INR,card ola bill/2410/604 fy25 - travel exp,OLA,True,5%,FALSE,Travel,0
TXN0002605,10-10-2024,1560.85,INR,#RTGS SWIGGY BILL/2410/605 Q1 - exp ref 1668,SWIGGY,True,5%,FALSE,Meals,0
TXN0002606,10-10-2024,78692.11,INR,*neft indiqube india pvt ltd bill/2410/606 - exp,INDIQUBE INDIA PVT LTD,True,18%,TRUE,Rent,0
TXN0002607,10-10-2024,45446.32,INR,,WEWORK,True,18%,TRUE,Rent,0
TXN0002608,10-10-2024,15597.95,INR,rtgs becom pvt ltd inv/2410/608 q1 - exp ref 8065,BESCOM Pvt Ltd,True,18%,TRUE,Utilities,0
TXN0002609,10-10-2024,2999.24,INR,IMPS STAMP DUTY INDIA PVT LTD BILL/2410/609 Q1 - exempt services exp,STAMP DUTY INDIA PVT LTD,False,exempt,FALSE,Exempt Services,0
TXN0002610,10-10-2024,21101.01,INR,SIM.plilearn,SIM.plilearn,True,18%,unknown,Training,0
TXN0002611,10-10-2024,7881.01,INR, / NEFT MICROSOFT RCPT/2410/611 GST - software exp,MICROSOFT,True,18%,TRUE,Software,0
TXN0002612,10-10-2024,8302.32,INR,#NEFT FIGMA RCPT/2410/612 GS - exp* ref 7277,FIGMA,True,18%,TRUE,Software,0
TXN0002613,10-10-2024,13836.38,INR,#AUTO-DEBIT Airtel RCPT/2410/613 RENT - exp,Airtel,True,18%,TRUE,Utilities,0
TXN0002614,10-10-2024,5111.33,INR,imps indigo pvt ltd taxinv/2410/614 adv - exp,INDIGO Pvt Ltd,True,5%,FALSE,Travel,0
TXN0002615,10-10-2024,27429.54,INR,UPI WIPRO BILL/2410/615 rDV - exp,WIPRO,True,18%,TRUE,IT Services,0
TXN0002616,10-10-2024,4355.58,INR,upi office depot bill/2410/616 subs - exp,Office Depot,True,12%,TRUE,Office Supplies,0
TXN0002617,10-10-2024,8907.6,INR,!rtgs canva inv/2410/617 adv - exp,CANVA,True,18%,TRUE,Software,0
TXN0002618,10-10-2024,21637.61,INR,imps bescom pvt ltd taxinv/2410/618 gst - exp! ref 874r,BESCOM Pvt Ltd,True,18%,TRUE,Utilities,0
TXN0002619,10-10-2024,52500.53,INR,card hcl taxinv/2410/619 subs - exp* ref 9067,HCL,True,18%,TRUE,IT Services,0
TXN0002620,11-10-2024,69886.11,INR,/ imps indiqube inv/2410/620 subs - exp! ref 5513,INDIQUBE,True,18%,TRUE,Rent,0
TXN0002621,11-10-2024,40370.43,INR,*card hcl india pvt ltd taxinv/2410/621 q1 - it services exp,HCL INDIA PVT LTD,True,18%,TRUE,IT Services,0
TXN0002622,11-10-2024,213198.9,INR, / auto-debit indiqube inv/2410/622 fy24 - rent exp,INDIQUBE,True,18%,TRUE,Rent,0
TXN0002623,11-10-2024,11874.67,INR,TRGS JIOFIBER TAXINV/2410/623 GST - exp,JIOFIBER,True,18%,TRUE,Utilities,0
TXN0002624,11-10-2024,10301.29,INR,auto-debit microsoft taxinv/2410/624 fy24  exp,Microsoft,True,18%,TRUE,Software,0
TXN0002625,11-10-2024,57622.16,INR,CARD fCS RCPT/2410/625 SUBS - it services exp- ref 4070,TCS,True,18%,TRUE,IT Services,0
TXN0002626,11-10-2024,45395.58,INR, ,HCL,True,18%,TRUE,IT Services,0
TXN0002627,11-10-2024,45657.25,INR,TEC.hm charges,TEC.hm,True,18%,TRUE,IT Services,0
TXN0002628,11-10-2024,12074.69,INR,neft simplilearn rcpt/2410/628 fy25 - exp,SIMPLILEARN,True,18%,unknown,Training,0
TXN0002629,11-10-2024,59361.83,INR,#AUTO-DEBIT AWFIS RCPT/2410/629 GST - exp,AWFIS,True,18%,TRUE,Rent,0
TXN0002630,11-10-2024,5615.79,INR,CANVA charges,CANVA,True,18%,TRUE,Software,0
TXN0002631,11-10-2024,34885.29,INR,RTGS RA Pvt Ltd INV/2410/631 RENT - exp,COURSERA Pvt Ltd,True,18%,unknown,Training,0
TXN0002632,11-10-2024,7701.84,INR,rtgs ikea inv/2410/632 fy24 - exp,IKEA,True,12%,TRUE,Office Supplies,0
TXN0002633,11-10-2024,7561.99,INR,-auto-debit airtel inv/2410/633 subs - utilities exp* ref 3057,Airtel,True,18%,TRUE,Utilities,0
TXN0002634,11-10-2024,3743.97,INR,*CARD KFC INDIA PVT LTD BILL/2410/634 SUBS - exp,KFC INDIA PVT LTD,True,5%,FALSE,Meals,0
TXN0002635,11-10-2024,10691.19,INR,#UPI KSEB BILL/2410/635 TD S- utilities exp! ref 3010,KSEB,True,18%,TRUE,Utilities,0
TXN0002636,11-10-2024,5058.84,INR,RTGS STAPLES BILL/2410/636 FY24 - exp# ref 3530,STAPLES,True,12%,TRUE,Office Supplies,0
TXN0002637,12-10-2024,45590.46,INR,IMPS WEfORK INDIA PVT LTD RCPT/2410/637 Q1 - exp / ref 7119,WEWORK INDIA PVT LTD,True,18%,TRUE,Rent,0
TXN0002638,12-10-2024,14864.48,INR,card sim.plilearn saxinv/2410/638 rent - exp ref 3388,SIM.plilearn,True,18%,unknown,Training,0
TXN0002639,12-10-2024,33622.95,INR,neft infy pvt ltd inv/2410/639 adv - exp,INFY Pvt Ltd,True,18%,TRUE,IT Services,0
TXN0002640,12-10-2024,6074.95,INR,UPI IKEA INDIA PVT LTD TAXINV/2410/640 TDS - exp,IKEA INDIA PVT LTD,True,12%,TRUE,Office Supplies,0
TXN0002641,12-10-2024,10801.27,INR,*rtgb jiofiber pvt ltd rcpt/2410/641 adv - exp,JIOFIBER Pvt Ltd,True,18%,TRUE,Utilities,0
TXN0002642,12-10-2024,1999.17,INR,/ IMPS KFC TAXINV/2410/642 Q2 - exp,KFC,True,5%,FALSE,Meals,0
TXN0002643,12-10-2024,12282.87,INR,,SIMPLILEARN Pvt Ltd,True,18%,unknown,Training,0
TXN0002644,12-10-2024,24220.34,INR,#UPI TCS Pvt Ltd RCPT/2410/644 FY25 - it services exp,TCS Pvt Ltd,True,5%,TRUE,IT Services,1
TXN0002645,12-10-2024,9085.53,INR,Microsoft,Microsoft,True,18%,TRUE,Software,0
TXN0002646,12-10-2024,52327.86,INR,!auto-debit wework bill/2410/646 tds - exp,Wework,True,18%,TRUE,Rent,0
TXN0002647,12-10-2024,36783.85,INR,CARD TEC.hm RCPT/2410/647 FY24 - exp,TEC.hm,True,18%,TRUE,IT Services,0
TXN0002648,12-10-2024,6062.92,INR,/ NEFT STAPLES Pvt Ltd RCPT/2410/648 GST - exp,STAPLES Pvt Ltd,True,12%,TRUE,Office Supplies,0
TXN0002649,12-10-2024,5508.24,INR,CARD IND.igo TAXINV/2410/649 TDS - exp,IND.igo,True,5%,FALSE,Travel,0
TXN0002650,12-10-2024,56473.62,INR,upi indiqube india pvt ltd rcpt/2410/650 fy25 - rent exp# ref 9129,INDIQUBE INDIA PVT LTD,True,18%,TRUE,Rent,0
TXN0002651,12-10-2024,117163.36,INR,AUTO-DEBIT AWFIS INV/2410/651 Q2 - exp,AWFIS,True,18%,TRUE,Rent,0
TXN0002652,12-10-2024,6939.46,INR,OFFICE DEPOT Pvt Ltd,OFFICE DEPOT Pvt Ltd,True,12%,TRUE,Office Supplies,0
TXN0002653,12-10-2024,8741.58,INR,-IMPS Adobe INV/2410/653 SUBS - expz ref 4181,Adobe,True,18%,TRUE,Software,0
TXN0002654,12-10-2024,4845.54,INR,*RTGS RAP.ido TAXINV/2410/654 RENT - exp,RAP.ido,True,5%,FALSE,Travel,0
TXN0002655,13-10-2024,28162.28,INR,UPI Simplilearn RCPT/2k10/655 GST - exp,Simplilearn,True,18%,unknown,Training,0
TXN0002656,13-10-2024,5693.64,INR,CARD CANVA RCPT/2410/656 ADV - exp,CANVA,True,18%,TRUE,Software,0
TXN0002657,13-10-2024,7233.92,INR,IMPS RAPIDO Pvt Ltd TAXNV/2410/657 FY24 - exp,RAPIDO Pvt Ltd,True,28%,FALSE,Travel,1
TXN0002658,13-10-2024,9605.91,INR,*imsp adobe india pvt ltd taxinv/2410/658 fy25 - exp# ref 4205,ADOBE INDIA PVT LTD,True,18%,TRUE,Software,0
TXN0002659,13-10-2024,7374.43,INR,pauto-debit adobe taxinv/2410/659 subs - ex#,ADOBE,True,18%,TRUE,Software,0
TXN0002660,13-10-2024,6147.79,INR,CARD INDIGO INV/2410/660 ADV - exp / ref 8965,INDIGO,True,12%,FALSE,Travel,1
TXN0002661,13-10-2024,10992.58,INR,auto-debit staples pvt ltd rcpt/2410/661 q2 - exp- ref 5922,STAPLES Pvt Ltd,True,12%,TRUE,Office Supplies,0
TXN0002662,13-10-2024,1712.78,INR,-,KFC,True,5%,FALSE,Meals,0
TXN0002663,13-10-2024,17080.03,INR,/ RTGS JIOFIBER INDIA PVT LTD RCPT/2410/663 ADV - exp- ref 9478,JIOFIBER INDIA PVT LTD,True,18%,TRUE,Utilities,0
TXN0002664,13-10-2024,8402.61,INR,!imps adobe taxinv/2410/664 subs - exp ref 1184,Adobe,True,18%,TRUE,Software,0
TXN0002665,13-10-2024,9883.19,INR,*UPI BES.com BILL/2410/665 GST - utilities exp,BES.com,True,18%,TRUE,Utilities,0
TXN0002666,13-10-2024,89624.52,INR,*upi wework rcpt/2410/666 rent - rent exp,WEWORK,True,18%,TRUE,Rent,0
TXN0002667,13-10-2024,9505.36,INR,!RTGS BESCOM RCPT/2410/667 TDS - utilities exp,BESCOM,True,18%,TRUE,Utilities,0
TXN0002668,13-10-2024,48879.37,INR,!neft techm rcpt/2410/668s ubs - it services exp* ref 9175,TECHM,True,18%,TRUE,IT Services,0
TXN0002669,13-10-2024,6057.38,INR, RTGS AIR.tel TAXINV/2410/669 ADV - utilities exp,AIR.tel,True,18%,TRUE,Utilities,0
TXN0002670,13-10-2024,4393.3,INR,/ upi india pvt ltd taxinv/2410/670 fy24 - exp,ROC FEES INDIA PVT LTD,False,exempt,FALSE,Exempt Services,0
TXN0002671,14-10-2024,112586.69,INR,card awfis inv/2410/671 rent - rent exp,AWFIS,True,18%,TRUE,Rent,0
TXN0002672,14-10-2024,28291.31,INR,AUTO-DEBIT TCS TAXINV/2410/672 TDS - exp ref 2943,TCS,True,18%,TRUE,IT Services,0
TXN0002673,14-10-2024,45327.23,INR,AWFIS INDIA PVT LTD charges,AWFIS INDIA PVT LTD,True,18%,TRUE,Rent,0
TXN0002674,14-10-2024,81862.38,INR,#imps awfis india pvt ltd taxinv/2410/674 fy25 - exp,AWFIS INDIA PVT LTD,True,18%,TRUE,Rent,0
TXN0002675,14-10-2024,97189.95,INR, upi indiqube india pvt ltd rcpt/2410/675 fy24 - rent exp,INDIQUBE INDIA PVT LTD,True,18%,TRUE,Rent,0
TXN0002676,14-10-2024,12511.16,INR,CARD KSEB Pvt Ltd RCPT/2410/676 FY25 - exp* rei 3633,KSEB Pvt Ltd,True,18%,TRUE,Utilities,0
TXN0002677,14-10-2024,15669.7,INR,UPI AIRTEL TAXINV/2410/677 RENT - exp / ref 5125,AIRTEL,True,18%,TRUE,Utilities,1
TXN0002678,14-10-2024,65082.34,INR,UPI WEWORK Pvt Ltd RCPT/2410/678 FY24 - rent exp,WEWORK Pvt Ltd,True,18%,TRUE,Rent,0
TXN0002679,14-10-2024,39263.91,INR,*UPI WIPRO BILL/2410/679 FY24 - exp / ref 4684,WIPRO,True,18%,TRUE,IT Services,0
TXN0002680,14-10-2024,25219.54,INR, IMPS INF.y RCPT/2410/680 GST - it services exp,INF.y,True,18%,TRUE,IT Services,0
TXN0002681,14-10-2024,24702.25,INR,carf hcl rcpt/2410/681 rent - exp* ref 7542,HCL,True,18%,TRUE,IT Services,0
TXN0002682,14-10-2024,121224.76,INR,/ IMPS INDIQUBE INDIA PVT LTD RCPT/2410/682 FY24 - exp,INDIQUBE INDIA PVT LTD,True,18%,TRUE,Rent,0
TXN0002683,14-10-2024,35614.76,INR,#AUTO-DEBIT TCS Pvt Ltd BILL/2410/683 RENT - it services exp,TCS Pvt Ltd,True,18%,TRUE,IT Services,0
TXN0002684,14-10-2024,5098.25,INR,OFFICE DEPOT INDIA PVT LTD charges,OFFICE DEPOT INDIA PVT LTD,True,12%,TRUE,Office Supplies,0
TXN0002685,14-10-2024,12122.18,INR,JIOFIBER,JIOFIBER,True,18%,TRUE,Utilities,0
TXN0002686,14-10-2024,113838.83,INR,imps wework bill/2410/686 fy2 5- exp# ref 2529,Wework,True,18%,TRUE,Rent,0
TXN0002687,14-10-2024,43708.36,INR,*CARD Techm RCPT/2410/687 FY24 - it services exp /  ref 2302,Techm,True,18%,TRUE,IT Services,0
TXN0002688,14-10-2024,6291.0,INR,,Uber,True,5%,FALSE,Travel,0
TXN0002689,14-10-2024,4508.01,INR, auto-debti uber rcpt/2410/689 adv - travel exp,Uber,True,5%,FALSE,Travel,0
TXN0002690,14-10-2024,4910.23,INR,card staples india pvt ltd rcpt/2410/690 subs - exp,STAPLES INDIA PVT LTD,True,12%,TRUE,Office Supplies,0
TXN0002691,14-10-2024,92153.76,INR,RTGS AWFIS RCPT/2410/691 FY24 - rent exp* ref 2435,AWFIS,True,18%,TRUE,Rent,0
TXN0002692,14-10-2024,3245.85,INR,-rtgs swiggy bill/2410/692 gst - exp,SWIGGY,True,5%,FALSE,Meals,0
TXN0002693,14-10-2024,37863.48,INR,#rtgs tcs rcpt/2410/693 subs - exp,TCS,True,18%,TRUE,IT Services,0
TXN0002694,15-10-2024,3828.38,INR,imps rapido inv/2410/694 q2 - exp# ref 5116,RAPIDO,True,5%,FALSE,Travel,0
TXN0002695,15-10-2024,4736.23,INR,!rtgs rcpt/2410/695 rent - exp,Govt Fees,False,exempt,FALSE,Exempt Services,0
TXN0002696,15-10-2024,39417.49,INR,auto-debit techm india pvt ltd inv/2410/696 fy24 - exp,TECHM INDIA PVT LTD,True,18%,TRUE,IT Services,0
TXN0002697,15-10-2024,109866.29,INR,neft awfis pvt ltd inv/2410/697 q1 - rent exp* ref 3630,AWFIS Pvt Ltd,True,18%,TRUE,Rent,0
TXN0002698,15-10-2024,30000.07,INR,NEFT INFY Pvt Ltd TAXINV/2410/698 RENT - exp# ref 3524,INFY Pvt Ltd,True,18%,TRUE,IT Services,0
TXN0002699,15-10-2024,4357.06,INR,GOVT FEES,GOVT FEES,False,exempt,FALSE,Exempt Services,0
TXN0002700,15-10-2024,57685.54,INR,-rtgs wework pvt ltd taxinv/2410/700 q2 - exp# ref 2385,WEWORK Pvt Ltd,True,18%,TRUE,Rent,0
TXN0002701,15-10-2024,12566.0,INR,*imps upgrad rcpt/2410/701 fy24 - exp / ref 3694,UPGRAD,True,18%,unknown,Training,0
TXN0002702,15-10-2024,214792.64,INR,CARD HCL Pvt Ltd INV/2410/702 ADV - exp,HCL Pvt Ltd,True,18%,TRUE,IT Services,1
TXN0002703,15-10-2024,34507.96,INR,imps tcs taxinv/2410/703 gst - it services exp  ref 1083,Tcs,True,18%,TRUE,IT Services,0
TXN0002704,15-10-2024,7164.45,INR,AUTO-DEBIT ADOBE INV/2410/704 GST - exp- ref 8358,ADOBE,True,18%,TRUE,Software,0
TXN0002705,15-10-2024,147202.76,INR,neft ind.iqube taxinv/2410/705 fy24 - exp! ref 9318,IND.iqube,True,18%,TRUE,Rent,0
TXN0002706,15-10-2024,4238.56,INR,upi uber taxinv/2410/70w q1 - exp,UBER,True,5%,FALSE,Travel,0
TXN0002707,15-10-2024,54591.86,INR,TCS charges,TCS,True,18%,TRUE,IT Services,0
TXN0002708,15-10-2024,8557.52,INR,rtgs microsoft india pvt ltd taxinv/2410/708 tds - exp,MICROSOFT INDIA PVT LTD,True,18%,TRUE,Software,0
TXN0002709,16-10-2024,4494.27,INR, ,CANVA INDIA PVT LTD,True,18%,TRUE,Software,0
TXN0002710,16-10-2024,26515.61,INR,!imps wipro india pvt ltd rcpt/2410/710 q1 - it services exp,WIPRO INDIA PVT LTD,True,18%,TRUE,IT Services,0
TXN0002711,16-10-2024,3651.15,INR,#CARD Dominos TAXINV/2410/711 RENT - exp! ref 7151,Dominos,True,28%,FALSE,Meals,1
TXN0002712,16-10-2024,12449.32,INR,/ AUTO-DEBIT SIMPLILEARN BILL/2410/712RENT - exp,SIMPLILEARN,True,18%,unknown,Training,0
TXN0002713,16-10-2024,16855.66,INR,UPG.rad,UPG.rad,True,18%,unknown,Training,0
TXN0002714,16-10-2024,16792.66,INR,upi microsoft rcpt/2410/714 tds - exp,Microsoft,True,18%,TRUE,Software,0
TXN0002715,16-10-2024,3918.59,INR,RTGS RAPIDO INDIA PVT LTD RCPT/2410/715 Q2 - travel exp,RAPIDO INDIA PVT LTD,True,5%,FALSE,Travel,0
TXN0002716,16-10-2024,95471.57,INR,UPI AWFIS BILL/2410/716 - exp! ref 1827,AWFIS,True,18%,TRUE,Rent,0
TXN0002717,16-10-2024,37130.67,INR,-card wipro pvt lt dbill/2410/717 q1 - exp,WIPRO Pvt Ltd,True,18%,TRUE,IT Services,0
TXN0002718,16-10-2024,294418.56,INR,!imps hcl rcpt/2410/718 fy24 - exp,Hcl,True,18%,TRUE,IT Services,1
TXN0002719,16-10-2024,62735.52,INR,HCL charges,HCL,True,18%,TRUE,IT Services,0
TXN0002720,16-10-2024,31809.72,INR,auto-debit tcs bill/2410/720 fy24 - exp,Tcs,True,18%,TRUE,IT Services,0
TXN0002721,16-10-2024,6729.05,INR,RTGS INDIGO Pvt Ltd TAXINV/2410/721 SUBS - travel ex,INDIGO Pvt Ltd,True,5%,FALSE,Travel,0
TXN0002722,16-10-2024,286642.8,INR,#card hcl india pvt ltd rcpt/2410/722 adv - exp / ref 4505,HCL INDIA PVT LTD,True,18%,TRUE,IT Services,1
TXN0002723,16-10-2024,31111.19,INR,#CARD TCS INV/2410/723 TDS - exp,TCS,True,18%,TRUE,IT Services,0
TXN0002724,17-10-2024,2270.02,INR,-UPI KFC TAXINV/2410/724 TDS - exp,KFC,True,5%,FALSE,Meals,0
TXN0002725,17-10-2024,3065.92,INR,#RTGS OFFICE DEPOT INDIA PVT LTD BILL/2410/725 Q2 - exp,OFFICE DEPOT INDIA PVT LTD,True,12%,TRUE,Office Supplies,0
TXN0002726,17-10-2024,7839.28,INR,upi canva taxinv/2410/726 fy25 - software exp,CANVA,True,18%,TRUE,Software,0
TXN0002727,17-10-2024,33864.5,INR,TCS,TCS,True,18%,TRUE,IT Services,0
TXN0002728,17-10-2024,6726.0,INR,IMPS OFFICE DEPOT BILL/2410/728 GST - exp,OFFICE DEPOT,True,12%,TRUE,Office Supplies,0
TXN0002729,17-10-2024,11212.57,INR,/ card adobe nidia pvt ltd taxinv/2410/729 gst - exp,ADOBE INDIA PVT LTD,True,18%,TRUE,Software,0
TXN0002730,17-10-2024,4555.53,INR,IMPS IKEA Pvt Ltd TAXINV/2410/730 ADV - exp,IKEA Pvt Ltd,True,12%,TRUE,Office Supplies,0
TXN0002731,17-10-2024,78165.79,INR,AUTO-DEBIT AWFIS RCPT/2410/731 FY24 - exp- ref 5183,AWFIS,True,18%,TRUE,Rent,0
TXN0002732,17-10-2024,4239.36,INR,ZOMATO charges,ZOMATO,True,5%,FALSE,Meals,0
TXN0002733,18-10-2024,5583.88,INR,imps indigo taxinv/2410/733 fy25 - exp,Indigo,True,5%,FALSE,Travel,0
TXN0002734,18-10-2024,28575.34,INR,CARD Techm BILL/2410/734 Q1 - exp- ref 2359,Techm,True,18%,TRUE,IT Services,0
TXN0002735,18-10-2024,2954.63,INR,-UPI KFC TAXINV/2410/735 Q2 - exp,KFC,True,5%,FALSE,Meals,0
TXN0002736,18-10-2024,129698.64,INR,JIO.fiber,JIO.fiber,True,18%,TRUE,Utilities,1
TXN0002737,18-10-2024,134887.64,INR,AUTO-DEBIT INDIQUBE Pvt Ltd INV/2410/737 Q1 - rent exp,INDIQUBE Pvt Ltd,True,18%,TRUE,Rent,0
TXN0002738,18-10-2024,15768.83,INR,SIMPLILEARN Pvt Ltd,SIMPLILEARN Pvt Ltd,True,18%,unknown,Training,0
TXN0002739,18-10-2024,2650.99,INR,DOMINOS Pvt Ltd,DOMINOS Pvt Ltd,True,5%,FALSE,Meals,0
TXN0002740,18-10-2024,23261.71,INR,#CARD INF.y TAXINV/2410/740 Q2 - exp,INF.y,True,18%,TRUE,IT Services,0
TXN0002741,18-10-2024,33060.45,INR,UPI HCL INDIA PVT LTD BILL/2410/741 TDS - exp! ref 1328,HCL INDIA PVT LTD,True,18%,TRUE,IT Services,0
TXN0002742,18-10-2024,2119.69,INR,!IMPS DOM.inos TAXINV/2410/742 FY25 - exp,DOM.inos,True,5%,FALSE,Meals,0
TXN0002743,19-10-2024,1679.2,INR,RTGS DOzINOS BILL/2410/743 RENT - exp ref 3248,DOMINOS,True,5%,FALSE,Meals,0
TXN0002744,19-10-2024,4371.25,INR,UPI ZOM.ato TAXINV/2410/744 FY24 - exp,ZOM.ato,True,5%,FALSE,Meals,0
TXN0002745,19-10-2024,7451.44,INR,/ RTGS IKEA RCPT/2410/745 RENT -hexp* ref 9277,IKEA,True,12%,TRUE,Office Supplies,0
TXN0002746,19-10-2024,4735.37,INR,!auto-debit off.ice depot rcpt/2410/746 fy24 - exp,OFF.ice depot,True,12%,TRUE,Office Supplies,0
TXN0002747,19-10-2024,8672.85,INR,FIGMA charges,FIGMA,True,18%,TRUE,Software,0
TXN0002748,19-10-2024,6598.52,INR,UPI UBE.r RCP/2410/748 Q1 - exp* ref 4334,UBE.r,True,5%,FALSE,Travel,0
TXN0002749,19-10-2024,45888.97,INR,/ rtgs awfis pvt ltd rcpt/2410/749 adv - exp,AWFIS Pvt Ltd,True,18%,TRUE,Rent,0
TXN0002750,19-10-2024,4837.41,INR,!CARD IKEA RCPT/2410/750 RENT - exp / ref 1558,IKEA,True,12%,TRUE,Office Supplies,0
TXN0002751,19-10-2024,46222.57,INR,-upi wipro inv/2410/751 gst - exp,WIPRO,True,18%,TRUE,IT Services,0
TXN0002752,19-10-2024,11131.66,INR,/ NEFT Office Depot BILL/2410/752 Q1 - exp,Office Depot,True,12%,TRUE,Office Supplies,0
TXN0002753,19-10-2024,3291.7,INR,imps microsoft taxinv/2410/753 gst - exp,Microsoft,True,18%,TRUE,Software,0
TXN0002754,19-10-2024,68506.71,INR,IMPS AWFIS INDIA PVT LTD RCPT/2410/754 FY24 - exp,AWFIS INDIA PVT LTD,True,18%,TRUE,Rent,0
TXN0002755,19-10-2024,48826.47,INR,/ NEFT TECHM INDIA PVT LTD INV/2410/755 SUBS - exp,TECHM INDIA PVT LTD,True,18%,TRUE,IT Services,0
TXN0002756,19-10-2024,52191.76,INR,imps rapido bill/2410/756 fy24 - travel exp  ref 5973,Rapido,True,5%,FALSE,Travel,1
TXN0002757,20-10-2024,4256.45,INR,AUTO-DEBIT RAP.ido BILL/2410/757 ADV - exp,RAP.ido,True,5%,FALSE,Travel,0
TXN0002758,20-10-2024,5869.07,INR,AUTO-DEBIT Indig BILL/2410/758 RENT - exp / ref 6669,Indigo,True,5%,FALSE,Travel,0
TXN0002759,20-10-2024,96910.25,INR,!imps awfis taxinv/2410/759 adv - exp,Awfis,True,18%,TRUE,Rent,0
TXN0002760,20-10-2024,101472.33,INR,*IMPS AWFIS TAXINV/2410/760 TDS - exp! ref 6875,AWFIS,True,18%,TRUE,Rent,0
TXN0002761,20-10-2024,5424.09,INR,CARD IKEA INDIA PVT LTD BILL/2410/761 Q2 - exp* ref 3440,IKEA INDIA PVT LTD,True,12%,TRUE,Office Supplies,0
TXN0002762,20-10-2024,6559.12,INR,UPI FIGMA RCPT/2410/762 GST - exp,FIGMA,True,18%,TRUE,Software,0
TXN0002763,20-10-2024,3124.28,INR,auto-debit office depot india pvt ltd bill/2410/763 fy25 - office supplies exp,OFFICE DEPOT INDIA PVT LTD,True,12%,TRUE,Office Supplies,0
TXN0002764,20-10-2024,10884.77,INR,-,BESCOM INDIA PVT LTD,True,18%,TRUE,Utilities,0
TXN0002765,20-10-2024,68826.16,INR,auto-debit microsoft india pvt ltd bill/2410/765 q1 -e xp* ref 9355,MICROSOFT INDIA PVT LTD,True,18%,TRUE,Software,1
TXN0002766,20-10-2024,2905.78,INR,!CARD SWI.ggy RCPT/2410/766 Q1 - exp* ref 1291,SWI.ggy,True,5%,FALSE,Meals,0
TXN0002767,20-10-2024,63482.28,INR,#AUTO-DEBIT WEWORK Pvt Ltd RCPT/2410/767 Q2 - rent exp,WEWORK Pvt Ltd,True,18%,TRUE,Rent,0
TXN0002768,20-10-2024,59256.19,INR,RTGS WEWORK RCPT/2410/768 Q2 - exp* ref 8416,WEWORK,True,18%,TRUE,Rent,0
TXN0002769,20-10-2024,153308.85,INR,CARD Awfis RCPT/2410/769 FY24 - exp,Awfis,True,18%,TRUE,Rent,0
TXN0002770,20-10-2024,46856.35,INR,n/a,WIPRO INDIA PVT LTD,True,18%,TRUE,IT Services,0
TXN0002771,20-10-2024,9184.12,INR,neft canva pvt ltd rcpt/2410/771 rent - software exp /  ref 5288,CANVA Pvt Ltd,True,18%,TRUE,Software,0
TXN0002772,20-10-2024,37998.72,INR,upi infy rcpt/2410/72 fy24 - exp,INFY,True,18%,TRUE,IT Services,0
TXN0002773,21-10-2024,14423.18,INR,card ugrad inv/2410/773 adv - exp,Upgrad,True,18%,unknown,Training,0
TXN0002774,21-10-2024,21517.51,INR,RTGS TCS TAXINV/2410/774 Q2 - it services exp,TCS,True,18%,TRUE,IT Services,0
TXN0002775,21-10-2024,13309.32,INR,AUTO-DEBIT AIRTEL Pvt Ltd BILL/2410/775 SUBS - exp,AIRTEL Pvt Ltd,True,18%,TRUE,Utilities,0
TXN0002776,21-10-2024,290612.96,INR,/ RTGS Infy RCPT/2410/776 TDS - exp ref 9279,Infy,True,18%,TRUE,IT Services,1
TXN0002777,21-10-2024,6732.85,INR,Uber charges,Uber,True,5%,FALSE,Travel,0
TXN0002778,21-10-2024,8667.74,INR,NEFT JIO.fiber BILL/2410/778 Q2 - exp,JIO.fiber,True,18%,TRUE,Utilities,0
TXN0002779,21-10-2024,132644.57,INR,RTGS INDIQUBE INDIA PVT LTD INV/2410/779 ADV - rent exp  ref 2409,INDIQUBE INDIA PVT LTD,True,18%,TRUE,Rent,0
TXN0002780,21-10-2024,3298.3,INR,RTGS OLA INV/2410/780 SUBS - exp,OLA,True,5%,FALSE,Travel,0
TXN0002781,21-10-2024,5511.97,INR,CARD Indigo INV/2410/781 Q1 - exp,Indigo,True,5%,FALSE,Travel,0
TXN0002782,21-10-2024,10233.89,INR,CARD AIRTEL Pvt Ltd TAXINV/2410/782 TDS - exp,AIRTEL Pvt Ltd,True,28%,TRUE,Utilities,1
TXN0002783,21-10-2024,2653.82,INR,KFC charges,KFC,True,28%,FALSE,Meals,1
TXN0002784,21-10-2024,4861.37,INR,UPI INV/2410/784 Q1 - exp# ref 4613,GOVT FEES,False,exempt,FALSE,Exempt Services,0
TXN0002785,21-10-2024,8548.72,INR,!auto-debit canva pvt ltd rcpt/2410/785 q1 - exp,CANVA Pvt Ltd,True,18%,TRUE,Software,0
TXN0002786,21-10-2024,21014.17,INR,card infy inv/2410/786 q1 - exp,INFY,True,18%,TRUE,IT Services,0
TXN0002787,21-10-2024,26763.83,INR,neft hcl bill/2410/787 gst - exp,HCL,True,18%,TRUE,IT Services,0
TXN0002788,22-10-2024,7194.66,INR,INDIGO INDIA PVT LTD charges,INDIGO INDIA PVT LTD,True,5%,FALSE,Travel,0
TXN0002789,22-10-2024,21328.25,INR,-CARD UPGRAD INV/2401/789 ADV - exp / ref 3073,UPGRAD,True,18%,unknown,Training,0
TXN0002790,22-10-2024,4275.08,INR,#CARD BILL/2410/790 FY24 - exp# ref 6533,Govt Fees,False,exempt,FALSE,Exempt Services,0
TXN0002791,22-10-2024,38445.76,INR,AUTO-DEBIT Infy RCPT/2410/791 RENT - exp- ref 3733,Infy,True,18%,TRUE,IT Services,0
TXN0002792,22-10-2024,7704.41,INR, rtgs ado.be txainv/2410/792 adv - software exp- ref 7137,ADO.be,True,18%,TRUE,Software,0
TXN0002793,22-10-2024,31229.28,INR,TECHM charges,TECHM,True,18%,TRUE,IT Services,0
TXN0002794,22-10-2024,8767.86,INR,rtgs imcrosoft pvt ltd inv/2410/794 fy24 - exp,MICROSOFT Pvt Ltd,True,18%,TRUE,Software,0
TXN0002795,22-10-2024,6571.55,INR,-neft mic.rosoft bill/2410/795 q2 - software exp,MIC.rosoft,True,18%,TRUE,Software,0
TXN0002796,22-10-2024,9974.12,INR,UPI KSEB RCPT/2410/796 SUBS - exp,KSEB,True,18%,TRUE,Utilities,0
TXN0002797,22-10-2024,20541.12,INR,!rtgs jiofiber bill/2410/797 tds - utilitiesexp,JIOFIBER,True,18%,TRUE,Utilities,0
TXN0002798,22-10-2024,95407.69,INR,#imps awf.is rcpt/2410/798 q2 - exp,AWF.is,True,18%,TRUE,Rent,0
TXN0002799,22-10-2024,4368.16,INR,IMPS Rapido BILL/2410/799 FY25 - exp,Rapido,True,5%,FALSE,Travel,0
TXN0002800,22-10-2024,16634.16,INR,card sim.plilearn bill/2410/800 q1 - exp,SIM.plilearn,True,18%,unknown,Training,1
TXN0002801,22-10-2024,6782.21,INR,*auto-debit office depot taxinv/2410/801 tds - owfice supplies exp,Office Depot,True,12%,TRUE,Office Supplies,0
TXN0002802,22-10-2024,18968.37,INR, ,BESCOM,True,18%,TRUE,Utilities,0
TXN0002803,22-10-2024,67890.08,INR,NEFT Wipro INV/2410/803 GST i exp ref 2448,Wipro,True,18%,TRUE,IT Services,0
TXN0002804,23-10-2024,6496.65,INR,pTGS OLA TAXINV/2410/804 TDS - travel exR,OLA,True,5%,FALSE,Travel,0
TXN0002805,23-10-2024,25492.09,INR,!card infy india pvt ltd inv/2410/805 tds - exp,INFY INDIA PVT LTD,True,18%,TRUE,IT Services,0
TXN0002806,23-10-2024,12703.42,INR, / auto-debit dao.be inv/2410/806 q1 - software exp,ADO.be,True,18%,TRUE,Software,0
TXN0002807,23-10-2024,5436.6,INR,NEFT UBER TAXINV/241/807 FY24 - exp,UBER,True,5%,FALSE,Travel,0
TXN0002808,23-10-2024,45323.39,INR,rtgs wipro rcpt/2410/808 fy25 -pexp,WIPRO,True,18%,TRUE,IT Services,0
TXN0002809,23-10-2024,11290.64,INR,NEFT KSEB INDIA PVT LTD TAXINV/2410/809 RENT - utilities exp# ref 1256,KSEB INDIA PVT LTD,True,18%,TRUE,Utilities,0
TXN0002810,23-10-2024,30470.4,INR,WIPRO charges,WIPRO,True,18%,TRUE,IT Services,0
TXN0002811,23-10-2024,75821.45,INR,*imps wework inv/2410/811 tds - rent exp,WEWORK,True,5%,TRUE,Rent,1
TXN0002812,23-10-2024,49056.45,INR,na,HCL,True,18%,TRUE,IT Services,0
TXN0002813,24-10-2024,32220.03,INR,/ RTGS Wipro TAXINV/2410/813 FY24 - exp,Wipro,True,18%,TRUE,IT Services,0
TXN0002814,24-10-2024,53572.9,INR,upi tcs india pvt ltd taxinv/2410/814 fy24 - exp,TCS INDIA PVT LTD,True,18%,TRUE,IT Services,0
TXN0002815,24-10-2024,10529.53,INR,auto-debit adobe taxinv/2410/815 q1 - exp,Adobe,True,18%,TRUE,Software,0
TXN0002816,24-10-2024,11962.19,INR,AUTO-DEBIT KSEB INV/2410/816 FY52 - exp / ref 1576,KSEB,True,18%,TRUE,Utilities,0
TXN0002817,24-10-2024,54768.59,INR,card infy pvt ltd bill/2410/817 rent  exp,INFY Pvt Ltd,True,18%,TRUE,IT Services,0
TXN0002818,24-10-2024,4108.21,INR,NEFT STAPLES BILL/2410/818 Q1 - office supplies exp,STAPLES,True,12%,TRUE,Office Supplies,0
TXN0002819,24-10-2024,29741.27,INR, / RTGS TEC.hm INV/2410/819 TDS - it services exp,TEC.hm,True,18%,TRUE,IT Services,0
TXN0002820,24-10-2024,8722.8,INR,*card ikea taxinv/2410/820 rent - exp,IKEA,True,12%,TRUE,Office Supplies,0
TXN0002821,24-10-2024,9097.5,INR,AUTO-DEBIT Jiofiber INV/2410/821 FY24 - exp# ref 4821,Jiofiber,True,18%,TRUE,Utilities,0
TXN0002822,24-10-2024,13900.07,INR,!RTGS AIRTEL TAXINV2410/822 Q2 - exp! ref 9502,AIRTEL,True,18%,TRUE,Utilities,0
TXN0002823,24-10-2024,51125.9,INR,NEFT HCL Pvt Ltd TAXINV/2410/823 FY25 - exp,HCL Pvt Ltd,True,18%,TRUE,IT Services,0
TXN0002824,24-10-2024,5719.18,INR,RTGS OFFICE DEPOT Pvt Ltd BILL/2410/824 Q2 - exp,OFFICE DEPOT Pvt Ltd,True,12%,TRUE,Office Supplies,0
TXN0002825,24-10-2024,13413.75,INR,KSEB charges,KSEB,True,18%,TRUE,Utilities,0
TXN0002826,24-10-2024,4813.61,INR,IMPS IKEA Pvt Ltd BILL/2410/826 TDS - exp,IKEA Pvt Ltd,True,12%,TRUE,Office Supplies,0
TXN0002827,24-10-2024,5072.6,INR,*card office depot pvt ltd bill/2410/827 gst - office supplie exp,OFFICE DEPOT Pvt Ltd,True,12%,TRUE,Office Supplies,0
TXN0002828,24-10-2024,8168.78,INR,up ifig.ma inv/2410/828 fy25 - exp ref 4946,FIG.ma,True,18%,TRUE,Software,0
TXN0002829,24-10-2024,12829.05,INR,!UPI FIGMA TAXINV/2410/829 FY24 - exp,FIGMA,True,18%,TRUE,Software,0
TXN0002830,24-10-2024,4157.88,INR,AUTO-DEBIT STA.mp duty TAXINV/2410/830 Q2 - epx* ref 1935,STA.mp duty,False,exempt,FALSE,Exempt Services,0
TXN0002831,24-10-2024,2415.63,INR,#CARD DOMINOS Pvt Ltd INV/2410/831 Q2 - exp ref 8106,DOMINOS Pvt Ltd,True,5%,FALSE,Meals,0
TXN0002832,24-10-2024,19307.06,INR,CARD TCS Pvt Ltd BILL/2410/832 RENT - exp,TCS Pvt Ltd,True,18%,TRUE,IT Services,0
TXN0002833,24-10-2024,64822.89,INR,na,WEWORK,True,18%,TRUE,Rent,0
TXN0002834,24-10-2024,10881.96,INR,NEwT KSE.b RCPT/2410/834 Q1 - exp# ref 1352,KSE.b,True,18%,TRUE,Utilities,0
TXN0002835,24-10-2024,8975.45,INR,!card jiofiber rcpt/2410/835 q1 - exp- ref 1019,JIOFIBER,True,12%,TRUE,Utilities,1
TXN0002836,25-10-2024,4666.26,INR,#imps zomato india pvt ltdubill/2410/836 tds - exp,ZOMATO INDIA PVT LTD,True,5%,FALSE,Meals,1
TXN0002837,25-10-2024,5799.6,INR,card indigo india pvt ltd bill/2410/837 q1 - exp,INDIGO INDIA PVT LTD,True,5%,FALSE,Travel,0
TXN0002838,25-10-2024,5032.38,INR,AUTO-DEBIT IKE.a BILL/2410/838 ADV - exp ref 6202,IKE.a,True,12%,TRUE,Office Supplies,0
TXN0002839,25-10-2024,19118.08,INR,BESCOM charges,BESCOM,True,18%,TRUE,Utilities,0
TXN0002840,25-10-2024,8690.09,INR,na,AIRTEL,True,18%,TRUE,Utilities,0
TXN0002841,25-10-2024,7970.67,INR,rtgs staples inv/2410/841 q2 - exp,STAPLES,True,12%,TRUE,Office Supplies,0
TXN0002842,25-10-2024,8993.36,INR,,ADOBE,True,18%,TRUE,Software,0
TXN0002843,25-10-2024,82747.26,INR,CADR INDIQUBE Pvt Ltd BILL/2410/843 GST - exp,INDIQUBE Pvt Ltd,True,18%,TRUE,Rent,0
TXN0002844,25-10-2024,7547.05,INR,CARD IKE.a RCPT/2410/844 RENT - exp ref 6508,IKE.a,True,12%,TRUE,Office Supplies,0
TXN0002845,25-10-2024,5602.03,INR,neft microsoft taxinv/2410/845 rent - exp# ref 8556,MICROSOFT,True,18%,TRUE,Software,0
TXN0002846,25-10-2024,4024.25,INR,n/a,SWIGGY INDIA PVT LTD,True,5%,FALSE,Meals,0
TXN0002847,25-10-2024,13610.11,INR,upi airtel rcpt/2410/847 q1 - exp,AIRTEL,True,18%,TRUE,Utilities,0
TXN0002848,25-10-2024,6324.09,INR,!rtgs airtel taxinv/2410/848 subs - exa,AIRTEL,True,18%,TRUE,Utilities,0
TXN0002849,25-10-2024,6552.3,INR, auto-debit cnava rcpt/2410/849 adv - software exp,CANVA,True,18%,TRUE,Software,0
TXN0002850,25-10-2024,4133.58,INR,AUTO-DEBIT STALES Pvt Ltd INV/2410/850 FY25 - exp! ref 6039,STAPLES Pvt Ltd,True,12%,TRUE,Office Supplies,0
TXN0002851,25-10-2024,9716.2,INR,NEFT KSEB RCPT/2410/851 Q1 - exp,KSEB,True,18%,TRUE,Utilities,0
TXN0002852,25-10-2024,11131.38,INR,*RTGS Jiofiber TAIXNV/2410/852 SUBS - utilities exp,Jiofiber,True,18%,TRUE,Utilities,0
TXN0002853,26-10-2024,48857.72,INR,Indiqube charges,Indiqube,True,18%,TRUE,Rent,0
TXN0002854,26-10-2024,102006.23,INR,AUTO-DEBIT Indiqube INV/2410/854 TDS - exp,Indiqube,True,18%,TRUE,Rent,0
TXN0002855,26-10-2024,47116.51,INR,HCL charges,HCL,True,18%,TRUE,IT Services,0
TXN0002856,26-10-2024,5347.82,INR,*rtgs ikea pvt ltd taxinv/2410/856 fy24 - exp,IKEA Pvt Ltd,True,12%,TRUE,Office Supplies,0
TXN0002857,26-10-2024,11304.59,INR,/ RTGS KSEB RCPT/2410/857 RENT - exp! ref 8848,KSEB,True,18%,TRUE,Utilities,0
TXN0002858,26-10-2024,7862.51,INR,FIGMA Pvt Ltd,FIGMA Pvt Ltd,True,18%,TRUE,Software,0
TXN0002859,26-10-2024,10086.93,INR,CARD JIOFIBER BILL/2410/859 FY25 - exp,JIOFIBER,True,18%,TRUE,Utilities,0
TXN0002860,26-10-2024,9272.18,INR,CARD MICROSOFT INDIA PVT LTD TAXINV/2410/860 TDS - exp! ref 6778,MICROSOFT INDIA PVT LTD,True,18%,TRUE,Software,0
TXN0002861,26-10-2024,55887.1,INR,-UPI WEW.ork INV/2410/861 Q1 - exp,WEW.ork,True,18%,TRUE,Rent,0
TXN0002862,26-10-2024,4671.9,INR,*imps uber taxinv/2410/862 rent - travel exp* ref 1586,UBER,True,5%,FALSE,Travel,0
TXN0002863,26-10-2024,7549.6,INR,RTGS STAPLES INV/2410/863 Q1 - exp ref 9586,STAPLES,True,12%,TRUE,Office Supplies,0
TXN0002864,26-10-2024,8538.49,INR,*imps microsoft india pvt ltd rcpt/2410/864 q2 - exp,MICROSOFT INDIA PVT LTD,True,18%,TRUE,Software,0
TXN0002865,26-10-2024,8236.09,INR,*imps staples inv/2410/865 adv - exp,Staples,True,12%,TRUE,Office Supplies,0
TXN0002866,26-10-2024,32205.1,INR,INF.y,INF.y,True,18%,TRUE,IT Services,0
TXN0002867,26-10-2024,5837.11,INR, NEFT STAMP DUTY INDIA PVT LTD TAXINV/2410/86 Q2 - exempt services exp,STAMP DUTY INDIA PVT LTD,False,exempt,FALSE,Exempt Services,0
TXN0002868,26-10-2024,41240.09,INR,TCS charges,TCS,True,18%,TRUE,IT Services,0
TXN0002869,26-10-2024,5506.26,INR,UPI OLA TAXINV/2410/869 SUBS - exp,OLA,True,5%,FALSE,Travel,0
TXN0002870,27-10-2024,36763.9,INR,!rtgs tcs pvt ltd rcpt/2410/870 rent - exp,TCS Pvt Ltd,True,18%,TRUE,IT Services,0
TXN0002871,27-10-2024,26503.22,INR, / UPI TCS RCPT/2410/871sGST - it services exp,TCS,True,18%,TRUE,IT Services,0
TXN0002872,27-10-2024,36617.35,INR,imps wip.ro inv/2410/872 gst - exp,WIP.ro,True,18%,TRUE,IT Services,0
TXN0002873,27-10-2024,6886.39,INR, ,Uber,True,5%,FALSE,Travel,0
TXN0002874,27-10-2024,7244.46,INR,AUTO-DEBIT STA.ples TAXINV/2410/874 Q1 - office supplies exp# ref 5747,STA.ples,True,12%,TRUE,Office Supplies,0
TXN0002875,27-10-2024,35771.91,INR,*AUTO-DEBIT INFY Pvt Ltd RCPT/2410/875 FY25 - exp,INFY Pvt Ltd,True,18%,TRUE,IT Services,0
TXN0002876,27-10-2024,8243.44,INR,card staples taxinv/2401/876 tds - exp,Staples,True,12%,TRUE,Office Supplies,0
TXN0002877,27-10-2024,33387.95,INR,NEFT Awfis TAXINV/2410/877 - exp,Awfis,True,18%,TRUE,Rent,0
TXN0002878,27-10-2024,7366.16,INR,RTGS UBER BILL/2410/878 F2Y4 - exp! ref 7570,UBER,True,5%,unknown,Travel,1
TXN0002879,27-10-2024,16149.58,INR,NEFT SIMPLILEARN INV/2410/879 FY24 - training exp,SIMPLILEARN,True,18%,unknown,Training,0
TXN0002880,27-10-2024,23796.61,INR,/ rtgs hcl rcpt/2410/880 gst - expm ref 7296,HCL,True,18%,TRUE,IT Services,0
TXN0002881,27-10-2024,102647.95,INR,-auto-debit awfis bill/2410/881 - exp / ref 5864,Awfis,True,18%,TRUE,Rent,0
TXN0002882,27-10-2024,14180.82,INR,#RTGS KSE.b INV/210/882 ADV - exp! ref 6364,KSE.b,True,18%,TRUE,Utilities,0
TXN0002883,27-10-2024,107495.66,INR,AUTO-DEBIT WEWORK INDIA PVT LTD RCPT/2410/883 Q1 - rent exp,WEWORK INDIA PVT LTD,True,18%,TRUE,Rent,0
TXN0002884,27-10-2024,4730.85,INR,#imps india pvt ltd rcpt/2410/884 q1 - exp,STAMP DUTY INDIA PVT LTD,False,exempt,FALSE,Exempt Services,0
TXN0002885,28-10-2024,18867.26,INR,na,JIO.fiber,True,18%,TRUE,Utilities,0
TXN0002886,28-10-2024,13765.2,INR,/ card jiofiber taxinv/2410/886 gst - exp,Jiofiber,True,18%,TRUE,Utilities,0
TXN0002887,28-10-2024,6603.3,INR,AUTO-DEBIT AIRTEL Pvt Ltd TAXINV/2410/887 RENT - exp,AIRTEL Pvt Ltd,True,18%,TRUE,Utilities,0
TXN0002888,28-10-2024,7745.62,INR,*RTGS Adobe TAXINV/2410/888 FY24 - exp,Adobe,True,18%,TRUE,Software,0
TXN0002889,28-10-2024,109938.53,INR,!rtgs indiqube pvt ltd inv/2410/89 q1 - rent exp  ref 5626,INDIQUBE Pvt Ltd,True,18%,TRUE,Rent,0
TXN0002890,28-10-2024,8903.53,INR,#upia irtel india pvt ltd taxinv/2410/890 adv - utilities exp,AIRTEL INDIA PVT LTD,True,18%,TRUE,Utilities,0
TXN0002891,28-10-2024,5916.87,INR,RTGS UBER Pvt Ltd TAXINV/2410/891 GST - travel exp,UBER Pvt Ltd,True,5%,FALSE,Travel,0
TXN0002892,28-10-2024,28299.45,INR,-NEFT INFY Pvt Ltd RCPT/2410/892 FY25 - exp,INFY Pvt Ltd,True,18%,TRUE,IT Services,0
TXN0002893,28-10-2024,2564.67,INR,*NEFT Ola BILL/2410/893 Q2 - exp,Ola,True,5%,FALSE,Travel,0
TXN0002894,28-10-2024,9015.56,INR,!NEFT ADOBE TAXINV/2410/894 SUBS - exp,ADOBE,True,18%,TRUE,Software,0
TXN0002895,28-10-2024,39163.28,INR,!UPI HCL RCPT/2410/895 ADV - it sevices exp* ref 3050,HCL,True,18%,TRUE,IT Services,0
TXN0002896,28-10-2024,16343.95,INR,!imps kseb rcpt/2410/896 gst - exp,KSEB,True,18%,TRUE,Utilities,0
TXN0002897,28-10-2024,117677.68,INR,!IMPS Awfis RCPT/2410/897 ADV - exp / ref 1092,Awfis,True,18%,TRUE,Rent,0
TXN0002898,28-10-2024,101863.41,INR,INDIQUBE,INDIQUBE,True,18%,TRUE,Rent,0
TXN0002899,29-10-2024,3633.89,INR,card ola pvt ltd taxinv/241/899 adv - travel exp,OLA Pvt Ltd,True,5%,FALSE,Travel,0
TXN0002900,29-10-2024,2897.41,INR,#RTGS KFC INDIA PVT LTD RCPT/2410/900 ADV - exp,KFC INDIA PVT LTD,True,5%,FALSE,Meals,0
TXN0002901,29-10-2024,4011.77,INR,RTGS KFC TAXINV/2410/901 RENT - exp,KFC,True,5%,FALSE,Meals,0
TXN0002902,29-10-2024,48541.07,INR,WIPRO INDIA PVT LTD charges,WIPRO INDIA PVT LTD,True,18%,TRUE,IT Services,0
TXN0002903,29-10-2024,5780.72,INR,CARD OFFICE DEPOT RCPT/2410/903 TDS - exp,OFFICE DEPOT,True,12%,TRUE,Office Supplies,0
TXN0002904,29-10-2024,34166.33,INR,IMPS INFY INV/2410/904 FY24 - exp,INFY,True,18%,TRUE,IT Services,0
TXN0002905,29-10-2024,148160.18,INR,na,AWFIS INDIA PVT LTD,True,18%,TRUE,Rent,0
TXN0002906,29-10-2024,30304.35,INR,imps upgrad bill/2410/906 fy25 - exp,UPGRAD,True,18%,unknown,Training,0
TXN0002907,29-10-2024,38498.0,INR,!UPI Hcl RCPT/2410/907 Q1 -dit services exp,Hcl,True,18%,TRUE,IT Services,0
TXN0002908,29-10-2024,73541.48,INR,#neft wew.ork taxinv/2410/908 tds - exp,WEW.ork,True,18%,TRUE,Rent,0
TXN0002909,29-10-2024,7857.45,INR,na,RAPIDO Pvt Ltd,True,5%,FALSE,Travel,0
TXN0002910,29-10-2024,5894.32,INR,AUTO-DEBIT STAPLES INV/2410/910 FY25 - office supplies exp,STAPLES,True,12%,TRUE,Office Supplies,0
TXN0002911,29-10-2024,28988.85,INR,!AUTO-DEBIT WIPRO RCPT/2410/911 SUBS - exp,WIPRO,True,18%,TRUE,IT Services,0
TXN0002912,29-10-2024,2798.78,INR,UPI DOMINOS Pvt Ltd INV/2410/912 Q2 - meals exp,DOMINOS Pvt Ltd,True,5%,FALSE,Meals,1
TXN0002913,29-10-2024,7173.67,INR,IND.igo charges,IND.igo,True,5%,FALSE,Travel,0
TXN0002914,29-10-2024,7657.07,INR,CANVA charges,CANVA,True,18%,TRUE,Software,0
TXN0002915,30-10-2024,6632.89,INR, / imps rapido india pvt ltd bill/2410/915 adv - travel exp* ref 6557,RAPIDO INDIA PVT LTD,True,5%,FALSE,Travel,0
TXN0002916,30-10-2024,27153.21,INR,AUTO-DEBIT WIP.ro INV/24109/16 Q1 - it services exp,WIP.ro,True,18%,TRUE,IT Services,0
TXN0002917,30-10-2024,48356.24,INR,/ AUTO-DEBIT INDIA PVT LTD BILL/2410/917 Q1 - exp,STAMP DUTY INDIA PVT LTD,False,exempt,FALSE,Exempt Services,1
TXN0002918,30-10-2024,5128.19,INR,RTGS CANVA Pvt Ltd INV/2410/918 FY24 - software exp,CANVA Pvt Ltd,True,18%,TRUE,Software,0
TXN0002919,30-10-2024,7238.1,INR,neft ksbe inv/2410/919 rent - exp,KSEB,True,18%,TRUE,Utilities,0
TXN0002920,30-10-2024,27236.6,INR,neft simplilearn taxinv/2410/920 subs - exp,SIMPLILEARN,True,18%,unknown,Training,0
TXN0002921,30-10-2024,100071.1,INR, imps ind.iqube inv/2410/921 gst - rent exp,IND.iqube,True,18%,TRUE,Rent,0
TXN0002922,30-10-2024,10540.51,INR,NEFT Adobe BILL/2410/922 FY25 - exp,Adobe,True,18%,TRUE,Software,0
TXN0002923,30-10-2024,2197.31,INR,*NEFT ZOM.ato INV/2410/923 SUBS - exp- re f4336,ZOM.ato,True,5%,FALSE,Meals,0
TXN0002924,30-10-2024,6443.79,INR,/ RTGS Jiofber TAXINV/2410/924 Q2 - exp,Jiofiber,True,18%,TRUE,Utilities,0
TXN0002925,30-10-2024,2120.48,INR,IMPS ZOMATO Pvt Ltd TAXINV/2410/925 RENT - exp,ZOMATO Pvt Ltd,True,5%,FALSE,Meals,0
TXN0002926,30-10-2024,6368.45,INR,OLA charges,OLA,True,5%,FALSE,Travel,0
TXN0002927,30-10-2024,3948.09,INR,-CARD Kfc BILL/2410/927 SUBS - exp,Kfc,True,5%,FALSE,Meals,0
TXN0002928,30-10-2024,25086.71,INR,neft infy bill/2410/928 adv - exp ref 3507,INFY,True,18%,TRUE,IT Services,0
TXN0002929,30-10-2024,13750.49,INR,RTGS KSEB RCPT/240/929 ADV - utilities exp,KSEB,True,18%,TRUE,Utilities,0
TXN0002930,30-10-2024,8466.15,INR,*UPI KSEB INV/2410/930 FY24 - exp,KSEB,True,18%,TRUE,Utilities,0
TXN0002931,31-10-2024,34564.29,INR,*NEFT TECHM INDIA PVT LTD BILL/2410/931 Q2 - exp / ref 3771,TECHM INDIA PVT LTD,True,18%,TRUE,IT Services,0
TXN0002932,31-10-2024,89023.21,INR,!rtgs indiqube india pvt ltd taxinv/2410/932 gst - exp / ref 5191,INDIQUBE INDIA PVT LTD,True,18%,TRUE,Rent,0
TXN0002933,31-10-2024,39137.77,INR,IMPS TECHM INV/2410/933 Q2 - exp,TECHM,True,18%,TRUE,IT Services,0
TXN0002934,31-10-2024,111543.75,INR,RTGS INDIQUBE INDIA PVT LTD RCPT/2410/934 Q1 - exp,INDIQUBE INDIA PVT LTD,True,18%,TRUE,Rent,0
TXN0002935,31-10-2024,7976.45,INR,UPI CANVA BILL/2410/935 GST - exp! ref 8816,CANVA,True,18%,TRUE,Software,0
TXN0002936,31-10-2024,10747.12,INR,auto-debit canva taxinv/2410/936 q1- exp,CANVA,True,18%,TRUE,Software,0
TXN0002937,31-10-2024,10433.07,INR,-auto-debit jiofiber pvt ltd taxinv/2410/937 fy24 - exp# ref 6229,JIOFIBER Pvt Ltd,True,18%,TRUE,Utilities,0
TXN0002938,31-10-2024,28605.12,INR,rtgs tcs rcpt/2410/938 q1 - exp,TCS,True,18%,TRUE,IT Services,0
TXN0002939,31-10-2024,50200.49,INR,UPI INFY RCPT/2410/939 TDS - exp,INFY,True,18%,TRUE,IT Services,0
TXN0002940,31-10-2024,14303.28,INR,neft kseb india pvt ltd inv/2410/940 subs - exp,KSEB INDIA PVT LTD,True,18%,TRUE,Utilities,0
TXN0002941,31-10-2024,11200.56,INR,RTGS KSE.b TAXINV/2410/941 GST - exp,KSE.b,True,18%,TRUE,Utilities,0
TXN0002942,31-10-2024,25618.32,INR,TCS charges,TCS,True,18%,TRUE,IT Services,0
TXN0002943,31-10-2024,120332.93,INR,NEFT IND.iqube INV/2410/943 - exp,IND.iqube,True,18%,TRUE,Rent,0
TXN0002944,01-11-2024,41890.8,INR,!auto-debit hcl inv/2411/944 adv - exp,HCL,True,18%,TRUE,IT Services,0
TXN0002945,01-11-2024,121213.02,INR,RTGS INDIQUBE INDI PVT LTD INV/2411/945 FY24 - rent exp,INDIQUBE INDIA PVT LTD,True,18%,TRUE,Rent,0
TXN0002946,01-11-2024,77941.93,INR, ,WEWORK,True,18%,TRUE,Rent,0
TXN0002947,01-11-2024,3103.31,INR,-AUTO-DEBIT KFC TAXINV/2411/947 Q2 - exp* ref 4322,KFC,True,5%,FALSE,Meals,0
TXN0002948,01-11-2024,4685.39,INR,/ NEFT GOV.t fees TAXINV/2411/948 AvV - exp,GOV.t fees,False,exempt,FALSE,Exempt Services,0
TXN0002949,01-11-2024,17528.98,INR,WIP.ro,WIP.ro,True,18%,TRUE,IT Services,0
TXN0002950,01-11-2024,3030.02,INR,card indigo inv/2411/950 fy25 - travel exp,INDIGO,True,5%,FALSE,Travel,0
TXN0002951,01-11-2024,2556.76,INR,AUTO-DEBIT KFC INDIA PVT LTD TAXINV/2411/951 RENT - exp* ref 4001,KFC INDIA PVT LTD,True,5%,FALSE,Meals,0
TXN0002952,01-11-2024,10771.47,INR,FIGMA INDIA PVT LTD charges,FIGMA INDIA PVT LTD,True,18%,TRUE,Software,0
TXN0002953,01-11-2024,7573.35,INR,*CARD STA.ples RCPT/4211/953 FY24 - exp,STA.ples,True,12%,TRUE,Office Supplies,0
TXN0002954,01-11-2024,13344.03,INR,#neft airtel taxinv/2411/954 adv - exp,Airtel,True,18%,TRUE,Utilities,0
TXN0002955,01-11-2024,22503.57,INR,#CARD ra INV/2411/955 FY25 - exp,Coursera,True,18%,unknown,Training,0
TXN0002956,01-11-2024,15043.57,INR,imps kseb taxinv/2411/956 q2 - exp- ref 3964,KSEB,True,18%,TRUE,Utilities,0
TXN0002957,01-11-2024,15372.42,INR,rtgs ra bill/2411/957 gst - exp- ref 1981,COURSERA,True,18%,unknown,Training,0
TXN0002958,01-11-2024,10217.41,INR,#card canva pvt ltd rcpt/2411/958 gst - exp,CANVA Pvt Ltd,True,18%,TRUE,Software,0
TXN0002959,02-11-2024,15861.4,INR,na,JIOFIBER,True,18%,TRUE,Utilities,0
TXN0002960,02-11-2024,26955.63,INR,-,HCL,True,18%,TRUE,IT Services,0
TXN0002961,02-11-2024,17885.24,INR,IMPS BES.com RCPT/2411/961 Q2 - exp,BES.com,True,18%,TRUE,Utilities,0
TXN0002962,02-11-2024,5887.35,INR,rtgs office depot pvt ltd bill/2411/962 adv - exp,OFFICE DEPOT Pvt Ltd,True,12%,TRUE,Office Supplies,0
TXN0002963,02-11-2024,4255.58,INR,UPI STA.ples RCPT/2411/63 Q2 - office supplies exp,STA.ples,True,12%,TRUE,Office Supplies,0
TXN0002964,02-11-2024,2167.26,INR,rtgs swiggy taxinv/2411/964 fy24 - exp,SWIGGY,True,5%,FALSE,Meals,0
TXN0002965,02-11-2024,3836.84,INR, / auto-debit govt fees pvt ltd taxinv/2411/965 q2 - exempt services exp,GOVT FEES Pvt Ltd,False,exempt,TRUE,Exempt Services,1
TXN0002966,02-11-2024,2875.91,INR,NEFT KFC INV/2411/966 FY25 - meals exp,KFC,True,5%,FALSE,Meals,0
TXN0002967,02-11-2024,3355.47,INR,neft swiggy taxinv/2411/967 fy24-  exp,Swiggy,True,5%,FALSE,Meals,0
TXN0002968,02-11-2024,18825.52,INR,UPI SIMPLILEARN TAXINV/2411/968SUBS - exp,SIMPLILEARN,True,18%,unknown,Training,0
TXN0002969,02-11-2024,9325.46,INR,-auto-debit kseb taxinv/2411/969 gst - exp,KSEB,True,18%,TRUE,Utilities,0
TXN0002970,02-11-2024,51165.69,INR,auto-debit infy pvt ltd taxinv/2411/970 rent - exp- ref 3385,INFY Pvt Ltd,True,18%,TRUE,IT Services,0
TXN0002971,02-11-2024,31456.32,INR,RTGS TECHM INDIA PVT LTD INV/2411/971 RENT - exp,TECHM INDIA PVT LTD,True,18%,TRUE,IT Services,0
TXN0002972,02-11-2024,26429.92,INR,ROC FEES,ROC FEES,False,exempt,FALSE,Exempt Services,1
TXN0002973,02-11-2024,25141.28,INR,RTGS TCS RCPT/2411/973 ADV - exp,TCS,True,18%,TRUE,IT Services,1
TXN0002974,03-11-2024,84294.02,INR,NEFT Indiqube TAXINV/2411/94 - exp! ref 1058,Indiqube,True,18%,TRUE,Rent,0
TXN0002975,03-11-2024,18348.11,INR,UPI KSEB Pvt Ltd RCPT/2411/975 SUBS - utilitie sexp,KSEB Pvt Ltd,True,18%,TRUE,Utilities,0
TXN0002976,03-11-2024,58603.06,INR,/ UPI Tcs INV/2411/976 FY24 - exp* ref 3943,Tcs,True,18%,TRUE,IT Services,0
TXN0002977,03-11-2024,2039.32,INR,!neft zomato bill/2411/977 rent - exp- ref 5406,ZOMATO,True,5%,FALSE,Meals,0
TXN0002978,03-11-2024,6256.63,INR,STAPLES Pvt Ltd charges,STAPLES Pvt Ltd,True,12%,TRUE,Office Supplies,0
TXN0002979,03-11-2024,5293.46,INR,IMPS MIC.rosoft TAXINV/2411/979 ADV - software exp,MIC.rosoft,True,18%,TRUE,Software,0
TXN0002980,03-11-2024,5819.31,INR,CARD MICROSOFT INV/2411/980 TDS - exp,MICROSOFT,True,18%,TRUE,Software,0
TXN0002981,03-11-2024,13193.92,INR,UPI AIRTEL TAXINV/2411/981 TDS - exp,AIRTEL,True,18%,TRUE,Utilities,0
TXN0002982,03-11-2024,25372.59,INR,imps upgrad inv/2411/982 rent - exp,UPGRAD,True,18%,unknown,Training,0
TXN0002983,04-11-2024,71391.68,INR,!CARD ADOBE Pvt td TAXINV/2411/983 RENT - exp,ADOBE Pvt Ltd,True,18%,TRUE,Software,1
TXN0002984,04-11-2024,116690.37,INR,rtgs indiqube inv/2411/984 q2 - exp- ref 6255,Indiqube,True,18%,TRUE,Rent,0
TXN0002985,04-11-2024,8177.37,INR, / UPI JIO.fiber TAXINV/2411/985 FY24 - utilities exp,JIO.fiber,True,18%,TRUE,Utilities,0
TXN0002986,04-11-2024,16137.08,INR,UPI AIRTEL INV/2411/986 ADV - exp,AIRTEL,True,18%,TRUE,Utilities,0
TXN0002987,04-11-2024,17549.85,INR,CARD JIOFIBER Pvt Ltd BILL/2411/987 FY25 - exp,JIOFIBER Pvt Ltd,True,18%,TRUE,Utilities,0
TXN0002988,04-11-2024,28450.49,INR,!IMPS TECHM INV/2411/988 Q2 - it services exp,TECHM,True,18%,TRUE,IT Services,0
TXN0002989,04-11-2024,15085.38,INR,/ UPI Kseb INV/2411/98 9Q1 - exp# ref 7765,Kseb,True,18%,TRUE,Utilities,0
TXN0002990,04-11-2024,3420.34,INR,UPI SWIGGY Pvt Ltd RCPT/2411/990 RENT - exp,SWIGGY Pvt Ltd,True,5%,FALSE,Meals,0
TXN0002991,04-11-2024,28117.48,INR,NEFT Wipro RCPT/2411/991 FY25 - exp,Wipro,True,18%,TRUE,IT Services,0
TXN0002992,05-11-2024,90090.48,INR,card wework rcpt/2411/992 fy25 - exp,WEWORK,True,18%,TRUE,Rent,0
TXN0002993,05-11-2024,34510.36,INR,TECHM charges,TECHM,True,18%,TRUE,IT Services,0
TXN0002994,05-11-2024,6116.17,INR,!upi staples rcpt/2411/994 gst - exp,STAPLES,True,12%,TRUE,Office Supplies,0
TXN0002995,05-11-2024,4816.71,INR,CARD OLA INV/2411/995 Q1 - exp,OLA,True,5%,FALSE,Travel,0
TXN0002996,05-11-2024,49705.05,INR,CARD INFY Pvt Ltd BILL/2411/996 SUBS - exp,INFY Pvt Ltd,True,18%,TRUE,IT Services,0
TXN0002997,05-11-2024,20092.62,INR,RTGS HCL TAXINV/2411/997 SUBS - exp,HCL,True,18%,TRUE,IT Services,0
TXN0002998,05-11-2024,3851.3,INR,auto-debit uber taxinv/2411/998 q2 - exp ref 2428,Uber,True,5%,FALSE,Travel,0
TXN0002999,05-11-2024,5457.24,INR,card rapido pvt ltd taxinv/2411/999 rent - travel exp# ref 6674,RAPIDO Pvt Ltd,True,5%,FALSE,Travel,0
TXN0003000,05-11-2024,3303.41,INR,card staples bill/2411/000 rent - exp,STAPLES,True,12%,TRUE,Office Supplies,0
TXN0003001,05-11-2024,3406.79,INR,!auto-debit dominos inv/2411/001 fy24 - vxp,Dominos,True,5%,FALSE,Meals,0
TXN0003002,05-11-2024,11337.41,INR,AUTO-DEBIT KSE.b RCPT/2411/002 FY25 - exp,KSE.b,True,18%,TRUE,Utilities,0
TXN0003003,05-11-2024,4270.41,INR,/ UP IOLA RCPT/2411/003 TDS - exp,OLA,True,5%,FALSE,Travel,0
TXN0003004,06-11-2024,8464.09,INR,UPI OFFICE DEPOT BILL/2411/004 GST - exp,OFFICE DEPOT,True,12%,TRUE,Office Supplies,0
TXN0003005,06-11-2024,8035.44,INR,NEFT OLA Pvt Ltd TAXINV/2411/005 TDS - exp,OLA Pvt Ltd,True,5%,FALSE,Travel,0
TXN0003006,06-11-2024,6409.56,INR,auto-debit india pvt ltd taxinv/2411/006 adv - ep,GOVT FEES INDIA PVT LTD,False,exempt,FALSE,Exempt Services,0
TXN0003007,06-11-2024,15731.25,INR,AUTO-DEBIT KSEB INDIA PVT LTD BILL/2411/007 FY25 - utilities exp,KSEB INDIA PVT LTD,True,18%,TRUE,Utilities,0
TXN0003008,06-11-2024,13008.09,INR,rtgs ra bill/2411/008 q2 - exp,COURSERA,True,18%,unknown,Training,0
TXN0003009,06-11-2024,29901.6,INR,CARD WIP.ro TAXINV/2411/009 RENT - exp,WIP.ro,True,18%,TRUE,IT Services,0
TXN0003010,06-11-2024,6983.68,INR,upi rapido ill/2411/010 rent - travel exp,RAPIDO,True,5%,FALSE,Travel,0
TXN0003011,06-11-2024,1678.4,INR,imps zomato pvt ltd inv/2411/011 fy25 - exp,ZOMATO Pvt Ltd,True,5%,FALSE,Meals,0
TXN0003012,06-11-2024,12790.64,INR,-AUTO-DEBIT AIRTEL Pvt Ltd TAXINV/2411/012 FY25 - utilities exp,AIRTEL Pvt Ltd,True,18%,TRUE,Utilities,0
TXN0003013,06-11-2024,12180.76,INR,UPI BESCOM BILL/2411/013 GST - exp,BESCOM,True,18%,TRUE,Utilities,0
TXN0003014,06-11-2024,1737.94,INR,-upi kfc rcpt/2411/014 q1 h meals exp,KFC,True,5%,FALSE,Meals,0
TXN0003015,06-11-2024,15593.2,INR,*RTGS BESCOM INV/2411/015 TDS - exp,BESCOM,True,18%,TRUE,Utilities,0
TXN0003016,06-11-2024,3419.11,INR,rtgs ola bill/2411/016 q1 - exp,OLA,True,5%,FALSE,Travel,0
TXN0003017,07-11-2024,94648.71,INR,imps indiqube inv/2411/017 q1 - rent exp,Indiqube,True,18%,TRUE,Rent,0
TXN0003018,07-11-2024,9995.54,INR,CARD KSEB INDIA PVT LTD TAXINV/2411/018 u1 - exp,KSEB INDIA PVT LTD,True,18%,TRUE,Utilities,0
TXN0003019,07-11-2024,4441.68,INR,OFFICE DEPOT,OFFICE DEPOT,True,12%,TRUE,Office Supplies,0
TXN0003020,07-11-2024,3732.21,INR,!auto-debit indgo rcpt/2411/020 tds - exp,INDIGO,True,5%,FALSE,Travel,0
TXN0003021,07-11-2024,8974.84,INR,IMPS CANVA INDIA PVT LTD BILL/2411/021 RENT - software exp,CANVA INDIA PVT LTD,True,18%,TRUE,Software,0
TXN0003022,07-11-2024,31905.76,INR,CARD INFY Pvt Ltd RCPT/2411/022 TDS - it services exp,INFY Pvt Ltd,True,18%,TRUE,IT Services,0
TXN0003023,07-11-2024,45258.94,INR,CARD TCS BILL/2411/023 Q2 - exp! ref 2433,TCS,True,18%,TRUE,IT Services,0
TXN0003024,07-11-2024,86488.24,INR, / neft awfis pvt ltd bill/2411/024 adv - rent exp,AWFIS Pvt Ltd,True,18%,TRUE,Rent,0
TXN0003025,07-11-2024,4440.42,INR,UPI OFFCIE DEPOT Pvt Ltd BILL/2411/025 TDS - exp,OFFICE DEPOT Pvt Ltd,True,12%,TRUE,Office Supplies,0
TXN0003026,07-11-2024,10335.89,INR,IMPS AIRTEL Pvt Ltd TAXINV/2411/026 FY24 - utilities exp,AIRTEL Pvt Ltd,True,18%,TRUE,Utilities,0
TXN0003027,07-11-2024,82764.99,INR,neft ind.iqube rcpt/2411/027 q2 - exp,IND.iqube,True,18%,TRUE,Rent,0
TXN0003028,07-11-2024,49345.21,INR,INDIQUBE INDIA PVT LTD,INDIQUBE INDIA PVT LTD,True,18%,TRUE,Rent,0
TXN0003029,07-11-2024,6470.22,INR,*AUTO-DEBIT STAPLES RCPT/2411/029 ADV - exp# ref 6666,STAPLES,True,12%,TRUE,Office Supplies,0
TXN0003030,07-11-2024,10369.95,INR,AUTO-DEBIT COU.rser aTAXINV/2411/030 RENT - training exp,COU.rsera,True,18%,unknown,Training,0
TXN0003031,07-11-2024,6426.48,INR,RTGS STAPLES TAXINV/2411/031 ADV - office supplies exp,STAPLES,True,12%,TRUE,Office Supplies,0
TXN0003032,08-11-2024,9127.42,INR,-card can.va taxinv/2411/032 adv - exp# ref 9925,CAN.va,True,18%,TRUE,Software,0
TXN0003033,08-11-2024,37098.23,INR,!auto-debit hcl bill/2411/033 q2 - exp- ref 2662,HCL,True,18%,TRUE,IT Services,0
TXN0003034,08-11-2024,4048.38,INR,neft staples pvt ltd taxinv/2411/043 tds - exp,STAPLES Pvt Ltd,True,12%,TRUE,Office Supplies,0
TXN0003035,08-11-2024,36334.96,INR,#imsp techm bill/2411/035 fy24 - exp,TECHM,True,18%,TRUE,IT Services,0
TXN0003036,08-11-2024,45350.94,INR,/ imps techm pvt ltd inv/2411/036 tds - exp,TECHM Pvt Ltd,True,18%,TRUE,IT Services,0
TXN0003037,08-11-2024,89888.91,INR,*NEFT WEWORK INDIA PVT LTD RCPT/2411/037 Q2 - exp,WEWORK INDIA PVT LTD,True,18%,TRUE,Rent,0
TXN0003038,08-11-2024,42354.75,INR,/ AUTO-DEBIT TCS TAXINV/2411/038 SUBS - exp* ref 7153,TCS,True,18%,TRUE,IT Services,0
TXN0003039,08-11-2024,4302.76,INR,FIG.ma charges,FIG.ma,True,18%,TRUE,Software,0
TXN0003040,08-11-2024,5416.28,INR,MICROSOFT charges,MICROSOFT,True,18%,TRUE,Software,0
TXN0003041,08-11-2024,32210.24,INR,NEFT HCL Pvt Ltd TAXINV/2411/041 FY25 - exp,HCL Pvt Ltd,True,18%,TRUE,IT Services,0
TXN0003042,08-11-2024,1930.95,INR,na,ZOMATO,True,5%,FALSE,Meals,0
TXN0003043,08-11-2024,8378.17,INR,!neft ikea pvt ltd taxinv/2411/043 q2 - exp,IKEA Pvt Ltd,True,12%,TRUE,Office Supplies,0
TXN0003044,08-11-2024,45221.85,INR,/ AUTO-DEBIT WIPRO RCPT/2411/044 SUBS - exp- ref 9203,WIPRO,True,18%,TRUE,IT Services,0
TXN0003045,09-11-2024,4645.06,INR,upi uber pvt ltd taxinv/2411/045 gst - pravel exp,UBER Pvt Ltd,True,5%,FALSE,Travel,0
TXN0003046,09-11-2024,6140.33,INR,rtgs ikea pvt ltd inv/2411/046 adv - exp,IKEA Pvt Ltd,True,12%,TRUE,Office Supplies,0
TXN0003047,09-11-2024,45894.93,INR,UPI TECHM BILL/2411/047 FY25  exp! ref 9657,TECHM,True,18%,TRUE,IT Services,0
TXN0003048,09-11-2024,18241.55,INR,*NEFT UPGRAD BILL/211/048 SUBS - exp,UPGRAD,True,18%,unknown,Training,0
TXN0003049,09-11-2024,40919.83,INR,-neft hcl taxinv/2411/049 q2 - it services exp,Hcl,True,18%,TRUE,IT Services,0
TXN0003050,09-11-2024,8560.99,INR,/ CARD CAN.va INV/2411/050 FY25f- exp,CAN.va,True,18%,TRUE,Software,0
TXN0003051,09-11-2024,51074.96,INR,/ imps hcl taxinv/2411/051 q2 - exp,HCL,True,18%,TRUE,IT Services,0
TXN0003052,09-11-2024,6141.14,INR,UPI MICROSOTF INDIA PVT LTD BILL/2411/052 SUBS - exp* ref 7876,MICROSOFT INDIA PVT LTD,True,18%,TRUE,Software,0
TXN0003053,09-11-2024,128237.91,INR,#IMPS AWFIS Pvt Ltd TAXINV/2411/053 FY25 - exp,AWFIS Pvt Ltd,True,18%,TRUE,Rent,0
TXN0003054,09-11-2024,4327.65,INR,#upi pvt ltd rcpt/2411/054 adv - exp,STAMP DUTY Pvt Ltd,False,exempt,FALSE,Exempt Services,0
TXN0003055,09-11-2024,3819.7,INR,NEFT INV/2411/055 SUBS - exp- ref 3000,STAMP DUTY,False,exempt,FALSE,Exempt Services,0
TXN0003056,09-11-2024,10020.77,INR,RTGS Microsoft BILL/2411/056 GST - software exp,Microsoft,True,28%,TRUE,Software,1
TXN0003057,10-11-2024,3801.45,INR,neft ola india pvt ltd fill/2411/057 adv - exp,OLA INDIA PVT LTD,True,5%,FALSE,Travel,0
TXN0003058,10-11-2024,9274.38,INR,n/a,CAN.va,True,18%,TRUE,Software,0
TXN0003059,10-11-2024,81173.27,INR,CARD WEWORK INDIA PVT LTD BILL/2411/059 GST - exp,WEWORK INDIA PVT LTD,True,18%,TRUE,Rent,0
TXN0003060,10-11-2024,7301.19,INR,RTGS STAPLES INDIA PVT LTD INV/2411/060 FY24 - exp,STAPLES INDIA PVT LTD,True,12%,TRUE,Office Supplies,0
TXN0003061,10-11-2024,25044.78,INR,-AUTO-DEBIT Simplilearn BILL/2411/061 RENT - exp,Simplilearn,True,18%,unknown,Training,0
TXN0003062,10-11-2024,5194.13,INR,IMPS OLA Pvt Ltd TAXINV/2411/062 Q2 - xp ref 8895,OLA Pvt Ltd,True,5%,FALSE,Travel,0
TXN0003063,10-11-2024,10840.79,INR,#neft jiofiber india pvt ltd bill/2411/063 q1 - utilities exp /  ref 7225,JIOFIBER INDIA PVT LTD,True,18%,TRUE,Utilities,0
TXN0003064,10-11-2024,7173.0,INR,-rtgs uber india pvt ltd taxinv/2411/064 gst - exp,UBER INDIA PVT LTD,True,5%,FALSE,Travel,0
TXN0003065,10-11-2024,14754.84,INR,*neft kseb taxinv/2411/065 gst - utilities exp,Kseb,True,18%,TRUE,Utilities,0
TXN0003066,10-11-2024,11320.3,INR,BESCOM Pvt Ltd charges,BESCOM Pvt Ltd,True,18%,TRUE,Utilities,0
TXN0003067,11-11-2024,52172.56,INR, / UPI Techm TAXINV/2411/067 Q1 - it services exp,Techm,True,18%,TRUE,IT Services,0
TXN0003068,11-11-2024,20922.5,INR,IMPS Coursera TAXINV/2411/068 Q2 - training exp  ref 3767,Coursera,True,18%,unknown,Training,0
TXN0003069,11-11-2024,127874.88,INR,RTGS AWFIS TAXINV/2411/069 SUBS - rent exp* ref 8080,AWFIS,True,18%,TRUE,Rent,0
TXN0003070,11-11-2024,3270.56,INR,#neft stamp duty india pvt ltd rcpt/2411/070 fy25 - exempt services exp,STAMP DUTY INDIA PVT LTD,False,exempt,FALSE,Exempt Services,0
TXN0003071,11-11-2024,42618.03,INR,card tcs bill/2411/071 tds - exp,TCS,True,18%,TRUE,IT Services,0
TXN0003072,11-11-2024,5444.72,INR,NEFT IKEA Pvt Ltd TAXINV/2411/072GST - exp ref 5186,IKEA Pvt Ltd,True,12%,TRUE,Office Supplies,0
TXN0003073,11-11-2024,5608.51,INR,imps office depot india pvt ltd bill/2411/073 q1 - exp,OFFICE DEPOT INDIA PVT LTD,True,12%,TRUE,Office Supplies,0
TXN0003074,11-11-2024,55695.81,INR,*auto-debit infy pvt ltd bill/2411/074 fy24 - exp,INFY Pvt Ltd,True,18%,TRUE,IT Services,0
TXN0003075,11-11-2024,8968.37,INR,NEFT ADO.be BILL/2411/075 Q1 - exp* ref 1039,ADO.be,True,18%,TRUE,Software,0
TXN0003076,11-11-2024,121368.79,INR,-IMPS WEW.ork TAXINV/24w1/076 Q2 - exp,WEW.ork,True,18%,TRUE,Rent,0
TXN0003077,11-11-2024,15124.34,INR,!AUTO-DEBIT Airtel RCPT/2411/077 RENT - exp / ref 8l46,Airtel,True,18%,TRUE,Utilities,0
TXN0003078,11-11-2024,33453.87,INR,-,WIPRO INDIA PVT LTD,True,18%,TRUE,IT Services,0
TXN0003079,11-11-2024,8142.05,INR,RTGS AIRTEL Pvt Ltd RCPT/2411/079 FY24 - exp,AIRTEL Pvt Ltd,True,18%,TRUE,Utilities,0
TXN0003080,11-11-2024,3459.35,INR,upi rapido pvt ltdi nv/2411/080 q1 - exp,RAPIDO Pvt Ltd,True,5%,FALSE,Travel,0
TXN0003081,11-11-2024,5521.91,INR, / upi ikea taxinv/2411/081 rent - office supplies exp,IKEA,True,12%,TRUE,Office Supplies,0
TXN0003082,11-11-2024,11379.68,INR,UPI KSEB TAXINV/2411/082 ADV - exp# ref 2602,KSEB,True,18%,TRUE,Utilities,0
TXN0003083,11-11-2024,6537.88,INR,OFFICE DEPOT charges,OFFICE DEPOT,True,12%,TRUE,Office Supplies,0
TXN0003084,12-11-2024,13453.48,INR,!imps airtel taxinv/2411/084 fy24 - exx ref 7274,AIRTEL,True,18%,TRUE,Utilities,0
TXN0003085,12-11-2024,19893.98,INR,/ card bescom inv/2411/085 fy24 - exp* ref 4162,BESCOM,True,18%,TRUE,Utilities,0
TXN0003086,12-11-2024,60170.93,INR,rtgs techm bill/2411/086 q2 - exp,TECHM,True,18%,TRUE,IT Services,0
TXN0003087,12-11-2024,37532.29,INR,#UPI WIPRO TAXINV/2411/087 FY25 - exp,WIPRO,True,18%,TRUE,IT Services,0
TXN0003088,12-11-2024,10936.27,INR,neft jiofiber inv2/411/088 tds - exp,JIOFIBER,True,18%,TRUE,Utilities,0
TXN0003089,12-11-2024,62176.52,INR,-,INDIQUBE,True,18%,TRUE,Rent,0
TXN0003090,12-11-2024,6941.01,INR,Ikea,Ikea,True,12%,TRUE,Office Supplies,0
TXN0003091,12-11-2024,206617.12,INR,imps cou.rsera rcpt/2411/091 fy24 - exp,COU.rsera,True,18%,unknown,Training,1
TXN0003092,12-11-2024,73543.57,INR,puto-debit indiqube bill/2411/092 tds - exa,INDIQUBE,True,18%,TRUE,Rent,0
TXN0003093,12-11-2024,5827.81,INR,-CARD Ikea INV/2411/093 RENT - office supplies exp,Ikea,True,12%,TRUE,Office Supplies,0
TXN0003094,13-11-2024,6969.19,INR,card fig.ma inv/2411/094 tds - exp* ref 4795,FIG.ma,True,18%,TRUE,Software,0
TXN0003095,13-11-2024,15741.18,INR,CARD BESCOM Pvt Ltd TAXINV/2411/095 ADV - exp,BESCOM Pvt Ltd,True,18%,TRUE,Utilities,0
TXN0003096,13-11-2024,43897.9,INR,IMPS Hcl INV/2411/096 GST - exp,Hcl,True,18%,TRUE,IT Services,0
TXN0003097,13-11-2024,6725.44,INR,IKEA charges,IKEA,True,12%,TRUE,Office Supplies,0
TXN0003098,13-11-2024,41856.83,INR,WIPRO Pvt Ltd charges,WIPRO Pvt Ltd,True,18%,TRUE,IT Services,0
TXN0003099,13-11-2024,5809.28,INR,AUTO-DEBIT AIRTEL INDIA PVT LTD TAXINV/2411/099 RENT - exp# ref 5482,AIRTEL INDIA PVT LTD,True,18%,TRUE,Utilities,0
TXN0003100,13-11-2024,38589.42,INR,RTGS TCS INDIA PVT LTD TAXINV/2411/100 TDS - exp,TCS INDIA PVT LTD,True,18%,TRUE,IT Services,0
TXN0003101,13-11-2024,5270.64,INR,imps ike.a inv/2411/101 gst - xp,IKE.a,True,12%,TRUE,Office Supplies,0
TXN0003102,13-11-2024,6276.36,INR,IKEA Pvt Ltd charges,IKEA Pvt Ltd,True,12%,TRUE,Office Supplies,0
TXN0003103,13-11-2024,59004.38,INR,#IMPS AWFIS INDIA PVT LTD RCPT/2411/103 Q2 - exp,AWFIS INDIA PVT LTD,True,18%,TRUE,Rent,0
TXN0003104,13-11-2024,13456.65,INR,NEFT AIRTEL BILL/2411/104 GST - exp,AIRTEL,True,18%,TRUE,Utilities,0
TXN0003105,13-11-2024,4183.85,INR,IMPS RAPIDO INDIA PVT LTD INV/2411/105 ADV - exp ref 1959,RAPIDO INDIA PVT LTD,True,5%,FALSE,Travel,0
TXN0003106,13-11-2024,8713.64,INR, ,MICROSOFT Pvt Ltd,True,18%,TRUE,Software,0
TXN0003107,13-11-2024,7302.9,INR,#RTGS FIGMA RCPT/2411/107 Q2 - exp,FIGMA,True,18%,TRUE,Software,0
TXN0003108,13-11-2024,5075.87,INR,STAPLES,STAPLES,True,12%,TRUE,Office Supplies,0
TXN0003109,13-11-2024,55490.88,INR,rtgs indiqube inv/2411/109 gst - exp# ref 4200,Indiqube,True,18%,TRUE,Rent,0
TXN0003110,14-11-2024,10364.62,INR,neft canva india pvt ltd inv/241/1110 tds - exp,CANVA INDIA PVT LTD,True,18%,TRUE,Software,0
TXN0003111,14-11-2024,2731.6,INR,-UPI SWI.ggy BILL/2411/111 RENT - exp* ref 7482,SWI.ggy,True,5%,FALSE,Meals,0
TXN0003112,14-11-2024,109272.86,INR,-auto-debit indiqube inv/2411/112 q1 - exp,Indiqube,True,18%,TRUE,Rent,0
TXN0003113,14-11-2024,73636.98,INR,AUTO-DEBIT Wework INV/2411/113 ADV - exp- ref 8712,Wework,True,18%,TRUE,Rent,0
TXN0003114,14-11-2024,10417.97,INR,RTGS KSEB INIA PVT LTD INV/2411/114 ADV - exp,KSEB INDIA PVT LTD,True,18%,TRUE,Utilities,0
TXN0003115,14-11-2024,1439.56,INR,UPI ZOMATO INV/2411/115 FY25 - exp,ZOMATO,True,5%,FALSE,Meals,0
TXN0003116,14-11-2024,6350.22,INR,!NEFT RCPT/2411/116 GST - exp,ROC FEES,False,exempt,FALSE,Exempt Services,0
TXN0003117,14-11-2024,22581.49,INR,!upi infy rcpt/2411/117 gst - exp,Infy,True,18%,TRUE,IT Services,0
TXN0003118,14-11-2024,98474.22,INR,card awfis pvt ltd rcpt/2411/118 q2 - exp,AWFIS Pvt Ltd,True,18%,TRUE,Rent,0
TXN0003119,14-11-2024,13428.41,INR,#RTGS AIRTEL INDIA PVT LTD RCPT/2411/119 TDS - exp,AIRTEL INDIA PVT LTD,True,18%,TRUE,Utilities,0
TXN0003120,14-11-2024,3976.74,INR,!imps rapido bill/2411/120 q2 - exp,RAPIDO,True,5%,FALSE,Travel,0
TXN0003121,14-11-2024,2596.03,INR,#auto-debit dom.inos fill/2411/121 adv - exp,DOM.inos,True,5%,FALSE,Meals,0
TXN0003122,15-11-2024,91492.05,INR,imps awf.is rcpt/2411/122 tds - exp,AWF.is,True,18%,TRUE,Rent,0
TXN0003123,15-11-2024,41925.67,INR,AUTO-DEBIT TEC.hm TAXINV/2411/123 ADV - exp,TEC.hm,True,18%,TRUE,IT Services,0
TXN0003124,15-11-2024,90343.66,INR,/ AUTO-DEIT WEWORK INDIA PVT LTD RCPT/2411/124 FY24 - exp# ref 1145,WEWORK INDIA PVT LTD,True,18%,TRUE,Rent,0
TXN0003125,15-11-2024,5194.32,INR,#NEFT RAPIDO INDIA PVT LTD TAXINV/2411/125 Q2 - exp,RAPIDO INDIA PVT LTD,True,5%,FALSE,Travel,0
TXN0003126,15-11-2024,13570.95,INR,/ RTGS JIOFIBER Pvt Ltd INV/2411/126 TDS - exp,JIOFIBER Pvt Ltd,True,18%,TRUE,Utilities,0
TXN0003127,15-11-2024,79790.76,INR,!imps awfis pvt ltd taxinv/2411/127 subs - exp,AWFIS Pvt Ltd,True,18%,TRUE,Rent,0
TXN0003128,15-11-2024,3616.46,INR,UPI Dominos TAXINV/2411/128 FY24 - exp,Dominos,True,5%,FALSE,Meals,0
TXN0003129,15-11-2024,8629.92,INR,#rtgs bescom bill/2411/129 adv - exp,BESCOM,True,18%,TRUE,Utilities,0
TXN0003130,15-11-2024,86720.79,INR,-imps awfis pvt ltd rcpt/2411/130 - exp- ref 2325,AWFIS Pvt Ltd,True,18%,TRUE,Rent,0
TXN0003131,15-11-2024,8740.35,INR,!neft staples inv/2411/131 gst - exp,Staples,True,12%,TRUE,Office Supplies,0
TXN0003132,15-11-2024,17237.21,INR,INFY charges,INFY,True,18%,TRUE,IT Services,0
TXN0003133,15-11-2024,31588.79,INR,/ CARD HCL INV/2411/133 Q1 - exp,HCL,True,18%,TRUE,IT Services,0
TXN0003134,16-11-2024,20686.7,INR,neft simplilearn pvt ltd inv/2411/134 q1 - training exp,SIMPLILEARN Pvt Ltd,True,18%,unknown,Training,0
TXN0003135,16-11-2024,6716.78,INR,neft staples inv/2411/135 rent - office supplies exp,STAPLES,True,12%,TRUE,Office Supplies,0
TXN0003136,16-11-2024,3457.86,INR,-imps dominos rcpt/2411/136 q1 - exp- ref 1373,Dominos,True,5%,FALSE,Meals,0
TXN0003137,16-11-2024,7278.69,INR,trgs fig.ma bill/2411/137 fy25 - exp# ref 4325,FIG.ma,True,18%,TRUE,Software,0
TXN0003138,16-11-2024,5651.36,INR, / card indigo rcpt/2411/138 q1 - travel exp,Indigo,True,5%,FALSE,Travel,0
TXN0003139,16-11-2024,18782.2,INR,upi ra pvt ltd inv/2411/139 tds - exp / ref 5938,COURSERA Pvt Ltd,True,18%,unknown,Training,0
TXN0003140,16-11-2024,5246.45,INR,#imps uber taxinv/2411/140 fy24 - exp,UBER,True,5%,FALSE,Travel,0
TXN0003141,16-11-2024,33742.84,INR,neft hcl bill/2411/141 rent - exp,Hcl,True,18%,TRUE,IT Services,0
TXN0003142,16-11-2024,2906.32,INR,ZOMATO INDIA PVT LTD charges,ZOMATO INDIA PVT LTD,True,5%,FALSE,Meals,0
TXN0003143,16-11-2024,5323.68,INR,neft microsoft bill/2411/143 tds - software exp,MICROSOFT,True,18%,TRUE,Software,0
TXN0003144,16-11-2024,23260.33,INR,CARD INFY Pvt Ltd RCPT/2411/144 GST - exp,INFY Pvt Ltd,True,18%,TRUE,IT Services,0
TXN0003145,16-11-2024,44326.31,INR,#RTGS TCS RCPT/2411/145 ADV - it services exp,TCS,True,18%,TRUE,IT Services,0
TXN0003146,16-11-2024,10288.61,INR,RTGS JIO.fiber BILL/2411/146 Q2 - exp,JIO.fiber,True,18%,TRUE,Utilities,0
TXN0003147,16-11-2024,39531.51,INR,#NEFT HCL TAXINV/2411/147 Q2 - exp* ref 5401,HCL,True,18%,TRUE,IT Services,0
TXN0003148,17-11-2024,76235.0,INR,*RTGS AWF.is BILL/2411/148 SUBS - exp,AWF.is,True,18%,TRUE,Rent,0
TXN0003149,17-11-2024,45560.97,INR,*imps infy pvt ltd inv/2411/149 fy24 - it services exp,INFY Pvt Ltd,True,18%,TRUE,IT Services,0
TXN0003150,17-11-2024,7767.48,INR,-RTGS CANVA INDIA PVT LTD RCPT/2411/150 Q1 - exp* ref 7868,CANVA INDIA PVT LTD,True,18%,TRUE,Software,0
TXN0003151,17-11-2024,7537.09,INR,auto-debit microsoft india pvt ltd inv/2411/151 fy24 - exp,MICROSOFT INDIA PVT LTD,True,18%,TRUE,Software,0
TXN0003152,17-11-2024,140869.83,INR,rtgs wework taxinv/2411/152 fy24 - exp,WEWORK,True,18%,TRUE,Rent,0
TXN0003153,17-11-2024,46555.83,INR,-,TCS,True,18%,TRUE,IT Services,0
TXN0003154,17-11-2024,94712.36,INR,auto-debit indiqube bill/2411/154 subs - exp,INDIQUBE,True,18%,TRUE,Rent,0
TXN0003155,17-11-2024,6897.36,INR,card staples bill/2411/155 fy24 - office supplies exp,STAPLES,True,12%,TRUE,Office Supplies,0
TXN0003156,17-11-2024,8933.68,INR, AUTO-DEBIT Ikea RCPT/2411/156 RENT - office supplies exp,Ikea,True,12%,TRUE,Office Supplies,0
TXN0003157,17-11-2024,53123.03,INR, card wipro taxinv/2411/157 gst - it services exp,WIPRO,True,18%,TRUE,IT Services,0
TXN0003158,17-11-2024,3299.68,INR,auto-debit ikea rcpt/2411/158 subs - exp,Ikea,True,12%,TRUE,Office Supplies,0
TXN0003159,17-11-2024,94034.11,INR,NEFT AWF.is BILL/2411/159 TDS - exp,AWF.is,True,18%,TRUE,Rent,0
TXN0003160,17-11-2024,7819.37,INR,,STAPLES,True,12%,TRUE,Office Supplies,0
TXN0003161,17-11-2024,10871.32,INR,#neft canva rcpt/2411/161 fy25 - exp,CANVA,True,18%,TRUE,Software,0
TXN0003162,17-11-2024,2596.15,INR,card bill/2411/162 fy24 - exp,Govt Fees,False,exempt,FALSE,Exempt Services,0
TXN0003163,17-11-2024,9502.8,INR,NEFT KSEB TAXINV/2411/163 GST - exp,KSEB,True,18%,TRUE,Utilities,0
TXN0003164,17-11-2024,10414.22,INR,auto-debit airtel inv/2411/164 subs - exp,AIRTEL,True,18%,TRUE,Utilities,0
TXN0003165,17-11-2024,75988.59,INR,,WEW.ork,True,18%,TRUE,Rent,0
TXN0003166,17-11-2024,135729.96,INR,Wework charges,Wework,True,18%,TRUE,Rent,0
TXN0003167,18-11-2024,20610.47,INR, / imps tcs bill/2411/167 fy25 - it services exp,TCS,True,18%,TRUE,IT Services,0
TXN0003168,18-11-2024,10685.22,INR,#IMPS ADOBE TAXINV/2411/168 Q2 - exp,ADOBE,True,18%,TRUE,Software,0
TXN0003169,18-11-2024,6880.6,INR,-auto-debit microsoft inv/2411/169 subs - exp,Microsoft,True,18%,TRUE,Software,0
TXN0003170,18-11-2024,115823.99,INR,CARD AWFIS INDIA PVT LTD RCPT/2411/170 2 - rent exp,AWFIS INDIA PVT LTD,True,18%,TRUE,Rent,0
TXN0003171,18-11-2024,8091.86,INR,neft figma pvt ltd inv/2411/171 gst - software exp,FIGMA Pvt Ltd,True,18%,TRUE,Software,0
TXN0003172,18-11-2024,2205.2,INR,AUTO-DEBIT STAMP DUTY INV/2411/172 ADV - exempt services exp,STAMP DUTY,False,exempt,FALSE,Exempt Services,0
TXN0003173,18-11-2024,5484.97,INR,auto-debit canva bill/2411/173 fy25 - exp / ref 8420,CANVA,True,18%,TRUE,Software,0
TXN0003174,18-11-2024,5390.24,INR,-auto-debit rap.ido bill/2411/174 q1 - exp,RAP.ido,True,5%,FALSE,Travel,0
TXN0003175,18-11-2024,27615.42,INR,-AUTO-DEBIT JIOFIBER INDIA PVT LTD BILL/2411/175 FY24 - exp- ref 7050,JIOFIBER INDIA PVT LTD,True,18%,TRUE,Utilities,0
TXN0003176,18-11-2024,46429.35,INR,auto-debit techm taxinv/2411/176 fy24 - exp! ref 2695,TECHM,True,18%,TRUE,IT Services,0
TXN0003177,18-11-2024,12503.31,INR,NEFT JIOFIBER Pvt Ltd RCPT/2411/177 Q1 - exp,JIOFIBER Pvt Ltd,True,18%,TRUE,Utilities,0
TXN0003178,18-11-2024,35358.75,INR,Hcl charges,Hcl,True,18%,TRUE,IT Services,0
TXN0003179,18-11-2024,6730.94,INR,FIGMA,FIGMA,True,18%,TRUE,Software,0
TXN0003180,18-11-2024,13368.51,INR,AIRTEL,AIRTEL,True,18%,TRUE,Utilities,0
TXN0003181,18-11-2024,24439.57,INR,UPI WIPRO TAXINV/2411/181 TDS - exp,WIPRO,True,18%,TRUE,IT Services,0
TXN0003182,18-11-2024,3061.14,INR,DOMINOS,DOMINOS,True,5%,FALSE,Meals,0
TXN0003183,18-11-2024,23621.58,INR,RTGS RA INDIA PVT LTD TAXINV/2411/183 Q2 - exp! ref 9914,COURSERA INDIA PVT LTD,True,18%,unknown,Training,0
TXN0003184,18-11-2024,8300.16,INR,*rtgs ado.be bill/2411/184 subs - exp,ADO.be,True,18%,TRUE,Software,0
TXN0003185,18-11-2024,35764.14,INR,-,WIPRO INDIA PVT LTD,True,18%,TRUE,IT Services,0
TXN0003186,18-11-2024,251013.36,INR,*RTGS INFY Pvt Ltd RCPT/2411/186 GSTa- exp ref 9763,INFY Pvt Ltd,True,18%,TRUE,IT Services,1
TXN0003187,19-11-2024,7179.66,INR,neft canva bill/2411/187 adv - exp,CANVA,True,18%,TRUE,Software,0
TXN0003188,19-11-2024,16384.27,INR,AUTO-DEBIT SIMPLILEARN BILL/2411/188 Q1 - exp / ref 4302,SIMPLILEARN,True,18%,unknown,Training,0
TXN0003189,19-11-2024,6946.8,INR,STAPLES Pvt Ltd charges,STAPLES Pvt Ltd,True,12%,TRUE,Office Supplies,0
TXN0003190,19-11-2024,5278.67,INR,CARD IKEA TAXINV/2411/190 FY25 - exp# ref 5832,IKEA,True,12%,TRUE,Office Supplies,0
TXN0003191,19-11-2024,5546.97,INR,imps ikea inv/2411/191 q1 - exp,IKEA,True,12%,TRUE,Office Supplies,0
TXN0003192,19-11-2024,4254.55,INR,UPI ZOM.ato TAXINV/2411/192 GST - meals exp  ref 1511,ZOM.ato,True,5%,FALSE,Meals,0
TXN0003193,19-11-2024,32371.94,INR,*upi hcl india pvt ltd bill/2411/193 tds - exp,HCL INDIA PVT LTD,True,18%,TRUE,IT Services,0
TXN0003194,19-11-2024,17470.07,INR,neft kse.b bill/2411/194 subs - exp,KSE.b,True,18%,TRUE,Utilities,0
TXN0003195,19-11-2024,47437.26,INR,AUTO-DEBIT WIPRO INDIA PVT LTD INV/2411/195 FY25 - it services exp,WIPRO INDIA PVT LTD,True,18%,TRUE,IT Services,0
TXN0003196,20-11-2024,2758.17,INR,rtgs kfc india pvt ltd bill/2411/196 rent - exp,KFC INDIA PVT LTD,True,5%,FALSE,Meals,0
TXN0003197,20-11-2024,4293.43,INR,CARD ZOM.ato RCPT/2411/197 Q2 - exp* ref 1759,ZOM.ato,True,5%,FALSE,Meals,0
TXN0003198,20-11-2024,67142.76,INR,*RTGS AWFIS TAXINV/2411/198 GST - exp- rzf 3235,AWFIS,True,18%,TRUE,Rent,0
TXN0003199,20-11-2024,7558.51,INR,RTGS MIC.rosoft BIL/2411/199 FY25 - exp,MIC.rosoft,True,18%,TRUE,Software,0
TXN0003200,20-11-2024,2355.99,INR,*AUTO-DEBIT Swiggy TAXINV/2411/200 SUBS - exp ref 2838,Swiggy,True,5%,FALSE,Meals,0
TXN0003201,20-11-2024,6468.36,INR,!RTGS SAPLES TAXINV/2411/201 Q1 - office supplies exp# ref 3468,STAPLES,True,12%,TRUE,Office Supplies,0
TXN0003202,20-11-2024,6215.45,INR, UPI INDIGO BILL/2411/202 Q1 - travel exp- ref 2985,INDIGO,True,5%,FALSE,Travel,0
TXN0003203,20-11-2024,19739.43,INR, RTGS WIPRO Pvt Ltd RCPT/2411/203 FY25 - it services exp! ref 4007,WIPRO Pvt Ltd,True,18%,TRUE,IT Services,0
TXN0003204,20-11-2024,124777.91,INR,/ card wework india pvt ltd bill/2411/204 q2 - exp,WEWORK INDIA PVT LTD,True,18%,TRUE,Rent,0
TXN0003205,20-11-2024,112264.66,INR, NEFT AWFIS BILL/2411/205 RENT - rent exp,AWFIS,True,18%,TRUE,Rent,0
TXN0003206,21-11-2024,4189.41,INR,!UPI SWI.ggy RCPT/2411/206 Q2 - meals exp,SWI.ggy,True,5%,FALSE,Meals,0
TXN0003207,21-11-2024,11228.59,INR,!UPI KSEB INDIA PVT LTD INV/2411/207 SUBS - exp,KSEB INDIA PVT LTD,True,18%,TRUE,Utilities,0
TXN0003208,21-11-2024,2648.77,INR,-RTGS Dominos RCPT/2411/208 GST - exp,Dominos,True,5%,FALSE,Meals,0
TXN0003209,21-11-2024,6413.53,INR,!CARD AIRTEL TAXINV/2411/209 FY25 - utilities exp,AIRTEL,True,18%,TRUE,Utilities,0
TXN0003210,21-11-2024,32474.61,INR,#RTGS Wipro RCPT/2411/210 Q2 - exp,Wipro,True,18%,TRUE,IT Services,0
TXN0003211,21-11-2024,25958.87,INR,card coursera rcpt/2411/211 tds - training exp,COURSERA,True,18%,unknown,Training,0
TXN0003212,21-11-2024,20542.95,INR,RTGS TCS Pvt Ltd BILL/2411/212 RENT - exp,TCS Pvt Ltd,True,18%,TRUE,IT Services,0
TXN0003213,21-11-2024,4790.89,INR,upi staples inv/2411/213 tds - exp,Staples,True,12%,TRUE,Office Supplies,0
TXN0003214,21-11-2024,6384.55,INR,UPI IKEA Pvt Ltd INV/2411/214 Q1 - exp,IKEA Pvt Ltd,True,12%,TRUE,Office Supplies,0
TXN0003215,21-11-2024,4168.84,INR,upi office depot inv/2411/215 adv - exp,OFFICE DEPOT,True,12%,TRUE,Office Supplies,0
TXN0003216,22-11-2024,33936.65,INR,neft tcs india pvt ltd taxinv/2411/216 q1 - exp ref 5784,TCS INDIA PVT LTD,True,18%,TRUE,IT Services,0
TXN0003217,22-11-2024,4627.49,INR,ADO.be,ADO.be,True,18%,TRUE,Software,0
TXN0003218,22-11-2024,34494.34,INR,INF.y charges,INF.y,True,18%,TRUE,IT Services,0
TXN0003219,22-11-2024,4955.18,INR,*AUTO-DEBIT IKEA RCPT/2411/219 FY25 - exp# ref 1363,IKEA,True,12%,TRUE,Office Supplies,0
TXN0003220,22-11-2024,4298.32,INR,NEFT RAPIDO Pvt Ltd RCPT/2411/220 FY2 4- exp* ref 9496,RAPIDO Pvt Ltd,True,5%,FALSE,Travel,0
TXN0003221,22-11-2024,84330.21,INR,CARD AWFS TAXINV/2411/221 Q2 - exp! ref 2494,AWFIS,True,18%,TRUE,Rent,0
TXN0003222,23-11-2024,96831.26,INR,jpi awfis inv/2411/222 - exp,Awfis,True,18%,TRUE,Rent,0
TXN0003223,23-11-2024,4510.98,INR,,RAPIDO INDIA PVT LTD,True,5%,FALSE,Travel,0
TXN0003224,23-11-2024,9618.18,INR,UPI FIGMA RCPT/2411/22 4Q1 - exp,FIGMA,True,18%,TRUE,Software,0
TXN0003225,23-11-2024,5345.53,INR,-UPI IKEA TAXINV/2411/225 ADV - exp! ref 5440,IKEA,True,12%,TRUE,Office Supplies,0
TXN0003226,23-11-2024,42210.07,INR,auto-debit tcs pvt ltd rcpt/2411/226 tds - exp,TCS Pvt Ltd,True,18%,TRUE,IT Services,0
TXN0003227,23-11-2024,41426.82,INR,AUTO-DEBIT WEWORK Pvt Ltd TAXINV/2411/227 TDS - exp,WEWORK Pvt Ltd,True,18%,TRUE,Rent,0
TXN0003228,23-11-2024,7486.89,INR,/ neft uber india pvt ltd rcpt/2411/228 fy24 - exp* ref 8685,UBER INDIA PVT LTD,True,5%,FALSE,Travel,0
TXN0003229,23-11-2024,4325.23,INR,*rtgsd om.inos inv/2411/229 fy24 - exp,DOM.inos,True,5%,FALSE,Meals,0
TXN0003230,23-11-2024,8588.85,INR,*RTGS KSEB BILL/2411/230 ADV - exp,KSEB,True,18%,TRUE,Utilities,0
TXN0003231,23-11-2024,90563.35,INR,IMPS IND.iqube INV/2411/231 GST - exp* ref 4310,IND.iqube,True,18%,TRUE,Rent,0
TXN0003232,23-11-2024,10738.03,INR,MICROSOFT,MICROSOFT,True,18%,TRUE,Software,0
TXN0003233,23-11-2024,5547.1,INR,na,UBER Pvt Ltd,True,5%,FALSE,Travel,0
TXN0003234,23-11-2024,16229.53,INR,!NEFT WIP.ro RCPT/2411/234 Q1 - exp- ref 6022,WIP.ro,True,18%,TRUE,IT Services,0
TXN0003235,23-11-2024,6463.17,INR,RTGS FIGMA INV/2411/235 1Q - exp* ref 1187,FIGMA,True,18%,TRUE,Software,0
TXN0003236,23-11-2024,37967.97,INR,CARD TECHM INV/2411/236 SUBS - it services exp,TECHM,True,18%,TRUE,IT Services,0
TXN0003237,23-11-2024,33529.62,INR,IMPS WIPRO Pvt Ltd BILL/2411/237 RENT - exp,WIPRO Pvt Ltd,True,18%,TRUE,IT Services,0
TXN0003238,23-11-2024,36376.69,INR,AUTO-DEBIT WIP.ro BILL/2411/238 GST - exp,WIP.ro,True,18%,TRUE,IT Services,0
TXN0003239,23-11-2024,7701.44,INR,neft ikea bill/2411/239 gst - exp ref 9703,Ikea,True,12%,TRUE,Office Supplies,0
TXN0003240,23-11-2024,34999.43,INR,-IMPS TCS Pvt Ltd TAXINV/2411/240 Q2 - exp,TCS Pvt Ltd,True,18%,TRUE,IT Services,0
TXN0003241,24-11-2024,2657.09,INR,#RTGS Pvt Ltd RPT/2411/241 GST - exp,GOVT FEES Pvt Ltd,False,exempt,FALSE,Exempt Services,0
TXN0003242,24-11-2024,36895.51,INR,UPI WIP.ro BILL/24112/42 SUBS - exp,WIP.ro,True,18%,TRUE,IT Services,0
TXN0003243,24-11-2024,29511.66,INR,neft inf.y rcpt/2411/243 adv - it services exp,INF.y,True,18%,TRUE,IT Services,0
TXN0003244,24-11-2024,72935.26,INR,card awfis india pvt ltd bill/2411/244 - exp,AWFIS INDIA PVT LTD,True,18%,TRUE,Rent,0
TXN0003245,24-11-2024,4227.02,INR,*RTGS STA.mp duty BILL/2411/245 SUBS - exp,STA.mp duty,False,exempt,FALSE,Exempt Services,0
TXN0003246,24-11-2024,85432.23,INR,neft wew.ork bill/2411/246 adv - exp ref 4266,WEW.ork,True,18%,TRUE,Rent,0
TXN0003247,24-11-2024,4965.07,INR,-rtgs indigo pvt ltd taxinv/2411/247 adv - exp,INDIGO Pvt Ltd,True,5%,FALSE,Travel,0
TXN0003248,24-11-2024,7124.69,INR, rtgs bescom taxinv/2411/248 gst - utilities exp,Bescom,True,18%,TRUE,Utilities,0
TXN0003249,25-11-2024,32588.93,INR,card tcs india pvt ltd rcpt/2411/249 rent - it services exp,TCS INDIA PVT LTD,True,18%,TRUE,IT Services,0
TXN0003250,25-11-2024,5791.77,INR,CARD IKE.a gNV/2411/250 SUBS - office supplies exp,IKE.a,True,12%,TRUE,Office Supplies,0
TXN0003251,25-11-2024,3986.42,INR,/ auto-debit ola bill/2411/251 subs - exp# ref 7989,OLA,True,5%,FALSE,Travel,0
TXN0003252,25-11-2024,10300.78,INR,!IMPS JIOFIBER INDIA PVT LTD RCPT/2411/252 SUBS - exp,JIOFIBER INDIA PVT LTD,True,18%,TRUE,Utilities,0
TXN0003253,25-11-2024,13331.09,INR,AUTO-DEBIT JIOFIBER TAXINV/2411/253 Q1 - exp,JIOFIBER,True,18%,TRUE,Utilities,0
TXN0003254,25-11-2024,5063.3,INR,*CARD OLA TAXINVq2411/254 GST - exp,OLA,True,5%,FALSE,Travel,0
TXN0003255,25-11-2024,29079.53,INR,NEFT HCL RCPT/2411/255 RENT - exp / ref 1816,HCL,True,18%,TRUE,IT Services,0
TXN0003256,25-11-2024,2010.56,INR,IMPS ZOMATO RCPT/2411/256 FY25 -e xp,ZOMATO,True,5%,FALSE,Meals,0
TXN0003257,25-11-2024,5938.69,INR,#auto-debit office depot india pvt ltd bill/2411/257 fy24 - exp,OFFICE DEPOT INDIA PVT LTD,True,12%,TRUE,Office Supplies,0
TXN0003258,25-11-2024,54809.5,INR,#imps wework bill/2411/258 tds - exp,WEWORK,True,18%,TRUE,Rent,0
TXN0003259,25-11-2024,79720.22,INR,*RTGS WEWORK RCPT/2411/259 - exp,WEWORK,True,18%,TRUE,Rent,0
TXN0003260,25-11-2024,3686.66,INR,*IMPS RAP.ido RCPT/2411/260 GST - exp,RAP.ido,True,5%,FALSE,Travel,0
TXN0003261,25-11-2024,9825.33,INR,#UPI JIOFIBER INDIA PVT LTD RCPT/2411/261 TDS - exh / ref 3577,JIOFIBER INDIA PVT LTD,True,18%,TRUE,Utilities,0
TXN0003262,25-11-2024,5832.18,INR,upi indigo india pvt ltd rcpt/2411/262 fy24 - exp,INDIGO INDIA PVT LTD,True,5%,FALSE,Travel,0
TXN0003263,25-11-2024,52943.39,INR,UPI Infy TAXINV/2411/263 Q2 - exp,Infy,True,18%,TRUE,IT Services,0
TXN0003264,25-11-2024,80962.11,INR,card wework taxinv/2411/264 q1 - exp,WEWORK,True,18%,TRUE,Rent,0
TXN0003265,26-11-2024,3692.37,INR,AUTO-DEBIT STAMP DUTY INDIA PVT LTD INV/2411/265 TDS - exempt services exp,STAMP DUTY INDIA PVT LTD,False,exempt,FALSE,Exempt Services,0
TXN0003266,26-11-2024,43777.21,INR,#rtgs awfis rcpt/2411/266 q2 - ebp / ref 7813,AWFIS,True,18%,TRUE,Rent,0
TXN0003267,26-11-2024,9028.24,INR,imps airtel pvt ltd bill/2411/267 tds - utilities exp,AIRTEL Pvt Ltd,True,18%,TRUE,Utilities,0
TXN0003268,26-11-2024,10341.12,INR,#card ikea rcpt/2411/268 tds - exp ref 6802,IKEA,True,12%,TRUE,Office Supplies,0
TXN0003269,26-11-2024,10190.54,INR,NEFT JIOFIBER INDIA PVT LTD RCPT/2411/269 GST - exp,JIOFIBER INDIA PVT LTD,True,18%,TRUE,Utilities,0
TXN0003270,26-11-2024,5323.39,INR,-UPI Office Depot BILL/2411/270 RENT - exp,Office Depot,True,12%,TRUE,Office Supplies,0
TXN0003271,26-11-2024,4182.02,INR,rtgs staples pvt ltd rcpt/2411/271 fy24 - exp,STAPLES Pvt Ltd,True,12%,TRUE,Office Supplies,0
TXN0003272,26-11-2024,50149.76,INR,CARD STAPLES INV/2411/272 RENT - office supplies exp,STAPLES,True,12%,TRUE,Office Supplies,1
TXN0003273,26-11-2024,33225.21,INR,TECHM charges,TECHM,True,18%,TRUE,IT Services,0
TXN0003274,26-11-2024,7365.08,INR,OLA,OLA,True,5%,FALSE,Travel,0
TXN0003275,26-11-2024,170754.94,INR,#card indiqube pvt ltd bill/2411/275 q1 - exp,INDIQUBE Pvt Ltd,True,18%,TRUE,Rent,0
TXN0003276,26-11-2024,12532.69,INR,imps canva taxinv/2411/276 fy25 - exp,CANVA,True,18%,TRUE,Software,0
TXN0003277,26-11-2024,33111.86,INR,#upi hcl bill/2411/277 fy24 - exp,HCL,True,18%,TRUE,IT Services,0
TXN0003278,26-11-2024,2697.04,INR,-NEFT KFC Pvt Ltd TAXINVm2411/278 GST - exp* ref 5921,KFC Pvt Ltd,True,5%,FALSE,Meals,0
TXN0003279,26-11-2024,3865.58,INR,IKEA INDIA PVT LTD charges,IKEA INDIA PVT LTD,True,12%,TRUE,Office Supplies,0
TXN0003280,26-11-2024,2277.74,INR,card dom.inos inv/2411/280 q2 - exp,DOM.inos,True,5%,FALSE,Meals,0
TXN0003281,26-11-2024,18015.6,INR,atuo-debit techm inv/2411/281 rent - exp,TECHM,True,18%,TRUE,IT Services,0
TXN0003282,26-11-2024,7552.53,INR,*rtgs office depot pvt ltd taxinv/2411/282 q1 - exp,OFFICE DEPOT Pvt Ltd,True,5%,TRUE,Office Supplies,1
TXN0003283,26-11-2024,10151.95,INR,AUTO-DEBIT BESCOM INV/2411/g83 Q1 - utilities exp,BESCOM,True,18%,TRUE,Utilities,0
TXN0003284,26-11-2024,48569.36,INR,#auto-debit office depot pvt ltd bill/2411/284 subs - exp / ref 9334,OFFICE DEPOT Pvt Ltd,True,12%,TRUE,Office Supplies,1
TXN0003285,26-11-2024,10048.7,INR,na,Canva,True,18%,TRUE,Software,0
TXN0003286,26-11-2024,19306.59,INR,neft ra inv/2411/286 q2 -e xp,COURSERA,True,18%,unknown,Training,0
TXN0003287,26-11-2024,14271.08,INR,#rtgs simplilearn india pvt ltd taxinv/2411/287 adv - exp! ref 3728,SIMPLILEARN INDIA PVT LTD,True,18%,unknown,Training,0
TXN0003288,26-11-2024,86076.6,INR,,INFY Pvt Ltd,True,18%,TRUE,IT Services,0
TXN0003289,26-11-2024,5166.44,INR,rtgs rcpt/2411/289 fy24 - exp# ref 9851,Roc Fees,False,exempt,FALSE,Exempt Services,0
TXN0003290,26-11-2024,319969.2,INR,upi hcl pvt ltd inv/2411/290 fy25 - exp- ref 4367,HCL Pvt Ltd,True,18%,TRUE,IT Services,1
TXN0003291,26-11-2024,12067.93,INR,card figma india pvt ltd inv/2411/291 gst - exp,FIGMA INDIA PVT LTD,True,18%,TRUE,Software,0
TXN0003292,27-11-2024,3264.6,INR,-,Kfc,True,5%,FALSE,Meals,0
TXN0003293,27-11-2024,5052.35,INR,rtgs ind.igo rcpt/2411/293 fy24 - travel exp,IND.igo,True,5%,FALSE,Travel,0
TXN0003294,27-11-2024,2139.6,INR,#NEFT ZOM.ato BILL/2411/294 FY25 - exp,ZOM.ato,True,5%,FALSE,Meals,0
TXN0003295,27-11-2024,6769.07,INR,upi office depot pvt ltd inv/2411/295 fy25 - exp,OFFICE DEPOT Pvt Ltd,True,12%,TRUE,Office Supplies,0
TXN0003296,27-11-2024,12816.36,INR,FIGMA Pvt Ltd charges,FIGMA Pvt Ltd,True,18%,TRUE,Software,0
TXN0003297,27-11-2024,3557.65,INR, / imps ola rcpt/211/297 q2 - travel exp,OLA,True,5%,FALSE,Travel,0
TXN0003298,27-11-2024,41616.84,INR,#RTGS HCL INV/2411/298 GST - zt services exp,HCL,True,18%,TRUE,IT Services,0
TXN0003299,27-11-2024,8682.59,INR,,FIGMA,True,18%,TRUE,Software,0
TXN0003300,27-11-2024,10877.77,INR,RTGS KSEB RCPT/2411/300 TDS - exp- ref 4157,KSEB,True,18%,TRUE,Utilities,0
TXN0003301,27-11-2024,108038.29,INR, upi awfis bill/2411/301 q1 - rent exp# ref 5324,AWFIS,True,18%,TRUE,Rent,0
TXN0003302,28-11-2024,43997.2,INR,/ card techm pt ltd rcpt/2411/302 tds - exp,TECHM Pvt Ltd,True,18%,TRUE,IT Services,0
TXN0003303,28-11-2024,26431.92,INR,RTGS INFY INV/2411/303 GST - exp ref 4238,INFY,True,18%,TRUE,IT Services,0
TXN0003304,28-11-2024,40771.07,INR,NEFT INF.y TAXINV/2411/304 RENT - ex,INF.y,True,18%,TRUE,IT Services,0
TXN0003305,28-11-2024,22602.35,INR,/ RTGS SIMPLILEAR INDIA PVT LTD INV/2411/305 SUBS - exp,SIMPLILEARN INDIA PVT LTD,True,18%,unknown,Training,0
TXN0003306,28-11-2024,105114.59,INR,neft awfis india pvt ltd rcpt/2411/306 gst - exp,AWFIS INDIA PVT LTD,True,18%,TRUE,Rent,0
TXN0003307,28-11-2024,3755.83,INR,IMPS RCPT/2411/307 RENT - exp,ROC FEES,False,exempt,FALSE,Exempt Services,0
TXN0003308,28-11-2024,24320.29,INR,imps tcs pvt ltd rcpt/2411/308 subs - exp,TCS Pvt Ltd,True,18%,TRUE,IT Services,0
TXN0003309,28-11-2024,100592.96,INR,auto-debit awfis taxinv/2411/309 q1 - exp- ref 8193,Awfis,True,18%,TRUE,Rent,0
TXN0003310,28-11-2024,5683.47,INR,,FIG.ma,True,18%,TRUE,Software,0
TXN0003311,28-11-2024,8264.26,INR,-auto-debit office depot inv/2411/311 q2 - exp,OFFICE DEPOT,True,12%,TRUE,Office Supplies,0
TXN0003312,28-11-2024,3913.76,INR,auto-debit india pvt ltd taxinv/2411/312 subs - exp,ROC FEES INDIA PVT LTD,False,exempt,FALSE,Exempt Services,0
TXN0003313,28-11-2024,54810.71,INR,RTGS INFY INDIA PVT LTD RCPT/2411/313 Q2 - exp,INFY INDIA PVT LTD,True,18%,TRUE,IT Services,0
TXN0003314,28-11-2024,8167.37,INR, / NEFT OLA TAXINV/2411/314 FY24 - travel exp  ref 5445,OLA,True,5%,FALSE,Travel,0
TXN0003315,28-11-2024,6702.15,INR,/ IMPS STAPLES Pvt Ltd INV/2411/315 Q2 - exp,STAPLES Pvt Ltd,True,12%,TRUE,Office Supplies,0
TXN0003316,28-11-2024,98451.71,INR,na,AWF.is,True,18%,TRUE,Rent,0
TXN0003317,29-11-2024,3307.12,INR,!imps taxinv/2411/317 fy25 - exp,Roc Fees,False,exempt,FALSE,Exempt Services,0
TXN0003318,29-11-2024,24359.85,INR,CARD TCS RCPT/2411/318 TDS - exp,TCS,True,18%,TRUE,IT Services,0
TXN0003319,29-11-2024,115527.33,INR,WEW.ork,WEW.ork,True,18%,TRUE,Rent,0
TXN0003320,29-11-2024,7434.29,INR,RTGS Canva TAXINV/2411/320 TDS - exp- ref 5506,Canva,True,18%,TRUE,Software,0
TXN0003321,29-11-2024,3512.25,INR,na,IKE.a,True,12%,TRUE,Office Supplies,0
TXN0003322,29-11-2024,9783.79,INR,*neft kseb pvt ltd bill/2411/322 fy24 - utiliyies exp,KSEB Pvt Ltd,True,18%,TRUE,Utilities,0
TXN0003323,29-11-2024,29832.94,INR,/ auto-debit wipro bill/2411/323 q2 - exp,Wipro,True,18%,TRUE,IT Services,0
TXN0003324,29-11-2024,104604.25,INR,imps hcl india pvt ltd rcpt/2411/324 fy25 - exp,HCL INDIA PVT LTD,True,18%,TRUE,IT Services,0
TXN0003325,29-11-2024,35713.61,INR,!neft hcl india pvt ltd taxinv/2411/325 tds - it services exp* ref 7907,HCL INDIA PVT LTD,True,18%,TRUE,IT Services,0
TXN0003326,29-11-2024,15033.38,INR,Jiofiber charges,Jiofiber,True,18%,TRUE,Utilities,0
TXN0003327,29-11-2024,50445.15,INR,*AUTO-DEBIT WIP.ro BILL/2411/327 Q1 - exp,WIP.ro,True,18%,TRUE,IT Services,0
TXN0003328,29-11-2024,15838.51,INR,rtgs kseb taxinv/241/328 fy25 - exp ref 9801,KSEB,True,18%,TRUE,Utilities,0
TXN0003329,29-11-2024,42787.57,INR,-imps tcs bill/2411/329 adv- exp,TCS,True,18%,TRUE,IT Services,0
TXN0003330,29-11-2024,110110.01,INR,imps wework india pvtrltd taxinv/2411/330 - exp,WEWORK INDIA PVT LTD,True,18%,TRUE,Rent,0
TXN0003331,29-11-2024,22202.55,INR,-CARD TECHM INV/2411/331 RENT - it services exp,TECHM,True,18%,TRUE,IT Services,0
TXN0003332,29-11-2024,38055.34,INR,HCL,HCL,True,18%,TRUE,IT Services,0
TXN0003333,29-11-2024,112182.7,INR,*auto-debit awfis inv/2411/333 q2 - exp,AWFIS,True,18%,TRUE,Rent,0
TXN0003334,30-11-2024,67759.81,INR,!imps wework rcct/2411/334 q2 - exp,WEWORK,True,18%,TRUE,Rent,0
TXN0003335,30-11-2024,2075.18,INR,rtgs kfc rcpt/2411/335 rent - exp,KFC,True,5%,FALSE,Meals,0
TXN0003336,30-11-2024,10352.13,INR,card microsoft bill/2411/336 fy25 - exp,Microsoft,True,18%,TRUE,Software,0
TXN0003337,30-11-2024,18517.5,INR,KSEB INDIA PVT LTD charges,KSEB INDIA PVT LTD,True,18%,TRUE,Utilities,0
TXN0003338,30-11-2024,8800.88,INR,NEFT FIG.ma TAXINV/2411/338 TDS - software exp,FIG.ma,True,18%,TRUE,Software,0
TXN0003339,30-11-2024,15245.3,INR,AUTO-DEBIT SIM.plilearn BILL/2411/339 TDS - exp ref 5014,SIM.plilearn,True,18%,unknown,Training,0
TXN0003340,30-11-2024,44535.59,INR,!rtgs techm ill/2411/340 fy24 - exp,TECHM,True,18%,TRUE,IT Services,0
TXN0003341,30-11-2024,4959.89,INR,*IMPS STAPLES RCPT/2411/341 ADV - exp,STAPLES,True,12%,TRUE,Office Supplies,0
TXN0003342,30-11-2024,7462.47,INR,#neft office depot inv/2411/342 subs - exp,Office Depot,True,12%,TRUE,Office Supplies,0
TXN0003343,30-11-2024,8523.45,INR,neft adobe pvt ltd bill/2411/343 fy24 - software exp,ADOBE Pvt Ltd,True,18%,TRUE,Software,0
TXN0003344,01-12-2024,16397.85,INR,NEFT AIR.el RCPT/2412/344 SUBS - exp,AIR.tel,True,18%,TRUE,Utilities,0
TXN0003345,01-12-2024,4785.15,INR,INDIGO INDIA PVT LTD charges,INDIGO INDIA PVT LTD,True,5%,FALSE,Travel,0
TXN0003346,01-12-2024,6982.3,INR,,MIC.rosoft,True,18%,TRUE,Software,0
TXN0003347,01-12-2024,88099.29,INR,/ rtgs awfis rcpt/2412/347 fy25 - exp,Awfis,True,18%,TRUE,Rent,0
TXN0003348,01-12-2024,200939.12,INR,neft infy inv/2412/348 q1 - exp,Infy,True,18%,TRUE,IT Services,1
TXN0003349,01-12-2024,2734.34,INR,NEFT ZOMATO INDIA PVT LTD BILL/2412/349 FY25 - exp,ZOMATO INDIA PVT LTD,True,5%,FALSE,Meals,0
TXN0003350,01-12-2024,33027.43,INR,pCARD WIPRO TAXINV/2412/350 FY24 - ex*,WIPRO,True,18%,TRUE,IT Services,0
TXN0003351,01-12-2024,45240.91,INR,#upi hcl pvt ltd inv/2412/351 fy24 - exp,HCL Pvt Ltd,True,18%,TRUE,IT Services,0
TXN0003352,01-12-2024,12936.95,INR,!imps bes.com inv/2412/352 rent - exp,BES.com,True,18%,TRUE,Utilities,0
TXN0003353,01-12-2024,6662.59,INR,card indigo pvt ltd taxinv/2412/353 subs - exp ref 1489,INDIGO Pvt Ltd,True,5%,FALSE,Travel,0
TXN0003354,01-12-2024,4821.69,INR,imps office depot pvt ltd inv/2412/354 gst - office supplies exp,OFFICE DEPOT Pvt Ltd,True,12%,TRUE,Office Supplies,0
TXN0003355,01-12-2024,6248.12,INR,card uber bill/2412/355 q1 - exp,UBER,True,5%,FALSE,Travel,0
TXN0003356,01-12-2024,17777.18,INR,NEFT TCS Pvt Ltd BILL/2412/356 SUBS - it services exp,TCS Pvt Ltd,True,18%,TRUE,IT Services,0
TXN0003357,02-12-2024,17772.91,INR,-CARD RA RCTP/2412/357 TDS - exp* ref 9954,COURSERA,True,18%,unknown,Training,0
TXN0003358,02-12-2024,5378.91,INR,imps ikea pvt ltd taxinv/2412/358 fy24 - exp,IKEA Pvt Ltd,True,12%,TRUE,Office Supplies,0
TXN0003359,02-12-2024,7662.52,INR,rtgs office depot india pvt ltd bill/2412/359 tds - exp,OFFICE DEPOT INDIA PVT LTD,True,12%,TRUE,Office Supplies,0
TXN0003360,02-12-2024,4781.51,INR,NEFT OLA RCPT/2412/360 TDS - exp,OLA,True,5%,FALSE,Travel,0
TXN0003361,02-12-2024,65273.05,INR,AWFIS,AWFIS,True,18%,TRUE,Rent,0
TXN0003362,02-12-2024,4343.25,INR,/ neft pvt ldt bill/2412/362 adv - exp,GOVT FEES Pvt Ltd,False,exempt,FALSE,Exempt Services,0
TXN0003363,02-12-2024,2585.53,INR, AUTO-DEBIT Roc Fees TAXNIV/2412/363 Q2 - exempt services exp,Roc Fees,False,exempt,FALSE,Exempt Services,0
TXN0003364,02-12-2024,19971.89,INR,rtgs upgrad inv/2412/364 fy24 - exp,UPGRAD,True,18%,unknown,Training,0
TXN0003365,03-12-2024,5019.48,INR,/ RTGS MICROSOFT BILL/2412/365 ADV - exp,MICROSOFT,True,18%,TRUE,Software,0
TXN0003366,03-12-2024,2245.86,INR,#CARD Kfc TAXINV/2412/366 TDS - exp,Kfc,True,5%,FALSE,Meals,0
TXN0003367,03-12-2024,7485.93,INR,AUTO-DEBIT Staples TAXINV/2412/367 GST-  exp,Staples,True,12%,TRUE,Office Supplies,0
TXN0003368,03-12-2024,14357.44,INR,AUTO-DEBIT Airtel INV/2412/368 SUBS - exp / ref 1896,Airtel,True,18%,TRUE,Utilities,0
TXN0003369,03-12-2024,93927.06,INR,/ CARD Awfis RCPT/2412/369 - exp* ref 1382,Awfis,True,18%,TRUE,Rent,0
TXN0003370,03-12-2024,3878.09,INR,CARD STAPLES Pvt Ltd RCPT/2412/370 ADV - exp,STAPLES Pvt Ltd,True,12%,TRUE,Office Supplies,0
TXN0003371,03-12-2024,12417.07,INR,UPI MICROSOFT INDIA PVT LTD TAXINV/2412/371 GST - exp,MICROSOFT INDIA PVT LTD,True,18%,TRUE,Software,0
TXN0003372,03-12-2024,32421.52,INR,#auto-debit tec.hm bill/2412/372 adv - it services exp,TEC.hm,True,18%,TRUE,IT Services,0
TXN0003373,03-12-2024,75925.92,INR,rtgs wework taxinv/2412/373 q1 - exp! ref 4273,Wework,True,18%,TRUE,Rent,0
TXN0003374,03-12-2024,24848.49,INR,rtgs tcs bill/2412/374 q2 - exp,Tcs,True,18%,TRUE,IT Services,0
TXN0003375,03-12-2024,6314.46,INR,*imps figua inv/2412/375 subs - exp ref 3526,FIGMA,True,18%,TRUE,Software,0
TXN0003376,03-12-2024,5982.55,INR,!AUTO-DEBIT STAPLES Pvt Ltd RCPT/2412/376 RENT - exp,STAPLES Pvt Ltd,True,12%,TRUE,Office Supplies,0
TXN0003377,04-12-2024,12146.43,INR,/ IMPS MICROSOFT TAXINV/2412/377 SUBS - exp,MICROSOFT,True,18%,TRUE,Software,0
TXN0003378,04-12-2024,7843.27,INR,-rtgs sta.ples inv/2412/378 q2 - exp,STA.ples,True,12%,TRUE,Office Supplies,0
TXN0003379,04-12-2024,125970.24,INR,#upi wework pvt ltd inv/2412/379 q2 - exp,WEWORK Pvt Ltd,True,18%,TRUE,Rent,0
TXN0003380,04-12-2024,4359.21,INR,rtgs canva rcpt/2412/380 rent - software exp,CANVA,True,18%,TRUE,Software,0
TXN0003381,04-12-2024,2431.74,INR,*RTGS DOMINOS INDIA PVT LTD INV/2412/381 SUBS - exp,DOMINOS INDIA PVT LTD,True,5%,FALSE,Meals,0
TXN0003382,04-12-2024,6787.88,INR,NEFT ADOBE Pvt Ltd TAXINV/2412/382 Q2 - exp! ref 1467,ADOBE Pvt Ltd,True,18%,TRUE,Software,0
TXN0003383,04-12-2024,2068.85,INR,!UPI KFC RCPT/2412/383 SUBS - exp,KFC,True,5%,FALSE,Meals,0
TXN0003384,04-12-2024,64736.04,INR,WEW.ork,WEW.ork,True,18%,TRUE,Rent,0
TXN0003385,04-12-2024,7726.91,INR,OFFICE DEPOT charges,OFFICE DEPOT,True,12%,TRUE,Office Supplies,0
TXN0003386,04-12-2024,20677.8,INR,card ra taxinv/2412/386 q2 - exp# ref 3038,Coursera,True,18%,unknown,Training,0
TXN0003387,04-12-2024,34460.64,INR,imps inf.y taxinv/2412/387 tds - exp,INF.y,True,18%,TRUE,IT Services,0
TXN0003388,04-12-2024,2618.56,INR,#rtgs swiggy india pvt ltd inv/2412/388 tds - exp,SWIGGY INDIA PVT LTD,True,5%,FALSE,Meals,0
TXN0003389,04-12-2024,38385.76,INR,AUTO-DEBIT Wipro BILL/2412/389 RENT - exp! ref 6779,Wipro,True,18%,TRUE,IT Services,0
TXN0003390,05-12-2024,104608.21,INR,neft awf.is taxinv/2412/390 fy24 - exp,AWF.is,True,18%,TRUE,Rent,0
TXN0003391,05-12-2024,12966.27,INR,UPI KSEB INDIA PVT LTD RCPT/2412/391 FY25 - exp! ref 4005,KSEB INDIA PVT LTD,True,18%,TRUE,Utilities,0
TXN0003392,05-12-2024,5526.14,INR,OLA INDIA PVT LTD charges,OLA INDIA PVT LTD,True,5%,FALSE,Travel,0
TXN0003393,05-12-2024,104842.21,INR,,AWFIS INDIA PVT LTD,True,18%,TRUE,Rent,0
TXN0003394,05-12-2024,4369.53,INR, NEFT INDIGO TAXINV/4212/394 SUBS - travel exp,INDIGO,True,5%,FALSE,Travel,0
TXN0003395,05-12-2024,11073.85,INR,KSEB INDIA PVT LTD charges,KSEB INDIA PVT LTD,True,18%,TRUE,Utilities,0
TXN0003396,05-12-2024,25009.74,INR,card simplilearn bill/2412/396 q2 -sexp,SIMPLILEARN,True,18%,unknown,Training,0
TXN0003397,05-12-2024,98999.16,INR,!card awfis pvt ltd taxinv/2412/397 gst - exp,AWFIS Pvt Ltd,True,18%,TRUE,Rent,0
TXN0003398,05-12-2024,3173.2,INR,UPI ROC. fees TAXINV/2412/398 ADV - exp ref 7274,ROC. fees,False,exempt,FALSE,Exempt Services,0
TXN0003399,05-12-2024,6700.22,INR,upi uber pvt ltd inv/2412/399 fy24 - exp,UBER Pvt Ltd,True,5%,FALSE,Travel,0
TXN0003400,05-12-2024,4369.65,INR,!imps figma bill/2412/400 q1 - software exp! ref 6840,FIGMA,True,18%,TRUE,Software,0
TXN0003401,06-12-2024,3517.44,INR,UPI SWIGGY RCPT/2412/401 FY25 - exp,SWIGGY,True,5%,FALSE,Meals,0
TXN0003402,06-12-2024,13638.83,INR,IMPS AIRTEL BILL/2412/402 Q2 - utilities exp /  ref 9611,AIRTEL,True,18%,TRUE,Utilities,0
TXN0003403,06-12-2024,102205.75,INR,#upi awfis taxinv/2412/403 q2  -rent exp,Awfis,True,18%,TRUE,Rent,0
TXN0003404,06-12-2024,4684.71,INR,IMPS OFFICE DEPOT TAXINV/2412/404 SUBS - exp,OFFICE DEPOT,True,12%,TRUE,Office Supplies,0
TXN0003405,06-12-2024,29960.92,INR,/ CARD Hcl RCPT/2412/405 GST - exp ref 5537,Hcl,True,18%,TRUE,IT Services,0
TXN0003406,06-12-2024,13912.31,INR,n/a,AIR.tel,True,18%,TRUE,Utilities,0
TXN0003407,06-12-2024,89215.45,INR,IMPS Wework TAXINV/2412/407 ADV - exp,Wework,True,18%,TRUE,Rent,0
TXN0003408,06-12-2024,34665.94,INR,imps tcs taxinv/2412/408 q1 - exp# ref 6113,TCS,True,18%,TRUE,IT Services,0
TXN0003409,06-12-2024,88490.11,INR,NEFT WEWORK BILL/2412/409 ADV - exp- ref 2015,WEWORK,True,18%,TRUE,Rent,0
TXN0003410,06-12-2024,11628.28,INR,-CARD FIGMA INV/2412/410 FY25 - software exp,FIGMA,True,18%,TRUE,Software,0
TXN0003411,06-12-2024,3129.97,INR,AUTO-DEBIT Dominos INV/2412/411 Q1 - meals exp,Dominos,True,5%,FALSE,Meals,0
TXN0003412,06-12-2024,19245.61,INR,/ auto-debit infy inv/2412/412 q2 - exp- ref 9073,Infy,True,18%,TRUE,IT Services,0
TXN0003413,06-12-2024,6086.75,INR,auto-debit rapido pvt ltd taxinv/2412/413 gst - exp,RAPIDO Pvt Ltd,True,5%,FALSE,Travel,0
TXN0003414,06-12-2024,3410.82,INR,na,ZOMATO,True,5%,FALSE,Meals,0
TXN0003415,06-12-2024,37706.12,INR,AUTO-DEBIT TCS RCPT/2412/415 RENTi- exp- ref 5115,TCS,True,18%,TRUE,IT Services,0
TXN0003416,06-12-2024,10584.41,INR,RTGS ADO.b eINV/2412/416 RENT - exp,ADO.be,True,18%,TRUE,Software,0
TXN0003417,06-12-2024,5309.02,INR,#IMPS Canva RCPT/2412/417 FY24 - exp,Canva,True,18%,TRUE,Software,0
TXN0003418,07-12-2024,2310.51,INR,-RTGS KFC INDIA PVT LTD RCPT/2412/418 RENT - meals exp,KFC INDIA PVT LTD,True,5%,FALSE,Meals,0
TXN0003419,07-12-2024,29634.31,INR, imps wipro pvt ltd inv/2412/419 tds - it services exp,WIPRO Pvt Ltd,True,18%,TRUE,IT Services,0
TXN0003420,07-12-2024,2475.58,INR,RTGS DOMINOS TAXIVN/2412/420 GST - exp,DOMINOS,True,5%,FALSE,Meals,0
TXN0003421,07-12-2024,21106.58,INR,CARD TCS INV/2412/421 TD S- it services exp,TCS,True,18%,TRUE,IT Services,0
TXN0003422,07-12-2024,7910.83,INR,imps canva inv/2412/422 q1 - exp* ref 5021,CANVA,True,18%,TRUE,Software,0
TXN0003423,07-12-2024,34379.62,INR,-auto-debit tcs bill/242/423 subs - exp,TCS,True,18%,TRUE,IT Services,0
TXN0003424,07-12-2024,2844.51,INR,/ imps swi.ggy rcpt/2412/424 q1 - exp / ref 3577,SWI.ggy,True,5%,FALSE,Meals,0
TXN0003425,07-12-2024,77833.37,INR,RTGS WEWORK INDIA PVT LTD RCPT/2412/425 Q2 - rent exp,WEWORK INDIA PVT LTD,True,18%,TRUE,Rent,0
TXN0003426,07-12-2024,33051.61,INR,IMPS TEC.hm TAXINV/2412/426 FY24 - exp,TEC.hm,True,18%,TRUE,IT Services,0
TXN0003427,07-12-2024,34246.97,INR,UPI WIP.ro RCPT/2412/427 FY24 - exp,WIP.ro,True,18%,TRUE,IT Services,0
TXN0003428,07-12-2024,36472.02,INR,-upi etchm taxinv/2412/428 fy24 - exp- ref 2623,Techm,True,18%,TRUE,IT Services,0
TXN0003429,07-12-2024,41285.25,INR,UPI WIPRO INDIA PVT LTD INV/2412/429 Q2 - exp,WIPRO INDIA PVT LTD,True,18%,TRUE,IT Services,0
TXN0003430,07-12-2024,33563.93,INR,/ CARD WIP.ro TAXINV/2412/430 FY25 - exp,WIP.ro,True,18%,TRUE,IT Services,0
TXN0003431,07-12-2024,4163.99,INR,*UPI Zomato RCPT/2412/431 FY24 - meals exp,Zomato,True,5%,FALSE,Meals,0
TXN0003432,07-12-2024,6189.91,INR,AUTO-DEBIT OFF.ice depot INV/2412/432 Q2 - exp,OFF.ice depot,True,12%,TRUE,Office Supplies,0
TXN0003433,07-12-2024,25342.42,INR,-NEFT Techm TAXINV/2412/433 FY24 - exp# ref 4637,Techm,True,18%,TRUE,IT Services,0
TXN0003434,07-12-2024,6358.08,INR,AUTO-DEBIT OFFICE DEPOT INV/2412/434 RENT - office supplies exp,OFFICE DEPOT,True,12%,TRUE,Office Supplies,0
TXN0003435,07-12-2024,12070.52,INR,*AUTO-DEBIT Kseb INV/2412/435 FY24 - exp,Kseb,True,18%,TRUE,Utilities,0
TXN0003436,07-12-2024,5907.46,INR,rtgs staples pvt ltd bill/2412/436 q1 - office supplies exp,STAPLES Pvt Ltd,True,12%,TRUE,Office Supplies,0
TXN0003437,08-12-2024,29176.01,INR,imps techm taxinv/2412/437 q2 - exp,TECHM,True,18%,TRUE,IT Services,0
TXN0003438,08-12-2024,46434.55,INR,*imps inf.y rcpt/2412/438 q2 - exp rgf 5169,INF.y,True,18%,TRUE,IT Services,0
TXN0003439,08-12-2024,6034.74,INR,upi can.va inv/2412/439 q1 - software exp /  ref 8897,CAN.va,True,18%,unknown,Software,1
TXN0003440,08-12-2024,60110.89,INR,#card techm inv/2412/440 gst - exp,TECHM,True,18%,TRUE,IT Services,0
TXN0003441,08-12-2024,1545.78,INR,upi swiggy bill/2412/41 fy25 - exp,SWIGGY,True,5%,FALSE,Meals,0
TXN0003442,08-12-2024,10298.11,INR,RTS KSEB RCPT/2412/442 Q1 - exp,KSEB,True,18%,TRUE,Utilities,0
TXN0003443,08-12-2024,94054.38,INR,!rtgs ind.iqube taxinv/2412/443 gst - exp,IND.iqube,True,18%,TRUE,Rent,0
TXN0003444,08-12-2024,25916.57,INR,rtgs hcl bill/2412/444 fy25 - exp / ref 6009,HCL,True,18%,TRUE,IT Services,0
TXN0003445,08-12-2024,34675.55,INR,imps wip.ro bill/2412/445 rent - exp,WIP.ro,True,18%,TRUE,IT Services,0
TXN0003446,08-12-2024,96043.38,INR,imps wework rcpt/2412/446 fy25 - exp,Wework,True,18%,TRUE,Rent,0
TXN0003447,08-12-2024,5249.36,INR,ROC FEES INDIA PVT LTD,ROC FEES INDIA PVT LTD,False,exempt,FALSE,Exempt Services,0
TXN0003448,08-12-2024,11206.79,INR,n/a,BESCOM,True,18%,TRUE,Utilities,0
TXN0003449,08-12-2024,10717.95,INR,auto-debit bes.com taxinv/2412/449 fy25 - exp,BES.com,True,18%,TRUE,Utilities,0
TXN0003450,09-12-2024,7220.21,INR,-CARD Canva TAXINV/2412/450 ADV - exp,Canva,True,18%,TRUE,Software,0
TXN0003451,09-12-2024,2516.53,INR,CARD Swiggy INV/2412/451 RENT - exp,Swiggy,True,5%,FALSE,Meals,0
TXN0003452,09-12-2024,12367.82,INR,RTGS Microsoft BILL/2412/452 FY2 5- exp,Microsoft,True,18%,TRUE,Software,0
TXN0003453,09-12-2024,11096.14,INR,#RTGS UPG.rad RCPT/2412/453 RENT - training exp- ref 5920,UPG.rad,True,18%,unknown,Training,0
TXN0003454,09-12-2024,5424.08,INR,na,Ikea,True,12%,TRUE,Office Supplies,0
TXN0003455,09-12-2024,44430.7,INR,-,TCS INDIA PVT LTD,True,18%,TRUE,IT Services,0
TXN0003456,09-12-2024,7811.82,INR,RTGS CANVA INV/2412/456 FY25 - exe,CANVA,True,18%,TRUE,Software,0
TXN0003457,09-12-2024,12692.38,INR,*RTGS AIRTEL INV/2412/457 Q1 - exp / ref 4755,AIRTEL,True,18%,TRUE,Utilities,0
TXN0003458,09-12-2024,24316.91,INR,RTGS TECHM RCPT/2412/458 SUBS - exp,TECHM,True,18%,TRUE,IT Services,0
TXN0003459,09-12-2024,7328.35,INR,card adobe rcpt/2412/459 subs - exp,Adobe,True,18%,TRUE,Software,0
TXN0003460,09-12-2024,3937.21,INR,!CARD RAPIDO INV/2412/460 FY24 - exp,RAPIDO,True,5%,FALSE,Travel,0
TXN0003461,09-12-2024,15974.25,INR,NEFT UPG.rad TAXINV/2412/461 RENT - training exp,UPG.rad,True,18%,unknown,Training,0
TXN0003462,09-12-2024,40403.74,INR,UPI INFY INV/2412/462 TDS - exp ref 8408,INFY,True,18%,TRUE,IT Services,0
TXN0003463,09-12-2024,37747.61,INR,#neft tcs bill/2412/463 fy24 - it services exp,TCS,True,18%,TRUE,IT Services,0
TXN0003464,09-12-2024,58807.41,INR,upi wework india pvt ltd taxinv/2412/464 rent - rent exp,WEWORK INDIA PVT LTD,True,18%,TRUE,Rent,0
TXN0003465,09-12-2024,11487.46,INR,NEFT Airtel INV/2412/465 GST - exp,Airtel,True,18%,TRUE,Utilities,0
TXN0003466,09-12-2024,2749.73,INR,,KFC Pvt Ltd,True,5%,FALSE,Meals,0
TXN0003467,10-12-2024,33745.61,INR,#RTGS WIPRO INDIA PVT LTD TAXINV/2412/467 TDS - exp,WIPRO INDIA PVT LTD,True,18%,TRUE,IT Services,0
TXN0003468,10-12-2024,84942.25,INR,UPI AWFIS BILL/2412/468 SUBS - exu,AWFIS,True,18%,TRUE,Rent,0
TXN0003469,10-12-2024,3718.25,INR,NEFT Dominos TAXINV/2412/469 SUBS - exp,Dominos,True,5%,FALSE,Meals,0
TXN0003470,10-12-2024,26908.23,INR,/ UPI Tcs TAXINV/2412/470 RENT - exp,Tcs,True,18%,TRUE,IT Services,0
TXN0003471,10-12-2024,9144.61,INR,-IMPS IKEA BILL/2412/471 SUBS - exp,IKEA,True,12%,TRUE,Office Supplies,0
TXN0003472,10-12-2024,11911.56,INR,*NEFT MICROSOFT Pvt Ltd INV/2412/472 Q1 - exp* ref 5592,MICROSOFT Pvt Ltd,True,18%,TRUE,Software,0
TXN0003473,10-12-2024,31287.12,INR,upi hcl taxinv/2412/473 fy24 - xep,HCL,True,18%,TRUE,IT Services,0
TXN0003474,10-12-2024,9104.24,INR, card jiofiber pvt ltd bill/2412/474 adv - utilities exp,JIOFIBER Pvt Ltd,True,18%,TRUE,Utilities,0
TXN0003475,10-12-2024,7175.71,INR,-IMPS FIGMA INDIA PVT LTD RCPT/2412/475 FY24 - exp,FIGMA INDIA PVT LTD,True,18%,TRUE,Software,0
TXN0003476,10-12-2024,4696.6,INR,-IMPS STAPLES TAXINV/2412/476 SUBS - office supplies exp- ref 3221,STAPLES,True,12%,TRUE,Office Supplies,0
TXN0003477,10-12-2024,3330.33,INR,UPI SWI.ggy RCPT/2412/477 SUBS - meals exp  ref 2792,SWI.ggy,True,5%,FALSE,Meals,0
TXN0003478,10-12-2024,62494.41,INR,#UPI TECHz BILL/2412/478 RENT - exp,TECHM,True,18%,TRUE,IT Services,0
TXN0003479,10-12-2024,8638.02,INR,AUTO-DEBT INDIGO INDIA PVT LTD RCPT/2412/479 GST - exp# ref 5113,INDIGO INDIA PVT LTD,True,5%,FALSE,Travel,0
TXN0003480,10-12-2024,13846.82,INR,-UPI CANVA Pvt Ltd TAXINV/2412/480 TDS - exp,CANVA Pvt Ltd,True,18%,TRUE,Software,0
TXN0003481,10-12-2024,10889.29,INR,RTGS JIOFIBER Pvt Ltd BILL/2412/481 ADV - exp ref 7632,JIOFIBER Pvt Ltd,True,18%,TRUE,Utilities,0
TXN0003482,10-12-2024,18071.66,INR,#IMPS BES.com TAXIV/2412/482 FY25 - exp- ref 6530,BES.com,True,18%,TRUE,Utilities,0
TXN0003483,10-12-2024,37619.9,INR,!rtgs tcs india pvt ltd rcpt/2412/483 gst - exp,TCS INDIA PVT LTD,True,18%,TRUE,IT Services,0
TXN0003484,10-12-2024,6579.01,INR,card staples taxinv/2412/484 subs - office supplies exp,STAPLES,True,12%,TRUE,Office Supplies,0
TXN0003485,10-12-2024,49223.48,INR,!RTGS INDIQUBE Pvt Ltd BILL/2412/485 GST - exp / ref 9639,INDIQUBE Pvt Ltd,True,18%,TRUE,Rent,0
TXN0003486,10-12-2024,37142.55,INR,RTGS TCS INDIA PVT LTD TAXINV/2412/486 SUBS - exp,TCS INDIA PVT LTD,True,18%,TRUE,IT Services,0
TXN0003487,10-12-2024,5366.25,INR, / UPI STAPLES TAXINV/2412/487 GST - office supplies exp /  ref 8624,STAPLES,True,12%,TRUE,Office Supplies,0
TXN0003488,11-12-2024,5719.43,INR,neft rapido rcpt/2412/488 rent - travel exp  ref 1260,Rapido,True,5%,FALSE,Travel,0
TXN0003489,11-12-2024,66165.59,INR,#NEFT AWFIS TAXINV/2412/489 TDS - exp,AWFIS,True,18%,TRUE,Rent,0
TXN0003490,11-12-2024,41827.38,INR,AUTO-DEBIT Tcs TAXINV/2412/490 Q2 - exp,Tcs,True,18%,TRUE,IT Services,0
TXN0003491,11-12-2024,29777.02,INR,CARD WIPRO TAXINV/2412/491 Q2 - exp! ref 1658,WIPRO,True,18%,TRUE,IT Services,0
TXN0003492,11-12-2024,11344.42,INR,*upi airtel bill/2412/492 subs - exp- ref 3976,AIRTEL,True,18%,TRUE,Utilities,0
TXN0003493,11-12-2024,47075.02,INR,RTGS TECHM RCPT/2412/493 FY25 - it services exp,TECHM,True,18%,TRUE,IT Services,0
TXN0003494,11-12-2024,17791.84,INR,CARD ESCOM BILL/2412/494 GST - exp,BESCOM,True,18%,TRUE,Utilities,0
TXN0003495,11-12-2024,6289.52,INR,rtgs office depot taxinv/2412/495 fy24 - exp / ref 2873,OFFICE DEPOT,True,12%,TRUE,Office Supplies,0
TXN0003496,11-12-2024,3487.12,INR,#CARD SWIGGY BILL/2412/496 SUBS - exp,SWIGGY,True,5%,FALSE,Meals,0
TXN0003497,11-12-2024,9948.81,INR,upi microsoft bill/2412/497 fy25 - exp,Microsoft,True,18%,TRUE,Software,0
TXN0003498,11-12-2024,6604.16,INR,/ neft rapido taxinv/2412/498 fy25 - exp,RAPIDO,True,5%,FALSE,Travel,0
TXN0003499,11-12-2024,7468.26,INR,OLA,OLA,True,5%,FALSE,Travel,0
TXN0003500,11-12-2024,30965.44,INR,UPI UBER INDIA PVT LTD BILL/2412/500 FY25 - exp,UBER INDIA PVT LTD,True,5%,FALSE,Travel,1
TXN0003501,11-12-2024,13216.26,INR,!rtgs canva pvt ltd taxinv/2412/501 rent - exp,CANVA Pvt Ltd,True,18%,TRUE,Software,0
TXN0003502,11-12-2024,5690.69,INR, ,IKE.a,True,12%,TRUE,Office Supplies,0
TXN0003503,11-12-2024,8133.01,INR,!RTGS ADOBE Pvt Ltd BILL/2412/503 RENT - exp,ADOBE Pvt Ltd,True,18%,TRUE,Software,0
TXN0003504,11-12-2024,2489.52,INR,UPI KFC TAXINV/2412/504 ADV - meals exp,KFC,True,5%,FALSE,Meals,0
TXN0003505,12-12-2024,22399.57,INR,u*pi sim.plilearn taxinv/2412/505 q2 - exp,SIM.plilearn,True,18%,unknown,Training,0
TXN0003506,12-12-2024,11850.47,INR,upi bes.com bill/2412/506 q2 - exp,BES.com,True,18%,TRUE,Utilities,0
TXN0003507,12-12-2024,3963.49,INR,OFFICE DEPOT charges,OFFICE DEPOT,True,12%,TRUE,Office Supplies,0
TXN0003508,12-12-2024,5191.77,INR,auto-debit ado.be rcpt/2412/508 tds - exp,ADO.be,True,18%,TRUE,Software,0
TXN0003509,12-12-2024,5537.29,INR,AUTO-EBIT IKEA TAXINV/2412/509 GST - office supplies exp,IKEA,True,12%,TRUE,Office Supplies,0
TXN0003510,12-12-2024,21892.69,INR,RTGS Kseb RCPT/2412/510 Q2 - exp,Kseb,True,18%,TRUE,Utilities,0
TXN0003511,12-12-2024,12722.45,INR,card jiofiber taxinv/2142/511 fy25 - exp,JIOFIBER,True,18%,TRUE,Utilities,0
TXN0003512,12-12-2024,21712.58,INR,!RTGS Wipro TAXINV/2412/512 FY25 - exp,Wipro,True,18%,TRUE,IT Services,0
TXN0003513,12-12-2024,4393.44,INR,UPI ADO.be INV/2412/513 FY24 - software exp,ADO.be,True,18%,TRUE,Software,0
TXN0003514,12-12-2024,46516.39,INR,AUTO-DEBIT Wipro TAXINV/2412/514 Q2 - it services exp,Wipro,True,18%,TRUE,IT Services,0
TXN0003515,12-12-2024,34150.76,INR,NEFT TCS INV/2412/515 FY2 5- exp / ref 5556,TCS,True,18%,TRUE,IT Services,0
TXN0003516,12-12-2024,23075.71,INR,#UPI Techm INV/2412/516 FY24 - exp,Techm,True,18%,TRUE,IT Services,0
TXN0003517,13-12-2024,10636.28,INR,imps airtel inv/2412/517 q2 - exp,AIRTEL,True,18%,TRUE,Utilities,0
TXN0003518,13-12-2024,14666.75,INR,!imps airtel taxinv/2412/518 rent - utilities exp,Airtel,True,18%,TRUE,Utilities,0
TXN0003519,13-12-2024,12883.86,INR,imps bes.com inv/2412/519 fy25 - exp,BES.com,True,18%,TRUE,Utilities,0
TXN0003520,13-12-2024,47428.49,INR,NEFT HCL Pvt Ltd TAXINV/2412/520 Q2 - exp,HCL Pvt Ltd,True,18%,TRUE,IT Services,0
TXN0003521,13-12-2024,2545.56,INR,neft dom.inos bill/2412/521 q2 - exp,DOM.inos,True,5%,FALSE,Meals,0
TXN0003522,13-12-2024,76857.68,INR,UPI Airtel RCPT/2412/522 TDS - exp,Airtel,True,18%,TRUE,Utilities,1
TXN0003523,13-12-2024,10023.11,INR,*RTGS BESCOM BILL/2412/523 RENT - utilities exp* ref 7192,BESCOM,True,18%,TRUE,Utilities,0
TXN0003524,13-12-2024,7192.25,INR,-,IKEA,True,12%,TRUE,Office Supplies,0
TXN0003525,13-12-2024,6155.5,INR,CARD MICROSOFT TAXINV/2412/525 SUBS - sofware exp /  ref 8034,MICROSOFT,True,18%,TRUE,Software,0
TXN0003526,13-12-2024,7861.37,INR,-imps figma pvt ltd taxinv/2412/526 q2 - exp,FIGMA Pvt Ltd,True,18%,TRUE,Software,0
TXN0003527,13-12-2024,52794.32,INR,RTGS TECHM BILL/2412/527 FY24 - exp,TECHM,True,18%,TRUE,IT Services,0
TXN0003528,13-12-2024,5160.67,INR,NEFT KFC BILL/2412/528 Q2 - meals exp /  ref 6629,KFC,True,5%,FALSE,Meals,0
TXN0003529,14-12-2024,35507.29,INR,-neft techm india pvt ltd inv/2412/529 fy24 - exp,TECHM INDIA PVT LTD,True,18%,TRUE,IT Services,0
TXN0003530,14-12-2024,19291.84,INR,card upgrad inv/2412/530 subs - exp,Upgrad,True,18%,unknown,Training,0
TXN0003531,14-12-2024,5009.01,INR, rtgs staples taxinv/2412/531 tds - office supplies etp# ref 7522,STAPLES,True,12%,TRUE,Office Supplies,0
TXN0003532,14-12-2024,29845.32,INR,!RTGS TCS TAXINV/2412/532 TDS - exp,TCS,True,18%,TRUE,IT Services,0
TXN0003533,14-12-2024,34258.82,INR,-IMPS TECHM TAXINV/2412/533 FY24 - exp,TECHM,True,18%,TRUE,IT Services,0
TXN0003534,14-12-2024,6678.44,INR,neft ind.igo taxinv/2412/534 tds - exp,IND.igo,True,exempt,FALSE,Travel,1
TXN0003535,14-12-2024,60200.55,INR,UPI TCS Pvt Ltd RCPT/2412/535 FY25 - exp,TCS Pvt Ltd,True,18%,TRUE,IT Services,0
TXN0003536,14-12-2024,52148.99,INR,neft awfis bill/2412/536 subs - exp,Awfis,True,18%,TRUE,Rent,0
TXN0003537,14-12-2024,37023.4,INR,card tec.hm taxinv/2412/537 rent - exp,TEC.hm,True,18%,TRUE,IT Services,0
TXN0003538,14-12-2024,63072.22,INR,/ RTGS Wework BILL/2412/538 Q1 - exp! ref 9520,Wework,True,18%,TRUE,Rent,0
TXN0003539,14-12-2024,50696.58,INR,IMPS TECHM INDIA PVT LTD TAXINV/241f/539 Q1 - exp,TECHM INDIA PVT LTD,True,18%,TRUE,IT Services,0
TXN0003540,14-12-2024,47493.05,INR,CARD HCL INDIA PVT LTD INV/2412/540 ADV - exp# ref 3817,HCL INDIA PVT LTD,True,18%,TRUE,IT Services,0
TXN0003541,14-12-2024,7101.71,INR,!UPI AIRTEL Pvt Ltd BILL/2412/541 ADV - utilities exp,AIRTEL Pvt Ltd,True,18%,TRUE,Utilities,0
TXN0003542,14-12-2024,95447.74,INR,IMPS WEWORK RCPT/2412/542nTDS - exp,WEWORK,True,18%,TRUE,Rent,0
TXN0003543,15-12-2024,7539.67,INR,#imps canva taxinv/2412/543 fy25 - exp,Canva,True,18%,TRUE,Software,0
TXN0003544,15-12-2024,84350.87,INR,card wework pvt ltd rcpt/2412/544 q1 - exp,WEWORK Pvt Ltd,True,18%,TRUE,Rent,0
TXN0003545,15-12-2024,25822.29,INR,!IMPS Techm RCPT/2412/545 Q2 - it services exp# ref 6621,Techm,True,18%,TRUE,IT Services,0
TXN0003546,15-12-2024,41281.56,INR,AUTO-DEBIT HCL TAXINV/2412/546 GST - exp,HCL,True,18%,TRUE,IT Services,0
TXN0003547,15-12-2024,19964.84,INR,upi simplielarn pvt ltd rcpt/2412/547 fy25 - exp,SIMPLILEARN Pvt Ltd,True,18%,unknown,Training,0
TXN0003548,15-12-2024,69423.39,INR,Awfis,Awfis,True,18%,TRUE,Rent,0
TXN0003549,15-12-2024,7291.05,INR,-neft uber pvt ltd inv/2412/549 tds - travel exp,UBER Pvt Ltd,True,5%,FALSE,Travel,0
TXN0003550,15-12-2024,31949.08,INR,IMPS SIM.plilearn BILL/2412/550 TDS - exp,SIM.plilearn,True,18%,unknown,Training,0
TXN0003551,15-12-2024,60068.95,INR, AUTO-DEBIT Awfis RCPT/2412/551 FY25 - rent exp# ref 4745,Awfis,True,5%,TRUE,Rent,1
TXN0003552,15-12-2024,4202.3,INR,-IMPS OLA BILL/2412/552 TDS - exp# reft9665,OLA,True,5%,FALSE,Travel,0
TXN0003553,15-12-2024,10172.5,INR,card airtel bill/2412/553 tds - exp,AIRTEL,True,18%,TRUE,Utilities,0
TXN0003554,16-12-2024,50971.47,INR,-CARD WEWORK INDIA PVT LTD RCPT/2412/554 Q2 - exp! ref 4803,WEWORK INDIA PVT LTD,True,18%,TRUE,Rent,0
TXN0003555,16-12-2024,3121.45,INR,Dominos,Dominos,True,5%,FALSE,Meals,0
TXN0003556,16-12-2024,13628.54,INR,NEFT COURSERA BILL/2412/556 RENT - training exp,COURSERA,True,18%,unknown,Training,0
TXN0003557,16-12-2024,9178.48,INR,AUTO-DEBIT JIOFIBER INDIA PVT LTD INV/2412/557 RENT - exp! ref 5166,JIOFIBER INDIA PVT LTD,True,18%,TRUE,Utilities,0
TXN0003558,16-12-2024,2696.29,INR,CARD KFC Pvt Ltd RCPT/2412/558 Q1 - exp,KFC Pvt Ltd,True,5%,FALSE,Meals,0
TXN0003559,16-12-2024,16652.07,INR,Kseb,Kseb,True,18%,TRUE,Utilities,0
TXN0003560,16-12-2024,109620.17,INR, / RTGS AWF.is TAXINV/2412/560 GST - rent exp,AWF.is,True,18%,TRUE,Rent,0
TXN0003561,16-12-2024,36100.33,INR,rtgs tcs inv/2412/561 fy24 - exp,TCS,True,18%,TRUE,IT Services,0
TXN0003562,16-12-2024,123087.82,INR,/ auto-debit indiqube bill/2412/562 fy25 - exp# ref 6466,INDIQUBE,True,18%,TRUE,Rent,0
TXN0003563,16-12-2024,26895.65,INR,#UPI WIPRO Pvt Ltd INV/2412/563 FY25 - exp,WIPRO Pvt Ltd,True,18%,TRUE,IT Services,0
TXN0003564,16-12-2024,3107.36,INR,card kfc bill/2412/564 adv - exp,Kfc,True,5%,FALSE,Meals,0
TXN0003565,16-12-2024,48993.66,INR, TGS INFY Pvt Ltd INV/2412/565 Q1 - it services exp,INFY Pvt Ltd,True,18%,TRUE,IT Services,0
TXN0003566,16-12-2024,4555.49,INR,#neft off.ice depot rcpt/2412/566 subs - exp,OFF.ice depot,True,12%,TRUE,Office Supplies,0
TXN0003567,16-12-2024,26769.17,INR,upi tcs bill/2412/567 fy25 - exp,TCS,True,5%,TRUE,IT Services,1
TXN0003568,16-12-2024,60110.58,INR,-CARD TECHM TAXINV/2412/568 Q2 - exp,TECHM,True,18%,TRUE,IT Services,0
TXN0003569,17-12-2024,3873.37,INR,neft indigo rcpt/2412/569 q1 - exp / ref 9030,INDIGO,True,5%,FALSE,Travel,0
TXN0003570,17-12-2024,4064.89,INR,IMPS ZOMATO INDIA PVT LTD BILL/2412/570 ADV - meals exp* ref 3985,ZOMATO INDIA PVT LTD,True,5%,FALSE,Meals,0
TXN0003571,17-12-2024,33033.85,INR,IMPS INF.y BILL/2412/571 FY24 - exp,INF.y,True,18%,TRUE,IT Services,0
TXN0003572,17-12-2024,7491.2,INR,-upi office depot taxinv/2412/572 fy25 - exp,Office Depot,True,12%,TRUE,Office Supplies,0
TXN0003573,17-12-2024,9330.87,INR,NEFT BESCOM INV/2412/573 Q2 - exp,BESCOM,True,18%,TRUE,Utilities,0
TXN0003574,17-12-2024,37682.84,INR,HCL Pvt Ltd,HCL Pvt Ltd,True,18%,TRUE,IT Services,0
TXN0003575,17-12-2024,27782.99,INR,TECHM INDIA PVT LTD,TECHM INDIA PVT LTD,True,18%,TRUE,IT Services,0
TXN0003576,17-12-2024,79604.26,INR,neft indiqube inv/2412/576 q1 - exp / ref 6110,Indiqube,True,18%,TRUE,Rent,0
TXN0003577,18-12-2024,34235.77,INR,,TEC.hm,True,18%,TRUE,IT Services,0
TXN0003578,18-12-2024,36398.41,INR,card hcl pvt ltd rcpt/2412/578 q2 - exp* ref 1003,HCL Pvt Ltd,True,18%,TRUE,IT Services,0
TXN0003579,18-12-2024,35310.9,INR,-ips hcl india pvt ltd taxinv/2412/579 tds - exp,HCL INDIA PVT LTD,True,18%,TRUE,IT Services,0
TXN0003580,18-12-2024,8423.15,INR,!IMPS KSEB INV/2412/580 RENT - exp,KSEB,True,18%,TRUE,Utilities,0
TXN0003581,18-12-2024,39493.84,INR,CARD INFY RCPT/2412/581 Q2 - exp,INFY,True,18%,TRUE,IT Services,0
TXN0003582,18-12-2024,34026.16,INR,RTGS WIPRO INV/2412/582 FY25 - exp / ref 2279,WIPRO,True,18%,TRUE,IT Services,0
TXN0003583,18-12-2024,4117.16,INR,/ imps ikea bill/241b/583 adv - exp,IKEA,True,12%,TRUE,Office Supplies,0
TXN0003584,18-12-2024,87057.77,INR,UPI WEW.ork INV/2412/584 Q1 - rent exp,WEW.ork,True,18%,TRUE,Rent,0
TXN0003585,18-12-2024,102339.84,INR,!upi wework india pvt ltd bill/2412/585 - exp# ref 4945,WEWORK INDIA PVT LTD,True,18%,TRUE,Rent,0
TXN0003586,18-12-2024,10139.77,INR,*UPI CANVA TAXINV/2412/586 TDS-  exp,CANVA,True,18%,TRUE,Software,0
TXN0003587,18-12-2024,1752.38,INR,/ IMPS ZOMATO RCPT/2412/587 GST - exp,ZOMATO,True,5%,FALSE,Meals,0
TXN0003588,19-12-2024,5705.18,INR,!IMPS ADOBE INDIA PVT LTD RCPT/2412/588 SUBS - exp,ADOBE INDIA PVT LTD,True,18%,TRUE,Software,0
TXN0003589,19-12-2024,18877.69,INR,*UPI Simplilean TAXINV/2412/589 TDS - exp,Simplilearn,True,18%,unknown,Training,0
TXN0003590,19-12-2024,4770.66,INR,IMPS DOMINOS BILL/2412/590 RENT - exp,DOMINOS,True,5%,FALSE,Meals,0
TXN0003591,19-12-2024,16604.73,INR,upi air.tel rcpt/2412/591 fy25 - exp- ref 2951,AIR.tel,True,18%,TRUE,Utilities,0
TXN0003592,19-12-2024,7243.83,INR,IMPS ADOBE BILL/2412/592 Q2 - exp- ref 3742,ADOBE,True,18%,TRUE,Software,0
TXN0003593,19-12-2024,2529.2,INR,Dominos charges,Dominos,True,5%,FALSE,Meals,0
TXN0003594,19-12-2024,8597.06,INR,AUTO-DEBIT ADOBE INDIA PVT LTD BILL/2412/594 Q2 - exp! ref 2493,ADOBE INDIA PVT LTD,True,18%,TRUE,Software,0
TXN0003595,19-12-2024,12462.2,INR,AUTO-DEBIT BESCOM INDIA PVT LTD INV/2412/595 GST - exp,BESCOM INDIA PVT LTD,True,18%,TRUE,Utilities,0
TXN0003596,19-12-2024,5850.26,INR,/ auto-debit uber bill/2412/596 fy24 - exp# ref 1749,UBER,True,5%,FALSE,Travel,0
TXN0003597,19-12-2024,8610.14,INR,#card figma inv/2412/597 q2 - exp* ref 4912,Figma,True,18%,TRUE,Software,0
TXN0003598,19-12-2024,8720.46,INR,-RTGS OLA Pvt Ltd RPT/2412/598 GST - exp! ref 1832,OLA Pvt Ltd,True,5%,FALSE,Travel,0
TXN0003599,19-12-2024,14652.92,INR,CARD KSEB BILL/2412/599 FY25 - utilities exp,KSEB,True,18%,TRUE,Utilities,0
TXN0003600,19-12-2024,40793.97,INR,WIPRO Pvt Ltd,WIPRO Pvt Ltd,True,18%,TRUE,IT Services,0
TXN0003601,19-12-2024,31594.75,INR,imps hcl rcpt/2412/601 rent - epx,HCL,True,18%,TRUE,IT Services,0
TXN0003602,19-12-2024,25098.29,INR,IMPS HCL TAXINV/2412/602 Q1 - exp* ref 6784,HCL,True,18%,TRUE,IT Services,0
TXN0003603,19-12-2024,36767.17,INR,*rtgs tcs inv/2412/603 fy24 - exp! ref 6181,TCS,True,18%,TRUE,IT Services,0
TXN0003604,20-12-2024,3664.67,INR,auto-debit microsoft pvt ltd rcpt/2412/604 q2 - exp# ref 1909,MICROSOFT Pvt Ltd,True,18%,TRUE,Software,0
TXN0003605,20-12-2024,42731.71,INR,IMPS TCS INDIA PVT LTD TAXINV/2412/605 ADV - exp,TCS INDIA PVT LTD,True,18%,TRUE,IT Services,0
TXN0003606,20-12-2024,5622.97,INR,STAPLES Pvt Ltd charges,STAPLES Pvt Ltd,True,12%,TRUE,Office Supplies,0
TXN0003607,20-12-2024,90475.4,INR,NEFT AWF.is INV/2412/607 TDS - exp- ref 3872,AWF.is,True,18%,TRUE,Rent,0
TXN0003608,20-12-2024,46245.71,INR,-AUTO-DEBITyTechm RCPT/2412/608 FY24 - exp,Techm,True,18%,TRUE,IT Services,0
TXN0003609,20-12-2024,114329.4,INR,NEFT AWFIS TAXINV/2412/609 Q2 - exp,AWFIS,True,18%,TRUE,Rent,0
TXN0003610,20-12-2024,15115.29,INR,*CARD KSEB BILL/241/610 FY25 - exp- ref 9124,KSEB,True,18%,TRUE,Utilities,0
TXN0003611,20-12-2024,8941.96,INR,-CARD MIC.rosoft RCPT/2412/611 ADV - exp,MIC.rosoft,True,18%,TRUE,Software,0
TXN0003612,20-12-2024,65070.77,INR,IMPS WEWORK INV/2412/612 TDS - exp,WEWORK,True,18%,TRUE,Rent,0
TXN0003613,20-12-2024,4489.29,INR,RTGS INDIGO INV/2412/6g3 TDS - exp ref 9552,INDIGO,True,5%,FALSE,Travel,0
TXN0003614,20-12-2024,3116.51,INR,RTGS SWIGGY TAXINV/2412/614 Q2 - exp,SWIGGY,True,5%,FALSE,Meals,0
TXN0003615,20-12-2024,12732.55,INR,NEFT SIMPLILEARN INDIA PVT LTD INV/2412/615 GST - training exp,SIMPLILEARN INDIA PVT LTD,True,18%,unknown,Training,0
TXN0003616,20-12-2024,5821.03,INR,auto-debit ikea india pvt ltd bill/2412/616 fy24 - office supplies exp,IKEA INDIA PVT LTD,True,12%,TRUE,Office Supplies,0
TXN0003617,20-12-2024,49687.85,INR,,INDIQUBE,True,18%,TRUE,Rent,0
TXN0003618,20-12-2024,135804.56,INR,UPI INDIQUBE RCPT/2412/618 Q2 - exp- ref 4853,INDIQUBE,True,18%,TRUE,Rent,0
TXN0003619,20-12-2024,33802.85,INR,-CARDbWIP.ro RCPT/2412/619 Q2 - exp / ref 4706,WIP.ro,True,18%,TRUE,IT Services,0
TXN0003620,20-12-2024,76459.51,INR,!RTGS INDIQUBE BILL/2412/620 Q2 - exp,INDIQUBE,True,18%,TRUE,Rent,0
TXN0003621,21-12-2024,65474.99,INR,auto-debit awfis rcpt/2m12/621 subs - exp,AWFIS,True,18%,TRUE,Rent,0
TXN0003622,21-12-2024,39694.78,INR,-UPI Infy INV/2412/622 FY25 - it services exp,Infy,True,18%,TRUE,IT Services,0
TXN0003623,21-12-2024,3221.86,INR,/ upi dominos pvt ltd inv/2412/623 adv - exp,DOMINOS Pvt Ltd,True,5%,FALSE,Meals,0
TXN0003624,21-12-2024,1770.17,INR,-,GOVT FEES Pvt Ltd,False,exempt,FALSE,Exempt Services,0
TXN0003625,21-12-2024,3238.07,INR,,DOMINOS Pvt Ltd,True,5%,FALSE,Meals,0
TXN0003626,21-12-2024,6944.9,INR,!RTGS Canva RCPT/2412/626 FY25 - software exp,Canva,True,18%,TRUE,Software,0
TXN0003627,21-12-2024,30667.31,INR,auto-debit infy pvt ltd inv/2412/627 fyv5 - exp,INFY Pvt Ltd,True,18%,TRUE,IT Services,0
TXN0003628,21-12-2024,4765.77,INR,!AUTO-DEBIT STAPLES Pvt Ltd INV/2412/628 FY24 - exp,STAPLES Pvt Ltd,True,12%,TRUE,Office Supplies,0
TXN0003629,21-12-2024,8059.24,INR,NEFT BESCOM INDIA PVT LTD RCPT/2412/629 Q2 - exp,BESCOM INDIA PVT LTD,True,18%,TRUE,Utilities,0
TXN0003630,21-12-2024,59996.24,INR,-imps wipro taxinv/2412/30 fy25 - exp,Wipro,True,18%,TRUE,IT Services,0
TXN0003631,21-12-2024,37247.02,INR,RTGS HCL Pvt Ltd RCPT/2412/631 FY25 - exp,HCL Pvt Ltd,True,18%,TRUE,IT Services,0
TXN0003632,22-12-2024,5928.66,INR,#RTGS IKEA INDIA PVT LTD RCPT/2412/632 ADV - offic esupplies exp* ref 7910,IKEA INDIA PVT LTD,True,12%,TRUE,Office Supplies,0
TXN0003633,22-12-2024,26949.09,INR,rtgs hcl india pvt ltd rcpt/2412/633 fy24 - exp,HCL INDIA PVT LTD,True,18%,TRUE,IT Services,0
TXN0003634,22-12-2024,18134.45,INR,UPI RA INDIA PVT LTD TAXINV/2421/634 SUBS - exp / ref 4082,COURSERA INDIA PVT LTD,True,18%,unknown,Training,0
TXN0003635,22-12-2024,2309.31,INR,#AUTO-DEBIT DOMINOS Pvt Ltd RCPT/2412/635 FY25 - exp,DOMINOS Pvt Ltd,True,5%,FALSE,Meals,0
TXN0003636,22-12-2024,47882.48,INR,!RTGS MICROSOFT Pvt Ltd INV/2412/636 TDS - software exp,MICROSOFT Pvt Ltd,True,18%,TRUE,Software,1
TXN0003637,22-12-2024,33956.03,INR,!AUTO-DEBIT TCS Pvt Ltd RCPT/2412/637 TDS - exp / ref 8419,TCS Pvt Ltd,True,18%,TRUE,IT Services,0
TXN0003638,22-12-2024,49178.62,INR,AUTO-DEBIT TCS INDIA PVT LTD TAXINV/2412/638 RENT - exp,TCS INDIA PVT LTD,True,18%,TRUE,IT Services,0
TXN0003639,22-12-2024,18663.92,INR,,KSEB,True,18%,TRUE,Utilities,0
TXN0003640,22-12-2024,38585.39,INR,#AUTO-DEBIT WIP.ro BILL/2412/640 RENT - exp,WIP.ro,True,18%,TRUE,IT Services,0
TXN0003641,22-12-2024,22056.74,INR,card upg.rad taxinv/2412/641 adv - exp,UPG.rad,True,18%,unknown,Training,0
TXN0003642,22-12-2024,5171.6,INR,-neft staples inv/2412/642 fy25 - exp* ref 4698,Staples,True,12%,TRUE,Office Supplies,0
TXN0003643,22-12-2024,45567.3,INR,CARD TC INV/2412/643 SUBS - exp- ref 6095,TCS,True,18%,TRUE,IT Services,0
TXN0003644,22-12-2024,4339.2,INR,!auto-debit office depott axinv/2412/644 tds - exp* ref 7520,OFFICE DEPOT,True,12%,TRUE,Office Supplies,0
TXN0003645,22-12-2024,2495.18,INR,RTGS DOMINOS INDIA PVT LTD BILL/2412/645 Q2 - exp,DOMINOS INDIA PVT LTD,True,5%,FALSE,Meals,0
TXN0003646,22-12-2024,4613.08,INR,RTGS UBER INV/2412/646 RENT  -exp,UBER,True,5%,FALSE,Travel,0
TXN0003647,22-12-2024,53836.24,INR,*imps infy bill/2412/647 fy25 - it services exp,Infy,True,18%,TRUE,IT Services,0
TXN0003648,22-12-2024,12773.86,INR,RTGS BESCOM INV/2412/648 FY24 - exp,BESCOM,True,18%,unknown,Utilities,1
TXN0003649,23-12-2024,16159.45,INR,#AUTO-DEBIT Bescom INV/2412/649 FY24 - utilities exp,Bescom,True,18%,TRUE,Utilities,0
TXN0003650,23-12-2024,84972.69,INR,CARD AWF.is TAXINV/2412/650 ADV - rent exp /  ref 5462,AWF.is,True,18%,TRUE,Rent,0
TXN0003651,23-12-2024,47668.53,INR,!card infy pvt ltd inv/2412/651 fy24 - exp,INFY Pvt Ltd,True,18%,TRUE,IT Services,0
TXN0003652,23-12-2024,4945.95,INR,NEFT STAPLES BILL/2412/652 TDS - exp- ref 4811,STAPLES,True,12%,TRUE,Office Supplies,0
TXN0003653,23-12-2024,1805.05,INR,*AUTO-DEBIT KFC RCPT/2412/653 GST - exp,KFC,True,5%,FALSE,Meals,0
TXN0003654,23-12-2024,4860.89,INR,up staples inv/2412/654 q1 - exp,STAPLES,True,12%,TRUE,Office Supplies,0
TXN0003655,23-12-2024,3101.44,INR,imps dominos pvt ltd taxinv/2412/655 tds - exp,DOMINOS Pvt Ltd,True,5%,unknown,Meals,1
TXN0003656,23-12-2024,50570.5,INR,neft tcs bill/2412/656 q2 - exp,TCS,True,18%,TRUE,IT Services,0
TXN0003657,23-12-2024,43944.84,INR,Wipro,Wipro,True,18%,TRUE,IT Services,0
TXN0003658,23-12-2024,8528.67,INR,auto-debit office depot rcpt/2412/658 adv - exp,OFFICE DEPOT,True,12%,TRUE,Office Supplies,0
TXN0003659,23-12-2024,5790.29,INR,UPI OFFICE DEPOT INDIA PVTnLTD TAXINV/2412/659 TDS - exp,OFFICE DEPOT INDIA PVT LTD,True,12%,TRUE,Office Supplies,0
TXN0003660,23-12-2024,5811.86,INR,-upi ikea india pvt ltd rcpt/2412/660 q1 - exp / ref 8712,IKEA INDIA PVT LTD,True,12%,TRUE,Office Supplies,0
TXN0003661,23-12-2024,47171.44,INR,imps indiqube taxinv/2412/661 adv - exp,INDIQUBE,True,18%,TRUE,Rent,0
TXN0003662,24-12-2024,79916.88,INR,CARD AWFIS INDIA PVT LTD RCPT/2412/662 TDS - exp# ref 6557,AWFIS INDIA PVT LTD,True,18%,TRUE,Rent,0
TXN0003663,24-12-2024,33772.52,INR,WIPRO charges,WIPRO,True,18%,TRUE,IT Services,0
TXN0003664,24-12-2024,50280.26,INR,*neft wipro india pvt ltd taxinv/2412/664 adv - exp,WIPRO INDIA PVT LTD,True,18%,TRUE,IT Services,0
TXN0003665,24-12-2024,130003.67,INR,rtgs awfis taxinv/2412/665 q2 - rent exp,AWFIS,True,18%,TRUE,Rent,0
TXN0003666,24-12-2024,13264.61,INR,-NEFT KSE.b INV/2412/666 GST - exp- ref 3373,KSE.b,True,18%,TRUE,Utilities,0
TXN0003667,24-12-2024,23160.4,INR,NEFT UPGRAD INDIA PVT LTD INV/2412/667 FY25 - exp,UPGRAD INDIA PVT LTD,True,18%,unknown,Training,0
TXN0003668,24-12-2024,11405.78,INR,#rtgsfkseb rcpt/2412/668 gst - exp,KSEB,True,18%,TRUE,Utilities,0
TXN0003669,24-12-2024,51824.85,INR,IMPS INFY Pvt Ltd BILL/2412/669 Q1 - exp# ref 9689,INFY Pvt Ltd,True,18%,TRUE,IT Services,0
TXN0003670,24-12-2024,3862.13,INR,,SWIGGY,True,5%,FALSE,Meals,0
TXN0003671,24-12-2024,154628.32,INR, ,JIOFIBER,True,18%,TRUE,Utilities,1
TXN0003672,24-12-2024,32237.9,INR,AUTO-DEBIT RA INDIA PVT LTD INV/2412/672 SUBS - exp,COURSERA INDIA PVT LTD,True,18%,unknown,Training,0
TXN0003673,24-12-2024,52240.57,INR,imps awfis india pvt ltd taxinv/2412/673 tds - rent exp,AWFIS INDIA PVT LTD,True,18%,TRUE,Rent,0
TXN0003674,24-12-2024,4830.78,INR,rtgs stalpes inv/2412/674 fy24 - exp! ref 3812,STAPLES,True,12%,TRUE,Office Supplies,0
TXN0003675,24-12-2024,2162.96,INR,!UPI SWIGGY INV/2412/675 FY24 - meals exp,SWIGGY,True,5%,FALSE,Meals,0
TXN0003676,24-12-2024,14666.05,INR,UPI JIOFIBER INV/2412/676 Q2 - utilities exp,JIOFIBER,True,18%,TRUE,Utilities,0
TXN0003677,24-12-2024,33659.77,INR,*CARD INFY Pvt Ltd INV/2412/677 FY25 - exp,INFY Pvt Ltd,True,5%,TRUE,IT Services,1
TXN0003678,24-12-2024,47925.98,INR,/ CARD Hcl BILL/2412/678 ADV - exp,Hcl,True,18%,TRUE,IT Services,0
TXN0003679,24-12-2024,68868.1,INR,IMPS Wework RCPT/2412/679 ADV - rent exp,Wework,True,18%,TRUE,Rent,0
TXN0003680,24-12-2024,73458.5,INR,CARD INDIQUBE Pvt Ltd RCPT/2412/680 SUBS - exp ref 2057,INDIQUBE Pvt Ltd,True,18%,TRUE,Rent,0
TXN0003681,25-12-2024,32738.95,INR,NEFT INFY INV/2412/681 TDS - exp,INFY,True,18%,TRUE,IT Services,0
TXN0003682,25-12-2024,6572.58,INR,OFF.ice depot,OFF.ice depot,True,12%,TRUE,Office Supplies,0
TXN0003683,25-12-2024,6030.56,INR, UPI MICROSOFT INV/2412/683 SUBS - software exp,MICROSOFT,True,18%,TRUE,Software,0
TXN0003684,25-12-2024,3902.39,INR,card ola bill/2412/684 fy24 - exp,Ola,True,5%,FALSE,Travel,0
TXN0003685,25-12-2024,7303.26,INR,NEFT ADOBE TAXINV/2412/685 TDS - exp* ref 2583,ADOBE,True,18%,TRUE,Software,0
TXN0003686,25-12-2024,25379.27,INR,IMPS SIMPLILEARN Ptt Ltd TAXINV/2412/686 SUBS - exp,SIMPLILEARN Pvt Ltd,True,18%,TRUE,Training,1
TXN0003687,25-12-2024,23184.15,INR,UPI INFY INV/2412/687 FY24 - exo,INFY,True,18%,TRUE,IT Services,0
TXN0003688,25-12-2024,7512.79,INR,#CARD IKEA INDIA PVT LTD RCPT/2412/688 ADV - exp,IKEA INDIA PVT LTD,True,12%,TRUE,Office Supplies,0
TXN0003689,25-12-2024,22601.53,INR,IMPS SIMPLILEARN Pvt Ltd BILL/2412/689 GST - exp,SIMPLILEARN Pvt Ltd,True,18%,unknown,Training,0
TXN0003690,25-12-2024,7111.87,INR,CAN.va,CAN.va,True,18%,TRUE,Software,0
TXN0003691,25-12-2024,90205.24,INR,IMPS WEWORK INV/2412/691 Q2 -e xp,WEWORK,True,18%,TRUE,Rent,0
TXN0003692,25-12-2024,62655.31,INR,#MPS WEWORK Pvt Ltd INV/2412/692 - exp* ref 4360,WEWORK Pvt Ltd,True,18%,TRUE,Rent,0
TXN0003693,25-12-2024,4341.46,INR,card staples taxinv/2412/693 adv - exp,STAPLES,True,12%,TRUE,Office Supplies,0
TXN0003694,26-12-2024,4304.12,INR,auto-debit uber inv/2412/694 rent - travel exp,Uber,True,5%,FALSE,Travel,0
TXN0003695,26-12-2024,21774.49,INR,UPI JIOFIBER RCPT/2412/695 GST - exp- ref 6897,JIOFIBER,True,18%,TRUE,Utilities,0
TXN0003696,26-12-2024,6753.74,INR,-UPI Indigo RCPT/2412/696 TDS - exp,Indigo,True,5%,FALSE,Travel,0
TXN0003697,26-12-2024,8263.38,INR,neft fig.ma bill/2412/697 tds - exp,FIG.ma,True,18%,TRUE,Software,0
TXN0003698,26-12-2024,125249.5,INR,-IMPS Indiqube INV/2412/698 TDS - exp,Indiqube,True,18%,unknown,Rent,1
TXN0003699,26-12-2024,5546.56,INR,NEFT INV/2412/699 FY5 - exp,GOVT FEES,False,exempt,FALSE,Exempt Services,0
TXN0003700,26-12-2024,5717.75,INR,UPI ADOBE Pvt Ltd INV/2412/700 RENT - exp,ADOBE Pvt Ltd,True,18%,TRUE,Software,0
TXN0003701,26-12-2024,35094.15,INR,WIPRO charges,WIPRO,True,18%,TRUE,IT Services,0
TXN0003702,26-12-2024,6407.49,INR,RTGS OFFICE DEPOT BILL/2412/702 ADV - exp,OFFICE DEPOT,True,12%,TRUE,Office Supplies,0
TXN0003703,26-12-2024,44468.95,INR, ,Techm,True,18%,TRUE,IT Services,0
TXN0003704,26-12-2024,155723.43,INR,NEFT WEWORK RCPT/2412/704 Q2 - exp,WEWORK,True,18%,TRUE,Rent,0
TXN0003705,26-12-2024,32016.26,INR,IMPS WIPRO TAXINV/2412/705 GST - exp# ref 9497,WIPRO,True,18%,TRUE,IT Services,0
TXN0003706,27-12-2024,97564.32,INR,-NEFT JIOFIBER Pvt Ltd BILL/2412/706 RENT - utilities exp* ref 2500,JIOFIBER Pvt Ltd,True,18%,TRUE,Utilities,1
TXN0003707,27-12-2024,5930.8,INR,#AUTO-DEBIT STAPLES Pvt Ltd TAXINV/2412/707 FY24 - exp,STAPLES Pvt Ltd,True,12%,TRUE,Office Supplies,0
TXN0003708,27-12-2024,2719.02,INR,NEFT DOMINOS RbPT/2412/708 ADV - exp,DOMINOS,True,5%,FALSE,Meals,0
TXN0003709,27-12-2024,28143.57,INR,CARD TCS TAXINV/2412/709 ADV - exp,TCS,True,18%,TRUE,IT Services,0
TXN0003710,27-12-2024,11155.27,INR,KSEB INDIA PVT LTD charges,KSEB INDIA PVT LTD,True,18%,TRUE,Utilities,0
TXN0003711,27-12-2024,8722.89,INR,!upi mic.rosoft inv/2412/711 tds - exp# ref 9877,MIC.rosoft,True,18%,TRUE,Software,0
TXN0003712,27-12-2024,61741.46,INR,-IMPS AWFIS RCPT/2412/712 GST - exp,AWFIS,True,18%,TRUE,Rent,0
TXN0003713,27-12-2024,6434.48,INR,rtgs microsoft inv/2412/713 fy24 - exp,MICROSOFT,True,18%,TRUE,Software,0
TXN0003714,27-12-2024,13052.38,INR,/ AUTO-DEBIT JIOFIBER RCPT/2412/714 SUBS - exp,JIOFIBER,True,18%,TRUE,Utilities,0
TXN0003715,27-12-2024,3945.82,INR,rtgs swiggy india pvt ltd taxinv/2412/715 gst - exp,SWIGGY INDIA PVT LTD,True,5%,FALSE,Meals,0
TXN0003716,27-12-2024,12812.9,INR,IMPS ADOBE Pvt Ltd BILL/2412/716 TDS - exp / ref 2431,ADOBE Pvt Ltd,True,18%,TRUE,Software,0
TXN0003717,27-12-2024,5791.48,INR,#upi microsoft india pvt ltd taxinv/2412/717 fy25 - oxp! ref 3976,MICROSOFT INDIA PVT LTD,True,18%,TRUE,Software,0
TXN0003718,27-12-2024,9597.92,INR,NEFT Microsoft INV2412/718 SUBS - exp,Microsoft,True,18%,TRUE,Software,0
TXN0003719,27-12-2024,7010.03,INR,-,JIOFIBER,True,18%,TRUE,Utilities,0
TXN0003720,27-12-2024,27510.59,INR,*rtgs tcs rcpt/2412/720 tds - exp,TCS,True,18%,TRUE,IT Services,0
TXN0003721,27-12-2024,11905.81,INR,card bescom pvt ltd rcpt/2412/721 adv - exp# ref 4669,BESCOM Pvt Ltd,True,18%,TRUE,Utilities,0
TXN0003722,28-12-2024,5833.2,INR,-NEFT Staples BIuL/2412/722 RENT - office supplies exp,Staples,True,12%,TRUE,Office Supplies,0
TXN0003723,28-12-2024,96743.21,INR,upi wework inv/2412/723 fy25 - exp- ref 9632,Wework,True,18%,TRUE,Rent,0
TXN0003724,28-12-2024,4385.04,INR,AUTO-DEBIT Kc RCPT/2412/724 TDS - exp,Kfc,True,5%,FALSE,Meals,0
TXN0003725,28-12-2024,34209.79,INR,neft wipro taxinv/2412/725 gst - exp,WIPRO,True,18%,TRUE,IT Services,0
TXN0003726,28-12-2024,33576.41,INR,-,Techm,True,18%,TRUE,IT Services,0
TXN0003727,28-12-2024,10737.32,INR,RTGS Canva BILL/2412/727 TDS - software exp,Canva,True,18%,TRUE,Software,0
TXN0003728,28-12-2024,2790.44,INR,/ IMPS UBER INDIA PVT LTD BILL/2412/728 FY24 - exp / ref 2433,UBER INDIA PVT LTD,True,5%,FALSE,Travel,0
TXN0003729,28-12-2024,4776.37,INR,RTGS Uber INV/2412/729 TDS - exp,Uber,True,5%,FALSE,Travel,0
TXN0003730,28-12-2024,8905.47,INR,*UPI KSEB Pvt Ltd TAXINV/2412/730 Q2 - exp* ref 7387,KSEB Pvt Ltd,True,18%,TRUE,Utilities,0
TXN0003731,28-12-2024,70091.54,INR,/ imps awfis india pvt ltd taxinv/2412/731 gst - exp,AWFIS INDIA PVT LTD,True,18%,TRUE,Rent,0
TXN0003732,28-12-2024,3029.28,INR,,SWIGGY INDIA PVT LTD,True,5%,FALSE,Meals,0
TXN0003733,28-12-2024,7135.82,INR,#IMPS Staples TAXINV/2412/733 RENT - exp! ref 3584,Staples,True,5%,TRUE,Office Supplies,1
TXN0003734,28-12-2024,38778.2,INR,*UPI TCS INDIA PVT LTD INV/2412/734 ADV - exp,TCS INDIA PVT LTD,True,18%,TRUE,IT Services,0
TXN0003735,28-12-2024,8219.23,INR,UPI JIO.fiber TAXINV/2412/735 RENT -qexp* ref 7102,JIO.fiber,True,18%,TRUE,Utilities,0
TXN0003736,28-12-2024,36180.61,INR,RTGS HCL TAXINV/2412/736 Q1 - exp* ref 7986,HCL,True,18%,TRUE,IT Services,0
TXN0003737,28-12-2024,13659.37,INR,upi upg.rad inv/2412/737 gst - exp,UPG.rad,True,18%,unknown,Training,0
TXN0003738,28-12-2024,21313.58,INR,COURSERA INDIA PVT LTD,COURSERA INDIA PVT LTD,True,18%,unknown,Training,0
TXN0003739,28-12-2024,8701.02,INR,/ UPI FIGMA INDIA PVT LTD RCPT/2412/739 FY25 - exp,FIGMA INDIA PVT LTD,True,18%,TRUE,Software,0
TXN0003740,28-12-2024,74202.36,INR,upi wip.ro inv/2412/740 adv - it services exp! ref 5476,WIP.ro,True,18%,TRUE,IT Services,0
TXN0003741,28-12-2024,3686.93,INR,DOMINOS charges,DOMINOS,True,5%,FALSE,Meals,0
TXN0003742,28-12-2024,9331.84,INR,IMPS MICROSOFT BILL/2412/742 FY24 - exp,MICROSOFT,True,18%,TRUE,Software,0
TXN0003743,28-12-2024,118664.08,INR,WEWORK INDIA PVT LTD,WEWORK INDIA PVT LTD,True,18%,TRUE,Rent,0
TXN0003744,28-12-2024,106910.4,INR,!IMPS AIRTEL INDIA PVT LTD INV/2412/744 GSTw- exp,AIRTEL INDIA PVT LTD,True,18%,TRUE,Utilities,1
TXN0003745,28-12-2024,45919.16,INR,RTGS WIP.ro RCPT/2412/745 SUBS - exp,WIP.ro,True,18%,TRUE,IT Services,0
TXN0003746,28-12-2024,73637.99,INR,WEW.ork charges,WEW.ork,True,18%,TRUE,Rent,0
TXN0003747,28-12-2024,51874.96,INR,neft techm pvt ltd bill/2412/747 rent - exp,TECHM Pvt Ltd,True,18%,TRUE,IT Services,0
TXN0003748,29-12-2024,30276.93,INR,-AUTO-DEBIT TECHM INV/2412/748 FY25 - exp,TECHM,True,18%,TRUE,IT Services,0
TXN0003749,29-12-2024,7593.41,INR,Office Depot charges,Office Depot,True,12%,TRUE,Office Supplies,0
TXN0003750,29-12-2024,4890.26,INR,*AUTO-DEBIT IKEA RCPT/2412/750 RENT - exp,IKEA,True,12%,TRUE,Office Supplies,0
TXN0003751,29-12-2024,11092.63,INR,*CARD Kseb BILL/2412/751 GST - exp,Kseb,True,18%,TRUE,Utilities,0
TXN0003752,29-12-2024,7845.88,INR,rtgs figma taxinv/2412/752 q1 - exp! ref 6806,FIGMA,True,18%,TRUE,Software,0
TXN0003753,29-12-2024,4426.34,INR,#IMPS ZOMATO BILL/2412/753 ADV - exp,ZOMATO,True,5%,FALSE,Meals,0
TXN0003754,29-12-2024,27596.83,INR,!NEFT TECHM Pvt Ltd BILL/2412/754 FY24 - exp,TECHM Pvt Ltd,True,18%,TRUE,IT Services,0
TXN0003755,29-12-2024,14622.17,INR,UPI BES.cmo RCPT/2412/755 TDS - exp,BES.com,True,18%,TRUE,Utilities,0
TXN0003756,29-12-2024,17981.95,INR,CARD JIOFIBER BILL/2412/756 Q1 - exp- ref 5370,JIOFIBER,True,18%,TRUE,Utilities,0
TXN0003757,29-12-2024,47185.62,INR,neft wipro bill/2412/757 gst - exp / ref 5112,Wipro,True,18%,TRUE,IT Services,0
TXN0003758,29-12-2024,2850.01,INR,IMPS RAPIDO INV/2412/758 GST - exp,RAPIDO,True,5%,FALSE,Travel,0
TXN0003759,29-12-2024,3332.27,INR,DOMINOS charges,DOMINOS,True,5%,FALSE,Meals,0
TXN0003760,29-12-2024,5524.09,INR,Adobe,Adobe,True,18%,TRUE,Software,0
TXN0003761,29-12-2024,33166.25,INR,imps tcs pvt ltd bill/2412/761 fy24 - exp,TCS Pvt Ltd,True,18%,TRUE,IT Services,0
TXN0003762,30-12-2024,5584.64,INR,IMPS STAPLES Pvt Ltd RCPT/2412/762 Q2 - exp- ref 7574,STAPLES Pvt Ltd,True,12%,TRUE,Office Supplies,0
TXN0003763,30-12-2024,110245.79,INR,upi wework pvt ltd rcpt/2412/763 subs - exp / ref 9791,WEWORK Pvt Ltd,True,18%,TRUE,Rent,0
TXN0003764,30-12-2024,59825.16,INR, / IMPS Wework BILL/2412/764 ADV - rent exp# ref 5116,Wework,True,18%,TRUE,Rent,0
TXN0003765,30-12-2024,31899.63,INR,card simplilearn pvt ltd rcpt/2412/765 tds - exp,SIMPLILEARN Pvt Ltd,True,18%,unknown,Training,0
TXN0003766,30-12-2024,39948.71,INR,!UPI HCL INDIA PVT LTD BILL/2412/766 RENT - exp* ref 1380,HCL INDIA PVT LTD,True,18%,TRUE,IT Services,0
TXN0003767,30-12-2024,16552.66,INR,#NEFT AIRTEL INDIA PVT LTD BILL/2412/767 FY24 - utilities exp,AIRTEL INDIA PVT LTD,True,18%,TRUE,Utilities,0
TXN0003768,30-12-2024,7856.55,INR,card ind.igo rcpt/2412/768 fy25- exp,IND.igo,True,5%,FALSE,Travel,0
TXN0003769,30-12-2024,9129.62,INR,!rtgs jio.fiber inv/2412/769 rent - exp,JIO.fiber,True,18%,TRUE,Utilities,0
TXN0003770,30-12-2024,24253.87,INR,-RTGS INFY INDIA PVT LTD RCPT/2412/770 ADV - exp,INFY INDIA PVT LTD,True,18%,TRUE,IT Services,0
TXN0003771,30-12-2024,6562.52,INR,card canva bill/2412/771 fy24 - exp,CANVA,True,18%,TRUE,Software,0
TXN0003772,30-12-2024,44662.31,INR,,Hcl,True,18%,TRUE,IT Services,0
TXN0003773,30-12-2024,5293.48,INR,GOVT FEES charges,GOVT FEES,False,exempt,FALSE,Exempt Services,0
TXN0003774,30-12-2024,15474.1,INR,neft kseb pvt ltd inv/2412/774 q2 - exp,KSEB Pvt Ltd,True,18%,TRUE,Utilities,0
TXN0003775,30-12-2024,10250.97,INR,auto-debit adobe taxinv/2412/775 q2 - exp,Adobe,True,exempt,TRUE,Software,1
TXN0003776,31-12-2024,113269.22,INR, ,Indiqube,True,18%,TRUE,Rent,0
TXN0003777,31-12-2024,5101.24,INR,CARD Ikea TAXINV/2412/777 ADV - office supplies exp /  ref 2814,Ikea,True,12%,TRUE,Office Supplies,0
TXN0003778,31-12-2024,2716.98,INR,/ rtgs kfc pvt ltd inv/2412/778 gst - exp,KFC Pvt Ltd,True,5%,FALSE,Meals,0
TXN0003779,31-12-2024,40185.75,INR,*RTGS WIPRO Pvt Ltd RCPT/2412/779 TcS - exp,WIPRO Pvt Ltd,True,18%,TRUE,IT Services,0
TXN0003780,31-12-2024,4711.59,INR,CARD RAPIDO Pvt Ltd RCPT/2412/780 FY24 - exp,RAPIDO Pvt Ltd,True,5%,FALSE,Travel,0
TXN0003781,31-12-2024,2352.24,INR,IMPS DOM.inos INV/2412/781 ADV - exp,DOM.inos,True,5%,FALSE,Meals,0
TXN0003782,31-12-2024,9294.67,INR,MICROSOFT charges,MICROSOFT,True,18%,TRUE,Software,0
TXN0003783,31-12-2024,4820.89,INR,UPI Uber TAXINV/2412/783 Q1 - exp* ref 8137,Uber,True,5%,FALSE,Travel,0
TXN0003784,31-12-2024,6741.72,INR,!rtgs figma bill/o412/784 fy24 - exp,FIGMA,True,18%,TRUE,Software,0
TXN0003785,31-12-2024,12585.39,INR,IMPS CANVA INV/2412/785 Q1 - exp,CANVA,True,18%,TRUE,Software,0
TXN0003786,01-01-2025,49795.91,INR,rtgs techm bill/2501/786 rent - exp* ref 5511,TECHM,True,18%,TRUE,IT Services,0
TXN0003787,01-01-2025,16007.4,INR,#neft simplilearn india pvt ltd taxinv/2501/787 tds - exp,SIMPLILEARN INDIA PVT LTD,True,18%,unknown,Training,0
TXN0003788,01-01-2025,7660.68,INR,imps bescom india pvt ltd bill/2501/788 fy24 - exp,BESCOM INDIA PVT LTD,True,18%,TRUE,Utilities,0
TXN0003789,01-01-2025,3814.36,INR,imps zom.ato inv/2501/789 q2 - meals exp# ref 2492,ZOM.ato,True,5%,FALSE,Meals,0
TXN0003790,01-01-2025,10396.98,INR,/ auto-debit jiofiber india pvt ltd inv/2501/790 fy24 - exp,JIOFIBER INDIA PVT LTD,True,18%,TRUE,Utilities,0
TXN0003791,01-01-2025,15281.12,INR,n/a,AIRTEL Pvt Ltd,True,18%,TRUE,Utilities,0
TXN0003792,01-01-2025,19488.12,INR,*RTGS SIMPLILEARN BILL/2501/792 SUBS - exp! ref 1085,SIMPLILEARN,True,18%,unknown,Training,0
TXN0003793,01-01-2025,91129.7,INR,n/a,WEWORK INDIA PVT LTD,True,18%,TRUE,Rent,0
TXN0003794,01-01-2025,29473.0,INR,!auto-debit wipro india pvt ltd bill/2501/794 gst - exp* ref 2139,WIPRO INDIA PVT LTD,True,18%,TRUE,IT Services,0
TXN0003795,01-01-2025,12680.83,INR,CARD BESCOM TAXINV/2501/795 FY24 - utilities exp,BESCOM,True,18%,TRUE,Utilities,0
TXN0003796,01-01-2025,5082.05,INR, ,STAPLES,True,12%,TRUE,Office Supplies,0
TXN0003797,01-01-2025,18094.69,INR,CARD HCL INDIA PVT LTD TAXINV/2501/797 GST - exp,HCL INDIA PVT LTD,True,18%,TRUE,IT Services,0
TXN0003798,01-01-2025,30931.47,INR,neft hcl rcpt/2501/798 subs - exp,HCL,True,18%,TRUE,IT Services,0
TXN0003799,01-01-2025,4631.72,INR,/ imps dominos india pvt ltd inv/2501/799 adv - exp,DOMINOS INDIA PVT LTD,True,5%,FALSE,Meals,0
TXN0003800,01-01-2025,34957.57,INR,card tcs bill/2501/800 rent - exp,TCS,True,18%,TRUE,IT Services,0
TXN0003801,01-01-2025,3296.06,INR,Ikea,Ikea,True,12%,TRUE,Office Supplies,0
TXN0003802,01-01-2025,8492.14,INR,MICROSOFT Pvt Ltd,MICROSOFT Pvt Ltd,True,18%,TRUE,Software,0
TXN0003803,01-01-2025,16076.32,INR,!RTGS AIRTEL TAXINV/2501/803 RENT - exp,AIRTEL,True,18%,TRUE,Utilities,0
TXN0003804,01-01-2025,7135.0,INR,IMPS ADOBE Pvt Ltd RCPT/2501/804 SUBS - exp,ADOBE Pvt Ltd,True,18%,TRUE,Software,0
TXN0003805,01-01-2025,29442.34,INR,IMPS TCS RCPT/2501/805 ADV - exp,TCS,True,18%,TRUE,IT Services,0
TXN0003806,02-01-2025,21692.61,INR,IMPS BESCOM RCPT/2501/806 SUBS -u tilities exp,BESCOM,True,18%,TRUE,Utilities,0
TXN0003807,02-01-2025,21830.62,INR,NEFT HCL RCPT/2501/807 FY24 - it services exp,HCL,True,18%,TRUE,IT Services,0
TXN0003808,02-01-2025,14695.79,INR,NEFT AIRTEL INDIA PVT LTD RCPT/2501/808 Q2 - utilities exp! ref 5453,AIRTEL INDIA PVT LTD,True,12%,TRUE,Utilities,1
TXN0003809,02-01-2025,3386.41,INR,/ upi bill/2501/809 fy25 - exp,Roc Fees,False,exempt,FALSE,Exempt Services,0
TXN0003810,02-01-2025,5171.1,INR,IMPS STAPLES IDIA PVT LTD BILL/2501/810 RENT - exp,STAPLES INDIA PVT LTD,True,12%,TRUE,Office Supplies,0
TXN0003811,02-01-2025,38605.97,INR,/ AUTO-DEBIT TCS Pvt Ltd INV/2501/811 ADV - exp,TCS Pvt Ltd,True,18%,TRUE,IT Services,0
TXN0003812,02-01-2025,11353.03,INR,,AIRTEL INDIA PVT LTD,True,18%,TRUE,Utilities,0
TXN0003813,02-01-2025,70735.62,INR,WEWORK Pvt Ltd,WEWORK Pvt Ltd,True,18%,TRUE,Rent,0
TXN0003814,02-01-2025,128433.25,INR,*auto-debit indiqube pvt ltd bill/2501/814 fy24  exp* ref 6671,INDIQUBE Pvt Ltd,True,18%,TRUE,Rent,0
TXN0003815,02-01-2025,54410.4,INR,card indigo rcpt/2501/815 rent - exp- ref 3604,INDIGO,True,5%,FALSE,Travel,1
TXN0003816,02-01-2025,3490.91,INR,n/a,OFFICE DEPOT Pvt Ltd,True,12%,TRUE,Office Supplies,0
TXN0003817,02-01-2025,31545.81,INR,/ neft ra india pvt ltd bill/2501/817 fy24 - exp,COURSERA INDIA PVT LTD,True,18%,unknown,Training,0
TXN0003818,02-01-2025,33375.47,INR,UPI HCL BILL/2501/818 RENT - it services exp,HCL,True,18%,TRUE,IT Services,0
TXN0003819,03-01-2025,25732.94,INR,*auto-debit hcl pvt ltd bill/2501/819 q2 - it services exp,HCL Pvt Ltd,True,18%,TRUE,IT Services,0
TXN0003820,03-01-2025,5452.0,INR,*IMPS OFFICE DEPOT INDIA PVT LTD INV/2501/820 FY24 - exp,OFFICE DEPOT INDIA PVT LTD,True,12%,TRUE,Office Supplies,0
TXN0003821,03-01-2025,3912.63,INR,GOVT FEES,GOVT FEES,False,exempt,FALSE,Exempt Services,0
TXN0003822,03-01-2025,9498.7,INR,UPI MIC.rosoft INV/2501/822 FY24 - exp,MIC.rosoft,True,18%,TRUE,Software,0
TXN0003823,03-01-2025,4927.54,INR,AUTO-DEBIT IKEA TAXINV/2501/823 SUBS - exp / ref 3676,IKEA,True,12%,TRUE,Office Supplies,0
TXN0003824,03-01-2025,196338.08,INR,*card infy rcpt/2501/824 subs - exp,INFY,True,18%,TRUE,IT Services,1
TXN0003825,03-01-2025,46970.06,INR,AUTO-DEBIT Tehcm TAXINV/2501/825 Q2 - exp,Techm,True,18%,TRUE,IT Services,0
TXN0003826,03-01-2025,4934.37,INR,-upi swiggy taxinv/2501/826 rent - exp,Swiggy,True,5%,FALSE,Meals,0
TXN0003827,03-01-2025,88577.26,INR,#NEFT WEWORK INV/2501/827 TDS - exp* ref 8967,WEWORK,True,18%,TRUE,Rent,0
TXN0003828,03-01-2025,30939.46,INR,*NEFT TECHM TAXINV/2501/828 FY24 - exp,TECHM,True,18%,TRUE,IT Services,0
TXN0003829,03-01-2025,6658.75,INR,UPI IKEA Pvt Ltd TAXINV/2501/829 ADV - exp ref 2184,IKEA Pvt Ltd,True,12%,TRUE,Office Supplies,0
TXN0003830,03-01-2025,3191.02,INR,CARD TAXINV/2501/830 FY24 - exp,STAMP DUTY,False,exempt,FALSE,Exempt Services,0
TXN0003831,03-01-2025,41838.91,INR,#IMPS TECHM INDIA PVT LTD TAXINV/2501/831 FY24 - exp,TECHM INDIA PVT LTD,True,18%,TRUE,IT Services,0
TXN0003832,03-01-2025,8385.42,INR,*neft ola vpt ltd bill/2501/832 q1 - travel exp# ref 7533,OLA Pvt Ltd,True,5%,FALSE,Travel,0
TXN0003833,04-01-2025,41798.08,INR,UPI Indiqube INV/2501/833 Q1 - exp,Indiqube,True,18%,TRUE,Rent,0
TXN0003834,04-01-2025,24236.06,INR,!upi wipro rcpt/2501/834 tds - exp,Wipro,True,18%,TRUE,IT Services,0
TXN0003835,04-01-2025,33681.94,INR,INFY charges,INFY,True,18%,TRUE,IT Services,0
TXN0003836,04-01-2025,38255.01,INR,NEFT WIPRO RCPT/2501/836 RENT - it services exp,WIPRO,True,18%,TRUE,IT Services,0
TXN0003837,04-01-2025,3374.29,INR,/ neft rapido bill/2501/837 q1 - exp,Rapido,True,5%,FALSE,Travel,0
TXN0003838,04-01-2025,9680.38,INR,#RTGS AIRTEL RCPT/2501/838 Q2 - exp,AIRTEL,True,18%,TRUE,Utilities,0
TXN0003839,04-01-2025,12726.8,INR,-AUTO-DEBIT JIOFIBER Pvt Ltd TAXINV/2501/839 Q1 - utilities exp,JIOFIBER Pvt Ltd,True,18%,TRUE,Utilities,0
TXN0003840,04-01-2025,9460.53,INR,RTGS Ikea RCPT/2501/840 FY25 - exp* ref 9852,Ikea,True,12%,TRUE,Office Supplies,0
TXN0003841,04-01-2025,3695.83,INR,*neft ola rcpt/2501/841 fy5 - exp,OLA,True,5%,FALSE,Travel,0
TXN0003842,04-01-2025,3498.79,INR,imps zomato bill/2501/842 tds - exp,Zomato,True,5%,FALSE,Meals,0
TXN0003843,04-01-2025,6644.86,INR,STAMP DUTY charges,STAMP DUTY,False,exempt,FALSE,Exempt Services,0
TXN0003844,04-01-2025,6844.8,INR,rtgs ikea pvt ltd bill/2501/844 subs - exp# ref 958k,IKEA Pvt Ltd,True,12%,TRUE,Office Supplies,0
TXN0003845,04-01-2025,39710.0,INR,rtgs tcs india pvt ltd bill/2501/845 q1 - it services exp,TCS INDIA PVT LTD,True,18%,TRUE,IT Services,0
TXN0003846,04-01-2025,1723.18,INR,*imps zomato pvt ltd inv/2501/846 fy25 - exp,ZOMATO Pvt Ltd,True,5%,FALSE,Meals,0
TXN0003847,04-01-2025,87724.35,INR,AUTO-DEBIT WEORK Pvt Ltd RCPT/2501/847 SUBS - exp# ref 1714,WEWORK Pvt Ltd,True,18%,TRUE,Rent,0
TXN0003848,04-01-2025,29788.33,INR,-aPI TECHM INDIA PVT LTD RCPT/2501/848 ADV - exp / ref 4436,TECHM INDIA PVT LTD,True,18%,TRUE,IT Services,0
TXN0003849,04-01-2025,4225.75,INR,-auto-debit ikea pvt ltd taxinv/2s01/849 q1 - exp,IKEA Pvt Ltd,True,12%,TRUE,Office Supplies,0
TXN0003850,04-01-2025,11262.46,INR,UPI ADOBEzINDIA PVT LTD TAXINV/2501/850 ADV - exp,ADOBE INDIA PVT LTD,True,18%,TRUE,Software,0
TXN0003851,05-01-2025,4026.45,INR,-RTGS SWI.ggy RCPT/2501/851 GST - exp,SWI.ggy,True,5%,FALSE,Meals,0
TXN0003852,05-01-2025,11147.81,INR,#neft kse.b taxinv/2501/852 fy25 - utilities exp,KSE.b,True,18%,TRUE,Utilities,0
TXN0003853,05-01-2025,102055.95,INR,auto-debit indiqube pvt ltd bill/2501/853 q2 - exp,INDIQUBE Pvt Ltd,True,18%,TRUE,Rent,0
TXN0003854,05-01-2025,7041.19,INR,AUTO-DEBIT Rapido RCPT/250t/854 GST - exp,Rapido,True,5%,FALSE,Travel,0
TXN0003855,05-01-2025,6119.69,INR, / RTGS FIGMA BILL/2501/855 GST - software exp,FIGMA,True,18%,TRUE,Software,0
TXN0003856,05-01-2025,1765.84,INR,CARD KF Pvt Ltd INV/2501/856 FY25 - meals exp,KFC Pvt Ltd,True,5%,FALSE,Meals,0
TXN0003857,05-01-2025,16024.91,INR,-,JIOFIBER,True,18%,TRUE,Utilities,0
TXN0003858,05-01-2025,6059.81,INR,RTGS Ikea BILL/2501/858 RENT - exp- ref 2053,Ikea,True,12%,TRUE,Office Supplies,0
TXN0003859,05-01-2025,39594.32,INR,-CARD WIPRO Pvt Ltd BILL/2501/859 FY24 - exp! ref 1779,WIPRO Pvt Ltd,True,18%,TRUE,IT Services,0
TXN0003860,05-01-2025,2702.1,INR,DOM.inos,DOM.inos,True,5%,FALSE,Meals,0
TXN0003861,05-01-2025,4679.8,INR,IMPS OFF.ice depot TAXINV/2501/861 FY25 - exp,OFF.ice depot,True,12%,TRUE,Office Supplies,0
TXN0003862,06-01-2025,143539.1,INR,imps awfis pvt ltd inv/2501/862 adv - exp / ref 1487,AWFIS Pvt Ltd,True,18%,TRUE,Rent,0
TXN0003863,06-01-2025,13920.56,INR,IMPS Upgrac RCPT/2501/863 ADV - training exp  ref 8882,Upgrad,True,18%,unknown,Training,0
TXN0003864,06-01-2025,5599.45,INR,*IMPS INDIGO Pvt Ltd BILL/2501/864 FY25 - exp,INDIGO Pvt Ltd,True,5%,FALSE,Travel,0
TXN0003865,06-01-2025,112320.89,INR,CARD IND.iqube TAXINV/2501/865 GST - exp,IND.iqube,True,18%,TRUE,Rent,0
TXN0003866,06-01-2025,6705.64,INR,/iUPI IKEA RCPT/2501/866 ADV - exp,IKEA,True,12%,TRUE,Office Supplies,0
TXN0003867,06-01-2025,21113.22,INR,-auto-debit wipro india pvt ltd taxinv/2501/867 tds - exp,WIPRO INDIA PVT LTD,True,18%,TRUE,IT Services,0
TXN0003868,06-01-2025,21436.38,INR,WIPRO charges,WIPRO,True,18%,TRUE,IT Services,0
TXN0003869,06-01-2025,23525.69,INR,IPMS UPG.rad BILL/2501/869 Q2 - training exp,UPG.rad,True,18%,unknown,Training,0
TXN0003870,06-01-2025,81847.6,INR,pupi indiqube inv/2501/870 fy24 - ex*,INDIQUBE,True,18%,TRUE,Rent,0
TXN0003871,06-01-2025,17982.77,INR,RTGS JIOFIBER RCPT/2501/871 FY25 - exp ref 5058,JIOFIBER,True,18%,TRUE,Utilities,0
TXN0003872,06-01-2025,3305.9,INR,INDIGO,INDIGO,True,5%,FALSE,Travel,0
TXN0003873,06-01-2025,23590.75,INR,!upi techm inv/2501/873 fy25 - it services exp,Techm,True,18%,TRUE,IT Services,0
TXN0003874,06-01-2025,35480.18,INR,TCS Pvt Ltd charges,TCS Pvt Ltd,True,18%,TRUE,IT Services,0
TXN0003875,06-01-2025,10819.76,INR,NEFT AIRTEL TAXINV/2501/875 Q1 - exp,AIRTEL,True,18%,TRUE,Utilities,0
TXN0003876,06-01-2025,13640.66,INR,/ rtgs bescom india pvt ltd inv/2501/876 q2 - exp,BESCOM INDIA PVT LTD,True,18%,TRUE,Utilities,0
TXN0003877,06-01-2025,31585.83,INR,/ upi tcs rcpt/2501/877 fy25 - exp,TCS,True,18%,TRUE,IT Services,0
TXN0003878,06-01-2025,34754.1,INR, / NEFT INFY Pvt Ltd TAXINV/2501/878 SUBS - it services exp,INFY Pvt Ltd,True,18%,TRUE,IT Services,0
TXN0003879,06-01-2025,2285.5,INR,IMPS SWIGGY Pvt Ltd RCPT/2501/879 TDS - meals exp,SWIGGY Pvt Ltd,True,5%,FALSE,Meals,0
TXN0003880,07-01-2025,30280.46,INR,UPGRAD,UPGRAD,True,18%,unknown,Training,0
TXN0003881,07-01-2025,68908.12,INR,-,WEWORK INDIA PVT LTD,True,18%,TRUE,Rent,0
TXN0003882,07-01-2025,31807.33,INR,IMPS WIP.ro INV2501/882 RENT - exp,WIP.ro,True,18%,TRUE,IT Services,0
TXN0003883,07-01-2025,14509.68,INR,rtgs kseb pvt ltd taxinv/2501/883 fy25 - exp,KSEB Pvt Ltd,True,18%,TRUE,Utilities,0
TXN0003884,07-01-2025,39787.33,INR,imps techm taxinv/2501/884 q1 - exp,Techm,True,18%,TRUE,IT Services,0
TXN0003885,07-01-2025,22894.78,INR,neft techm pvt ltd inv/2501/885 fy25 - exp ref 1647,TECHM Pvt Ltd,True,18%,TRUE,IT Services,0
TXN0003886,07-01-2025,5394.02,INR,/ rtgs office depot pvt ltd rcpt/2501/86 fy25 - exp,OFFICE DEPOT Pvt Ltd,True,12%,TRUE,Office Supplies,0
TXN0003887,07-01-2025,3007.02,INR,card swiggy india pvt ltd inv/2501/887 rent - exp,SWIGGY INDIA PVT LTD,True,5%,FALSE,Meals,0
TXN0003888,07-01-2025,37794.58,INR,na,HCL,True,18%,TRUE,IT Services,0
TXN0003889,07-01-2025,3044.82,INR, / NEFT ZOAMTO RCPT/2501/889 ADV - meals exp,ZOMATO,True,5%,FALSE,Meals,0
TXN0003890,07-01-2025,4058.71,INR,AUTO-DEBIT OFFICE DEPOT TAXINV/2501/890 Q1 - exp / ref 5112,OFFICE DEPOT,True,12%,TRUE,Office Supplies,0
TXN0003891,07-01-2025,103175.49,INR,WEWORK charges,WEWORK,True,18%,TRUE,Rent,0
TXN0003892,08-01-2025,10425.74,INR,AUTO-DEBIT Pvt Ltd TAXINV/2501/892 RENT - exp- ref 4287,STAMP DUTY Pvt Ltd,False,exempt,FALSE,Exempt Services,0
TXN0003893,08-01-2025,17509.03,INR,*AUTO-DEBIT COURSERA TAXINV/2501/893 Q1 - training exp* ref 5079,COURSERA,True,18%,unknown,Training,0
TXN0003894,08-01-2025,135157.06,INR,IMPS AWFIS TAXINV/2501/894 FY24 - exp- ref 9206,AWFIS,True,18%,TRUE,Rent,0
TXN0003895,08-01-2025,5102.61,INR,RTGS Staples RCPT/2501/895 TDS - exp,Staples,True,12%,TRUE,Office Supplies,0
TXN0003896,08-01-2025,39197.48,INR,imps wipro india pvt ltd inv/2501/896 q1 - exp- ref 3308,WIPRO INDIA PVT LTD,True,18%,TRUE,IT Services,0
TXN0003897,08-01-2025,12690.74,INR,/ NEFT MICROSOFT INDIA PVT LTD BILL/2501/897 Q2 - exp,MICROSOFT INDIA PVT LTD,True,18%,TRUE,Software,0
TXN0003898,08-01-2025,23847.96,INR,/ AUTO-DEBIT UPGRAD INDIA PVT LTD RCPT/2501/898 TDS - exp,UPGRAD INDIA PVT LTD,True,18%,unknown,Training,0
TXN0003899,08-01-2025,10636.85,INR,-rtgs figma inv/2501/899 ds - exp* ref 9807,FIGMA,True,18%,TRUE,Software,0
TXN0003900,08-01-2025,3448.29,INR,UPI RAPIDO INDIA PVT LTD INV/2501/900 ADV - exp- ref 4276,RAPIDO INDIA PVT LTD,True,5%,FALSE,Travel,0
TXN0003901,08-01-2025,43111.46,INR,RTGS Wework INV/2501/901 Q2 - exp,Wework,True,18%,TRUE,Rent,0
TXN0003902,08-01-2025,12712.12,INR,!IMPS MICROSOFT RCPT/2501/902 TDS - software exp,MICROSOFT,True,18%,TRUE,Software,0
TXN0003903,08-01-2025,50440.67,INR,!RTGS HCL INDIA PVT LTD oILL/2501/903 FY25 - exp,HCL INDIA PVT LTD,True,18%,TRUE,IT Services,0
TXN0003904,08-01-2025,629145.76,INR,*IMPS INDIQUBE TAXINV/2501/904 TDS - exp,INDIQUBE,True,18%,TRUE,Rent,1
TXN0003905,08-01-2025,15153.51,INR,card kseb inv/2501/90 5q1 - exp# ref 8866,KSEB,True,18%,TRUE,Utilities,0
TXN0003906,08-01-2025,11487.73,INR,!UPI AIR.tel BLIL/2501/906 Q1 - exp / ref 4928,AIR.tel,True,18%,TRUE,Utilities,0
TXN0003907,08-01-2025,86206.54,INR,#imps awfis india pvt ltd inv/2501/907 subs - rent exp  ref 7316,AWFIS INDIA PVT LTD,True,18%,TRUE,Rent,0
TXN0003908,08-01-2025,4818.46,INR,ADO.be charges,ADO.be,True,18%,TRUE,Software,0
TXN0003909,08-01-2025,20070.62,INR,COURSERA,COURSERA,True,18%,unknown,Training,0
TXN0003910,08-01-2025,30791.37,INR,card tcs bill/2501/910 susb - exp,Tcs,True,18%,TRUE,IT Services,0
TXN0003911,09-01-2025,4340.74,INR,CARD IND.igo RCPT/2501/911 TDS - exp* ref 9042,IND.igo,True,5%,FALSE,Travel,0
TXN0003912,09-01-2025,89382.37,INR,#rtgs awfis pvt ltd taxinv/2501/912 fy24 - rent exp,AWFIS Pvt Ltd,True,18%,TRUE,Rent,0
TXN0003913,09-01-2025,3420.02,INR,DOMINOS,DOMINOS,True,5%,FALSE,Meals,0
TXN0003914,09-01-2025,25132.57,INR,-AUTO-DEBIT HCL BILL/2501/914 SUBS - exp,HCL,True,18%,TRUE,IT Services,0
TXN0003915,09-01-2025,11144.82,INR,*rtgs airtel inv/2501/915 fy25 - exp,AIRTEL,True,18%,TRUE,Utilities,0
TXN0003916,09-01-2025,3832.98,INR,AUTO-DEBIT INDIGO RCPT/2501/916 SUBS - exp,INDIGO,True,5%,FALSE,Travel,0
TXN0003917,09-01-2025,11131.6,INR,upi bescom taxinv/2501/917 adv - exp* ref 2053,Bescom,True,18%,TRUE,Utilities,0
TXN0003918,09-01-2025,4975.54,INR,CARD RAPIDO BILL/2501/918 Q1 - exp* rf 2202,RAPIDO,True,5%,FALSE,Travel,0
TXN0003919,09-01-2025,4817.34,INR,!UPI Office Depot RCPT/2501/919 FY24 - exp / ref 7141,Office Depot,True,12%,TRUE,Office Supplies,0
TXN0003920,09-01-2025,37829.03,INR,/ NEFT TCS INDIA PVT LTD INV/2501/920 FY24 - exp! ref 4068,TCS INDIA PVT LTD,True,18%,TRUE,IT Services,0
TXN0003921,09-01-2025,4536.56,INR,IMPS OFFICE DEPOT Pvt Ltd TAXINV/2501/92j ADV - exp,OFFICE DEPOT Pvt Ltd,True,12%,TRUE,Office Supplies,0
TXN0003922,09-01-2025,12451.62,INR,!imps airtel pvt ltd bill/2501/922 q1 - utilities exp /  ref 9596,AIRTEL Pvt Ltd,True,18%,TRUE,Utilities,0
TXN0003923,09-01-2025,24142.8,INR,UPI GOVT EFES BILL/2501/923 ADV - exempt services exp,GOVT FEES,False,exempt,FALSE,Exempt Services,1
TXN0003924,09-01-2025,7715.27,INR,!UPI UBER INDIA PVT LTD TAXINV/2501/924 Q2 - exp ref 7593,UBER INDIA PVT LTD,True,5%,FALSE,Travel,0
TXN0003925,09-01-2025,4583.37,INR,-RTGS CANVA Pvt Ltd TAXINV/2501/925 SUBS - exp,CANVA Pvt Ltd,True,18%,TRUE,Software,0
TXN0003926,09-01-2025,8500.08,INR,#NEFT Airtel INV/2501/926 FY25 - exp- ref 4615,Airtel,True,18%,TRUE,Utilities,0
TXN0003927,09-01-2025,4746.78,INR,*card office depot inv/2501/927 fy25 - office supplies exp,Office Depot,True,12%,TRUE,Office Supplies,0
TXN0003928,09-01-2025,13680.94,INR,AUTO-DEBIT CANVA Pvt Ltd INV/2501/928 FY4 - exp! ref 4667,CANVA Pvt Ltd,True,18%,TRUE,Software,0
TXN0003929,09-01-2025,27049.5,INR,card hcl inv/2501/929 gubs - exp,Hcl,True,18%,TRUE,IT Services,0
TXN0003930,09-01-2025,4143.17,INR,!AUTO-DEBIT RAPIDO INDIA PVT LTD RCPT/2501/930 RENT - exp* ref 3479,RAPIDO INDIA PVT LTD,True,5%,FALSE,Travel,0
TXN0003931,09-01-2025,4858.2,INR,CARD OLA INV/2501/931 SUBS - exp,OLA,True,5%,FALSE,Travel,0
TXN0003932,09-01-2025,37167.88,INR,/ UPI WIPRO INV/2501/932 TDS - exp,WIPRO,True,18%,TRUE,IT Services,0
TXN0003933,10-01-2025,28883.71,INR,/ upi hcl bill/2501/933 fy25 - exp,HCL,True,18%,TRUE,IT Services,0
TXN0003934,10-01-2025,4375.38,INR,STAMP DUTY INDIA PVT LTD charges,STAMP DUTY INDIA PVT LTD,False,exempt,FALSE,Exempt Services,0
TXN0003935,10-01-2025,14425.59,INR, / card jio.fiber bill/2501/95 tds - utilities exp,JIO.fiber,True,18%,TRUE,Utilities,0
TXN0003936,10-01-2025,33708.52,INR,auto-debit techm bill/2501/936 rent - exp,Techm,True,18%,TRUE,IT Services,0
TXN0003937,10-01-2025,6572.44,INR,IMPS OLA Pvt Ltd INV/2501/937 RENT - exp,OLA Pvt Ltd,True,5%,FALSE,Travel,0
TXN0003938,10-01-2025,6305.1,INR,-imps ola bill/2501/938 fy24 - exp,Ola,True,5%,FALSE,Travel,0
TXN0003939,10-01-2025,101808.54,INR,/ imps wework pvt ltd taxinv/2501/939 fy24 - exp# ref 4469,WEWORK Pvt Ltd,True,18%,TRUE,Rent,0
TXN0003940,10-01-2025,8403.2,INR,UPI JIOFIBER Pvt Ltd BILL/2501/940 RENT - exp,JIOFIBER Pvt Ltd,True,18%,TRUE,Utilities,0
TXN0003941,10-01-2025,54621.06,INR,-neft indiqube pvt ltd taxinv/2501/941 adv - exp ref 4140,INDIQUBE Pvt Ltd,True,18%,TRUE,Rent,0
TXN0003942,10-01-2025,24966.6,INR,AUTO-DEBIT SIM.plilearn TAXINV/2501/942 TDS - exp,SIM.plilearn,True,18%,unknown,Training,0
TXN0003943,10-01-2025,5976.81,INR,/ imps staples inv/2501/943 rent - exp# ref 1649,Staples,True,12%,TRUE,Office Supplies,0
TXN0003944,10-01-2025,4857.33,INR,rtgs staples taxinv/2501/944 gst - exp- ref 1901,Staples,True,12%,TRUE,Office Supplies,0
TXN0003945,10-01-2025,4203.65,INR,AUTO-DEBIT STAPLES TAXINV/2501/945 FY24 - exp,STAPLES,True,12%,TRUE,Office Supplies,0
TXN0003946,11-01-2025,6035.91,INR,RTGS MIC.rosoft BILL/2501/946 TDS - exp- ref 5475,MIC.rosoft,True,18%,TRUE,Software,0
TXN0003947,11-01-2025,33566.26,INR,*card infy inv/2501/947 q2 - exp,INFY,True,18%,TRUE,IT Services,0
TXN0003948,11-01-2025,12517.73,INR,AUTO-DEBIT AIRTEL RCPT/2501/948 FY24 - exp* ref 7160,AIRTEL,True,18%,TRUE,Utilities,0
TXN0003949,11-01-2025,3187.69,INR,-IMPS Zomato RCPT/2501i949 TDS - meals exp,Zomato,True,5%,FALSE,Meals,0
TXN0003950,11-01-2025,12192.18,INR,/ card bescom pvt ltd taxinv/2501/950 subs - exp,BESCOM Pvt Ltd,True,18%,TRUE,Utilities,0
TXN0003951,11-01-2025,6592.2,INR,*NEFT JIOFIBER BILL/2501/951 FY25 - utilities exp,JIOFIBER,True,18%,TRUE,Utilities,0
TXN0003952,11-01-2025,5018.39,INR,INDIGO INDIA PVT LTD,INDIGO INDIA PVT LTD,True,5%,FALSE,Travel,0
TXN0003953,11-01-2025,7816.69,INR,,MIC.rosoft,True,18%,TRUE,Software,0
TXN0003954,11-01-2025,5779.58,INR,-IMPS IKEA Pvt Ltd RCP/T2501/954 TDS - exp,IKEA Pvt Ltd,True,12%,TRUE,Office Supplies,0
TXN0003955,12-01-2025,9240.0,INR,KSEB,KSEB,True,18%,TRUE,Utilities,0
TXN0003956,12-01-2025,25462.95,INR,AUTO-DEBIT Upgrad BILL/2501/956 GST - exp,Upgrad,True,18%,unknown,Training,0
TXN0003957,12-01-2025,7488.28,INR,neft office depot india pvt ltd inv/2501/957 q2 - exp,OFFICE DEPOT INDIA PVT LTD,True,12%,TRUE,Office Supplies,0
TXN0003958,12-01-2025,13691.31,INR,neft figma rcpt/2501/958 tds - exp,FIGMA,True,18%,TRUE,Software,0
TXN0003959,12-01-2025,29307.49,INR,-AUTO-DEBIT TCS RCPT/2501/959 FY4 - exp,TCS,True,18%,TRUE,IT Services,0
TXN0003960,12-01-2025,30950.98,INR,#IMPS TCS INDIA PVT LTD RCPT/2501/960 SUBS - exp,TCS INDIA PVT LTD,True,18%,TRUE,IT Services,0
TXN0003961,12-01-2025,9163.28,INR,RTGS KSEB BILL/2501/961 ADV - exp,KSEB,True,18%,TRUE,Utilities,0
TXN0003962,12-01-2025,46858.14,INR,IMPS TCS INDIA PVT LTD BILL/2501/962 RENT - exp* ref 1337,TCS INDIA PVT LTD,True,18%,TRUE,IT Services,0
TXN0003963,12-01-2025,97160.65,INR,NEFT WEWORK RCPT/2501/963 GST - exp* ref 9434,WEWORK,True,18%,TRUE,Rent,0
TXN0003964,12-01-2025,4066.58,INR,AUTO-DEBIT INDIGO Pvt Ltd BILL/2501/964 ADV - exf,INDIGO Pvt Ltd,True,5%,FALSE,Travel,0
TXN0003965,12-01-2025,24877.18,INR,card infy rcpt/2501/965 avd - exp,Infy,True,18%,TRUE,IT Services,0
TXN0003966,12-01-2025,50532.28,INR,/ card indiqube taxinv/25v1/966 q2 - exp,INDIQUBE,True,18%,TRUE,Rent,0
TXN0003967,12-01-2025,8051.87,INR,RTGS UBE.r RCPT/2501/967 RENT - exp* rwf 6858,UBE.r,True,5%,FALSE,Travel,0
TXN0003968,12-01-2025,34745.44,INR,/ imps tcs taxinv/250t/968 rent - exp! ref 5160,Tcs,True,18%,TRUE,IT Services,0
TXN0003969,12-01-2025,8515.35,INR,RTGS IKE.a RCPT/2501/969 SUBS - exp,IKE.a,True,12%,TRUE,Office Supplies,0
TXN0003970,12-01-2025,3296.8,INR,rtgs gov.t feesb ill/2501/970 fy24 - exempt services exp* ref 5482,GOV.t fees,False,exempt,FALSE,Exempt Services,0
TXN0003971,12-01-2025,45739.4,INR,/ RTGS WIP.ro TAXINV/2501/971 GST - exp,WIP.ro,True,18%,TRUE,IT Services,0
TXN0003972,12-01-2025,7784.05,INR,CARD Ikea BILL/2501/972 Q2 - office supplies exp  ref 1172,Ikea,True,12%,TRUE,Office Supplies,0
TXN0003973,13-01-2025,10288.22,INR,IMPS MIC.rosoft INV/2501/973 FY24 - exp ref 9413,MIC.rosoft,True,18%,TRUE,Software,0
TXN0003974,13-01-2025,2696.29,INR,auto-debit zomato inv/2501/974 fy24 - exp,ZOMATO,True,5%,FALSE,Meals,0
TXN0003975,13-01-2025,2583.52,INR,-auto-debit india pvt ltd rcpt/2501/975 susb - exp,GOVT FEES INDIA PVT LTD,False,exempt,FALSE,Exempt Services,0
TXN0003976,13-01-2025,29677.11,INR,IMPS HCL Pvt Ltd TAXINV/2501/976 GST - exp,HCL Pvt Ltd,True,18%,TRUE,IT Services,0
TXN0003977,13-01-2025,82787.12,INR,#imps wew.ork taxinv/2501/977 q1 - exp- ref 9367,WEW.ork,True,18%,TRUE,Rent,0
TXN0003978,13-01-2025,5573.7,INR,AUTO-DEBIT Canva RCPT/2501/978 FYh5 - exp ref 3530,Canva,True,18%,TRUE,Software,0
TXN0003979,13-01-2025,32079.6,INR,NEFT TCS Pvt Ltd TAXIVN/2501/979 FY25 - exp,TCS Pvt Ltd,True,18%,TRUE,IT Services,0
TXN0003980,13-01-2025,22859.56,INR,/ IMPS WIPRO INDIA PVT LTD INV/2501/980 TDS - exp,WIPRO INDIA PVT LTD,True,18%,TRUE,IT Services,0
TXN0003981,13-01-2025,102650.23,INR,*imps indiqube bill/2501/981 gst - exp,INDIQUBE,True,18%,TRUE,Rent,0
TXN0003982,13-01-2025,7879.4,INR,,IKEA,True,12%,TRUE,Office Supplies,0
TXN0003983,13-01-2025,15904.8,INR,*upi kseb bill/2501/983 fy24 - exp,KSEB,True,18%,TRUE,Utilities,0
TXN0003984,13-01-2025,51188.89,INR,IMPS INFY INDIA PVT LTD TAXINV/2501/984 TDS - exp,INFY INDIA PVT LTD,True,18%,TRUE,IT Services,0
TXN0003985,13-01-2025,54941.23,INR,!CARD TCS INDIA PVT LTD BILL/2501/985 GST - exp,TCS INDIA PVT LTD,True,18%,TRUE,IT Services,0
TXN0003986,13-01-2025,69684.81,INR,#imps awfis taxinv/2501/986 rent - rent exp,AWFIS,True,18%,TRUE,Rent,0
TXN0003987,13-01-2025,6560.97,INR,UPI IKEA RCPT/2501/987 FY25 - exp ref 9125,IKEA,True,12%,TRUE,Office Supplies,0
TXN0003988,14-01-2025,10846.42,INR,rtgs airtel rcpt/2501/988 adv - exp,Airtel,True,18%,TRUE,Utilities,0
TXN0003989,14-01-2025,18771.52,INR,,UBER,True,5%,FALSE,Travel,1
TXN0003990,14-01-2025,42558.44,INR,*NEFT TECHM BILL/2501/990 GST - it services exp,TECHM,True,18%,TRUE,IT Services,0
TXN0003991,14-01-2025,6551.91,INR,-IMPS FIGMA RCPT/2501/991 SUBS - exp- ref 6464,FIGMA,True,18%,TRUE,Software,0
TXN0003992,14-01-2025,33478.79,INR,/ AUTO-DEBIT INFY INV/2501/992 TDS - exp,INFY,True,18%,TRUE,IT Services,0
TXN0003993,14-01-2025,42526.66,INR,card wip.ro inv/2501/993 subs - exp ref 1490,WIP.ro,True,18%,TRUE,IT Services,0
TXN0003994,14-01-2025,32526.48,INR,AUTO-DEBIT SIMPLILEARN BILL/2501/994 SUBS - exp,SIMPLILEARN,True,18%,unknown,Training,0
TXN0003995,14-01-2025,9721.68,INR,*AUTO-DEBIT BESCOM RCPT/n501/995 FY25 - exp / ref 4427,BESCOM,True,18%,TRUE,Utilities,0
TXN0003996,15-01-2025,7171.3,INR,!card rapido pvt ltd taxinv/2501/996 adv - exp# ref 6831,RAPIDO Pvt Ltd,True,18%,FALSE,Travel,1
TXN0003997,15-01-2025,17198.79,INR,card simplilearn taxinv/2501/997 fy25 - exp,Simplilearn,True,18%,unknown,Training,0
TXN0003998,15-01-2025,39400.37,INR,*ato-debit techm taxinv/2501/998 adv - exp,Techm,True,18%,TRUE,IT Services,0
TXN0003999,15-01-2025,17668.65,INR,Bescom charges,Bescom,True,18%,TRUE,Utilities,0
TXN0004000,15-01-2025,9547.18,INR,NEFT ADOBE RCPT/2501/000 GST - exp,ADOBE,True,18%,TRUE,Software,0
TXN0004001,15-01-2025,89654.44,INR,Wework,Wework,True,18%,TRUE,Rent,0
TXN0004002,15-01-2025,3761.6,INR,card zomato pvt ltd inv/2501/002 fy24 - meals exp- ref 3324,ZOMATO Pvt Ltd,True,5%,FALSE,Meals,0
TXN0004003,15-01-2025,12753.62,INR,#UPI KSEB Pvt Ltd INV/2501/003 SUBS - exp,KSEB Pvt Ltd,True,18%,TRUE,Utilities,0
TXN0004004,15-01-2025,1838.17,INR,-UPI ZOMATO Pvt Ltd TAXINV/2501/004 Q1 - exp* ref 2118,ZOMATO Pvt Ltd,True,5%,FALSE,Meals,0
TXN0004005,15-01-2025,4971.35,INR,neft indigo rcpt/2501/005 gst - travel exp,INDIGO,True,5%,FALSE,Travel,0
TXN0004006,15-01-2025,2528.84,INR,NEFT DOM.inos TAXINV/2501/006 TDS - exp,DOM.inos,True,5%,FALSE,Meals,0
TXN0004007,15-01-2025,6362.98,INR,-,CAN.va,True,18%,TRUE,Software,0
TXN0004008,15-01-2025,3802.59,INR,RTGS RAP.ido BILL/2501/008 Q2 - exp! ref 2034,RAP.ido,True,5%,FALSE,Travel,0
TXN0004009,15-01-2025,4088.73,INR,CARD INDIGO Pvt Ltd TAXINV/2501/009 FY24 - exp,INDIGO Pvt Ltd,True,5%,FALSE,Travel,0
TXN0004010,15-01-2025,8540.16,INR,n/a,Airtel,True,18%,TRUE,Utilities,0
TXN0004011,15-01-2025,11238.25,INR,/ imps airtl taxinv/2501/011 tds - exp,AIRTEL,True,18%,TRUE,Utilities,0
TXN0004012,15-01-2025,124557.19,INR,!rtgs awfis india pvt ltd taxinv/2501/012 tds - xp,AWFIS INDIA PVT LTD,True,18%,TRUE,Rent,0
TXN0004013,15-01-2025,6918.25,INR,upi adobe inv/2501/013 q2 - exp* ref 8719,Adobe,True,18%,TRUE,Software,0
TXN0004014,15-01-2025,3952.68,INR,-upi office depot inv/2501014 rent - exp,Office Depot,True,12%,TRUE,Office Supplies,0
TXN0004015,15-01-2025,14492.82,INR,*CARD AIRTEL Pvt Ltd CPT/2501/015 FY25 - exp,AIRTEL Pvt Ltd,True,18%,TRUE,Utilities,0
TXN0004016,16-01-2025,9077.94,INR,,KSEB Pvt Ltd,True,18%,TRUE,Utilities,0
TXN0004017,16-01-2025,6782.45,INR,#CARD MICROSOFT Pvt Ltd INV/2501/017 FY25 - exp,MICROSOFT Pvt Ltd,True,18%,TRUE,Software,0
TXN0004018,16-01-2025,59216.33,INR,/ auto-debit tcs taxinv/2501/018 adv - exp,TCS,True,18%,TRUE,IT Services,0
TXN0004019,16-01-2025,36469.56,INR,*CARD Techm TAXINV/2501/019 TDS - it services exp,Techm,True,18%,TRUE,IT Services,0
TXN0004020,16-01-2025,6181.42,INR,*IMPS OFFICE DEPOT RCPT/2501/020 SUBS - exp,OFFICE DEPOT,True,12%,TRUE,Office Supplies,0
TXN0004021,16-01-2025,4531.53,INR,!NEFT UBrR Pvt Ltd INV/2501/021 Q2 - exp,UBER Pvt Ltd,True,5%,FALSE,Travel,0
TXN0004022,16-01-2025,54365.52,INR,AUTO-DEBIT TCS INDIA PVT LTD BILL/2501/022 Q1 - exp,TCS INDIA PVT LTD,True,18%,TRUE,IT Services,0
TXN0004023,16-01-2025,5117.16,INR,#RTGS RAPIDO Pvt Ltd RCPT/2501/023 GST - exp ref 4832,RAPIDO Pvt Ltd,True,5%,FALSE,Travel,0
TXN0004024,16-01-2025,3322.96,INR,n/a,KFC Pvt Ltd,True,5%,FALSE,Meals,0
TXN0004025,16-01-2025,6258.79,INR,upi staples inv/2501/025 q1 - exp- ref 5037,Staples,True,12%,TRUE,Office Supplies,0
TXN0004026,16-01-2025,88479.6,INR,upi indiqube rcpt/2501/026 tds - exp! ref 3241,INDIQUBE,True,18%,TRUE,Rent,0
TXN0004027,16-01-2025,40455.65,INR,CARD Techm INV/2501/027 FY25 - it services exp,Techm,True,18%,TRUE,IT Services,0
TXN0004028,16-01-2025,6490.94,INR,UPI Canvm INV/2501/028 Q2 - exp,Canva,True,18%,TRUE,Software,0
TXN0004029,16-01-2025,5180.95,INR,!RTGS RAPIDO INDIA PVT LTD TAXINV/2501/029 FY24 - exp,RAPIDO INDIA PVT LTD,True,5%,FALSE,Travel,0
TXN0004030,16-01-2025,13897.3,INR,n/a,Simplilearn,True,18%,unknown,Training,0
TXN0004031,16-01-2025,4196.83,INR,/ imps figma pvt ltd rcpt/2501/031 q1 - exp,FIGMA Pvt Ltd,True,18%,TRUE,Software,0
TXN0004032,17-01-2025,3107.29,INR,rtgs dominos india pvt ltd taxinv/2501/032 q1  meals exp,DOMINOS INDIA PVT LTD,True,5%,FALSE,Meals,0
TXN0004033,17-01-2025,74763.08,INR,UPI AWFIS INV/2501/033 FY24 - exp- ref 5176,AWFIS,True,18%,TRUE,Rent,0
TXN0004034,17-01-2025,10704.97,INR,!auto-debit sta.ples bill/2501/034 q1 - exp# ref 2266,STA.ples,True,12%,TRUE,Office Supplies,0
TXN0004035,17-01-2025,16790.92,INR,/ RTGS KSE.b TAXINV/2501/035 ADV - exp,KSE.b,True,18%,TRUE,Utilities,0
TXN0004036,17-01-2025,6287.71,INR,*imps bescom india pvt ltd rcpt/2501/036 ren - exp ref 3276,BESCOM INDIA PVT LTD,True,18%,TRUE,Utilities,0
TXN0004037,17-01-2025,15544.89,INR,rtgs air.tel bill/2501/037 fy24 - exp- ref 9894,AIR.tel,True,18%,TRUE,Utilities,0
TXN0004038,17-01-2025,44467.88,INR,card tec.hm taxinv/2501/038 fy25 - it services exp# ref 1456,TEC.hm,True,18%,TRUE,IT Services,0
TXN0004039,17-01-2025,2421.38,INR,rtgs kfc inv/2501/039 gst - exp,KFC,True,5%,FALSE,Meals,0
TXN0004040,17-01-2025,5514.21,INR,#rtgs microsoft inv/2501/040 q1 - software exp,MICROSOFT,True,18%,TRUE,Software,0
TXN0004041,17-01-2025,13358.11,INR, ,JIO.fiber,True,18%,TRUE,Utilities,0
TXN0004042,17-01-2025,10726.0,INR,-NEFT Adobe INV/2501/042 ADV - exp,Adobe,True,18%,TRUE,Software,0
TXN0004043,17-01-2025,11360.7,INR,ADOBE Pvt Ltd,ADOBE Pvt Ltd,True,18%,TRUE,Software,0
TXN0004044,17-01-2025,7119.91,INR,AUTO-DEBIT BESCOM INDIA PVT LTD BILL/2501/044 Q1 -exp,BESCOM INDIA PVT LTD,True,18%,TRUE,Utilities,0
TXN0004045,17-01-2025,10437.34,INR,/ AUTO-DEBIT ADOBE Pvt Ltd RCPT/2501/045 Q1 - exp,ADOBE Pvt Ltd,True,18%,TRUE,Software,0
TXN0004046,17-01-2025,23810.04,INR,#RTGS UPGRAD Pvt Ltd RCPT/2501/046 FY24 - exp! ref 9330,UPGRAD Pvt Ltd,True,18%,unknown,Training,0
TXN0004047,17-01-2025,14842.67,INR,Jiofiber charges,Jiofiber,True,18%,TRUE,Utilities,0
TXN0004048,17-01-2025,15096.58,INR,RTGS AIRTEL Pvt Ltd INV/2501/048 FY24 - exp,AIRTEL Pvt Ltd,True,18%,TRUE,Utilities,0
TXN0004049,17-01-2025,2696.03,INR,UPI RAP.ido INV/2501/049 Qd - travel exp! ref 3033,RAP.ido,True,5%,FALSE,Travel,0
TXN0004050,18-01-2025,52548.16,INR,TECHM charges,TECHM,True,18%,TRUE,IT Services,0
TXN0004051,18-01-2025,1881.41,INR,CARD Kfc INV/2501/051 FY24 - exy,Kfc,True,5%,FALSE,Meals,0
TXN0004052,18-01-2025,4177.4,INR,na,RAPIDO INDIA PVT LTD,True,5%,FALSE,Travel,0
TXN0004053,18-01-2025,21330.25,INR,-NEFT TECHM INDIA PVT LTD RCPT/2501/053 FY25 - it services exp,TECHM INDIA PVT LTD,True,18%,TRUE,IT Services,0
TXN0004054,18-01-2025,113835.35,INR,#UPI AwfisiTAXINV/2501/054 ADV - exp,Awfis,True,18%,TRUE,Rent,0
TXN0004055,18-01-2025,65516.32,INR,JIOFIBER charges,JIOFIBER,True,18%,TRUE,Utilities,1
TXN0004056,18-01-2025,82049.15,INR,UPI AWFIS Pvt Ltd BILL/2501/056 RENT - rent exp- ref 2389,AWFIS Pvt Ltd,True,18%,TRUE,Rent,0
TXN0004057,18-01-2025,115004.87,INR,imps wew.ork rcpt/2501/057 adv - exp! ref 6203,WEW.ork,True,18%,TRUE,Rent,0
TXN0004058,18-01-2025,85455.16,INR,#CARD INDIQUBE BILL/2501/058 TDS - exp# ref 8135,INDIQUBE,True,18%,TRUE,Rent,0
TXN0004059,18-01-2025,9880.44,INR,-CARD BESCOMI NV/2501/059 Q1 - exp- ref 3474,BESCOM,True,18%,TRUE,Utilities,0
TXN0004060,19-01-2025,5110.94,INR,card dominos bill/2501/060 fy25 - meals exp,Dominos,True,5%,FALSE,Meals,0
TXN0004061,19-01-2025,24809.56,INR,*AUTO-DEBIT TCS RCPT/2501/061 FY24 - exp,TCS,True,18%,TRUE,IT Services,0
TXN0004062,19-01-2025,15454.54,INR,*CARD KSE.b INV/2501/062 Q2 - exp,KSE.b,True,18%,TRUE,Utilities,0
TXN0004063,19-01-2025,6029.59,INR,AUTO-DEBIT IKEA INDIA PVT LTD TAXINV/2501/063 FY24 - exp,IKEA INDIA PVT LTD,True,12%,TRUE,Office Supplies,0
TXN0004064,19-01-2025,7285.92,INR,card adobe india pvt ltd inv/2501/046 adv - exp / ref 2575,ADOBE INDIA PVT LTD,True,18%,TRUE,Software,0
TXN0004065,19-01-2025,36600.22,INR,/ card hcl taxinv/2501/065 q2 - exp ref 1413,HCL,True,18%,TRUE,IT Services,0
TXN0004066,19-01-2025,20299.37,INR,*NEFT WIPRO INV/2501/066G ST - exp,WIPRO,True,18%,TRUE,IT Services,0
TXN0004067,19-01-2025,10698.86,INR,n/a,BESCOM Pvt Ltd,True,18%,TRUE,Utilities,0
TXN0004068,19-01-2025,9986.26,INR,ADOBE charges,ADOBE,True,18%,TRUE,Software,0
TXN0004069,19-01-2025,71742.83,INR,IMPS WEWORK TAXINV/2501/069 SUBS - exp,WEWORK,True,18%,TRUE,Rent,0
TXN0004070,20-01-2025,81094.44,INR,AUTO-DEBIT Indiqube INV/2501/070 ADV - exp / ref 1891,Indiqube,True,18%,TRUE,Rent,0
TXN0004071,20-01-2025,2145.19,INR,card swiggy india pvt ltd bill/2501/071 fy24 - meals exp /  ref 6077,SWIGGY INDIA PVT LTD,True,5%,FALSE,Meals,0
TXN0004072,20-01-2025,2839.6,INR,neft ola pvt ltd inv/2501/072 fy25 - exp,OLA Pvt Ltd,True,5%,FALSE,Travel,0
TXN0004073,20-01-2025,4801.22,INR,neft jiofiber pvt ltd inv/2501/073 rent - exp,JIOFIBER Pvt Ltd,True,18%,TRUE,Utilities,0
TXN0004074,20-01-2025,5373.75,INR,IMPS STAPLES INV/2501/074 Q2 - exp,STAPLES,True,5%,TRUE,Office Supplies,1
TXN0004075,20-01-2025,2811.86,INR,NEFT Pvt Ltd RCPT/2501/075 GST - exp,ROC FEES Pvt Ltd,False,exempt,unknown,Exempt Services,1
TXN0004076,20-01-2025,33747.22,INR,rtgs techm pvt ltd taxinv/2501/076 fy24 - exp,TECHM Pvt Ltd,True,18%,TRUE,IT Services,0
TXN0004077,20-01-2025,6521.79,INR,upi staples taxinv/2501/077 rent - office supplies exp,Staples,True,12%,TRUE,Office Supplies,0
TXN0004078,20-01-2025,186160.72,INR,RTGS SIM.plilearn RCPT/2501/078 FY24 - exp / ref 9343,SIM.plilearn,True,18%,unknown,Training,1
TXN0004079,20-01-2025,43721.78,INR,imps tcs inv/2501/079 tds - exp / ref 4712,Tcs,True,18%,TRUE,IT Services,0
TXN0004080,20-01-2025,64214.48,INR,na,JIO.fiber,True,18%,TRUE,Utilities,1
TXN0004081,20-01-2025,193530.72,INR,/ imps tcs inv/2501/081 q1 - exp,TCS,True,18%,TRUE,IT Services,1
TXN0004082,20-01-2025,3630.63,INR,-card uber pvt ltd taxinv/2501/082 gst - exp,UBER Pvt Ltd,True,5%,FALSE,Travel,0
TXN0004083,20-01-2025,9761.55,INR,!UPI IND.igo INV/2501/083 FY24 - exp ref 9577,IND.igo,True,5%,FALSE,Travel,0
TXN0004084,20-01-2025,20400.6,INR,!NEFT Simplilearn RCPT/2501/084 GST - exp# ref 1631,Simplilearn,True,18%,unknown,Training,0
TXN0004085,20-01-2025,21625.68,INR,*rtgs techm taxinv/2501/085 tds - exp* ref 1918,TECHM,True,18%,TRUE,IT Services,0
TXN0004086,21-01-2025,33747.43,INR,AUTO-DEBIT TCS TAXINV/2501/086 Q1 - exp,TCS,True,18%,TRUE,IT Services,0
TXN0004087,21-01-2025,27916.0,INR,n/a,TCS Pvt Ltd,True,18%,TRUE,IT Services,0
TXN0004088,21-01-2025,7196.87,INR,#auto-debit ikea india pvt ltd taxinv/2501/088 rent - office supplies exp# ref 5071,IKEA INDIA PVT LTD,True,12%,TRUE,Office Supplies,0
TXN0004089,21-01-2025,12563.06,INR,neft airtel pvt ltd inv/2501g089 adv - exp,AIRTEL Pvt Ltd,True,18%,TRUE,Utilities,0
TXN0004090,21-01-2025,87444.67,INR,CARD INDIQUBE INDIA PVT LTD BILL/2501/090 FY24 - exp* ref 3077,INDIQUBE INDIA PVT LTD,True,18%,TRUE,Rent,0
TXN0004091,21-01-2025,10044.23,INR,NEFT OFFICE DEPOT BILL/2501/091 FY24 - exp,OFFICE DEPOT,True,12%,TRUE,Office Supplies,0
TXN0004092,21-01-2025,58213.73,INR,auto-debit wipro bill/2501/092 rent - exp,WIPRO,True,18%,TRUE,IT Services,0
TXN0004093,21-01-2025,36366.42,INR,IMPS TEC.hm TAXINV/2501/09 3FY25 - exp,TEC.hm,True,18%,TRUE,IT Services,0
TXN0004094,22-01-2025,73129.59,INR,NEFT INDIQUBE INV/2501/094 TD S- exp,INDIQUBE,True,18%,TRUE,Rent,0
TXN0004095,22-01-2025,40205.74,INR,n/a,TECHM,True,18%,TRUE,IT Services,0
TXN0004096,22-01-2025,42140.97,INR,TECHM,TECHM,True,18%,TRUE,IT Services,0
TXN0004097,22-01-2025,8728.75,INR, ,STAPLES Pvt Ltd,True,12%,TRUE,Office Supplies,0
TXN0004098,22-01-2025,9254.6,INR,neft microsoft rcpt/2501/098 q2 - exp,MICROSOFT,True,18%,TRUE,Software,0
TXN0004099,22-01-2025,2908.62,INR,auto-debit zomato pvt ltd rcpt/2501/099 gst - meals exp# ref 2589,ZOMATO Pvt Ltd,True,5%,FALSE,Meals,0
TXN0004100,22-01-2025,8788.28,INR,CANVA Pvt Ltd charges,CANVA Pvt Ltd,True,18%,TRUE,Software,0
TXN0004101,22-01-2025,12733.32,INR,neft irtel inv/2501/101 fy24 - exp- ref 9697,AIRTEL,True,18%,TRUE,Utilities,0
TXN0004102,22-01-2025,84083.89,INR,IMPS Indiqube BILL/2501/102 GST - exp / ref 3147,Indiqube,True,18%,TRUE,Rent,0
TXN0004103,22-01-2025,27419.04,INR,*card wipro india pvt ltd taxinv/2501/103 gst - exp,WIPRO INDIA PVT LTD,True,18%,TRUE,IT Services,0
TXN0004104,22-01-2025,2892.23,INR,n/a,SWIGGY,True,5%,FALSE,Meals,0
TXN0004105,22-01-2025,7540.66,INR,card bescom bill/25011/05 tds - exp* ref 5159,BESCOM,True,18%,TRUE,Utilities,0
TXN0004106,22-01-2025,52399.77,INR,UPI INFY BILL/2501/106 GST - exp,INFY,True,18%,TRUE,IT Services,0
TXN0004107,22-01-2025,1977.46,INR,rtgs zomato bill/2501/107 q2 - exp- ref 4091,ZOMATO,True,5%,FALSE,Meals,0
TXN0004108,22-01-2025,29843.27,INR,upi inf.y bill/2501/108 adv - exp,INF.y,True,18%,TRUE,IT Services,0
TXN0004109,22-01-2025,6877.54,INR,-IMPS JIO.fiber TAXINV/2501/109 FY24 - exp,JIO.fiber,True,18%,TRUE,Utilities,0
TXN0004110,23-01-2025,30284.08,INR,imps tcs bill/2501/110 gst - exp,TCS,True,18%,TRUE,IT Services,0
TXN0004111,23-01-2025,18609.63,INR,neft upgrad pvt ltd taxinv/2501/111 tds - exp,UPGRAD Pvt Ltd,True,18%,unknown,Training,0
TXN0004112,23-01-2025,15735.73,INR,BES.com,BES.com,True,28%,TRUE,Utilities,1
TXN0004113,23-01-2025,6917.78,INR,-auto-debit indigo pvt ltd inv/2501/113 q1 - exp,INDIGO Pvt Ltd,True,5%,FALSE,Travel,0
TXN0004114,23-01-2025,3828.52,INR,IMP SRAPIDO Pvt Ltd BILL/2501/114 RENT - exp,RAPIDO Pvt Ltd,True,5%,FALSE,Travel,0
TXN0004115,23-01-2025,3906.16,INR,rtgs bill/2501/115 q2 - exp,ROC FEES,False,exempt,FALSE,Exempt Services,0
TXN0004116,23-01-2025,53911.2,INR,!AUTO-DEBIT IKE.a RCPT/250/1116 GST - exp- ref 2521,IKE.a,True,12%,TRUE,Office Supplies,1
TXN0004117,23-01-2025,28030.61,INR,AUTO-DEBIT WIPRO BILL/2501/117 ADV - exp /sref 3094,WIPRO,True,18%,TRUE,IT Services,0
TXN0004118,24-01-2025,5608.7,INR,STAPLES,STAPLES,True,12%,TRUE,Office Supplies,0
TXN0004119,24-01-2025,21779.9,INR,AUTO-DEBIT Coursera TAXINV/2501/119 Q1 - training exp,Coursera,True,18%,unknown,Training,0
TXN0004120,24-01-2025,4369.47,INR,rtgs zom.ato rcpt/2501/120 adv - exp,ZOM.ato,True,5%,FALSE,Meals,0
TXN0004121,24-01-2025,5105.83,INR,-auto-debit office depot taxinv/2501/121 subs - exp ref 2297,Office Depot,True,12%,TRUE,Office Supplies,0
TXN0004122,24-01-2025,26955.56,INR,!NEFT SIM.plilearn TAXINV/2501/122 RENT - exp,SIM.plilearn,True,18%,unknown,Training,0
TXN0004123,24-01-2025,11309.42,INR,RfGS SIMPLILEARN TAXINV/2501/123 SUBS - exp* ref 2224,SIMPLILEARN,True,18%,unknown,Training,0
TXN0004124,24-01-2025,7445.26,INR,IMPS MIC.rosoft TAXINV/2501/124 GST - xp,MIC.rosoft,True,18%,TRUE,Software,0
TXN0004125,24-01-2025,29188.7,INR,IMPS WIPRO INDIA PVT LTD INV/2501/125 Q2 - exp,WIPRO INDIA PVT LTD,True,18%,TRUE,IT Services,0
TXN0004126,24-01-2025,3609.84,INR,NEFT OFFICE DEPOT TAXINV/2501/126 GST - exp,OFFICE DEPOT,True,12%,TRUE,Office Supplies,0
TXN0004127,24-01-2025,10701.48,INR,IMPS AIRTEL Pvt Ltd INV/2501/127 FY25 - exp ref 7618,AIRTEL Pvt Ltd,True,18%,TRUE,Utilities,0
TXN0004128,24-01-2025,75604.36,INR,#upi indiqube bill/2501/128 adv - exp / ref 7827,Indiqube,True,18%,TRUE,Rent,0
TXN0004129,24-01-2025,6886.49,INR,rtgs staples india pvt ltd taxinv/2501/129 adv - exp,STAPLES INDIA PVT LTD,True,12%,TRUE,Office Supplies,0
TXN0004130,24-01-2025,6093.1,INR,AUTO-DEBIT OFFICE DEPOT TAXINV/2501/130 Q2 - exp* ref 3586,OFFICE DEPOT,True,12%,TRUE,Office Supplies,0
TXN0004131,24-01-2025,41860.22,INR,UPI HCL INDIA PVT LTD INV/2501/131 GST - exp,HCL INDIA PVT LTD,True,18%,TRUE,IT Services,0
TXN0004132,25-01-2025,34533.72,INR,NEFT WIPRO Pvt Ltd BILL/2501/132 FY24 - exp,WIPRO Pvt Ltd,True,18%,TRUE,IT Services,0
TXN0004133,25-01-2025,6915.01,INR,RTGS IKEA Pvt Ltd BILL/2501/133 GST r exp,IKEA Pvt Ltd,True,12%,TRUE,Office Supplies,0
TXN0004134,25-01-2025,228508.0,INR,auto-debit wip.ro rcpt/2501/134gst - exp ref 9380,WIP.ro,True,18%,TRUE,IT Services,1
TXN0004135,25-01-2025,5202.01,INR,IMPS SWIGGY TAXINV/2501/135 Q2 - exp* ref 9625,SWIGGY,True,5%,FALSE,Meals,0
TXN0004136,25-01-2025,34468.41,INR,Wipro charges,Wipro,True,18%,TRUE,IT Services,0
TXN0004137,25-01-2025,30780.27,INR,RTGS TCS Pvt Ltd BILL/2501/137 Q1 - exp,TCS Pvt Ltd,True,18%,TRUE,IT Services,0
TXN0004138,25-01-2025,13183.34,INR,#IMPS BESCOM Pvt Ltd TAXINV/2501/138 Q2 - exp,BESCOM Pvt Ltd,True,18%,TRUE,Utilities,0
TXN0004139,25-01-2025,134482.71,INR,!AUTO-DEBIT WEWORK INDIA PVT LTD BILL/2501/139 FY24 - exp,WEWORK INDIA PVT LTD,True,18%,TRUE,Rent,0
TXN0004140,25-01-2025,17376.64,INR,card microsoft bill/2501/140 gst - exp,MICROSOFT,True,18%,TRUE,Software,0
TXN0004141,25-01-2025,92403.45,INR,na,AWF.is,True,18%,TRUE,Rent,0
TXN0004142,26-01-2025,5094.09,INR, / imps microsoft rcpt/2501/142 q2 - software exp# ref 2784,MICROSOFT,True,18%,TRUE,Software,0
TXN0004143,26-01-2025,66347.27,INR,imps wework rcpt/25c1/143 fy25 - exp* ref 4477,WEWORK,True,18%,TRUE,Rent,0
TXN0004144,26-01-2025,3128.26,INR,auto-debit kfc pvt ltd taxinv/2501/144 q2 - exp,KFC Pvt Ltd,True,5%,FALSE,Meals,0
TXN0004145,26-01-2025,32970.48,INR,CARD INFY INDIA PVT LTD RCPT/2501/145 Q2 - exp,INFY INDIA PVT LTD,True,18%,TRUE,IT Services,0
TXN0004146,26-01-2025,120099.99,INR,!auto-debit wework inv/2501/146 - exp,WEWORK,True,18%,TRUE,Rent,0
TXN0004147,26-01-2025,9538.48,INR,RTGS AIR.tel RCPT/2501/147 ADV - exp* ref 4901,AIR.tel,True,18%,TRUE,Utilities,0
TXN0004148,26-01-2025,91689.16,INR,card indiqube bill/2501/148 fy25 - ex,INDIQUBE,True,18%,TRUE,Rent,0
TXN0004149,26-01-2025,133826.01,INR,/ card awfis inv/2501/149 subs - exp,AWFIS,True,18%,TRUE,Rent,0
TXN0004150,26-01-2025,3774.34,INR,upi kfc pvt ltd rcpt/2501/150 gst - exp,KFC Pvt Ltd,True,5%,FALSE,Meals,0
TXN0004151,26-01-2025,3038.39,INR, card roc. fees rcpt/2501/151 fy24 - exempt services exp,ROC. fees,False,exempt,FALSE,Exempt Services,0
TXN0004152,27-01-2025,13305.59,INR,rtgs bes.com taxinv/2501/152 fy25 - exp! ref 8609,BES.com,True,18%,TRUE,Utilities,0
TXN0004153,27-01-2025,2787.76,INR,/ CARD SWIGGY Pvt Ltd BILL/2501/153 TDS - exp,SWIGGY Pvt Ltd,True,5%,FALSE,Meals,0
TXN0004154,27-01-2025,4984.89,INR,card ikea india pvt ltd inv/2501/154 rent - ofice supplies exp,IKEA INDIA PVT LTD,True,12%,TRUE,Office Supplies,0
TXN0004155,27-01-2025,9473.95,INR,n/a,OLA,True,5%,FALSE,Travel,0
TXN0004156,27-01-2025,13948.8,INR,#neft jiofiber bill/2501/156 fy25 - exp,JIOFIBER,True,18%,TRUE,Utilities,0
TXN0004157,27-01-2025,4520.67,INR,AUTO-DEBIT STAPLES INDIA PVT LTD INV/2501/157 TDS - exp- ref 1045,STAPLES INDIA PVT LTD,True,12%,TRUE,Office Supplies,0
TXN0004158,27-01-2025,6952.27,INR,neft jiofiber taxinv/2501/158 gst - exp,JIOFIBER,True,18%,TRUE,Utilities,0
TXN0004159,27-01-2025,3176.84,INR,card uber taxinv/2501/159 adv - exp,Uber,True,5%,FALSE,Travel,0
TXN0004160,27-01-2025,5656.88,INR,*card office depot bill/2501/160 rent - exp,OFFICE DEPOT,True,12%,TRUE,Office Supplies,0
TXN0004161,27-01-2025,9920.83,INR,/ CARD BESCOM TAXINV/2501/161 Q2 - exp,BESCOM,True,18%,TRUE,Utilities,0
TXN0004162,28-01-2025,29834.23,INR,#UPI INF.y RCPT/2501/162 Q2 - it services exp,INF.y,True,18%,TRUE,IT Services,0
TXN0004163,28-01-2025,40391.73,INR,na,HCL Pvt Ltd,True,18%,TRUE,IT Services,0
TXN0004164,28-01-2025,12990.56,INR,!NEFT RA TAXINV/2501/164 ADV - exp,COURSERA,True,18%,unknown,Training,0
TXN0004165,28-01-2025,14085.54,INR,CARD BESCOM Pvt Ltd RCPT/2501/165 Q2 - exp,BESCOM Pvt Ltd,True,18%,TRUE,Utilities,0
TXN0004166,28-01-2025,10788.01,INR,upi canva india ptv ltd bill/2501/166 fy25 - exp,CANVA INDIA PVT LTD,True,18%,TRUE,Software,0
TXN0004167,28-01-2025,9889.15,INR,n/a,KSEB,True,18%,TRUE,Utilities,0
TXN0004168,28-01-2025,3033.87,INR,/ imps dom.inos bill/2501/168 q2 - exp* ref 9049,DOM.inos,True,5%,FALSE,Meals,0
TXN0004169,28-01-2025,5279.02,INR,upi off.ice depot taxinv/2501/169 q2 - exp,OFF.ice depot,True,12%,TRUE,Office Supplies,0
TXN0004170,28-01-2025,7676.98,INR,/ CARD OFFICE DEPOT TAXINV/2501/170 FY25 - exp,OFFICE DEPOT,True,12%,TRUE,Office Supplies,0
TXN0004171,28-01-2025,80368.83,INR,RTGS INDIQUBE TAXINV/2501/171 FY24 - exp,INDIQUBE,True,18%,TRUE,Rent,0
TXN0004172,28-01-2025,9162.94,INR,!NEFT JIOFIBER BILL/2501/172 RENT - exp- ref 3345,JIOFIBER,True,18%,TRUE,Utilities,0
TXN0004173,28-01-2025,6380.97,INR,upi microsoft india pvt ltd bill/2501/173 rent - exp,MICROSOFT INDIA PVT LTD,True,18%,TRUE,Software,0
TXN0004174,28-01-2025,20446.51,INR,-AUTO-DEBIT Infy INV/2501/174 Q2 - exp,Infy,True,18%,TRUE,IT Services,0
TXN0004175,29-01-2025,5337.5,INR,rtgs microsoft pvt ltd taxinv/2501/175 adv - exp# ref 4709,MICROSOFT Pvt Ltd,True,18%,TRUE,Software,0
TXN0004176,29-01-2025,24752.11,INR,card infy pvt ltd bill/2501/176 tds - exp# ref 2851,INFY Pvt Ltd,True,18%,TRUE,IT Services,0
TXN0004177,29-01-2025,4437.5,INR,Office Depot charges,Office Depot,True,12%,TRUE,Office Supplies,0
TXN0004178,29-01-2025,5048.56,INR,#IMPSSWIGGY RCPT/2501/178 TDS - meals exp! ref 9580,SWIGGY,True,5%,FALSE,Meals,0
TXN0004179,29-01-2025,7331.47,INR,!upi canva pvt ltd rcpt/2501/179 adv - exp- ref 4074,CANVA Pvt Ltd,True,18%,TRUE,Software,0
TXN0004180,29-01-2025,2101.0,INR,n/a,Zomato,True,5%,FALSE,Meals,0
TXN0004181,29-01-2025,12685.15,INR,!RTGS KSEB TAXINV/2501/181R ENT - utilities exp,KSEB,True,18%,TRUE,Utilities,0
TXN0004182,29-01-2025,2896.45,INR,UPI taples INV/2501/182 Q2 - exp,Staples,True,12%,TRUE,Office Supplies,0
TXN0004183,29-01-2025,6707.81,INR,*AUTO-DEBIT MIC.rosoft RCPT/2501s183 SUBS - software exp,MIC.rosoft,True,18%,TRUE,Software,0
TXN0004184,30-01-2025,91750.55,INR,/ IMPS Awfis TAXINV/2501/184 - exp,Awfis,True,18%,TRUE,Rent,0
TXN0004185,30-01-2025,5261.78,INR,#CARDA dobe BILL/2501/185 GST - exp,Adobe,True,18%,TRUE,Software,0
TXN0004186,30-01-2025,97182.35,INR,/ CARD WEWORK INDIA PVT LTD BILL/2501/186 FY24 - exp,WEWORK INDIA PVT LTD,True,18%,TRUE,Rent,0
TXN0004187,30-01-2025,30262.61,INR,,TEC.hm,True,18%,TRUE,IT Services,0
TXN0004188,30-01-2025,2259.66,INR,UPI SWIGGY RCPTf2501/188 Q1 - exp,SWIGGY,True,5%,FALSE,Meals,0
TXN0004189,30-01-2025,6286.68,INR,IMPS OLA INDIA PVT LTD TAXINV/2501/189 Q2 - exp,OLA INDIA PVT LTD,True,5%,unknown,Travel,1
TXN0004190,30-01-2025,5268.04,INR,auto-debit ikea bill/2501/190 subs - exp,IKEA,True,12%,TRUE,Office Supplies,0
TXN0004191,30-01-2025,23047.92,INR,#upi infy taxinv/2501/191 fy25 - exp- ref 3304,Infy,True,18%,TRUE,IT Services,0
TXN0004192,30-01-2025,72372.77,INR,auto-debit wework india pvt ltd rcpt/2501/192 fy25 - exp,WEWORK INDIA PVT LTD,True,18%,TRUE,Rent,0
TXN0004193,30-01-2025,48747.14,INR,CRAD Awfis RCPT/2501/193 FY24 - exp,Awfis,True,18%,TRUE,Rent,0
TXN0004194,30-01-2025,25391.69,INR,IMPS HCL RCPT/2501/194 RENT - exp! ref 1132,HCL,True,18%,TRUE,IT Services,0
TXN0004195,30-01-2025,5922.23,INR,IMPS Office Depot TAXINV/2501/195 ADV - office supplies exp# ref 2558,Office Depot,True,12%,FALSE,Office Supplies,1
TXN0004196,30-01-2025,55029.57,INR,-CARD TCS RCPT/2501/196 TDS - exp# ref 5028,TCS,True,18%,TRUE,IT Services,0
TXN0004197,30-01-2025,7390.95,INR,rtgs sta.ples taxinv/2501/197 adv - exp,STA.ples,True,12%,TRUE,Office Supplies,0
TXN0004198,31-01-2025,10143.66,INR,UPI BESCOM Pvt Ltd TAXINV/5201/198 TDS - exp,BESCOM Pvt Ltd,True,18%,TRUE,Utilities,0
TXN0004199,31-01-2025,90486.0,INR,neft jiofiber inv/2501/199 adv - exp,JIOFIBER,True,18%,TRUE,Utilities,1
TXN0004200,31-01-2025,19536.96,INR,UPI SIMPLILEARN BILL/2501/200 Q1 - exp,SIMPLILEARN,True,18%,unknown,Training,0
TXN0004201,31-01-2025,8307.85,INR,NEFT Microsoft INV/2501/201 FY25 - software exp,Microsoft,True,28%,TRUE,Software,1
TXN0004202,31-01-2025,13109.3,INR,neft jio.fiber inv/2501/202 rent - utilities exp,JIO.fiber,True,18%,TRUE,Utilities,0
TXN0004203,31-01-2025,13658.38,INR,NEFT Adobe TAXINV/2501/203 ADV - exp,Adobe,True,18%,TRUE,Software,0
TXN0004204,31-01-2025,15503.18,INR,UPGRAD,UPGRAD,True,18%,unknown,Training,0
TXN0004205,31-01-2025,8688.48,INR,NEFT JIO.fiber RCPT/2501/205 ADV - exp,JIO.fiber,True,18%,TRUE,Utilities,0
TXN0004206,31-01-2025,6144.85,INR,upi office depot rcpt/2501/206 subs - exp# kef 8686,Office Depot,True,12%,TRUE,Office Supplies,0
TXN0004207,31-01-2025,14494.45,INR, / IMPS JIOFIBER INDIA PVT LTD BILL/2501/207 TDS - utilities exp  ref 6913,JIOFIBER INDIA PVT LTD,True,18%,TRUE,Utilities,0
TXN0004208,31-01-2025,3549.47,INR,neft ikea pvt ltd rcpt/2501/208 subs - exp- rex 1980,IKEA Pvt Ltd,True,12%,TRUE,Office Supplies,0
TXN0004209,31-01-2025,29682.51,INR,rtgs simplilearn pvt ltd taxinv/2501/209 gst - exp,SIMPLILEARN Pvt Ltd,True,18%,unknown,Training,0
TXN0004210,31-01-2025,66258.6,INR,-card tcs india pvt ltd taxinv/2501/210 fy2 4- exp,TCS INDIA PVT LTD,True,18%,TRUE,IT Services,0
TXN0004211,31-01-2025,61644.29,INR,auto-debit wework inv/2501/211 q1 - exp,WEWORK,True,18%,TRUE,Rent,0
TXN0004212,01-02-2025,4589.48,INR,,ROC FEES,False,exempt,FALSE,Exempt Services,0
TXN0004213,01-02-2025,8127.09,INR,AUTO-DEBIT ADO.be RCPT/25022/13 RENT - exp,ADO.be,True,18%,TRUE,Software,0
TXN0004214,01-02-2025,10948.19,INR,RTGS JIOFIBER TAXINV/2502/214 ADV - exp,JIOFIBER,True,18%,TRUE,Utilities,0
TXN0004215,01-02-2025,25244.56,INR,IMPS SIMPLILEARN Pvt Ltd BILL/2502/215 ADV - exp ref 7147,SIMPLILEARN Pvt Ltd,True,18%,unknown,Training,0
TXN0004216,01-02-2025,5589.16,INR,upi ube.r inv/2502/216 fy25 - exp# ref 5550,UBE.r,True,5%,FALSE,Travel,0
TXN0004217,01-02-2025,7167.95,INR,imps office depot bill/2502/217 rent - office supplies exp,Office Depot,True,12%,TRUE,Office Supplies,0
TXN0004218,01-02-2025,4237.49,INR,AUTO-DEBIT STAPLES RCPT/2502/218 SUBS - exp ref 6947,STAPLES,True,12%,TRUE,Office Supplies,0
TXN0004219,01-02-2025,47721.68,INR,UPI WIP.ro INV/2502/219 TDS - exp,WIP.ro,True,18%,TRUE,IT Services,0
TXN0004220,01-02-2025,35909.73,INR,rtgs infy taxinv/2502/220 subs -e xp,INFY,True,18%,TRUE,IT Services,0
TXN0004221,01-02-2025,11010.64,INR,CARD AIRTEL INDIA PVT LTD INV/2502/221 FY24 - exp- ref 8079,AIRTEL INDIA PVT LTD,True,18%,TRUE,Utilities,0
TXN0004222,01-02-2025,10690.87,INR,Staples,Staples,True,12%,TRUE,Office Supplies,0
TXN0004223,01-02-2025,38277.62,INR, neft infy taxinv/2502/223 q1 - it services exp,Infy,True,18%,TRUE,IT Services,0
TXN0004224,01-02-2025,3569.13,INR,!RTGS RAPIDO RCPT/2502/224 RENT - exp,RAPIDO,True,5%,FALSE,Travel,0
TXN0004225,01-02-2025,17696.49,INR, ,SIMPLILEARN Pvt Ltd,True,18%,unknown,Training,0
TXN0004226,01-02-2025,4378.37,INR,/ CARD CANVA RCPT/2502/226 FY24 - exp,CANVA,True,18%,TRUE,Software,0
TXN0004227,02-02-2025,68949.78,INR,/ NEFT Awfis BILL/2502/227 FY25 - exp,Awfis,True,18%,TRUE,Rent,0
TXN0004228,02-02-2025,7391.7,INR,*IMPS MICROSOFT INDIA PVT LTD BILL/2502/228 TDS - exp,MICROSOFT INDIA PVT LTD,True,18%,TRUE,Software,0
TXN0004229,02-02-2025,76891.97,INR,IMPS Wework TAXINV/2502/229 FY25 - exp / ref 6481,Wework,True,18%,TRUE,Rent,0
TXN0004230,02-02-2025,24215.46,INR,*CARD AIRTEL INV/2502/230 RENT - exp,AIRTEL,True,18%,TRUE,Utilities,0
TXN0004231,02-02-2025,36062.18,INR,/ AUTO-DEBIT INFY INDIA PVT LTD INV/252/231 RENT - exp,INFY INDIA PVT LTD,True,18%,TRUE,IT Services,0
TXN0004232,02-02-2025,10687.91,INR,/ UPI CANVA INDIA PVT LTD INV/2502/232 RENT - exp,CANVA INDIA PVT LTD,True,18%,TRUE,Software,0
TXN0004233,02-02-2025,5324.92,INR,rtgs ike.a rcpt/2502/2u3 rent - exp,IKE.a,True,12%,TRUE,Office Supplies,0
TXN0004234,02-02-2025,83067.71,INR,AWFIS,AWFIS,True,18%,TRUE,Rent,0
TXN0004235,02-02-2025,8779.76,INR,INDIGO charges,INDIGO,True,5%,FALSE,Travel,0
TXN0004236,02-02-2025,51785.85,INR,auto-debit infy tainv/2502/236 gst - exp! ref 7147,Infy,True,18%,TRUE,IT Services,0
TXN0004237,02-02-2025,9255.35,INR,AUTO-DEBIT BESCOM INV/2502/237 GST - exp,BESCOM,True,18%,TRUE,Utilities,0
TXN0004238,02-02-2025,9164.9,INR,RTGS ADOBE INV/2502/238 ADV - exp,ADOBE,True,18%,TRUE,Software,0
TXN0004239,02-02-2025,73317.32,INR, / AUTO-DEBIT AWF.is TAXINV/2502/239 TDS - rent exp,AWF.is,True,18%,TRUE,Rent,0
TXN0004240,02-02-2025,11117.04,INR,#UPI JIOFIBER INDIA PVT LTD INV/2502/240 FY25 - utilities exp,JIOFIBER INDIA PVT LTD,True,18%,TRUE,Utilities,0
TXN0004241,02-02-2025,26446.44,INR,!upi wipro india pvt ltd rcpt/2502/241 fy24 - exp,WIPRO INDIA PVT LTD,True,18%,TRUE,IT Services,0
TXN0004242,02-02-2025,4253.91,INR,n/a,ADOBE Pvt Ltd,True,18%,TRUE,Software,0
TXN0004243,03-02-2025,46042.05,INR,/ NEFT HCL INV/2502/243 RENT - exp,HCL,True,18%,TRUE,IT Services,0
TXN0004244,03-02-2025,62658.79,INR,Indiqube charges,Indiqube,True,28%,TRUE,Rent,1
TXN0004245,03-02-2025,8888.86,INR,/ IMPS IKEA BILL/2502/245 Q2 - exp! ref 5432,IKEA,True,12%,TRUE,Office Supplies,0
TXN0004246,03-02-2025,4419.49,INR,auto-debit ube.r bill/2502/246 fy25 - exp! ref 2230,UBE.r,True,5%,FALSE,Travel,0
TXN0004247,03-02-2025,9089.63,INR,CARD BESCOM TAXINV/2502/247 Q1 - exp,BESCOM,True,18%,TRUE,Utilities,0
TXN0004248,03-02-2025,21669.66,INR,Hcl charges,Hcl,True,18%,TRUE,IT Services,0
TXN0004249,03-02-2025,33831.66,INR,/ rtgs techm rcpt/2502/249 subs - exp,TECHM,True,18%,TRUE,IT Services,0
TXN0004250,03-02-2025,44583.55,INR,RTGS INFY Pvt Ltd BILL/2502/250 FY24 - exp,INFY Pvt Ltd,True,18%,TRUE,IT Services,0
TXN0004251,03-02-2025,7637.32,INR,-UPI STAPLES Pvt Ltd BILL/2502/251 RENT - exp,STAPLES Pvt Ltd,True,12%,TRUE,Office Supplies,0
TXN0004252,03-02-2025,54719.97,INR,imps techm bill/2502/252 fy25 - exp,TECHM,True,18%,TRUE,IT Services,0
TXN0004253,03-02-2025,81411.23,INR,!card indiqube pvt ltd rcpt/2502/253 fy25 - rent exp,INDIQUBE Pvt Ltd,True,5%,TRUE,Rent,1
TXN0004254,03-02-2025,3063.69,INR,ZOMATO Pvt Ltd,ZOMATO Pvt Ltd,True,5%,FALSE,Meals,0
TXN0004255,03-02-2025,30882.71,INR,/ CARD INFY TAXINV/2502/255 ADV - xep,INFY,True,18%,TRUE,IT Services,0
TXN0004256,03-02-2025,5531.41,INR,IMPS OFF.ice depot BILL/2502/256 FY24 - exp ref 3116,OFF.ice depot,True,12%,TRUE,Office Supplies,0
TXN0004257,03-02-2025,24356.0,INR,#rtgs infy pvt ltd rcpt/2502/257 q1 - exp# ref 2354,INFY Pvt Ltd,True,18%,TRUE,IT Services,0
TXN0004258,04-02-2025,25726.34,INR, RTGS SIMPLILEARN BILL/2502/258 TDS - trainng exp,SIMPLILEARN,True,18%,unknown,Training,0
TXN0004259,04-02-2025,17585.97,INR,upi kseb india pvt ltd taxinv/2502/259 gst - exp,KSEB INDIA PVT LTD,True,18%,TRUE,Utilities,0
TXN0004260,04-02-2025,5200.37,INR,card can.va inv/2502/260 fy25 - software exp,CAN.va,True,18%,TRUE,Software,0
TXN0004261,04-02-2025,12889.32,INR,RTGS JIOFIBER INV/2502/261 ADV - exp# ref 9863,JIOFIBER,True,18%,TRUE,Utilities,0
TXN0004262,04-02-2025,13526.3,INR,#imps mic.rjsoft rcpt/2502/262 fy25 - exp,MIC.rosoft,True,18%,TRUE,Software,0
TXN0004263,04-02-2025,8139.69,INR,na,MICROSOFT INDIA PVT LTD,True,18%,TRUE,Software,0
TXN0004264,04-02-2025,35207.35,INR,#IMPS Infy TAXINV/2502/264 FY24 - exp,Infy,True,18%,TRUE,IT Services,0
TXN0004265,04-02-2025,35986.04,INR,WIP.ro,WIP.ro,True,18%,TRUE,IT Services,0
TXN0004266,04-02-2025,5864.16,INR,!AUTO-DEBIT Rapido BILL/2502/266 TDS - travel exp /  ref 5953,Rapido,True,5%,FALSE,Travel,0
TXN0004267,04-02-2025,14313.77,INR,rtgs upgrad rcpt/2502/267 tds - edp ref 1508,UPGRAD,True,18%,unknown,Training,0
TXN0004268,04-02-2025,93446.63,INR,IMPS INDIQUBE Pvt Ltd RCPT/2502/268 SUBS - exp# ref 8269,INDIQUBE Pvt Ltd,True,18%,TRUE,Rent,0
TXN0004269,04-02-2025,4954.16,INR,IMPS RAPIDO Pvt Ltd TAXINV/2502/269 TDS - exp,RAPIDO Pvt Ltd,True,5%,FALSE,Travel,0
TXN0004270,04-02-2025,81984.2,INR,neft indiqube inv/2502/270 q2 - exp- ref 4191,INDIQUBE,True,18%,TRUE,Rent,0
TXN0004271,04-02-2025,10986.7,INR,CARD CANVA BILL/2502/271 Q1 - software exp! ref 5653,CANVA,True,18%,TRUE,Software,0
TXN0004272,04-02-2025,7850.97,INR, / impsk seb inv/2502/272 adv - utilities exp /  ref 1500,KSEB,True,18%,TRUE,Utilities,0
TXN0004273,04-02-2025,58407.25,INR,RTGS WIPRO Pvt Ltd TAXINV/2502/273 SUBS - it services exp,WIPRO Pvt Ltd,True,18%,TRUE,IT Services,0
TXN0004274,05-02-2025,11870.38,INR,-auto-debit airtel inv/2502/274 tds - exp,AIRTEL,True,18%,TRUE,Utilities,0
TXN0004275,05-02-2025,20773.42,INR,#upi upgrad pvt ltd taxinv/2502/275g st - exp* ref 9336,UPGRAD Pvt Ltd,True,18%,unknown,Training,0
TXN0004276,05-02-2025,8285.09,INR, ,CANVA Pvt Ltd,True,18%,TRUE,Software,0
TXN0004277,05-02-2025,2996.09,INR,-CARD Indigo TAXINV/5202/277 FY24 - travel exp* ref 6502,Indigo,True,5%,FALSE,Travel,0
TXN0004278,05-02-2025,34282.71,INR,/ auao-debit wipro bill/2502/278 fy24 - exp,WIPRO,True,18%,TRUE,IT Services,0
TXN0004279,05-02-2025,4151.61,INR,RAPIDO Pvt Ltd charges,RAPIDO Pvt Ltd,True,5%,FALSE,Travel,0
TXN0004280,05-02-2025,47002.74,INR,IMPS INFY INDIA PVT LTD INV/2502/280 Q1 - exp,INFY INDIA PVT LTD,True,18%,TRUE,IT Services,0
TXN0004281,05-02-2025,5018.34,INR,auto-debit office depot pvt ltd bill/2502/281 adv - exp,OFFICE DEPOT Pvt Ltd,True,12%,TRUE,Office Supplies,0
TXN0004282,05-02-2025,102094.89,INR,IMPS INDIQUBE INDIA PVT LTD BILL/2502/282 - exp,INDIQUBE INDIA PVT LTD,True,18%,TRUE,Rent,0
TXN0004283,05-02-2025,34691.33,INR,IMPS WIPRO INDIA PVT LTD BILL/2502/283 ADV - it services exp,WIPRO INDIA PVT LTD,True,18%,TRUE,IT Services,0
TXN0004284,06-02-2025,4840.23,INR,#imps kfc inv/2502/284 rent - meals exp /  ref 8080,Kfc,True,5%,FALSE,Meals,0
TXN0004285,06-02-2025,30398.54,INR,UPI INFY INDIA PVT LTD RCPT/2502/285 FY25 - it services exp,INFY INDIA PVT LTD,True,18%,TRUE,IT Services,0
TXN0004286,06-02-2025,4149.85,INR,AUTO-DEBIT IKE.a INV/2502/286 Q1 - exp,IKE.a,True,12%,TRUE,Office Supplies,0
TXN0004287,06-02-2025,93953.78,INR,-,INDIQUBE Pvt Ltd,True,18%,TRUE,Rent,0
TXN0004288,06-02-2025,42169.92,INR,RTGS TCS RCPT/2t02/288 SUBS - exp,TCS,True,18%,TRUE,IT Services,0
TXN0004289,06-02-2025,6479.6,INR,Microsoft charges,Microsoft,True,18%,TRUE,Software,0
TXN0004290,06-02-2025,46246.75,INR,NEFT TCS Pvt Ltd RCPT/2502/290 TDS - exp,TCS Pvt Ltd,True,18%,TRUE,IT Services,0
TXN0004291,06-02-2025,33771.95,INR,UPI INFY INV/2502/291 RENT - exp# ref 4214,INFY,True,18%,TRUE,IT Services,0
TXN0004292,06-02-2025,4996.29,INR,CARD Staples TAXINV/2502/292 ADV - office supplies exp,Staples,True,12%,TRUE,Office Supplies,0
TXN0004293,06-02-2025,39984.21,INR,NEFT SIMPLILEARN INDIA PVT LTD BILL/2502/293 Q2 - exp,SIMPLILEARN INDIA PVT LTD,True,18%,unknown,Training,0
TXN0004294,06-02-2025,32826.34,INR,upi wipro rcpt/2502/294 rent - exp,WIPRO,True,5%,TRUE,IT Services,1
TXN0004295,06-02-2025,23155.08,INR,-CARD TCS RCPT/2502/295 RENT - exp! ref 3437,TCS,True,18%,TRUE,IT Services,0
TXN0004296,06-02-2025,26979.92,INR,RTGS TECHM Pvt Ltd TAXINV/2502/296 RENT - exp,TECHM Pvt Ltd,True,18%,TRUE,IT Services,0
TXN0004297,07-02-2025,3514.9,INR,IKEA,IKEA,True,12%,TRUE,Office Supplies,0
TXN0004298,07-02-2025,36977.01,INR,!NEFT Wework BILL/2052/298 - exp* ref 6397,Wework,True,18%,TRUE,Rent,0
TXN0004299,07-02-2025,5104.64,INR,na,IKEA INDIA PVT LTD,True,12%,TRUE,Office Supplies,0
TXN0004300,07-02-2025,15661.7,INR,/ AUTO-DEBIT UPG.rad RCPT/2502/300 FY25 - exp* ref 4313,UPG.rad,True,18%,unknown,Training,0
TXN0004301,07-02-2025,14090.47,INR,RTGS JIOFIBER INV/2502/301 SUBS - exp,JIOFIBER,True,18%,TRUE,Utilities,0
TXN0004302,07-02-2025,8595.11,INR,n/a,INDIGO Pvt Ltd,True,5%,FALSE,Travel,0
TXN0004303,07-02-2025,84841.96,INR,INDIQUBE charges,INDIQUBE,True,18%,TRUE,Rent,0
TXN0004304,07-02-2025,25116.88,INR,UPI SIMPLILEARN INV/2502/304 TDS - training exp,SIMPLILEARN,True,18%,unknown,Training,0
TXN0004305,07-02-2025,7127.31,INR,-upi bes.com bill/2502/305 fy24 - exp / ref 9833,BES.com,True,18%,TRUE,Utilities,0
TXN0004306,07-02-2025,6883.26,INR,*neft adobe inv/2502/306 gst - exp ref r067,Adobe,True,18%,TRUE,Software,0
TXN0004307,07-02-2025,5074.73,INR,card sta.phes taxinv/2502/307 rent - exp ref 2930,STA.ples,True,12%,TRUE,Office Supplies,0
TXN0004308,07-02-2025,3722.3,INR,upi kfc inv/2502/308q 1 - exp / ref 1162,Kfc,True,5%,FALSE,Meals,0
TXN0004309,07-02-2025,5040.5,INR,/ UPI OLA IBLL/2502/309 Q2 - exp,OLA,True,5%,FALSE,Travel,0
TXN0004310,07-02-2025,41465.94,INR,CARD INF.y BILL/2502/310 SUBS - exp- ref 5693,INF.y,True,18%,TRUE,IT Services,0
TXN0004311,07-02-2025,58610.52,INR,!card indiqube taxinv/2502/311 gst - exp,Indiqube,True,18%,TRUE,Rent,0
TXN0004312,08-02-2025,12086.3,INR,AUTO-DEBIT Jiofiber RCPT/2502/312 SUBS - exp,Jiofiber,True,18%,TRUE,Utilities,0
TXN0004313,08-02-2025,4836.33,INR,*imps indigo bill/2502/313 fy24 - exp,Indigo,True,5%,FALSE,Travel,0
TXN0004314,08-02-2025,4281.57,INR,*auto-debit ikea rcpt/2502/314 adv - exp,IKEA,True,12%,TRUE,Office Supplies,0
TXN0004315,08-02-2025,47004.91,INR,/ neft indiqube pvt ltd taxinv/2502/315 subs - exp,INDIQUBE Pvt Ltd,True,18%,TRUE,Rent,0
TXN0004316,08-02-2025,41146.67,INR, ,WIPRO INDIA PVT LTD,True,18%,TRUE,IT Services,0
TXN0004317,08-02-2025,3047.53,INR,RTGS KFC BILL/2502/317 GST - exp,KFC,True,5%,FALSE,Meals,0
TXN0004318,08-02-2025,44699.03,INR,RTGS INFY Pvt Ld BILL/2502/318 Q2 - exp* ref 1321,INFY Pvt Ltd,True,18%,TRUE,IT Services,0
TXN0004319,08-02-2025,10227.19,INR,auto-debit offic edepot bill/2502/319 tds - exp / ref 4732,OFFICE DEPOT,True,12%,TRUE,Office Supplies,0
TXN0004320,08-02-2025,27392.39,INR,*NEFT Wipro BILL/2502/320 TDS - exp,Wipro,True,18%,TRUE,IT Services,0
TXN0004321,08-02-2025,75860.16,INR,imps awfis india pvt ltd taxinv/2502/321 q1 - exp,AWFIS INDIA PVT LTD,True,18%,TRUE,Rent,0
TXN0004322,08-02-2025,13178.2,INR,UPI KSEB INV/2502/322 RENT - exp,KSEB,True,18%,TRUE,Utilities,0
TXN0004323,08-02-2025,75053.57,INR,-rtgs awfis bill/2502/323 q2 - exp# ref 6422,AWFIS,True,18%,TRUE,Rent,0
TXN0004324,08-02-2025,87796.52,INR, / card indiqube pvt ltd inv/25a2/324 tds - rent exp,INDIQUBE Pvt Ltd,True,18%,TRUE,Rent,0
TXN0004325,08-02-2025,42881.41,INR,upi wipro india pvt ltd rcpt/2502/325 subs - ex pref 5374,WIPRO INDIA PVT LTD,True,18%,TRUE,IT Services,0
TXN0004326,08-02-2025,78717.59,INR,#IMPS WEWORK BILL/2502/326 TDS - exp,WEWORK,True,18%,TRUE,Rent,0
TXN0004327,08-02-2025,21254.92,INR,rtgs wipro taxinv/2502/327 fy25 - exp* ref 3626,WIPRO,True,18%,TRUE,IT Services,0
TXN0004328,08-02-2025,14643.29,INR,JIOFIBER charges,JIOFIBER,True,18%,TRUE,Utilities,0
TXN0004329,09-02-2025,16030.75,INR,RTGS AIRTELeRCPT/2502/329 TDS - exp* ref 5858,AIRTEL,True,18%,TRUE,Utilities,0
TXN0004330,09-02-2025,9624.05,INR,-AUTO-DEBIT Jiofiber BILL/2502/330 FY25 - exp / ref 9927,Jiofiber,True,18%,TRUE,Utilities,0
TXN0004331,09-02-2025,123204.71,INR,AUTO-DEBIT AWF.is TAXIlV/2502/331 SUBS - rent exp,AWF.is,True,18%,TRUE,Rent,0
TXN0004332,09-02-2025,4470.15,INR,UPI Ikea RCPT/2502/332 Q1 -exp,Ikea,True,12%,TRUE,Office Supplies,0
TXN0004333,09-02-2025,21316.96,INR,neft jio.fiber bill/2502/333 q2 - exp- ref 9520,JIO.fiber,True,18%,TRUE,Utilities,0
TXN0004334,09-02-2025,15706.07,INR,CARD UPG.rad INV/2502/334 Q1 - exp,UPG.rad,True,18%,unknown,Training,0
TXN0004335,09-02-2025,10042.24,INR,#rtes adobe india pvt ltd taxinv/2502/335 fy24 - software exp,ADOBE INDIA PVT LTD,True,18%,TRUE,Software,0
TXN0004336,09-02-2025,11809.38,INR,rtgs airtel bill/2502/336 q2 - exp ref 4290,AIRTEL,True,18%,TRUE,Utilities,0
TXN0004337,09-02-2025,5318.45,INR,auto-debit sta.ples inv/2502/337 gst - exp,STA.ples,True,12%,TRUE,Office Supplies,0
TXN0004338,09-02-2025,44977.16,INR,#NEFz AWF.is TAXINV/2502/338 FY25 - exp- ref 4309,AWF.is,True,18%,TRUE,Rent,0
TXN0004339,09-02-2025,13964.72,INR,neft ra inv/2502/339 adv - exp# ref 5376,COURSERA,True,18%,unknown,Training,1
TXN0004340,09-02-2025,4995.21,INR,AUTO-DEBIT OFFICE DEPOT RCPT/2502/340 GST - exp* ref 6738,OFFICE DEPOT,True,12%,TRUE,Office Supplies,0
TXN0004341,09-02-2025,3183.06,INR,#imps kfc bill/2502/341 fy25 - meals exp- ref 3817,KFC,True,5%,FALSE,Meals,0
TXN0004342,09-02-2025,34496.13,INR,Infy charges,Infy,True,18%,TRUE,IT Services,0
TXN0004343,09-02-2025,67975.98,INR,ARD WEWORK Pvt Ltd BILL/2502/343 ADV - exp,WEWORK Pvt Ltd,True,18%,TRUE,Rent,0
TXN0004344,10-02-2025,2737.55,INR,#CARD Ola BILL/2502/344 GST - travel exp,Ola,True,5%,FALSE,Travel,0
TXN0004345,10-02-2025,19451.0,INR,#UPI TECHM INDIA PVT LTD INV/2502/345 ADV - exp,TECHM INDIA PVT LTD,True,18%,TRUE,IT Services,0
TXN0004346,10-02-2025,3391.92,INR,upi zomato pvt ltd bill/2502/346 fy24 - exp! ref 7538,ZOMATO Pvt Ltd,True,5%,FALSE,Meals,0
TXN0004347,10-02-2025,31273.39,INR,UPI TECHM INDIA PVT LTD RCPT/2502/347 Q1 - it services exp! ref 3683,TECHM INDIA PVT LTD,True,18%,TRUE,IT Services,0
TXN0004348,10-02-2025,37098.68,INR,RTGS INFY BILL/2502/348 FY24 - exp ref 1042,INFY,True,18%,TRUE,IT Services,0
TXN0004349,10-02-2025,22284.64,INR,NEFT JIOFIBER INDIA PVT LTD INV/2502/349 TDS - exp,JIOFIBER INDIA PVT LTD,True,18%,TRUE,Utilities,0
TXN0004350,10-02-2025,12279.5,INR,card simplilearn pvt ltd inv/2502/350 gst - exp,SIMPLILEARN Pvt Ltd,True,18%,unknown,Training,0
TXN0004351,10-02-2025,52700.86,INR,RTGS INFY TAXINV/2502/351 GST - exp! ref 9614,INFY,True,18%,TRUE,IT Services,0
TXN0004352,10-02-2025,6274.49,INR,imps adobe taxinv/2502/352 q1 - exp# ref 4897,Adobe,True,18%,TRUE,Software,0
TXN0004353,10-02-2025,34653.58,INR,NEFT INFYP vt Ltd TAXINV/2502/353 Q1 - exp,INFY Pvt Ltd,True,18%,TRUE,IT Services,0
TXN0004354,10-02-2025,3373.72,INR,neft sta.ples taxinv/2502/354 q1 - exp,STA.ples,True,12%,TRUE,Office Supplies,0
TXN0004355,10-02-2025,2226.19,INR,ZOM.ato charges,ZOM.ato,True,5%,FALSE,Meals,0
TXN0004356,10-02-2025,10446.85,INR,RTGS BESCOM BILL/2502/356 SUBS - exp,BESCOM,True,18%,TRUE,Utilities,0
TXN0004357,10-02-2025,74257.26,INR, IMPS INDIQUBE TAXIN/2502/357 ADV - rent exp,INDIQUBE,True,18%,TRUE,Rent,0
TXN0004358,10-02-2025,9116.6,INR,/ AUTO-DEBIT IKEA INV/2502/358 Q2 - exp,IKEA,True,12%,TRUE,Office Supplies,0
TXN0004359,11-02-2025,42875.59,INR,#AUTO-DEBIT WIPRO INV/2502/359 RENT - exp,WIPRO,True,18%,TRUE,IT Services,0
TXN0004360,11-02-2025,24856.45,INR,NEFT INFY RCPT/2502/360 RENT - exp,INFY,True,18%,TRUE,IT Services,0
TXN0004361,11-02-2025,58007.22,INR,-auto-debit wework pvt ltd inv/2502/361 adv - rent exp,WEWORK Pvt Ltd,True,18%,TRUE,Rent,0
TXN0004362,11-02-2025,7864.12,INR,AUTO-DEBIT JIOFIBER INDIA PVT LTD BILL/2502/362 Q2 - exp* ref 5925,JIOFIBER INDIA PVT LTD,True,18%,TRUE,Utilities,0
TXN0004363,11-02-2025,12137.79,INR,-upi jiofiber pvt ltd inv/2502/363 ren t- exp,JIOFIBER Pvt Ltd,True,18%,TRUE,Utilities,0
TXN0004364,11-02-2025,1884.02,INR,/ UPI DOMINOS TAXINV/2502/364 Q1 - exp,DOMINOS,True,5%,FALSE,Meals,0
TXN0004365,11-02-2025,5487.29,INR,rtgs rapdo rcpt/2502/365 fy25 - exp / ref 1463,RAPIDO,True,5%,FALSE,Travel,0
TXN0004366,11-02-2025,41766.79,INR,rtgs techm rcpt/2502/366 tds - it services exp,TECHM,True,18%,TRUE,IT Services,0
TXN0004367,11-02-2025,8090.89,INR,*RTGS STAPLES INDIA PVT LTD TAXINV/2502/367 GST - exp! ref 9569,STAPLES INDIA PVT LTD,True,12%,TRUE,Office Supplies,0
TXN0004368,11-02-2025,4522.28,INR,AUTO-DEBIT RAPIDO BILL/2502/368 FY25 - travel exp  ref 8143,RAPIDO,True,5%,FALSE,Travel,0
TXN0004369,11-02-2025,80613.91,INR,UPI WEW.ork TAXINV/2502/369 - exp,WEW.ork,True,18%,TRUE,Rent,0
TXN0004370,11-02-2025,3999.04,INR,CARD IND.igo INV/2502/370 Q2 - travel exp,IND.igo,True,5%,FALSE,Travel,0
TXN0004371,11-02-2025,5909.45,INR,-NEFT STAPLES Pvt Ltd BILL/2502/371 RENT - office supplies exp  ref 7373,STAPLES Pvt Ltd,True,12%,TRUE,Office Supplies,0
TXN0004372,11-02-2025,30170.73,INR,!RTGS Wipro TAXINV/2502/372 FY25 - exp,Wipro,True,18%,TRUE,IT Services,0
TXN0004373,11-02-2025,3830.36,INR,*auto-debit rcpt/2502/373 q2 - exp / ref 2869,Stamp Duty,False,exempt,FALSE,Exempt Services,0
TXN0004374,11-02-2025,127128.04,INR,rtgs wework bill/2502/374 subs - exp ref 9476,WEWORK,True,18%,TRUE,Rent,0
TXN0004375,11-02-2025,109725.35,INR,#NEFT INDIQUBE TAXINV/2502/375 Q1 - exp! ref 7424,INDIQUBE,True,18%,TRUE,Rent,0
TXN0004376,11-02-2025,10476.67,INR,RTGS BES.com RCPT/2502/376 TDS - exp,BES.com,True,18%,TRUE,Utilities,0
TXN0004377,11-02-2025,64663.52,INR,-CARD TCS INV/2502/377 ADV - it services exp,TCS,True,18%,TRUE,IT Services,0
TXN0004378,12-02-2025,40297.92,INR,rtgs ikea rcpt/2502/378 adv - exp,IKEA,True,12%,TRUE,Office Supplies,1
TXN0004379,12-02-2025,22397.93,INR,CARD SIMPLILEARN INDIA PVT LTD TAXINV/2502/379 SUBS - exp,SIMPLILEARN INDIA PVT LTD,True,18%,unknown,Training,0
TXN0004380,12-02-2025,106869.12,INR,AUTO-DEBIT WEWORK BILL/2502/380 FY24 - rent exp,WEWORK,True,18%,TRUE,Rent,0
TXN0004381,12-02-2025,17064.97,INR,IMPS TCS INDIA PVT LTD RCPT/2502/381 SUBS - exp ref 6622,TCS INDIA PVT LTD,True,18%,TRUE,IT Services,0
TXN0004382,12-02-2025,4519.22,INR,na,STA.mp duty,False,exempt,FALSE,Exempt Services,0
TXN0004383,12-02-2025,55128.3,INR,!NEFT Techm TAXINV/2502/383 GST - exp,Techm,True,18%,TRUE,IT Services,0
TXN0004384,12-02-2025,23524.26,INR,RTGS HCL INV/2502/384 FY25 - exp,HCL,True,18%,TRUE,IT Services,0
TXN0004385,12-02-2025,5569.44,INR,ARD STA.ples INV/2502/385 SUBS - exp,STA.ples,True,12%,TRUE,Office Supplies,0
TXN0004386,12-02-2025,8360.13,INR,RTGS Microsoft BILL/2502/386 Q2 - exp* ref 8234,Microsoft,True,18%,TRUE,Software,0
TXN0004387,12-02-2025,40040.54,INR,AUTO-DEBIT Techm INV/2502/387 Q2 - exp,Techm,True,18%,TRUE,IT Services,0
TXN0004388,12-02-2025,9900.75,INR,!AUTO-DEBIT AIRTEL INDIA PVTpLTD TAXINV/2502/388 FY24 - exp! ref 2565,AIRTEL INDIA PVT LTD,True,18%,TRUE,Utilities,0
TXN0004389,12-02-2025,74067.2,INR,*auto-debit awfis pvt ltd bill/2502/389 q2 - rent exp,AWFIS Pvt Ltd,True,18%,TRUE,Rent,0
TXN0004390,12-02-2025,7190.16,INR,IMPS GOV.t fees RCPT/2502/390 GST - exp / ref 7223,GOV.t fees,False,exempt,FALSE,Exempt Services,0
TXN0004391,13-02-2025,37812.4,INR,RTGS TECHM TAXINV/2502/31 Q2 - exp,TECHM,True,18%,TRUE,IT Services,0
TXN0004392,13-02-2025,41337.27,INR,n/a,Infy,True,18%,TRUE,IT Services,0
TXN0004393,13-02-2025,3165.9,INR,#rtgs dominos india pvt ltd rcpt/2502/393 f24 - exp,DOMINOS INDIA PVT LTD,True,5%,FALSE,Meals,0
TXN0004394,13-02-2025,18770.64,INR,RTGS SIMPLILEARN BILL/2502/394 ADV - training exp,SIMPLILEARN,True,18%,unknown,Training,0
TXN0004395,13-02-2025,6147.53,INR,#UPI Staples RCPT/2502/395 RENT - exp,Staples,True,12%,TRUE,Office Supplies,0
TXN0004396,13-02-2025,18905.16,INR,RTGS SIMPLILEARN TAXINV/2502/396 TDS - training exp,SIMPLILEARN,True,18%,unknown,Training,0
TXN0004397,13-02-2025,9771.71,INR,na,KSEB,True,18%,TRUE,Utilities,0
TXN0004398,13-02-2025,3177.73,INR,auto-debit dominos bill/2502/398 gst - exp,Dominos,True,5%,FALSE,Meals,0
TXN0004399,13-02-2025,8865.99,INR,UPI Office Depot RCPT/2502/399 GST - exp,Office Depot,True,12%,TRUE,Office Supplies,0
TXN0004400,13-02-2025,13479.46,INR,!card bes.com taxinv/2502i400 subs - exp,BES.com,True,18%,TRUE,Utilities,0
TXN0004401,13-02-2025,141052.47,INR,RTGS AWFIS BILL/2502/401 RENT - rent exp,AWFIS,True,18%,TRUE,Rent,0
TXN0004402,13-02-2025,40138.02,INR,Infy charges,Infy,True,18%,TRUE,IT Services,0
TXN0004403,13-02-2025,9357.25,INR,IMPS FIGMA INV/2502/403 SUBS - exp,FIGMA,True,18%,TRUE,Software,0
TXN0004404,13-02-2025,35714.59,INR,AUTO-DEBIT INF.y INV/2502/404 FY25 - exp,INF.y,True,18%,TRUE,IT Services,0
TXN0004405,13-02-2025,89265.75,INR,/ UPI INDIQUBE RCPT/2502/450 ADV - exp,INDIQUBE,True,18%,TRUE,Rent,0
TXN0004406,13-02-2025,23296.46,INR,RTGS WIPRO Pvt Ltd RCPT/2502/406 Q1 - exp! ref 3326,WIPRO Pvt Ltd,True,18%,TRUE,IT Services,0
TXN0004407,14-02-2025,52730.39,INR, ,INF.y,True,18%,TRUE,IT Services,0
TXN0004408,14-02-2025,68272.58,INR,-neft indiqube taxinv/2502/408 adv - exp,Indiqube,True,18%,TRUE,Rent,0
TXN0004409,14-02-2025,5897.53,INR,rtgs indigo rcpt/a502/409 fy24 - exp,INDIGO,True,5%,FALSE,Travel,0
TXN0004410,14-02-2025,6267.6,INR,*IMPS INDIGO Pvt Ltd RCPT/2502/410 ADV - exp,INDIGO Pvt Ltd,True,5%,FALSE,Travel,0
TXN0004411,14-02-2025,167118.44,INR,imps wework taxinv/2502/411 tds - exp / ref 7838,Wework,True,18%,TRUE,Rent,0
TXN0004412,14-02-2025,5061.28,INR,RAPIDO Pvt Ltd charges,RAPIDO Pvt Ltd,True,5%,FALSE,Travel,0
TXN0004413,14-02-2025,4485.13,INR,imps microsoft inv/2502/413 rent - exp,MICROSOFT,True,18%,TRUE,Software,0
TXN0004414,14-02-2025,13676.86,INR,rtgs airtel taxinv/2502/414 fy25 - exp / ref 3895,AIRTEL,True,18%,TRUE,Utilities,0
TXN0004415,14-02-2025,8271.51,INR,#CARD BESCOM TAXINV/2502/415 Q2 - exp,BESCOM,True,18%,TRUE,Utilities,0
TXN0004416,14-02-2025,3538.7,INR,-UPI IKEA INDIA PVT LTD TAXINV/2502/416 FY25 - office supplies exp,IKEA INDIA PVT LTD,True,12%,TRUE,Office Supplies,0
TXN0004417,14-02-2025,13478.21,INR,auto-debit airtel india pvt ltd inv/2502/417 qi - exp,AIRTEL INDIA PVT LTD,True,18%,TRUE,Utilities,0
TXN0004418,14-02-2025,8573.31,INR,CARD FIGMA Pvt Ltd TAXINV/2502/418 Q1 - software exp,FIGMA Pvt Ltd,True,18%,TRUE,Software,0
TXN0004419,14-02-2025,12325.88,INR,card atr.tel taxinv/2502/419 tds - exp,AIR.tel,True,18%,TRUE,Utilities,1
TXN0004420,14-02-2025,9850.0,INR,IMPS Kseb INV/2502/420 GST - exp,Kseb,True,18%,TRUE,Utilities,0
TXN0004421,15-02-2025,34885.4,INR,RTGS TECHM INV/2502/421 TDS - exp# ref 1891,TECHM,True,18%,TRUE,IT Services,0
TXN0004422,15-02-2025,36258.64,INR,AUTO-DEBIT Techm RCPT/2502/422 GST - exp,Techm,True,18%,TRUE,IT Services,0
TXN0004423,15-02-2025,33002.07,INR,AUTO-DEBIT INF.y TAXINV/2502/423 SUBS - it services exp,INF.y,True,18%,TRUE,IT Services,0
TXN0004424,15-02-2025,2053.53,INR,auto-debit swiggy taxinv/2502/424 fy25 - meals exp,SWIGGY,True,5%,FALSE,Meals,0
TXN0004425,15-02-2025,12316.71,INR,rtgs bescom pvt ltd taxinv/2502/42 5q1 - utilities exp,BESCOM Pvt Ltd,True,18%,TRUE,Utilities,0
TXN0004426,15-02-2025,12171.5,INR,NEFT KSEB Pvt Ltd RCPT/2502/426 FY24e- exp,KSEB Pvt Ltd,True,18%,TRUE,Utilities,0
TXN0004427,15-02-2025,5698.48,INR,IMPS OFF.ice depot RCPT/2502/427 GST - exp,OFF.ice depot,True,12%,TRUE,Office Supplies,0
TXN0004428,15-02-2025,4765.52,INR,CARD KFC Pvt Ltd RCPT/2502/428 FY24 - exp* ref 1185,KFC Pvt Ltd,True,5%,FALSE,Meals,0
TXN0004429,15-02-2025,59344.7,INR,!NEFT INDIQUBE RCPT/2502/429 TDS - rent exp  ref 4004,INDIQUBE,True,18%,TRUE,Rent,0
TXN0004430,15-02-2025,23528.96,INR,*UPI ra RCPT/2502/430 Q2 - exp,Coursera,True,18%,unknown,Training,0
TXN0004431,15-02-2025,4735.5,INR,auto-debit indigo pvt ltd taxinv/2502/431 fy25 - exp,INDIGO Pvt Ltd,True,5%,FALSE,Travel,0
TXN0004432,15-02-2025,6579.55,INR,imps microsoft inv/2502/432 rent - exp,MICROSOFT,True,18%,TRUE,Software,0
TXN0004433,15-02-2025,47472.8,INR,AUTO-DEBIT WEWORK Pvt Ltd BIL/2502/433 Q1 - exp,WEWORK Pvt Ltd,True,18%,TRUE,Rent,0
TXN0004434,15-02-2025,2289.08,INR,rtgs swiggybill/2502/434 q1 - exp,SWIGGY,True,5%,FALSE,Meals,0
TXN0004435,15-02-2025,34368.5,INR,upi wipro inv/2502/435 q2 - exp,Wipro,True,18%,TRUE,IT Services,0
TXN0004436,15-02-2025,3614.21,INR,#UPI ZOMATO INDIA PVT LTD INV/2502/436 FY24 - meals exp! ref 1224,ZOMATO INDIA PVT LTD,True,5%,unknown,Meals,1
TXN0004437,15-02-2025,13894.15,INR,UPI SIM.plilearn TAXINV/2502/437 Q2 - exp- ref 3084,SIM.plilearn,True,18%,unknown,Training,0
TXN0004438,15-02-2025,28236.96,INR, NEFT RAPIDO INV/2502/438 ADV - exp,RAPIDO,True,5%,FALSE,Travel,1
TXN0004439,15-02-2025,4123.44,INR,!imps ola inv/25n2/439 q2 - travel exp,OLA,True,5%,FALSE,Travel,0
TXN0004440,15-02-2025,116382.53,INR,-NEFT Wework RCPT/2502/440 Q1 - exp / ref 6014,Wework,True,18%,TRUE,Rent,0
TXN0004441,15-02-2025,8212.86,INR,CARD FIGMA BILL/2502/441 ADV - exp,FIGMA,True,18%,TRUE,Software,0
TXN0004442,15-02-2025,69164.31,INR,#UPI AWF.is RCPT/2502/442 FY25 - exp,AWF.is,True,18%,TRUE,Rent,0
TXN0004443,15-02-2025,48458.71,INR,auto-debit tcs india pvt ltd taxinv/2502/443 gst - exp / ref 7460,TCS INDIA PVT LTD,True,18%,TRUE,IT Services,0
TXN0004444,15-02-2025,16399.54,INR,card airte pvt ltd taxinv/2502/444 fy24 - exp,AIRTEL Pvt Ltd,True,18%,TRUE,Utilities,0
TXN0004445,15-02-2025,81458.95,INR,-IMPS AWFIS INV/2502/445 - exp,AWFIS,True,18%,TRUE,Rent,0
TXN0004446,16-02-2025,10075.69,INR,up adobe inv/2502/446 q2 - exp,ADOBE,True,18%,TRUE,Software,0
TXN0004447,16-02-2025,76184.48,INR,upi wew.ork inv/2502/447 adv - rent exp* ref 5k49,WEW.ork,True,18%,TRUE,Rent,0
TXN0004448,16-02-2025,18565.06,INR,#NEFT Upgrad BILL/2502/448 GST - exp! rfe 7685,Upgrad,True,18%,unknown,Training,0
TXN0004449,16-02-2025,12940.73,INR,*NEFT oESCOM INDIA PVT LTD INV/2502/449 SUBS - exp,BESCOM INDIA PVT LTD,True,18%,TRUE,Utilities,0
TXN0004450,16-02-2025,46997.49,INR,#neft tcs india pvt ltd taxinv/2502/450 q2 - exp,TCS INDIA PVT LTD,True,18%,TRUE,IT Services,0
TXN0004451,16-02-2025,3638.4,INR,card sta.mp duty rcpt/2502/451 adv - exempt services exp,STA.mp duty,False,exempt,FALSE,Exempt Services,0
TXN0004452,16-02-2025,95479.33,INR,-IMPS WEW.ork TAXINV/2502/452 SUBS - exp,WEW.ork,True,18%,TRUE,Rent,0
TXN0004453,16-02-2025,30858.07,INR,/ upi inf.y taxinv/2502/453 subs - exp,INF.y,True,18%,TRUE,IT Services,0
TXN0004454,16-02-2025,26384.28,INR,RTGS RA INV/2502/454 AD V- exp,COURSERA,True,18%,unknown,Training,0
TXN0004455,16-02-2025,16271.94,INR,AUTO-DEBIT AIRTEL RCPT/2502/455 TDS - exp* ref 8442,AIRTEL,True,18%,TRUE,Utilities,0
TXN0004456,16-02-2025,8461.44,INR,#AUTO-DEBIT FIG.ma RCPT/2502/456 FY24 - exp ref 5894,FIG.ma,True,18%,TRUE,Software,0
TXN0004457,16-02-2025,6084.19,INR,rtgs adobe taxinv/2502/457 q2 - software exp,ADOBE,True,18%,TRUE,Software,0
TXN0004458,16-02-2025,4823.31,INR,IMPS IKEA BILL/2502/458 SUBS - exp,IKEA,True,12%,TRUE,Office Supplies,0
TXN0004459,16-02-2025,11182.06,INR,rtgs adobe pvt ltd taxinv/2502/459 adv - exp,ADOBE Pvt Ltd,True,18%,TRUE,Software,0
TXN0004460,17-02-2025,100362.53,INR,CARD Indiqube RCPT/2502/460 FY24 - rent exp# ref 6079,Indiqube,True,18%,TRUE,Rent,0
TXN0004461,17-02-2025,8861.08,INR,RTrS MICROSOFT TAXINV/2502/461 FY24 - software exp,MICROSOFT,True,18%,TRUE,Software,0
TXN0004462,17-02-2025,41876.6,INR,NEFT INFY INDIA PVT LTD BILL/2502/462 FY25 - it services exp,INFY INDIA PVT LTD,True,18%,TRUE,IT Services,0
TXN0004463,17-02-2025,13900.59,INR,OFF.ice depot charges,OFF.ice depot,True,12%,TRUE,Office Supplies,0
TXN0004464,17-02-2025,11550.3,INR,CANVA INDIA PVT LTD charges,CANVA INDIA PVT LTD,True,18%,TRUE,Software,0
TXN0004465,17-02-2025,3229.64,INR, pi office depot india pvt ltd inv/2502/465 rent - office supplies exp- ref 4040,OFFICE DEPOT INDIA PVT LTD,True,12%,TRUE,Office Supplies,0
TXN0004466,17-02-2025,8040.46,INR,upi ikeaoinv/2502/466 subs - office supplies exp,IKEA,True,12%,TRUE,Office Supplies,0
TXN0004467,17-02-2025,45809.15,INR,UPI Techm RCPT/2502/467 SUBS - exp,Techm,True,18%,TRUE,IT Services,0
TXN0004468,17-02-2025,11939.61,INR,*NEFT AIRTEL INDIA PVT LTD INV/2502/468 FY24 - exp,AIRTEL INDIA PVT LTD,True,5%,TRUE,Utilities,1
TXN0004469,17-02-2025,66644.9,INR,CARD INDIQUBE TAXINV/2502/469 ADV - exp,INDIQUBE,True,18%,TRUE,Rent,0
TXN0004470,17-02-2025,26305.24,INR,*IMPS WIP.ro RCPT/2502/470 Q1 - exp* rf 7186,WIP.ro,True,18%,TRUE,IT Services,0
TXN0004471,17-02-2025,32450.58,INR,neft infy rcpt/2502/471 rent - it services exp,INFY,True,18%,TRUE,IT Services,0
TXN0004472,17-02-2025,8445.08,INR, card adobe rcpt/2502/472 adv - software exp! ref 1751,ADOBE,True,18%,TRUE,Software,0
TXN0004473,17-02-2025,9262.19,INR,RTGS Kseb BILL/2502/473 SUBS - utilities exp- ref 6194,Kseb,True,18%,TRUE,Utilities,0
TXN0004474,17-02-2025,67075.89,INR,-UPI WIP.ro INV/2502/474 FY25 - exp! ref 6075,WIP.ro,True,18%,TRUE,IT Services,0
TXN0004475,17-02-2025,82121.4,INR,UPI AWF.is TAXINV/2502/475 TDS - exp# ref 7969,AWF.is,True,18%,TRUE,Rent,0
TXN0004476,17-02-2025,40616.64,INR,-,INFY,True,18%,TRUE,IT Services,0
TXN0004477,18-02-2025,45218.04,INR,upi techm pvt ltd inv/2502/477 q1 - exp,TECHM Pvt Ltd,True,18%,TRUE,IT Services,0
TXN0004478,18-02-2025,12655.41,INR,CARD Bescom BILL/2502/478 SUBS - exp* ref 7150,Bescom,True,18%,TRUE,Utilities,0
TXN0004479,18-02-2025,34617.58,INR,CARD Tcs INV/2502/479 FY24 - exp,Tcs,True,18%,TRUE,IT Services,0
TXN0004480,18-02-2025,15582.99,INR,AUTO-DEBIT FIGMA TAXINV/2502/480 FY24 - exp,FIGMA,True,18%,TRUE,Software,0
TXN0004481,18-02-2025,87552.91,INR,#card wework taxinv/2502/481 q1 - exp,WEWORK,True,18%,TRUE,Rent,0
TXN0004482,18-02-2025,27061.52,INR,-imps hcl pvt ltd inv/2502/482 subs - it services exp,HCL Pvt Ltd,True,18%,TRUE,IT Services,0
TXN0004483,18-02-2025,4053.55,INR,RTGS OLA INV/2502/483 TDS - exp# ref 5826,OLA,True,5%,FALSE,Travel,0
TXN0004484,18-02-2025,29330.81,INR,AUTO-DEBIT Wipro BILL/2502/484 Q1 - exp# ref 9988,Wipro,True,18%,TRUE,IT Services,0
TXN0004485,18-02-2025,5073.43,INR,*AUTO-DEBIT INDIGO INDIA PVT LTD INV/2502/485 Q1 - exp,INDIGO INDIA PVT LTD,True,5%,FALSE,Travel,0
TXN0004486,18-02-2025,8615.74,INR,NEFT ADO.be RCPT/2502/486 TDS - exp,ADO.be,True,18%,TRUE,Software,0
TXN0004487,18-02-2025,76102.13,INR,*auto-debit wework bill/2502/487 subs - rent exp,WEWORK,True,18%,TRUE,Rent,0
TXN0004488,18-02-2025,45284.71,INR,/ card hcl india pvt ltd inv/2502/488 sgt - exp,HCL INDIA PVT LTD,True,18%,TRUE,IT Services,0
TXN0004489,18-02-2025,5608.29,INR,RTGS IKEA INV/2502/489 FY24 - exp- ref 9032,IKEA,True,12%,TRUE,Office Supplies,0
TXN0004490,18-02-2025,5762.55,INR,RTGS OFF.ice depot INV/2502/490 SUBS - exp# ref 8913,OFF.ice depot,True,12%,TRUE,Office Supplies,0
TXN0004491,18-02-2025,29829.57,INR,Upgrad,Upgrad,True,18%,unknown,Training,0
TXN0004492,19-02-2025,29537.02,INR,upi hcl inv/2502/492 q1 - exp!ref 8385,HCL,True,18%,TRUE,IT Services,0
TXN0004493,19-02-2025,8333.34,INR,-,AIRTEL,True,18%,TRUE,Utilities,0
TXN0004494,19-02-2025,7114.92,INR,upi mic.rosoft bill/2502/494 rent - software exp,MIC.rosoft,True,18%,TRUE,Software,0
TXN0004495,19-02-2025,376177.36,INR,CARD TCS INV/2502/495 Q2 - exp- ref 6019,TCS,True,18%,TRUE,IT Services,1
TXN0004496,19-02-2025,11438.14,INR,imps bescom rcpt/2502/496 tds - utilities exp,BESCOM,True,18%,TRUE,Utilities,0
TXN0004497,19-02-2025,14856.13,INR,CARD UPGRAD Pvt Ltd BILL/2502/497 FY25 - training exp* ref 9876,UPGRAD Pvt Ltd,True,18%,unknown,Training,0
TXN0004498,19-02-2025,37585.72,INR,#RTGS Wipro RCPT/2502/498 AD - exp,Wipro,True,18%,TRUE,IT Services,0
TXN0004499,19-02-2025,4270.62,INR,card indigo taxinv/2502/499 q2 - exp,Indigo,True,5%,FALSE,Travel,0
TXN0004500,19-02-2025,5331.61,INR,imps staples india pvt ltd taxinv/2502/500 fy25 - exp,STAPLES INDIA PVT LTD,True,12%,TRUE,Office Supplies,0
TXN0004501,19-02-2025,2464.27,INR,#NEFT ZOM.ato BILL/2502/501 FY25 - exp,ZOM.ato,True,5%,FALSE,Meals,0
TXN0004502,19-02-2025,15295.75,INR,auto-debit jiofeber taxinv/2502/502 adv - exp,Jiofiber,True,18%,TRUE,Utilities,0
TXN0004503,19-02-2025,106648.53,INR,*card ind.iqube rcpt/2502/503 - exp,IND.iqube,True,18%,TRUE,Rent,0
TXN0004504,19-02-2025,6947.39,INR,imps mic.rosoft inv/2502/504 fy25 - exp,MIC.rosoft,True,18%,TRUE,Software,0
TXN0004505,20-02-2025,5022.56,INR,Indigo,Indigo,True,5%,FALSE,Travel,0
TXN0004506,20-02-2025,26966.38,INR,neft techm inv/2502/506 rent - exp* ref 9445,TECHM,True,18%,TRUE,IT Services,0
TXN0004507,20-02-2025,23800.68,INR,rtgs upg.rad taxinv/2502/507 fy25 - exp / ref 3944,UPG.rad,True,18%,unknown,Training,0
TXN0004508,20-02-2025,4730.12,INR,*rtgs office depot bill/2502/508 ret - exp# ref 1770,Office Depot,True,12%,TRUE,Office Supplies,0
TXN0004509,20-02-2025,4406.72,INR,UBER INDIA PVT LTD,UBER INDIA PVT LTD,True,5%,FALSE,Travel,0
TXN0004510,20-02-2025,6619.5,INR,RTGS RAPIDO TAXINV/2502/510 RENT - exp# ref 7588,RAPIDO,True,5%,FALSE,Travel,0
TXN0004511,20-02-2025,61900.87,INR,/ RTGS WEWORK INV/2502/51 1FY25 - exp,WEWORK,True,18%,TRUE,Rent,0
TXN0004512,20-02-2025,82723.43,INR,/ imps awf.is bill/2502/512 q1 - exp ref 3289,AWF.is,True,18%,TRUE,Rent,0
TXN0004513,20-02-2025,55131.27,INR,IMPS TCS BILL/2502/513 GST - exp,TCS,True,18%,TRUE,IT Services,0
TXN0004514,21-02-2025,2331.61,INR,!NEFT KFC INV/2502/514 Fm25 - exp,KFC,True,5%,FALSE,Meals,0
TXN0004515,21-02-2025,38013.76,INR,!rtgs tcs inv/2502/515 rent - exp,TCS,True,18%,TRUE,IT Services,0
TXN0004516,21-02-2025,3492.96,INR,-CARD INDIA PVT LTD INV/2502/516 Q1 -e xp,ROC FEES INDIA PVT LTD,False,exempt,FALSE,Exempt Services,0
TXN0004517,21-02-2025,93888.94,INR,neft wework rcpt/2502/517 fy25 - exp,WEWORK,True,18%,TRUE,Rent,0
TXN0004518,21-02-2025,107018.61,INR,NEFT Awfis RCPT/2502/518 SUBS - exp* ref 5585,Awfis,True,18%,TRUE,Rent,0
TXN0004519,21-02-2025,3812.47,INR,NEF STAPLES TAXINV/2502/519 FY24 - exp# ref 8227,STAPLES,True,12%,TRUE,Office Supplies,0
TXN0004520,21-02-2025,4142.7,INR,RTGS INDIGO RCPT/2502/520 FY25 - exp- ref 4943,INDIGO,True,5%,FALSE,Travel,0
TXN0004521,21-02-2025,4489.7,INR,na,IKE.a,True,12%,TRUE,Office Supplies,0
TXN0004522,21-02-2025,1943.74,INR,KFC charges,KFC,True,5%,FALSE,Meals,0
TXN0004523,21-02-2025,5671.46,INR,imps ube india pvt ltd taxinv/2502/523 q2 - exp,UBER INDIA PVT LTD,True,5%,FALSE,Travel,0
TXN0004524,21-02-2025,5871.84,INR,IMPS IKEA Pvt Ltd BILL/2502/524 TDS - exp,IKEA Pvt Ltd,True,12%,TRUE,Office Supplies,0
TXN0004525,21-02-2025,3724.89,INR,IMPS INDIGO BILL/2502/525 GST - exp,INDIGO,True,5%,FALSE,Travel,0
TXN0004526,21-02-2025,8262.65,INR,-rtgs ksb india pvt ltd inv/2502/526 rent - utilities exp,KSEB INDIA PVT LTD,True,18%,TRUE,Utilities,0
TXN0004527,22-02-2025,74916.78,INR,RTGS WEWORK Pvt Ltd BILL/2502/527 RENT - rent exp,WEWORK Pvt Ltd,True,18%,TRUE,Rent,0
TXN0004528,22-02-2025,31465.6,INR,CARD WIPRO RCPT/2502/528 GST - it services exp- ref 2944,WIPRO,True,18%,TRUE,IT Services,0
TXN0004529,22-02-2025,30730.34,INR,neft tcs pvt ltd rcpt/2502/529 fy24 - exp,TCS Pvt Ltd,True,18%,TRUE,IT Services,0
TXN0004530,22-02-2025,5971.93,INR,card airtel pvt ltd inv/2502/530 fy24 - exp,AIRTEL Pvt Ltd,True,18%,TRUE,Utilities,0
TXN0004531,22-02-2025,3912.13,INR,*RTGS SWIGGY BIL/2502/531 FY25 - exp,SWIGGY,True,5%,FALSE,Meals,0
TXN0004532,22-02-2025,130454.57,INR,card awfis bill/2502/532 gst - exp,AWFIS,True,18%,TRUE,Rent,0
TXN0004533,22-02-2025,9552.75,INR,MICROSOFT INDIA PVT LTD,MICROSOFT INDIA PVT LTD,True,18%,TRUE,Software,0
TXN0004534,22-02-2025,32436.19,INR,-imps tcs rcpt/2502/534 tds - exp,TCS,True,18%,TRUE,IT Services,0
TXN0004535,22-02-2025,10302.66,INR,IMPS ADOBE RCPT/2502/535 FY24 - exp# ref 6344,ADOBE,True,12%,TRUE,Software,1
TXN0004536,22-02-2025,33712.95,INR,AUTO-DEBIT TCS RCPT/2502/536 Q1 - xp,TCS,True,18%,TRUE,IT Services,0
TXN0004537,22-02-2025,19084.72,INR,/ NEFT UPGRAD BILL/2502/537 GST - exp / ref 5924,UPGRAD,True,18%,unknown,Training,0
TXN0004538,22-02-2025,4246.34,INR, ,STAPLES INDIA PVT LTD,True,12%,TRUE,Office Supplies,0
TXN0004539,22-02-2025,6115.2,INR,#AUTO-DEBIT IKEA RCPT/2502/539 GST - exp,IKEA,True,12%,TRUE,Office Supplies,0
TXN0004540,22-02-2025,6759.61,INR,rtgs canva india pvt ltd taxinv/2502/540 fy25 - exp ref 1961,CANVA INDIA PVT LTD,True,18%,TRUE,Software,0
TXN0004541,22-02-2025,14398.32,INR,NEFT AIRTEL TAXINV/2502/541 FY25 - exp ref 2238,AIRTEL,True,18%,TRUE,Utilities,0
TXN0004542,23-02-2025,7801.12,INR,card canva inv/2502/542 q1 - software exp,Canva,True,18%,TRUE,Software,0
TXN0004543,23-02-2025,4181.4,INR,IMPS Office Depot INV/502/543 SUBS - office supplies exp* ref 8420,Office Depot,True,12%,TRUE,Office Supplies,0
TXN0004544,23-02-2025,34523.15,INR,!CARs INF.y RCPT/2502/544 Q2 - it services exp,INF.y,True,18%,TRUE,IT Services,0
TXN0004545,23-02-2025,36593.29,INR,-IMPS INF.y BILL/2502/545 Q1 - ep / ref 1568,INF.y,True,18%,TRUE,IT Services,0
TXN0004546,23-02-2025,51824.24,INR,IMPS TCS TAXINV/2502/546 FY25 - exp,TCS,True,18%,TRUE,IT Services,0
TXN0004547,23-02-2025,3881.85,INR,imps pvt ltd rcpt/2502/547 gst - exp,GOVT FEES Pvt Ltd,False,18%,FALSE,Exempt Services,1
TXN0004548,23-02-2025,6551.35,INR,RTGS Microsoft TAXINV/2502/548 FY24 - exp,Microsoft,True,18%,TRUE,Software,0
TXN0004549,23-02-2025,1851.93,INR,#RTGS SWI.ggy TAXINV/2502/549 Q2 - exp,SWI.ggy,True,5%,FALSE,Meals,0
TXN0004550,23-02-2025,5875.81,INR,-RTGS OFFICE DEPOT INDIA PVT LTD RCPT/2502/550 Q2 - exp! ref 8137,OFFICE DEPOT INDIA PVT LTD,True,12%,TRUE,Office Supplies,0
TXN0004551,23-02-2025,6221.09,INR,CARDwCANVA Pvt Ltd INV/2502/551 SUBS - exp,CANVA Pvt Ltd,True,18%,TRUE,Software,0
TXN0004552,23-02-2025,76884.09,INR,*AUTO-DEBIT WEW.ork TAXINV/2502/552 Q1 - exp,WEW.ork,True,18%,TRUE,Rent,0
TXN0004553,23-02-2025,78151.46,INR,card awfis bill/2502/553 subs - exp- ref 9408,Awfis,True,18%,TRUE,Rent,0
TXN0004554,23-02-2025,5586.28,INR,/ rtgs taxinv/2502/554 adv - exp,Govt Fees,False,exempt,FALSE,Exempt Services,0
TXN0004555,24-02-2025,13019.6,INR,!UPI BESCOM Pvt Ltd RCPT/2502/555 GST - exp,BESCOM Pvt Ltd,True,18%,TRUE,Utilities,0
TXN0004556,24-02-2025,58278.28,INR,AUTO-DEBIT WIPRO Pvt Ltd INV/2502/556 ADV - exp,WIPRO Pvt Ltd,True,18%,TRUE,IT Services,0
TXN0004557,24-02-2025,7675.5,INR,/ auto-debit canva rcpt/2502/557 fy24 - exp- ref 9560,Canva,True,18%,TRUE,Software,1
TXN0004558,24-02-2025,5597.49,INR,neft microsoft taxinv/2502/558 tds - software exp,MICROSOFT,True,18%,TRUE,Software,0
TXN0004559,24-02-2025,45641.74,INR,TCS,TCS,True,18%,TRUE,IT Services,0
TXN0004560,24-02-2025,2956.21,INR,#imps dom.inos rcpt/2502/560 q1 - exp,DOM.inos,True,5%,FALSE,Meals,0
TXN0004561,24-02-2025,3236.69,INR,#RTGS KFC TAXINV/2502/561 Q1 - exp,KFC,True,5%,FALSE,Meals,0
TXN0004562,24-02-2025,2861.51,INR,-,RAP.ido,True,5%,FALSE,Travel,0
TXN0004563,24-02-2025,11305.82,INR,rtgs bescom pvt ltd rcpt/2502/563 q1 - exp! ref 7934,BESCOM Pvt Ltd,True,18%,TRUE,Utilities,0
TXN0004564,24-02-2025,85190.44,INR,imps indiqube india pvt ltd rcpt/2502/564 q2 - exp- ref 7568,INDIQUBE INDIA PVT LTD,True,18%,TRUE,Rent,0
TXN0004565,24-02-2025,78409.78,INR,#AUTO-DEBIT WEWORK TAXINV/2502/565 SUBS - exp,WEWORK,True,18%,TRUE,Rent,0
TXN0004566,24-02-2025,6469.83,INR,-CARD CANVA Pvt Ltd RCPT/2502/566 FY24 - exp,CANVA Pvt Ltd,True,18%,TRUE,Software,0
TXN0004567,24-02-2025,12748.92,INR,-,JIOFIBER,True,18%,TRUE,Utilities,0
TXN0004568,24-02-2025,6530.18,INR,NEFT Office Depot RCPT/2502/568 RENT - exp ref 1917,Office Depot,True,12%,TRUE,Office Supplies,0
TXN0004569,24-02-2025,15005.79,INR,-,JIO.fiber,True,18%,TRUE,Utilities,0
TXN0004570,25-02-2025,71683.91,INR,-AUTO-DEBI WIPRO INDIA PVT LTD INV/2502/570 RENT - exp,WIPRO INDIA PVT LTD,True,18%,TRUE,IT Services,0
TXN0004571,25-02-2025,39845.76,INR,Wipro,Wipro,True,18%,TRUE,IT Services,0
TXN0004572,25-02-2025,7144.75,INR,NEFT IKEA INDIA PVT LTD INV/2502/572 GST - exp,IKEA INDIA PVT LTD,True,12%,TRUE,Office Supplies,0
TXN0004573,25-02-2025,2056.75,INR,rtgs zomato rcpt/2502/573 fy24 - exp* ref 1995,ZOMATO,True,5%,FALSE,Meals,0
TXN0004574,25-02-2025,33769.8,INR,auto-debit tcs india pvt ltd rcpt/2502/574 fy24 - it services exp* ref 6864,TCS INDIA PVT LTD,True,18%,TRUE,IT Services,0
TXN0004575,25-02-2025,6859.69,INR,-neft office depot taxinv/2502/575 subs - exp,OFFICE DEPOT,True,12%,TRUE,Office Supplies,0
TXN0004576,25-02-2025,12547.61,INR,RTGS KSEB BILL/2502/576 Q2 - exp# ref 8610,KSEB,True,18%,TRUE,Utilities,0
TXN0004577,25-02-2025,116873.55,INR,UPI WEWORK INDIA PVT LTD INV/2502/577 ADV - exp! ref 2161,WEWORK INDIA PVT LTD,True,18%,TRUE,Rent,0
TXN0004578,25-02-2025,7596.73,INR,!imps rapido rcpt/2502/578 fy25 - exp,RAPIDO,True,5%,FALSE,Travel,0
TXN0004579,25-02-2025,8836.69,INR,UPI MIC.rosoft RCPT/2502/579 Q1 - exp,MIC.rosoft,True,18%,TRUE,Software,0
TXN0004580,26-02-2025,18034.54,INR,!NEFT JIOFIBER BILL/2502/580 RENT - utilities exp! ref 3364,JIOFIBER,True,18%,TRUE,Utilities,0
TXN0004581,26-02-2025,34527.6,INR,c*ard tcs rcpt/2502/581 q1 - it services exp,TCS,True,18%,TRUE,IT Services,0
TXN0004582,26-02-2025,80261.39,INR,imps awfis pvt ltd inv/2502/582 q1 - exp ref 9228,AWFIS Pvt Ltd,True,18%,TRUE,Rent,0
TXN0004583,26-02-2025,6478.9,INR,RAPIDO Pvt Ltd charges,RAPIDO Pvt Ltd,True,5%,FALSE,Travel,0
TXN0004584,26-02-2025,3127.76,INR,!UPI OFFICE DEPOT Pvt Ltd INV/2502/584 FY24 - exp,OFFICE DEPOT Pvt Ltd,True,12%,TRUE,Office Supplies,0
TXN0004585,26-02-2025,9895.9,INR,NEFT STA.ples INV/2502/585 Q1 - exp,STA.ples,True,12%,TRUE,Office Supplies,0
TXN0004586,26-02-2025,11445.35,INR,-AUTO-DEBIT ADOBE INDIA PVT LTD BILL/2502/586 FY24 - software exp,ADOBE INDIA PVT LTD,True,18%,TRUE,Software,0
TXN0004587,26-02-2025,12250.88,INR,#auto-debit kseb bill/2502/587 tds - exp# ref 7916,KSEB,True,18%,TRUE,Utilities,0
TXN0004588,26-02-2025,18585.18,INR,auto-debit kseb taxinv/2502/588 q2 - exp,KSEB,True,18%,TRUE,Utilities,0
TXN0004589,26-02-2025,16696.04,INR,UPI Simplilearn BILL/2502/589 GST - exp,Simplilearn,True,18%,unknown,Training,0
TXN0004590,27-02-2025,12436.61,INR,IMPS IKEA Pvt Ltd RCPT/2502/590 FY24 - exp,IKEA Pvt Ltd,True,12%,TRUE,Office Supplies,0
TXN0004591,27-02-2025,30085.95,INR,auto-debit infy pvt ltd taxinv/2502/591 adv - exp,INFY Pvt Ltd,True,18%,TRUE,IT Services,0
TXN0004592,27-02-2025,33769.14,INR,rtgs wipro rcpt/2502/592 adv - exp,Wipro,True,18%,TRUE,IT Services,0
TXN0004593,27-02-2025,87666.07,INR,#rtgs ind.iqube bill/2502/593 tds - exp,IND.iqube,True,18%,TRUE,Rent,0
TXN0004594,27-02-2025,4276.51,INR,UPI SWIGGY Pvt Ltd RCPT/2502/594 GST - exp,SWIGGY Pvt Ltd,True,5%,FALSE,Meals,0
TXN0004595,27-02-2025,43458.58,INR,AUTO-DEBIT WIP.ro RCPT/2502/595 FY24 - exp,WIP.ro,True,18%,FALSE,IT Services,1
TXN0004596,27-02-2025,5923.46,INR,OFFICE DEPOT Pvt Ltd charges,OFFICE DEPOT Pvt Ltd,True,12%,TRUE,Office Supplies,0
TXN0004597,27-02-2025,8802.75,INR, / CARD Office Depot RCPT/2502/597 Q2 - office supplies exp,Office Depot,True,12%,TRUE,Office Supplies,0
TXN0004598,27-02-2025,6132.04,INR,!RTGS OFFICE DEPOT Pvt Ltd BILL/2502/598 GST - exp# ref 1812,OFFICE DEPOT Pvt Ltd,True,12%,TRUE,Office Supplies,0
TXN0004599,27-02-2025,125842.83,INR, ,Wework,True,18%,TRUE,Rent,0
TXN0004600,27-02-2025,15971.46,INR,card kseb rcpt/2502/600 fy25 - exp,KSEB,True,18%,TRUE,Utilities,0
TXN0004601,27-02-2025,7061.12,INR,upi figma taxinv/2502/601 subs - software exp! ref 4709,FIGMA,True,18%,TRUE,Software,0
TXN0004602,28-02-2025,89225.44,INR,RTGS INDIQUBE INDIA PVT LTD TAXINV/2502/602 TDS - rent exp,INDIQUBE INDIA PVT LTD,True,18%,TRUE,Rent,0
TXN0004603,28-02-2025,132692.2,INR,!ips wew.ork inv/2502/603 fy24 - exp,WEW.ork,True,18%,TRUE,Rent,0
TXN0004604,28-02-2025,10394.43,INR,*NEFT FIGMA Pvt Ltd TAXINV/2502/604 FY24 - exp,FIGMA Pvt Ltd,True,18%,TRUE,Software,0
TXN0004605,28-02-2025,54353.2,INR,WEWORK Pvt Ltd,WEWORK Pvt Ltd,True,18%,TRUE,Rent,0
TXN0004606,28-02-2025,31304.56,INR,*UPI Wipro INV/2502/606 Q2 - exp# ref 1252,Wipro,True,18%,TRUE,IT Services,0
TXN0004607,28-02-2025,69679.61,INR,,INDIQUBE Pvt Ltd,True,18%,TRUE,Rent,0
TXN0004608,28-02-2025,7676.99,INR,ADOBE Pvt Ltd,ADOBE Pvt Ltd,True,18%,TRUE,Software,0
TXN0004609,28-02-2025,12826.14,INR,AUTO-DEBIT FIGMA INDIA PVT LTD RCPT/2502/609 ADV - exp,FIGMA INDIA PVT LTD,True,18%,TRUE,Software,0
TXN0004610,28-02-2025,43345.1,INR, auto-debit tcs pvt ltd taxinv/2502/610 adv - it services exp,TCS Pvt Ltd,True,18%,TRUE,IT Services,0
TXN0004611,28-02-2025,36327.82,INR,neft techm rcpt/2502/611 fy24 - exp- ref 5061,TECHM,True,18%,TRUE,IT Services,0
TXN0004612,28-02-2025,14471.76,INR,CARD JIOFIBER Pvt Ltd TAXINV/2502/612 GST - exp,JIOFIBER Pvt Ltd,True,18%,TRUE,Utilities,0
TXN0004613,28-02-2025,18832.33,INR,COURSERA INDIA PVT LTD charges,COURSERA INDIA PVT LTD,True,18%,unknown,Training,0
TXN0004614,28-02-2025,10947.44,INR,UPI BESCOM INDIA PVT LTD BILL/2502/614 FY25 - exp,BESCOM INDIA PVT LTD,True,18%,TRUE,Utilities,0
TXN0004615,28-02-2025,120952.57,INR,AUTO-DEBIT WEWORK TAXINV/2502/615 Q2 - rent exp- ref 9611,WEWORK,True,18%,TRUE,Rent,0
TXN0004616,28-02-2025,29542.53,INR,!neft hcl rcpt/2502/616 q1 - it services exp /i ref 2634,HCL,True,18%,TRUE,IT Services,0
TXN0004617,28-02-2025,80227.82,INR, / card tcs pvt ltd rcpt/2502/617 tds - it services exp- ref 5519,TCS Pvt Ltd,True,18%,TRUE,IT Services,0
TXN0004618,28-02-2025,84000.68,INR,CARD Awfis BILL/2502/618 FY25 - exp,Awfis,True,18%,TRUE,Rent,0
TXN0004619,28-02-2025,7916.66,INR,!rtgs office depot taxinv/2502/619 fy24 - office supplies exp- ref 2423,OFFICE DEPOT,True,12%,TRUE,Office Supplies,0
TXN0004620,28-02-2025,3870.48,INR,Indigo charges,Indigo,True,5%,FALSE,Travel,0
TXN0004621,01-03-2025,14474.15,INR,-CARD AIR.tel INV/2503/621 RENT - exp,AIR.tel,True,18%,FALSE,Utilities,1
TXN0004622,01-03-2025,16895.09,INR,#IMPS INFY Pvt Ltd RCPT/2503/622 TDS - exp,INFY Pvt Ltd,True,18%,TRUE,IT Services,0
TXN0004623,01-03-2025,24572.43,INR,Tcs,Tcs,True,18%,TRUE,IT Services,0
TXN0004624,01-03-2025,4192.35,INR,NEFT ZOMATO RCPT/2503/624 FY24 - exp,ZOMATO,True,5%,FALSE,Meals,0
TXN0004625,01-03-2025,3536.01,INR,UPI OFF.ice depot RCPT/2503/625 SUBS - exp,OFF.ice depot,True,12%,TRUE,Office Supplies,0
TXN0004626,01-03-2025,48615.59,INR,auto-debit awfis taxinv/2503/626 adv - exp,Awfis,True,18%,TRUE,Rent,0
TXN0004627,01-03-2025,32844.6,INR,auto-debit wipro pvt ltd bill/2503/627 gst - exp,WIPRO Pvt Ltd,True,18%,TRUE,IT Services,0
TXN0004628,01-03-2025,10454.72,INR,rtgs canva india pvt ltd bill/2503/628 gst - exp! ref 9212,CANVA INDIA PVT LTD,True,18%,TRUE,Software,0
TXN0004629,01-03-2025,22856.97,INR,-imps ra taxinv/2503/629 adv - exp,COURSERA,True,18%,unknown,Training,0
TXN0004630,01-03-2025,12325.64,INR,*NEFT ADOBE RCPT/2503/630 SUBS - exp,ADOBE,True,18%,TRUE,Software,0
TXN0004631,01-03-2025,3918.38,INR,!auto-debit off.ice depot inv/2503/631 gst - exp,OFF.ice depot,True,12%,TRUE,Office Supplies,0
TXN0004632,01-03-2025,12654.82,INR,*card airtel pvt ltd inv/2503/632 q2 - exp,AIRTEL Pvt Ltd,True,18%,TRUE,Utilities,0
TXN0004633,01-03-2025,6532.12,INR,CANVA Pvt Ltd,CANVA Pvt Ltd,True,18%,TRUE,Software,0
TXN0004634,01-03-2025,2324.81,INR,!upi swiggy rcpt/2503/634 tds - exp,SWIGGY,True,5%,FALSE,Meals,0
TXN0004635,01-03-2025,10081.23,INR,auto-debit kseb bll/2503/635 q2 - exp,KSEB,True,18%,TRUE,Utilities,0
TXN0004636,01-03-2025,4515.78,INR,auto-debit ikea inv/2503/636 q1 - office supplies exp,IKEA,True,12%,TRUE,Office Supplies,0
TXN0004637,02-03-2025,32753.22,INR,imps infy pvteltd rcpt/2503/637 tds - exp! ref 2083,INFY Pvt Ltd,True,18%,TRUE,IT Services,0
TXN0004638,02-03-2025,10156.61,INR,RTGS AIRTEL INV/2503/638 ADV - exp,AIRTEL,True,18%,TRUE,Utilities,0
TXN0004639,02-03-2025,115711.48,INR,imps wew.ork rcpt/e503/639 fy25 - exp,WEW.ork,True,18%,TRUE,Rent,0
TXN0004640,02-03-2025,121552.24,INR,-RTGS AWFIS INDIA PVT LTD TAXINV/2503/640 TDS - exp,AWFIS INDIA PVT LTD,True,18%,TRUE,Rent,0
TXN0004641,02-03-2025,35494.79,INR,auto-debit hcl bill/2503/641 rent - exp,HCL,True,18%,TRUE,IT Services,0
TXN0004642,02-03-2025,99371.9,INR,#NEFT Indiqube TAXINV/2503/642 FY24 - exp* ref 3565,Indiqube,True,18%,TRUE,Rent,0
TXN0004643,02-03-2025,29018.2,INR,IMPS TCS INDIA PVT LTD BILL/2503/643 TDS - exp- ref 9431,TCS INDIA PVT LTD,True,18%,TRUE,IT Services,0
TXN0004644,02-03-2025,6148.86,INR,rtgs adobe bill/2503/644 gst - exp,ADOBE,True,18%,TRUE,Software,0
TXN0004645,02-03-2025,17032.67,INR,AUTO-DEBIT ra INV/2503/645 TDS - exp,Coursera,True,18%,unknown,Training,0
TXN0004646,02-03-2025,11533.05,INR,card adobe bill/2503/646 fy25 - exp,Adobe,True,18%,TRUE,Software,0
TXN0004647,02-03-2025,6857.72,INR,#NEFT STAPLES TAXINV/2503/647 RENT - office supplies exp,STAPLES,True,12%,TRUE,Office Supplies,0
TXN0004648,02-03-2025,36847.85,INR,AUTO-DEBIT Wipro TAXINV/2503/648 GST - exp,Wipro,True,18%,TRUE,IT Services,0
TXN0004649,02-03-2025,5639.27,INR,*CARD IKEA BILL/2503/649 GST - exp,IKEA,True,12%,TRUE,Office Supplies,0
TXN0004650,02-03-2025,85576.0,INR,card awfis bill/2503/650 q1 - exp- ref 6124,Awfis,True,18%,TRUE,Rent,0
TXN0004651,02-03-2025,8520.27,INR,Jiofiber charges,Jiofiber,True,18%,TRUE,Utilities,0
TXN0004652,03-03-2025,16164.54,INR,-CARD CANVA INV/2503/652 TDS - exp ref 1304,CANVA,True,18%,TRUE,Software,0
TXN0004653,03-03-2025,5980.79,INR,card sta.ples taxinv/2503/653 q1 - exp,STA.ples,True,12%,TRUE,Office Supplies,0
TXN0004654,03-03-2025,2437.66,INR,neft kfc india pvt ltd rcpt/2503/654 fy25 - exp,KFC INDIA PVT LTD,True,5%,FALSE,Meals,0
TXN0004655,03-03-2025,14482.55,INR,JIOFIBER,JIOFIBER,True,18%,TRUE,Utilities,0
TXN0004656,03-03-2025,15011.33,INR,!neft airtel bill/2503/656 q1 - utilities exp,Airtel,True,18%,TRUE,Utilities,0
TXN0004657,03-03-2025,8515.34,INR,NEFT FIG.ma RCPT/253/657 Q1 - exp,FIG.ma,True,18%,TRUE,Software,0
TXN0004658,03-03-2025,10223.51,INR,KSEB Pvt Ltd,KSEB Pvt Ltd,True,18%,TRUE,Utilities,0
TXN0004659,03-03-2025,32442.59,INR,#auto-debit wipro taxinv/2503/659 q2 - it services exp,Wipro,True,18%,TRUE,IT Services,0
TXN0004660,03-03-2025,2983.81,INR,card india pvt ltd taxinv/2503/660 fy24 - exp,GOVT FEES INDIA PVT LTD,False,exempt,FALSE,Exempt Services,0
TXN0004661,03-03-2025,2854.74,INR,#auto-debit dominos pvt ltd inv/2503/661 subs - xp,DOMINOS Pvt Ltd,True,5%,FALSE,Meals,0
TXN0004662,03-03-2025,16194.1,INR,KSEB,KSEB,True,18%,TRUE,Utilities,0
TXN0004663,03-03-2025,2595.62,INR,n/a,ZOMATO INDIA PVT LTD,True,5%,FALSE,Meals,0
TXN0004664,03-03-2025,7491.64,INR,*upi microsoft pvt ltd rcpt/2503/664 rent - software exp,MICROSOFT Pvt Ltd,True,18%,TRUE,Software,0
TXN0004665,04-03-2025,9905.57,INR,upi staples rcpt/2503/665 gst - exp,Staples,True,12%,TRUE,Office Supplies,0
TXN0004666,04-03-2025,46447.48,INR,n/a,INDIQUBE INDIA PVT LTD,True,18%,TRUE,Rent,0
TXN0004667,04-03-2025,39040.48,INR,upi wipro pvt ltd rcpt/2503/667 gst - exp,WIPRO Pvt Ltd,True,18%,TRUE,IT Services,0
TXN0004668,04-03-2025,1931.17,INR,*neft dominos inv/2503/668 tds - exp,Dominos,True,5%,FALSE,Meals,0
TXN0004669,04-03-2025,37361.92,INR,AUTO-DEBIT CL TAXINV/2503/669 Q2 - exp,HCL,True,18%,TRUE,IT Services,1
TXN0004670,04-03-2025,30398.66,INR,auto-debit inf.y taxinv/2503/670 td - exp,INF.y,True,18%,TRUE,IT Services,0
TXN0004671,04-03-2025,9002.76,INR,-RTGS JIOFIBER Pvt Ltd TAXINV/2503/671 RENT - exp ref 2099,JIOFIBER Pvt Ltd,True,18%,TRUE,Utilities,0
TXN0004672,04-03-2025,7282.03,INR,*UPt Office Depot INV/2503/672 ADV - exp ref 8929,Office Depot,True,12%,TRUE,Office Supplies,0
TXN0004673,04-03-2025,7267.42,INR,#neft ola bill/2503/673 q1 - travel exp,OLA,True,5%,FALSE,Travel,0
TXN0004674,04-03-2025,110964.75,INR,!CARD Wework INV/2503/674 FY25 - exp,Wework,True,18%,TRUE,Rent,0
TXN0004675,04-03-2025,3496.16,INR,IMPS Indigo RCPT/2503/675 ADV - exp,Indigo,True,5%,FALSE,Travel,0
TXN0004676,04-03-2025,16292.61,INR,-auto-debit kseb taxinv/2503/676 adv - exp / ref 201,KSEB,True,18%,TRUE,Utilities,0
TXN0004677,04-03-2025,12985.64,INR,#CARD Canva TAXINV/2503/677 FY25 - exp,Canva,True,18%,TRUE,Software,0
TXN0004678,05-03-2025,7289.28,INR,IMPS IKE.a TAXINV/2503/678 FY24 - exp,IKE.a,True,12%,TRUE,Office Supplies,0
TXN0004679,05-03-2025,7013.78,INR,NEFT UBER INDIA PVT LTD TAXINV/2503/679 Q2 - exp,UBER INDIA PVT LTD,True,5%,FALSE,Travel,0
TXN0004680,05-03-2025,9531.19,INR,IMPS OFFICE DEPOT INDIA PVT LTD TAXINV/2503/680 Q2 - exp,OFFICE DEPOT INDIA PVT LTD,True,12%,TRUE,Office Supplies,0
TXN0004681,05-03-2025,127430.16,INR,WEWORK charges,WEWORK,True,18%,TRUE,Rent,0
TXN0004682,05-03-2025,4895.47,INR,IKE.a charges,IKE.a,True,12%,TRUE,Office Supplies,0
TXN0004683,05-03-2025,36659.75,INR,NEFT TECHM RCPT/2503/683 TDS - exp,TECHM,True,18%,TRUE,IT Services,0
TXN0004684,05-03-2025,7703.07,INR,rtgs airtle rcpt/2503/684 q2 - exp,Airtel,True,18%,TRUE,Utilities,0
TXN0004685,05-03-2025,3440.58,INR,rtgs sta.ples taxinv/2503/685 fyz4 - exp,STA.ples,True,12%,TRUE,Office Supplies,0
TXN0004686,05-03-2025,98563.5,INR,RTGS AWFIS BILL/2503/686 SUBS - exp,AWFIS,True,18%,TRUE,Rent,0
TXN0004687,05-03-2025,7641.6,INR,!upi canva taxinv/2503/687 tgs - exp,CANVA,True,18%,TRUE,Software,0
TXN0004688,06-03-2025,34431.85,INR,NEFT WIRO BILL/2503/688 Q2 - exp# ref 4156,WIPRO,True,18%,TRUE,IT Services,0
TXN0004689,06-03-2025,14926.24,INR,#IMPS RA BILL/25c3/689 Q1 - exp,COURSERA,True,18%,unknown,Training,0
TXN0004690,06-03-2025,5202.21,INR,CARD Office Depot RCPT/2503/690 AVD - exp,Office Depot,True,12%,TRUE,Office Supplies,0
TXN0004691,06-03-2025,6004.18,INR,neft ube.r taxinv/2503/691 subs - exp- ref 2703,UBE.r,True,5%,FALSE,Travel,0
TXN0004692,06-03-2025,122501.63,INR,*RTGS WEWORK INV/2503/692 TDS - exp* ref 2218,WEWORK,True,18%,TRUE,Rent,0
TXN0004693,06-03-2025,3857.62,INR,*auto-debit rap.ido taxinv/2503/693 q1 - exp,RAP.ido,True,5%,FALSE,Travel,0
TXN0004694,06-03-2025,96243.04,INR,card indiqube taxinv/2503/694 q2 - exp,INDIQUBE,True,18%,TRUE,Rent,0
TXN0004695,06-03-2025,76637.42,INR, CARD INDIQUBE RCPT/2503/695 Q2 - rent exp  ref 1996,INDIQUBE,True,18%,TRUE,Rent,0
TXN0004696,06-03-2025,11753.12,INR,upi rapido pvt ltd bill/2503/696 adv - exp,RAPIDO Pvt Ltd,True,5%,FALSE,Travel,0
TXN0004697,06-03-2025,5255.03,INR,Ola,Ola,True,5%,FALSE,Travel,0
TXN0004698,06-03-2025,80912.96,INR,*RTGS WEWORK RCPT/2503/698 FY24 - exp,WEWORK,True,18%,TRUE,Rent,0
TXN0004699,06-03-2025,32926.06,INR,card infy rcpt/2503/699 subs - exp,INFY,True,18%,TRUE,IT Services,0
TXN0004700,06-03-2025,3606.67,INR,!CARD MIC.rosoft RCPT/2503/700 Q2 - exp,MIC.rosoft,True,18%,TRUE,Software,0
TXN0004701,06-03-2025,5180.39,INR,*IMPS Uber RCPT/2503/701 TDS - exp- ref 2455,Uber,True,5%,FALSE,Travel,0
TXN0004702,07-03-2025,6626.46,INR,UBER Pvt Ltd,UBER Pvt Ltd,True,5%,FALSE,Travel,1
TXN0004703,07-03-2025,75382.32,INR, / rtgs wework rcpt/2503/703 fy25 - rent exp,WEWORK,True,18%,TRUE,Rent,0
TXN0004704,07-03-2025,133750.48,INR,-imps kse.b bill/2503/704 q2 - utilities exp* ref 1540,KSE.b,True,18%,TRUE,Utilities,1
TXN0004705,07-03-2025,4816.55,INR, RTGS OFFICE DEPOT TAXINV/2503/705 TDS - office supplies exp,OFFICE DEPOT,True,12%,TRUE,Office Supplies,0
TXN0004706,07-03-2025,12493.35,INR,CARD Kseb INV/2503/706 FY24 - exp,Kseb,True,18%,TRUE,Utilities,0
TXN0004707,07-03-2025,4281.5,INR,card ola bill/2503/707 q1 - exp- ref 3718,OLA,True,5%,FALSE,Travel,0
TXN0004708,07-03-2025,9611.59,INR,RTGS CANVA INV/2503/708 FY25 - software exp  ref7 280,CANVA,True,18%,TRUE,Software,0
TXN0004709,07-03-2025,4200.02,INR,NEFT STAPLES BILL2503/709 SUBS - exp,STAPLES,True,12%,TRUE,Office Supplies,0
TXN0004710,07-03-2025,9824.91,INR,#AUTO-DEBIT KSEB INDIA PVT LTD TAXINV/2503/710 GST - exp,KSEB INDIA PVT LTD,True,18%,TRUE,Utilities,0
TXN0004711,07-03-2025,8992.03,INR,AIRTEL Pvt Ltd charges,AIRTEL Pvt Ltd,True,18%,TRUE,Utilities,0
TXN0004712,07-03-2025,113704.17,INR,IMPS AWFIS INV/2503/712 TDS - exp ref 1217,AWFIS,True,18%,TRUE,Rent,0
TXN0004713,07-03-2025,11574.3,INR,upi airtel pvt ltd inv/2503/713 q2 - exp,AIRTEL Pvt Ltd,True,18%,TRUE,Utilities,0
TXN0004714,07-03-2025,8685.31,INR,*CARD MICRSOOFT RCPT/2503/714 ADV - exp,MICROSOFT,True,18%,TRUE,Software,0
TXN0004715,07-03-2025,7197.43,INR,IMPS MIC.rosoft BILL/2503/715 FY25 - software exp* ref 7776,MIC.rosoft,True,18%,TRUE,Software,0
TXN0004716,07-03-2025,3017.08,INR, / ATO-DEBIT ROC FEES Pvt Ltd BILL/2503/716 TDS - exempt services exp# ref 5902,ROC FEES Pvt Ltd,False,exempt,FALSE,Exempt Services,0
TXN0004717,07-03-2025,36980.28,INR,imps wew.ork taxinv/2503/717 q2 - exp! ref 8629,WEW.ork,True,18%,TRUE,Rent,0
TXN0004718,07-03-2025,28848.09,INR,na,HCL INDIA PVT LTD,True,18%,TRUE,IT Services,0
TXN0004719,08-03-2025,2401.58,INR,DOMINOS,DOMINOS,True,5%,FALSE,Meals,0
TXN0004720,08-03-2025,12943.05,INR,AUTO-DEBIT BES.com BILL/2503/720 GST - exp,BES.com,True,18%,TRUE,Utilities,0
TXN0004721,08-03-2025,59439.62,INR,neft awfis pvt ltd taxinv/2503/721 fy24 - exp# ref 1104,AWFIS Pvt Ltd,True,18%,TRUE,Rent,0
TXN0004722,08-03-2025,6667.26,INR,-auto-debit office depot rcpt/2503/722 fy24 - exp,OFFICE DEPOT,True,12%,TRUE,Office Supplies,0
TXN0004723,08-03-2025,4991.66,INR,IMPS Pvt Ltd BILL/2503/723 Q1 - exp,ROC FEES Pvt Ltd,False,exempt,FALSE,Exempt Services,0
TXN0004724,08-03-2025,5726.75,INR,-card rapido bill/2503/724 gst  exp* ref 4868,RAPIDO,True,5%,FALSE,Travel,0
TXN0004725,08-03-2025,10564.4,INR,*IMPS FIGMApBILL/2503/725 RENT - exp,FIGMA,True,18%,TRUE,Software,0
TXN0004726,08-03-2025,41667.38,INR,RTGS HCL INV/2503/726 TDS - exp,HCL,True,18%,TRUE,IT Services,0
TXN0004727,08-03-2025,42409.4,INR,rtgs inf.y taxinv/2503/727 q1 - exp,INF.y,True,18%,TRUE,IT Services,0
TXN0004728,08-03-2025,6306.19,INR,auto-debit rap.ido taxinv/2503/728 q2 - exp / ref 6909,RAP.ido,True,5%,FALSE,Travel,0
TXN0004729,08-03-2025,9267.87,INR,CARD Figma INV/2503/729 TDS - exp,Figma,True,18%,TRUE,Software,0
TXN0004730,09-03-2025,7305.34,INR,auto-debit figma pvt ltd taxinv/2503/730 subs - software exp,FIGMA Pvt Ltd,True,18%,TRUE,Software,0
TXN0004731,09-03-2025,10054.06,INR,CANVA charges,CANVA,True,18%,TRUE,Software,0
TXN0004732,09-03-2025,5905.69,INR,STAPLES,STAPLES,True,12%,TRUE,Office Supplies,0
TXN0004733,09-03-2025,5392.38,INR,imps rapid otaxinv/2503/733 rent - exp,RAPIDO,True,5%,FALSE,Travel,0
TXN0004734,09-03-2025,11499.86,INR,/ NEFT AIRTEL INDIA PVT LTD INV/2503/734 GST - exp- ref 3633,AIRTEL INDIA PVT LTD,True,18%,TRUE,Utilities,0
TXN0004735,09-03-2025,3579.81,INR,*NEFT IKEA BILL/2503/735 Q2 - exp,IKEA,True,12%,TRUE,Office Supplies,0
TXN0004736,09-03-2025,18686.46,INR, ,SIM.plilearn,True,18%,unknown,Training,0
TXN0004737,09-03-2025,6120.32,INR,na,OFF.ice depot,True,12%,TRUE,Office Supplies,0
TXN0004738,09-03-2025,8713.99,INR,RTGS BESCOM Pvt Ltd TAXINV/2503/738 GST - exp- ref 7011,BESCOM Pvt Ltd,True,18%,TRUE,Utilities,0
TXN0004739,09-03-2025,6479.0,INR,UPI IKEA INDIA PVT LTD BILL/2503/739 Q1 - exp,IKEA INDIA PVT LTD,True,12%,TRUE,Office Supplies,0
TXN0004740,10-03-2025,6795.25,INR,AUTO-DEBIT OFFICE DEPOT RCPT/2503/740 Q1 - exp,OFFICE DEPOT,True,12%,TRUE,Office Supplies,0
TXN0004741,10-03-2025,4594.49,INR,-UPI IKEA INDIA PVT LTD RCPT/2503/741 GST - office supplies exp,IKEA INDIA PVT LTD,True,12%,TRUE,Office Supplies,0
TXN0004742,10-03-2025,5159.78,INR,card staples rcpt/2503/742 tds - exp,STAPLES,True,12%,TRUE,Office Supplies,0
TXN0004743,10-03-2025,69216.7,INR,WIPRO Pvt Ltd charges,WIPRO Pvt Ltd,True,18%,TRUE,IT Services,0
TXN0004744,10-03-2025,94577.83,INR,AUTO-DEBIT AWFIS Pvt Ltd RCPT/2503/744 FY25 - exp* ref 4527,AWFIS Pvt Ltd,True,18%,TRUE,Rent,0
TXN0004745,10-03-2025,6359.74,INR,IMPS IKEA BILL/2503/745 FY24 - exp,IKEA,True,12%,TRUE,Office Supplies,0
TXN0004746,10-03-2025,91482.54,INR,neft awfis pvt ltd inv/2503/746 subs - rent exp,AWFIS Pvt Ltd,True,18%,TRUE,Rent,0
TXN0004747,10-03-2025,1939.22,INR,!RTGS KFC Pvt Ltd RCPT/2503/747 GST - meals exp,KFC Pvt Ltd,True,5%,FALSE,Meals,0
TXN0004748,10-03-2025,37556.97,INR,*IMPS TCS INDIA PVT LTD INV/2503/748 TDS - exp ref 3445,TCS INDIA PVT LTD,True,18%,TRUE,IT Services,0
TXN0004749,10-03-2025,2378.91,INR,#neft indigo bill/2503/749 rent - exp,Indigo,True,5%,FALSE,Travel,0
TXN0004750,10-03-2025,6227.68,INR,!imps adobe pvt ltd bill/2503/750 tds - exp# ref 9795,ADOBE Pvt Ltd,True,18%,TRUE,Software,0
TXN0004751,10-03-2025,31888.18,INR,HCL charges,HCL,True,18%,TRUE,IT Services,0
TXN0004752,10-03-2025,34614.67,INR,imps hcl taxinv/2503/752 subs - exp,HCL,True,18%,TRUE,IT Services,0
TXN0004753,10-03-2025,9447.23,INR,#IMPS Kseb RCPT/2503/753 RENT - exp# ref 9251,Kseb,True,18%,TRUE,Utilities,0
TXN0004754,10-03-2025,6964.54,INR,*upi office depot india pvt ltd rcpt/503/754 fy25 - exp- ref 6028,OFFICE DEPOT INDIA PVT LTD,True,12%,TRUE,Office Supplies,0
TXN0004755,10-03-2025,104405.42,INR,/ imps indiqube bill/2503/755 subs - exp,Indiqube,True,18%,TRUE,Rent,0
TXN0004756,10-03-2025,21904.51,INR,CARD SIMPLILEARN INDIA PVT LTD TAXINV/25u3/756 RENT - exp,SIMPLILEARN INDIA PVT LTD,True,18%,unknown,Training,0
TXN0004757,10-03-2025,32424.73,INR,*rtgs wipro rcpt/2503/757 gst - exp,WIPRO,True,18%,TRUE,IT Services,0
TXN0004758,10-03-2025,98435.93,INR,/ IMPS AWFIS TAXINV/2503/758 - exp ref 7990,AWFIS,True,18%,TRUE,Rent,0
TXN0004759,10-03-2025,64431.29,INR,neft hcl bill/2503/759q2 - exp* ref 3696,Hcl,True,18%,TRUE,IT Services,0
TXN0004760,10-03-2025,6711.03,INR,rtgs staples rcpt/2503/760 fy25 - exp,Staples,True,12%,TRUE,Office Supplies,0
TXN0004761,10-03-2025,72778.08,INR,AUTO-DEBIT IND.iqube RCPT/2503/761 ADV - rent exp- ref 5883,IND.iqube,True,18%,TRUE,Rent,0
TXN0004762,11-03-2025,54834.26,INR,*neft wework pvt ltd rcpt/2503/762 fy25 - exp! ref 8276,WEWORK Pvt Ltd,True,18%,TRUE,Rent,0
TXN0004763,11-03-2025,9683.5,INR,-card office depot inv/2503/763 rent - exp- ref 5814,OFFICE DEPOT,True,12%,TRUE,Office Supplies,0
TXN0004764,11-03-2025,16197.62,INR,Airtel,Airtel,True,18%,TRUE,Utilities,0
TXN0004765,11-03-2025,5779.55,INR,DOMINOS,DOMINOS,True,5%,FALSE,Meals,0
TXN0004766,11-03-2025,9873.18,INR,FIGMA charges,FIGMA,True,18%,TRUE,Software,0
TXN0004767,11-03-2025,54054.15,INR,IMSP TCS BILL/2503/767 Q2 - exp,TCS,True,18%,TRUE,IT Services,0
TXN0004768,11-03-2025,757058.24,INR,CARD WEWORK INDIA PVT LTD INV/2503/768 TDS - exp,WEWORK INDIA PVT LTD,True,18%,TRUE,Rent,1
TXN0004769,11-03-2025,1558.48,INR,-AUTO-DEBIT Zomato INV/2503/769 TDS - meals exp- ref 5629,Zomato,True,5%,FALSE,Meals,0
TXN0004770,11-03-2025,25329.65,INR,!rtgs kseb rcpt/2503/770 fy25 - exp,KSEB,True,18%,TRUE,Utilities,0
TXN0004771,11-03-2025,49406.42,INR,/ RTGS TEC.hm TAXINV/2503/771 RENT - exp,TEC.hm,True,18%,TRUE,IT Services,0
TXN0004772,11-03-2025,11641.67,INR,-neft bescom rctp/2503/772 tds - exp,BESCOM,True,18%,TRUE,Utilities,0
TXN0004773,11-03-2025,8818.93,INR,#imps adobe taxinv/2503/773 q2 - exp,Adobe,True,18%,TRUE,Software,0
TXN0004774,11-03-2025,48557.51,INR,AUTO-DEBIT AWF.is TAXNIV/2503/774 SUBS - exp,AWF.is,True,18%,TRUE,Rent,0
TXN0004775,11-03-2025,6874.32,INR,MICROSOFT charges,MICROSOFT,True,18%,TRUE,Software,0
TXN0004776,11-03-2025,2987.05,INR,UPI Zomato INV/2503/776 SUBS - exp,Zomato,True,5%,FALSE,Meals,0
TXN0004777,11-03-2025,38715.66,INR,auto-debit infy rcpt/2503/777 fy24 - exp,INFY,True,18%,TRUE,IT Services,0
TXN0004778,12-03-2025,15175.07,INR, / upi bescom pvt ltd taxinv/2503/778 adv - utilities exp,BESCOM Pvt Ltd,True,18%,TRUE,Utilities,0
TXN0004779,12-03-2025,24262.41,INR,/ rtgs infy india pvt ltd inv/2503/779 fy24 - exp,INFY INDIA PVT LTD,True,18%,TRUE,IT Services,0
TXN0004780,12-03-2025,7960.97,INR,NEFT AIR.tel BILL/2503/780 TDS - exp,AIR.tel,True,18%,TRUE,Utilities,0
TXN0004781,12-03-2025,11102.19,INR,Airtel,Airtel,True,18%,TRUE,Utilities,0
TXN0004782,12-03-2025,7324.86,INR,FIGMA charges,FIGMA,True,18%,TRUE,Software,0
TXN0004783,12-03-2025,4495.47,INR,#AUTO-bEBIT SWIGGY INV/2503/783 Q1 - exp# ref 5826,SWIGGY,True,5%,FALSE,Meals,0
TXN0004784,12-03-2025,5520.91,INR,!AUTO-DEBIT STAPLES Pvt Ltd INV/2503/784 FY25 - exp,STAPLES Pvt Ltd,True,12%,TRUE,Office Supplies,0
TXN0004785,12-03-2025,14838.43,INR,#AUTO-DEBIT ADOBE Pvt Ltd BILL/2503/785 SUBS - exp,ADOBE Pvt Ltd,True,18%,TRUE,Software,0
TXN0004786,12-03-2025,129205.2,INR,na,AWFIS Pvt Ltd,True,18%,TRUE,Rent,0
TXN0004787,12-03-2025,8894.33,INR,/ card canva india pvt ltd taxinv/2503/787 rent - exp,CANVA INDIA PVT LTD,True,18%,TRUE,Software,0
TXN0004788,12-03-2025,94006.04,INR,-auto-debit awf.is bill/2503/788 fy25 - rent exp,AWF.is,True,18%,TRUE,Rent,0
TXN0004789,12-03-2025,8504.07,INR,*auto-debit ikeaindia pvt ltd taxinv/2503/789 gst - exp! ref 8597,IKEA INDIA PVT LTD,True,12%,TRUE,Office Supplies,0
TXN0004790,12-03-2025,3361.8,INR,rtgs ikea pvt ltd bill/2503/790 gst - exp,IKEA Pvt Ltd,True,12%,TRUE,Office Supplies,0
TXN0004791,12-03-2025,3766.62,INR,*rtgs indigo pvt ltd bill/2503/791 fy25 - exp# ref 5067,INDIGO Pvt Ltd,True,5%,FALSE,Travel,0
TXN0004792,12-03-2025,57396.59,INR,AUTO-DsBIT AWFIS RCPT/2503/792 Q1 - exp,AWFIS,True,18%,TRUE,Rent,0
TXN0004793,12-03-2025,31527.65,INR,card wipro inv/2503/793 fy24 - exp,WIPRO,True,18%,TRUE,IT Services,0
TXN0004794,12-03-2025,20977.7,INR,*CARD Upgrad TAXINV/2503/794 TDS - exp* ref 3431,Upgrad,True,18%,unknown,Training,0
TXN0004795,12-03-2025,3704.62,INR,CARD ZOMATO RCPT/2503/795 TDS - exp,ZOMATO,True,5%,FALSE,Meals,0
TXN0004796,12-03-2025,9942.96,INR,UPI CAN.va TAXINV/2503/796 SUBS - exp,CAN.va,True,18%,TRUE,Software,0
TXN0004797,12-03-2025,149236.26,INR,-,AWFIS,True,18%,TRUE,Rent,0
TXN0004798,13-03-2025,2724.46,INR,IMPS SWIGGY BILL/2503/798 FY24 - exp / ref 9684,SWIGGY,True,5%,FALSE,Meals,0
TXN0004799,13-03-2025,107136.42,INR,IMPS AWF.is TAXINV/2503/799 Q1 - exp,AWF.is,True,18%,TRUE,Rent,0
TXN0004800,13-03-2025,125139.82,INR,#upi indiqube rcpt/2503/800 q1 - exp# ref 7811,Indiqube,True,18%,TRUE,Rent,0
TXN0004801,13-03-2025,44448.69,INR,auto-debit techm pvt ltd taxinv/2503/801 fy25 - exp,TECHM Pvt Ltd,True,18%,TRUE,IT Services,0
TXN0004802,13-03-2025,4539.0,INR,-upi ikea rcpt/2503/802 rent - office supplies exp,IKEA,True,12%,TRUE,Office Supplies,0
TXN0004803,13-03-2025,3958.38,INR,ROC FEES,ROC FEES,False,exempt,FALSE,Exempt Services,0
TXN0004804,13-03-2025,6062.14,INR,!upi office depot pvt ltd taxinv/2503/804 q1 - exp* ref 8304,OFFICE DEPOT Pvt Ltd,True,12%,TRUE,Office Supplies,0
TXN0004805,13-03-2025,26625.95,INR,*RTGS SIMPLILEARN INV/2503/805 Q2 - exp,SIMPLILEARN,True,18%,unknown,Training,0
TXN0004806,13-03-2025,47001.52,INR,neft techm taxinv/2503/806 q2 - it services exp,Techm,True,18%,TRUE,IT Services,0
TXN0004807,13-03-2025,22185.23,INR,na,TECHM Pvt Ltd,True,28%,TRUE,IT Services,1
TXN0004808,13-03-2025,36362.35,INR,*rtgs tec.hm rcpt/2503/808 fy25 - exp# ref 8081,TEC.hm,True,18%,TRUE,IT Services,0
TXN0004809,13-03-2025,70499.17,INR,ncft awfis rcpt/2503/809 tds - exp! ref 3861,AWFIS,True,18%,TRUE,Rent,0
TXN0004810,13-03-2025,64474.66,INR,RTGS AWFIS INDIAP VT LTD BILL/2503/810 Q1 - exp,AWFIS INDIA PVT LTD,True,exempt,TRUE,Rent,1
TXN0004811,13-03-2025,14801.37,INR, auto-debit upgrad india pvt ltd inv/2503/811 subs - training exp,UPGRAD INDIA PVT LTD,True,18%,unknown,Training,0
TXN0004812,13-03-2025,19907.82,INR,IMPS ADOBE Pvt Ltd INV/2503/812 FY24 - exp,ADOBE Pvt Ltd,True,18%,TRUE,Software,0
TXN0004813,14-03-2025,2083.13,INR,neft swiggy rcpt/2503/813 subs - exp,SWIGGY,True,5%,FALSE,Meals,1
TXN0004814,14-03-2025,34321.33,INR,CARD TCS INDIA PVT LTD RCPT/2503/814 SUBS - exp / ref 3115,TCS INDIA PVT LTD,True,18%,TRUE,IT Services,0
TXN0004815,14-03-2025,6186.97,INR,#IMPS MICROSOFT RCPT/2503/815 SUBS - exp,MICROSOFT,True,18%,TRUE,Software,0
TXN0004816,14-03-2025,21969.94,INR,!upi tcs taxinv/2503/816 rent - it services exp,TCS,True,18%,TRUE,IT Services,0
TXN0004817,14-03-2025,33145.0,INR,CARD Hcl BILL/2503/817 SUBS - exp# ref 4680,Hcl,True,18%,TRUE,IT Services,0
TXN0004818,14-03-2025,53385.84,INR,-UPI INFY INV/2503/818 Q1 - exp,INFY,True,18%,TRUE,IT Services,0
TXN0004819,14-03-2025,4555.77,INR,RTGS OFFICE DEPOT Pvt Ltd BILL/2503819 ADV - office supplies exp,OFFICE DEPOT Pvt Ltd,True,12%,TRUE,Office Supplies,0
TXN0004820,14-03-2025,31487.85,INR,na,TECHM,True,18%,TRUE,IT Services,0
TXN0004821,14-03-2025,103473.72,INR,/ NEFT AWF.is TAXINV/2503/821 FY25 - exp,AWF.is,True,18%,TRUE,Rent,0
TXN0004822,14-03-2025,50188.4,INR,upi tcs india pvt ltd inv/2503/822 subs - exp# ref 2456,TCS INDIA PVT LTD,True,18%,TRUE,IT Services,0
TXN0004823,15-03-2025,11455.78,INR,Bescom charges,Bescom,True,18%,TRUE,Utilities,0
TXN0004824,15-03-2025,10420.13,INR,#NEFT IKEA BILL/2503/824 SUBS - exp,IKEA,True,12%,TRUE,Office Supplies,0
TXN0004825,15-03-2025,5187.84,INR,auto-debit figma inv/2503/825 q2 - exp,FIGMA,True,18%,TRUE,Software,0
TXN0004826,15-03-2025,64821.01,INR,!NEFT IND.iqube RCPT/2503/826 GST - exp,IND.iqube,True,18%,TRUE,Rent,0
TXN0004827,15-03-2025,3424.94,INR,NEFT OLA INDIA PVT LTD INV/2503/827 FY25 - exp,OLA INDIA PVT LTD,True,5%,FALSE,Travel,0
TXN0004828,15-03-2025,3353.02,INR,neft swiggy bill/2503/828 q2 - exp* ref 6714,SWIGGY,True,5%,FALSE,Meals,0
TXN0004829,15-03-2025,109390.64,INR,IMPS KSEB RCPT/2503/829 SUBS - exp* ref 8677,KSEB,True,18%,TRUE,Utilities,1
TXN0004830,15-03-2025,19353.88,INR,Tcs,Tcs,True,18%,TRUE,IT Services,0
TXN0004831,15-03-2025,37460.46,INR,/ auto-debit wipro pvt ltd taxinv/2503/831 fy24 - exp,WIPRO Pvt Ltd,True,18%,TRUE,IT Services,0
TXN0004832,15-03-2025,5842.11,INR,#CARD Staples INV/2503/832 TDS - exp# ref 8375,Staples,True,12%,TRUE,Office Supplies,0
TXN0004833,15-03-2025,4263.13,INR,-,GOVT FEES,False,exempt,FALSE,Exempt Services,0
TXN0004834,15-03-2025,4262.22,INR,KFC charges,KFC,True,5%,FALSE,Meals,0
TXN0004835,15-03-2025,83330.95,INR,card awfis pvt ltd rcpt/2503/835 adv - exp* ref 7452,AWFIS Pvt Ltd,True,18%,TRUE,Rent,0
TXN0004836,15-03-2025,6466.82,INR, / card office depot taxinv/2503/836 fy25 - office supplies exp# ref 541,OFFICE DEPOT,True,12%,unknown,Office Supplies,1
TXN0004837,15-03-2025,7192.68,INR,#CARD Office Depot INV/2503/837 Q1 - exp,Office Depot,True,12%,TRUE,Office Supplies,0
TXN0004838,15-03-2025,39942.23,INR,-IMPS TECHM RCPT/2503/838 Q2 - exp- ref 3284,TECHM,True,18%,TRUE,IT Services,0
TXN0004839,15-03-2025,569350.72,INR,IMPS AWFIS Pvt Ltd INV/25u3/839 FY24 - exp! ref 4308,AWFIS Pvt Ltd,True,18%,TRUE,Rent,1
TXN0004840,15-03-2025,52272.97,INR,rtgs infy taxinv/2503/840 fy24 - exp,INFY,True,28%,TRUE,IT Services,1
TXN0004841,16-03-2025,3198.13,INR,-upi kfc rcpt/2503/841 rent - meals exp  ref 2944,Kfc,True,5%,FALSE,Meals,0
TXN0004842,16-03-2025,105258.53,INR,Indiqube charges,Indiqube,True,exempt,TRUE,Rent,1
TXN0004843,16-03-2025,7065.7,INR,NEFT STAPLES INV/2503/843 GST - exp,STAPLES,True,12%,TRUE,Office Supplies,0
TXN0004844,16-03-2025,9270.46,INR,na,IKEA,True,12%,TRUE,Office Supplies,0
TXN0004845,16-03-2025,30853.26,INR,RTGS HCL TAXINV/2503/845 FY24 - exp,HCL,True,18%,TRUE,IT Services,0
TXN0004846,16-03-2025,47959.64,INR,!AUTO-DEBIT TCS Pvt Ltd RCPT/2503/846 SUBS - exp,TCS Pvt Ltd,True,18%,TRUE,IT Services,0
TXN0004847,16-03-2025,6743.8,INR,-NEFT CANVA TAXINV/2503/847 GST - exp! ref 1546,CANVA,True,18%,TRUE,Software,0
TXN0004848,16-03-2025,3806.0,INR,imps office depot taxinv/2503/848 q1 - exp,Office Depot,True,12%,TRUE,Office Supplies,0
TXN0004849,16-03-2025,75304.44,INR,-upi indiqube rcpt/2503/849 tds - exp,INDIQUBE,True,18%,TRUE,Rent,0
TXN0004850,16-03-2025,34066.15,INR,AUTO-DEBIT UPGRAD Pvt Ltd RCPT/2503/850 Q1 - exp! ref 6565,UPGRAD Pvt Ltd,True,18%,unknown,Training,0
TXN0004851,16-03-2025,5563.68,INR,-IMPS Staples INV/2503/851 Q1 - exp,Staples,True,12%,TRUE,Office Supplies,0
TXN0004852,16-03-2025,47829.83,INR,/ CARD HCL Pvt Ltd TAXINV/2503/852 SUBS - exp,HCL Pvt Ltd,True,18%,TRUE,IT Services,0
TXN0004853,16-03-2025,9855.2,INR,#CARD Figma RCPT/2503/853 RENT - exp,Figma,True,18%,TRUE,Software,0
TXN0004854,16-03-2025,4226.18,INR,rtgs indigo rcpt/2503/854 fy25 - travel exp- ref 2079,INDIGO,True,5%,FALSE,Travel,0
TXN0004855,16-03-2025,3894.76,INR,/ auto-debit figma india pvt ltd inv/2503/855 gst - exp,FIGMA INDIA PVT LTD,True,18%,TRUE,Software,0
TXN0004856,16-03-2025,5663.09,INR,/ rtgs office depot pvt htd inv/2503/856 fy24 - exp- ref 6768,OFFICE DEPOT Pvt Ltd,True,12%,TRUE,Office Supplies,0
TXN0004857,16-03-2025,2261.41,INR,#AUTO-DEBIT ZOM.ato INV/2503/857 GST - exp,ZOM.ato,True,5%,FALSE,Meals,0
TXN0004858,17-03-2025,16076.96,INR,SIMPLILEARN Pvt Ltd,SIMPLILEARN Pvt Ltd,True,18%,unknown,Training,0
TXN0004859,17-03-2025,8243.99,INR,KSE.b charges,KSE.b,True,18%,TRUE,Utilities,0
TXN0004860,17-03-2025,14052.31,INR, / IMPS KSEB INDIA PVT LTD RCPT/2503/860 Q2 - utilities exp* ref 5712,KSEB INDIA PVT LTD,True,18%,TRUE,Utilities,0
TXN0004861,17-03-2025,104853.96,INR,NEFT Awfis TAXINV/2503/861 Q2 - exp,Awfis,True,18%,TRUE,Rent,0
TXN0004862,17-03-2025,4706.23,INR,RTGS SWIGGY INV/2503/862 FY25 - meals exp,SWIGGY,True,5%,FALSE,Meals,0
TXN0004863,17-03-2025,5572.17,INR,*imps zomato bill/2503/863 rent - meals exp* ref 4812,ZOMATO,True,5%,FALSE,Meals,0
TXN0004864,17-03-2025,79629.18,INR,UPI INDIQUBE Pvt Ltd TAXINV/2503/864 TDS - exp,INDIQUBE Pvt Ltd,True,18%,TRUE,Rent,0
TXN0004865,17-03-2025,4969.66,INR,NEFT Indigo BILL/o503/865 SUBS - travel exp,Indigo,True,5%,FALSE,Travel,0
TXN0004866,17-03-2025,6405.89,INR,#CARD AIRTEL TAXINV/2503/866 FY24 - utilities exp! ref 6205,AIRTEL,True,18%,TRUE,Utilities,0
TXN0004867,17-03-2025,103487.99,INR,RTGS AWFIS INDIA PVT LTD BILL/2503/867 FY25 - exp,AWFIS INDIA PVT LTD,True,18%,TRUE,Rent,0
TXN0004868,17-03-2025,22048.3,INR, / RTGS SIM.plilearn RCPT/2503/868 SUBS - training exp,SIM.plilearn,True,18%,unknown,Training,0
TXN0004869,17-03-2025,17766.32,INR,/ AUTO-DEBIT KSEB INV/2503/869 FY24 - exp,KSEB,True,18%,TRUE,Utilities,0
TXN0004870,17-03-2025,51041.75,INR,-NEFT WEWORK INDIA PVT LTD BILL/2503/870 ADV - rent exp,WEWORK INDIA PVT LTD,True,18%,TRUE,Rent,0
TXN0004871,17-03-2025,86860.79,INR, neft awfis pvt ltd taxinv/2503/871 rent - rent exp! ref 4770,AWFIS Pvt Ltd,True,18%,TRUE,Rent,0
TXN0004872,17-03-2025,3298.42,INR, IMPS ZOMATO INV/2503/872 TDS - meals exp,ZOMATO,True,5%,FALSE,Meals,0
TXN0004873,17-03-2025,7128.77,INR,neft office depot bill/2503/873 subs - exp,OFFICE DEPOT,True,12%,TRUE,Office Supplies,0
TXN0004874,17-03-2025,8774.47,INR,BESCOM charges,BESCOM,True,18%,TRUE,Utilities,0
TXN0004875,17-03-2025,26650.25,INR,#UPI HCL RCPT/2503/875 Q1 - exp! ref 1489,HCL,True,18%,TRUE,IT Services,0
TXN0004876,18-03-2025,3915.85,INR,-NEFT OFF.ice depot RCPT/2503/876 ADV - exp,OFF.ice depot,True,12%,TRUE,Office Supplies,0
TXN0004877,18-03-2025,17093.19,INR,!IMPS Airtel TAXINV/2503/877 Q2 - exp,Airtel,True,18%,TRUE,Utilities,0
TXN0004878,18-03-2025,46109.23,INR,auto-debit infy bill/2503/878 fy25 - exp,Infy,True,18%,TRUE,IT Services,0
TXN0004879,18-03-2025,5098.16,INR,-IMPS STAPLES INDIA PVT LTD TAXINV/2503/879 FY25 - exp* ref 004,STAPLES INDIA PVT LTD,True,12%,TRUE,Office Supplies,0
TXN0004880,18-03-2025,4271.53,INR,rtgs office depot india pvt ltd bill/2503/880 q2 - exp,OFFICE DEPOT INDIA PVT LTD,True,12%,TRUE,Office Supplies,0
TXN0004881,18-03-2025,2648.08,INR,auto-debit kfcb ill/2503/881 fy24 - exp,Kfc,True,5%,FALSE,Meals,0
TXN0004882,18-03-2025,63730.39,INR,NEFT INDIQUBE Pvt Ltd RCPT/2503/882 FY25 - exp,INDIQUBE Pvt Ltd,True,18%,TRUE,Rent,0
TXN0004883,18-03-2025,27949.24,INR,AUTO-DEBIT TECHo BILL/2503/883 GST - exp,TECHM,True,18%,TRUE,IT Services,0
TXN0004884,18-03-2025,16717.68,INR,!CARD JIO.fiber TAXINV/2503/884 FY24 - exp,JIO.fiber,True,18%,TRUE,Utilities,0
TXN0004885,18-03-2025,15900.31,INR,CAmD SIM.plilearn INV/2503/885 TDS - exp,SIM.plilearn,True,18%,unknown,Training,0
TXN0004886,18-03-2025,10185.92,INR,FIGMA Pvt Ltd charges,FIGMA Pvt Ltd,True,18%,TRUE,Software,0
TXN0004887,18-03-2025,45791.64,INR,-auto-debit awfis taxinv/2503/887 q2 - rent zxp /  ref 4342,Awfis,True,18%,TRUE,Rent,0
TXN0004888,18-03-2025,40046.49,INR,card inyf pvt ltd rcpt/2503/888 adv - exp,INFY Pvt Ltd,True,18%,TRUE,IT Services,0
TXN0004889,18-03-2025,78706.85,INR,card wework rcpt/2503/889 fy25 - exp* ref 7707,WEWORK,True,18%,TRUE,Rent,0
TXN0004890,18-03-2025,16834.0,INR,!card mic.rosoft rcpt/2503/890 fy24 - exp* ref 5845,MIC.rosoft,True,18%,TRUE,Software,0
TXN0004891,18-03-2025,11312.11,INR,IMPS BESCOM TAXImV/2503/891 ADV - exp,BESCOM,True,18%,TRUE,Utilities,0
TXN0004892,18-03-2025,5088.82,INR,#rtgs ola rcpt/2503/892 gst - exp- ref 2162,OLA,True,5%,FALSE,Travel,0
TXN0004893,19-03-2025,26198.07,INR,CARD INFY INV/2503/893SUBS - exp,INFY,True,18%,TRUE,IT Services,0
TXN0004894,19-03-2025,20415.38,INR,#auto-debit kseb rcpt/2503/894 fy42 - exp,Kseb,True,18%,TRUE,Utilities,0
TXN0004895,19-03-2025,5603.12,INR,-upi staples inv/2503/895 fy24 - office uspplies exp- ref 6953,Staples,True,12%,TRUE,Office Supplies,0
TXN0004896,19-03-2025,38167.2,INR,!card awfis bill/2503/896 q1- exp,AWFIS,True,18%,TRUE,Rent,0
TXN0004897,19-03-2025,4700.1,INR,AUTO-DEBIT ZOM.ato BILL2/503/897 Q2 - exp,ZOM.ato,True,5%,FALSE,Meals,0
TXN0004898,19-03-2025,35913.4,INR,/ NlFT Wipro TAXINV/2503/898 GST - exp* ref 4138,Wipro,True,18%,TRUE,IT Services,0
TXN0004899,19-03-2025,6037.84,INR,,MICROSOFT,True,18%,TRUE,Software,0
TXN0004900,19-03-2025,48415.75,INR,*auto-debit wipro pvt ltd rcpt/2503/900 tds - exp / ref 7458,WIPRO Pvt Ltd,True,18%,TRUE,IT Services,0
TXN0004901,19-03-2025,3067.86,INR,*upi ube.r bill/2503/901 tds - exp,UBE.r,True,5%,FALSE,Travel,0
TXN0004902,20-03-2025,18551.73,INR,NEFT JIO.fiber TAXINV/5203/902 ADV - exp,JIO.fiber,True,18%,TRUE,Utilities,0
TXN0004903,20-03-2025,53128.45,INR,INFY,INFY,True,18%,TRUE,IT Services,0
TXN0004904,20-03-2025,4070.45,INR,RTGS RAP.ido TAXINV/2503/904 ADV - exp ref 3657,RAP.ido,True,5%,FALSE,Travel,0
TXN0004905,20-03-2025,4941.81,INR,#NEFT INDIGO INDIA PVT LTD BILL/2503/905 SUBS - exp,INDIGO INDIA PVT LTD,True,5%,FALSE,Travel,0
TXN0004906,20-03-2025,62767.65,INR,imps awfis rcpt/2503/906 q1 - exp* ref 7505,Awfis,True,18%,TRUE,Rent,0
TXN0004907,20-03-2025,31731.34,INR,!rtgs wipro taxinv/2503/907 q1 - exp,WIPRO,True,18%,TRUE,IT Services,0
TXN0004908,20-03-2025,55564.17,INR,CARD INFY Pvt Ltd TAXINV/2503/908 RENT - exp,INFY Pvt Ltd,True,18%,TRUE,IT Services,0
TXN0004909,20-03-2025,91629.63,INR,*UPI TECHM TAXINV/2503/909 TD - exp- ref 4396,TECHM,True,18%,TRUE,IT Services,0
TXN0004910,20-03-2025,15169.97,INR,!upi bescom taxinv/2503/910 q1 - utilities exp,BESCOM,True,18%,TRUE,Utilities,0
TXN0004911,20-03-2025,54349.69,INR,INDIQUBE Pvt Ltd charges,INDIQUBE Pvt Ltd,True,18%,TRUE,Rent,0
TXN0004912,20-03-2025,39947.71,INR,auto-debit wipro bill/2503/912 subs - exp,Wipro,True,18%,TRUE,IT Services,0
TXN0004913,20-03-2025,6256.63,INR, upi staples pvt ltd bill/2503/913 q1 - office supplies exp,STAPLES Pvt Ltd,True,12%,TRUE,Office Supplies,0
TXN0004914,20-03-2025,11681.65,INR,upi airtel pvt ltd rcpt/2503914 q1 - exp,AIRTEL Pvt Ltd,True,18%,TRUE,Utilities,0
TXN0004915,20-03-2025,43997.5,INR,neft tec.hm bill/2503/915 tds - exp,TEC.hm,True,18%,TRUE,IT Services,0
TXN0004916,20-03-2025,6168.06,INR,#rgs rapido taxinv/2503/916 q1 - exp,RAPIDO,True,5%,FALSE,Travel,0
TXN0004917,20-03-2025,27391.55,INR,KSE.b,KSE.b,True,18%,TRUE,Utilities,0
TXN0004918,21-03-2025,14411.54,INR,AUTO-fEBIT CAN.va BILL/2503/918 TDS - exp# ref 7467,CAN.va,True,18%,TRUE,Software,0
TXN0004919,21-03-2025,6006.01,INR,rtgs sta.ples bill/2503/9u9 rent - exp,STA.ples,True,12%,TRUE,Office Supplies,0
TXN0004920,21-03-2025,9503.44,INR,AIRTEL,AIRTEL,True,18%,TRUE,Utilities,0
TXN0004921,21-03-2025,85872.87,INR,-rtgs indiqube taxinv/2503/921 fy25 - exp,Indiqube,True,18%,TRUE,Rent,0
TXN0004922,21-03-2025,7052.47,INR,-auto-debit ikea bill/2503/922 adv - exp,IKEA,True,12%,TRUE,Office Supplies,0
TXN0004923,21-03-2025,85882.01,INR,RTGS AWFIS INDIA PVT LTD RCPT/2503/923 - exp# ref 1429,AWFIS INDIA PVT LTD,True,18%,TRUE,Rent,0
TXN0004924,21-03-2025,8663.38,INR,UPI UBER aNDIA PVT LTD INV/2503/924 Q1 - exp,UBER INDIA PVT LTD,True,5%,FALSE,Travel,0
TXN0004925,21-03-2025,3393.46,INR,SWI.ggy charges,SWI.ggy,True,5%,FALSE,Meals,0
TXN0004926,21-03-2025,16500.56,INR,/ UPI JIO.fiber RCPT/2503/926 GST - exp* ref 2075,JIO.fiber,True,18%,TRUE,Utilities,0
TXN0004927,21-03-2025,29312.86,INR,n/a,WIP.ro,True,18%,TRUE,IT Services,0
TXN0004928,21-03-2025,5788.26,INR,#imps staples rcpt/2503/928 tds - exp,STAPLES,True,12%,TRUE,Office Supplies,0
TXN0004929,21-03-2025,1842.51,INR,/ NEFT RCPT/2503/929 FY25 - exp- ref 9340,GOVT FEES,False,exempt,FALSE,Exempt Services,0
TXN0004930,22-03-2025,5837.54,INR,card uber rcpt/2503/930 rent - travel exp,UBER,True,5%,FALSE,Travel,0
TXN0004931,22-03-2025,21162.3,INR,/ AUTO-DEBIT HCL INDIA PVT LTD INV/2503/931 SUBS - exp,HCL INDIA PVT LTD,True,18%,TRUE,IT Services,0
TXN0004932,22-03-2025,22538.68,INR, ,AIRTEL,True,18%,TRUE,Utilities,0
TXN0004933,22-03-2025,15891.36,INR,CARD KSEB INDIA PVT LTD BILL/2503/h33 Q1 - exp,KSEB INDIA PVT LTD,True,18%,TRUE,Utilities,0
TXN0004934,22-03-2025,8952.65,INR,*neft jiofiber taxinv/2503/934 fy25 - exp,JIOFIBER,True,18%,TRUE,Utilities,0
TXN0004935,22-03-2025,4798.7,INR,IKEA INDIA PVT LTD,IKEA INDIA PVT LTD,True,12%,TRUE,Office Supplies,0
TXN0004936,22-03-2025,16159.48,INR,*imps ra rcpt/2503/936 rent - exp,COURSERA,True,18%,unknown,Training,0
TXN0004937,22-03-2025,8815.56,INR,card can.va bill/2503/937 fy25 - exp- ref 8662,CAN.va,True,18%,TRUE,Software,0
TXN0004938,22-03-2025,4271.47,INR,card staples india pvt ltd rcpt/2503/938 fy24 - exp,STAPLES INDIA PVT LTD,True,12%,TRUE,Office Supplies,0
TXN0004939,22-03-2025,9414.18,INR,#upi jio.fiber rcpt/2503/939 gst - exp,JIO.fiber,True,18%,TRUE,Utilities,0
TXN0004940,23-03-2025,6824.04,INR, / NEFT OFF.ice depot TAXINV/2503/940 RENT - office supplies exp* ref 4018,OFF.ice depot,True,12%,TRUE,Office Supplies,0
TXN0004941,23-03-2025,6928.94,INR, / upi ikea pvt ltd bill/2503/941 subs - office supplies exp,IKEA Pvt Ltd,True,12%,TRUE,Office Supplies,0
TXN0004942,23-03-2025,36588.28,INR,-RTGS HCL TAXINV/2503/942 GST - exp,HCL,True,18%,TRUE,IT Services,0
TXN0004943,23-03-2025,3024.77,INR,RTGS INDIGO INDIA PVT LTD BILL/2503/943 SUBS - travel exp,INDIGO INDIA PVT LTD,True,5%,FALSE,Travel,0
TXN0004944,23-03-2025,7398.7,INR,neft rapido rcpt/2503/944 tds - exp,RAPIDO,True,5%,FALSE,Travel,0
TXN0004945,23-03-2025,6900.56,INR,ADO.be,ADO.be,True,18%,TRUE,Software,0
TXN0004946,23-03-2025,3820.3,INR,-NEFT OLA Pvt Ltd BILL/2503/946 ADV - exp- ref 6639,OLA Pvt Ltd,True,5%,FALSE,Travel,0
TXN0004947,23-03-2025,11171.69,INR,JIO.fiber,JIO.fiber,True,18%,TRUE,Utilities,0
TXN0004948,23-03-2025,77840.69,INR, IMPS AWFIS INDIA PVT LTD INV/2503/948 ADV - rent exp,AWFIS INDIA PVT LTD,True,18%,TRUE,Rent,0
TXN0004949,23-03-2025,109813.93,INR,-upi awfis taxinv/2503/949 subs - exp,Awfis,True,18%,TRUE,Rent,0
TXN0004950,23-03-2025,76330.92,INR,card indiqube india pvt ltd taxinv/2503/950 adv - rent exp,INDIQUBE INDIA PVT LTD,True,18%,TRUE,Rent,0
TXN0004951,23-03-2025,5921.14,INR,CARD RAPIDO INDIA PVT LTD INV/2503/951 Q1 - ep! ref 4753,RAPIDO INDIA PVT LTD,True,5%,FALSE,Travel,0
TXN0004952,23-03-2025,6362.66,INR,IMPS Adobe TAXINV/2503/952 Q2 - exp / ref 2829,Adobe,True,18%,TRUE,Software,0
TXN0004953,23-03-2025,5748.61,INR,STAPLES INDIA PVT LTD charges,STAPLES INDIA PVT LTD,True,12%,TRUE,Office Supplies,0
TXN0004954,23-03-2025,10336.74,INR,!NEFT MICROSOFT INDIA PVT LTD INV/2503/954 FY24 - software exp,MICROSOFT INDIA PVT LTD,True,18%,TRUE,Software,0
TXN0004955,23-03-2025,33723.25,INR,HCL INDIA PVT LTD,HCL INDIA PVT LTD,True,18%,TRUE,IT Services,0
TXN0004956,24-03-2025,3111.96,INR,upi swi.ggy taxinv/2503/956 gst - exp,SWI.ggy,True,5%,FALSE,Meals,0
TXN0004957,24-03-2025,18949.22,INR,RTGS TCS INV/2503/957 Q2 - exp,TCS,True,18%,TRUE,IT Services,0
TXN0004958,24-03-2025,7682.03,INR,AUTO-DEBIT Uber RCPT/2503/958 FYq5 - exp,Uber,True,5%,FALSE,Travel,0
TXN0004959,24-03-2025,4686.86,INR,/ UPI SWI.ggy BILL/2503/959 GST - exp,SWI.ggy,True,5%,FALSE,Meals,0
TXN0004960,24-03-2025,5315.62,INR,-auto-debit office depot pvt ltd bill/2503/960 q2 - exp,OFFICE DEPOT Pvt Ltd,True,12%,TRUE,Office Supplies,0
TXN0004961,24-03-2025,4749.41,INR,RTGS INDIGO Pvt Ltd TAXINV/2503/961 TDS - exp,INDIGO Pvt Ltd,True,5%,FALSE,Travel,0
TXN0004962,24-03-2025,31659.68,INR,TEC.hm,TEC.hm,True,18%,TRUE,IT Services,0
TXN0004963,24-03-2025,27477.19,INR,*RTGS INFY TAXINV/2503/963 RENT - exp* ref 9000,INFY,True,18%,TRUE,IT Services,0
TXN0004964,24-03-2025,10901.71,INR,CANVA charges,CANVA,True,18%,TRUE,Software,0
TXN0004965,24-03-2025,11224.46,INR,UPI JIOFIBER TAXINV/2503/965 REN T- utilities exp,JIOFIBER,True,18%,TRUE,Utilities,0
TXN0004966,24-03-2025,4726.6,INR,CARD OFFICE DEPOTTAXINV/2503/966 SUBS - exp,OFFICE DEPOT,True,12%,TRUE,Office Supplies,0
TXN0004967,24-03-2025,2785.26,INR,#AUTO-DEBIT ZOM.ato BILL/2503/967 SUBS - exp,ZOM.ato,True,5%,FALSE,Meals,0
TXN0004968,24-03-2025,11251.65,INR,aulo-debit ike.a bill/2503/968 fy25 - exp,IKE.a,True,12%,TRUE,Office Supplies,0
TXN0004969,24-03-2025,7814.97,INR,upi rapido bill/2503/969 adv - exp,RAPIDO,True,5%,FALSE,Travel,0
TXN0004970,24-03-2025,6403.14,INR,OFFICE DEPOT Pvt Ltd charges,OFFICE DEPOT Pvt Ltd,True,12%,TRUE,Office Supplies,0
TXN0004971,25-03-2025,68204.59,INR,AUTO-DEBIT AWFIS INV/25z3/971 Q1 - rent exp,AWFIS,True,18%,TRUE,Rent,0
TXN0004972,25-03-2025,28533.03,INR,Infy charges,Infy,True,18%,TRUE,IT Services,0
TXN0004973,25-03-2025,9574.92,INR,,JIO.fiber,True,18%,TRUE,Utilities,0
TXN0004974,25-03-2025,44470.81,INR,auto-debit wipro pvt ltd bill/2503/974 gst - it services exp,WIPRO Pvt Ltd,True,18%,TRUE,IT Services,0
TXN0004975,25-03-2025,28864.41,INR,IMPS TCS BILL/2503/975 FY25 - it services exp  ref 1701,TCS,True,18%,TRUE,IT Services,0
TXN0004976,25-03-2025,20551.19,INR,neft infy rcpt/2503/976 fy24 - exp,Infy,True,18%,TRUE,IT Services,0
TXN0004977,25-03-2025,26093.63,INR,auto-debit simplilearn rcpt/2503/977 subs - exp / ref 4377,SIMPLILEARN,True,18%,unknown,Training,0
TXN0004978,25-03-2025,5754.51,INR,/ UPI KSEB Pvt Ltd RCPT/2503/978 SUBS - exp,KSEB Pvt Ltd,True,18%,TRUE,Utilities,0
TXN0004979,25-03-2025,7382.75,INR,!IMPS FIGMA INDIA PVT LTD TAXINV/2503/979 FY25 - software exp,FIGMA INDIA PVT LTD,True,18%,TRUE,Software,0
TXN0004980,25-03-2025,44430.09,INR,IMPS INDIQUBE INDIA PVT LTD RCPT/2503/980 - exp! ref 1374,INDIQUBE INDIA PVT LTD,True,18%,TRUE,Rent,0
TXN0004981,25-03-2025,10793.81,INR,-CARD JIOFIBER INDIA PVT LTD INV/2503/981 Q2 - exp,JIOFIBER INDIA PVT LTD,True,18%,TRUE,Utilities,0
TXN0004982,25-03-2025,17475.49,INR,neft jio.fiber rcpt/2503/982 tds - exp,JIO.fiber,True,18%,TRUE,Utilities,0
TXN0004983,25-03-2025,10819.18,INR,NEFT FIGMA RCPT/2503/983 ADV - exp- ref 3456,FIGMA,True,18%,TRUE,Software,0
TXN0004984,25-03-2025,7090.94,INR,!upi kseb rcpt/2503/984 q1 - exp,KSEB,True,18%,TRUE,Utilities,0
TXN0004985,25-03-2025,37376.98,INR,WIPRO INDIA PVT LTD charges,WIPRO INDIA PVT LTD,True,18%,TRUE,IT Services,0
TXN0004986,25-03-2025,13141.72,INR,CARD Office Depot RCPT/2503/986 FY25 - exp# ref 8417,Office Depot,True,12%,TRUE,Office Supplies,0
TXN0004987,25-03-2025,4030.9,INR,AUTO-DEBIT IND.igo RCPT/2503/987 GST - travel exp* ref 6009,IND.igo,True,5%,FALSE,Travel,0
TXN0004988,26-03-2025,23784.87,INR,UPI TEC.hm TAXINV/2503/988 Q1 - exp,TEC.hm,True,18%,TRUE,IT Services,0
TXN0004989,26-03-2025,4015.72,INR,auto-debit ola rcpt/2503/989 fy24 - exp ref 3785,OLA,True,5%,FALSE,Travel,0
TXN0004990,26-03-2025,3074.32,INR,OLA charges,OLA,True,5%,FALSE,Travel,0
TXN0004991,26-03-2025,6408.22,INR,AUTO-DEBIT Rapido RCPT/2503/991 TDS - exp# ref 8782,Rapido,True,5%,FALSE,Travel,0
TXN0004992,26-03-2025,8425.05,INR,#ui off.ice depot bill/2503/992 tds - exp,OFF.ice depot,True,12%,TRUE,Office Supplies,0
TXN0004993,26-03-2025,5860.73,INR,imps ola bill/2503/993 fy24 - exp! ref 8223,OLA,True,5%,FALSE,Travel,0
TXN0004994,26-03-2025,94372.31,INR,-AUTO-DEBIT WEWORK BILL/2503/994 Q2 - exp* ref 7062,WEWORK,True,18%,TRUE,Rent,0
TXN0004995,26-03-2025,2567.98,INR,auto-debit pvt ltd rcpt/2503/995 subs - exp,ROC FEES Pvt Ltd,False,exempt,FALSE,Exempt Services,0
TXN0004996,26-03-2025,31974.57,INR,-IMPS Tcs BILL/2503/996 TDS - exp / ref 2118,Tcs,True,18%,TRUE,IT Services,0
TXN0004997,26-03-2025,37106.06,INR,UPI WIPRO BILL/2503/997 SUBS - exp,WIPRO,True,18%,TRUE,IT Services,0
TXN0004998,26-03-2025,52853.08,INR,UPI WEW.ork INV/2503/998 TDS - exp,WEW.ork,True,18%,TRUE,Rent,0
TXN0004999,26-03-2025,110203.66,INR,IMPS WEWORK BILL/2503/999 Q2 - exp* ref 8181,WEWORK,True,18%,TRUE,Rent,0
TXN0005000,27-03-2025,4027.36,INR,card ube.r bill/2503/000 subs - exp# ref 3857,UBE.r,True,5%,FALSE,Travel,0
