transaction_id,transaction_date,amount,currency,description,vendor_name,gst_applicable,gst_slab,itc_eligible,category_label,is_anomaly,amount_noisy,dow
TXN0000001,2024-04-01,7641.92,INR,imps ikea rcpt/2404/001 subs - office supplies exp,IKEA,True,12%,TRUE,Office Supplies,0,8021.50498201796,0
TXN0000002,2024-04-01,58560.14,INR, upi awfis rcpt/2404/002 fy24 - rent exp# ref 6160,Awfis,True,18%,TRUE,Rent,0,57750.46231664132,0
TXN0000003,2024-04-01,2184.95,INR, / imps zomato inv/2404/003 q2 - meals exp,ZOMATO,True,5%,FALSE,Meals,0,2326.4667071323106,0
TXN0000004,2024-04-01,5375.79,INR,*CARD OFFICE DEPOT Pvt Ltd INV/2404/004 FY25 - office supplies exp,OFFICE DEPOT Pvt Ltd,True,12%,TRUE,Office Supplies,0,6194.538867177969,0
TXN0000005,2024-04-01,68830.1,INR,-UPI AWFIS INDIA PVT LTD TAXINV/2404/005 RENT - rent exp /  ref 8883,AWFIS INDIA PVT LTD,True,18%,TRUE,Rent,0,67218.41998024554,0
TXN0000006,2024-04-01,11191.62,INR, / card kseb rcpt/2404/006 rent - utilities exp,KSEB,True,18%,TRUE,Utilities,0,10929.582814986843,0
TXN0000007,2024-04-01,2194.96,INR,NEFT ZOMATO Pvt Ltd BILL/2404/007 Q2 - meals exp! ref 3428,ZOMATO Pvt Ltd,True,5%,FALSE,Meals,0,2541.5908961526106,0
TXN0000008,2024-04-01,66302.55,INR,upi indiqube pvt ltd taxinv/2404/008 subs - rent exp,INDIQUBE Pvt Ltd,True,18%,TRUE,Rent,0,71390.83795013973,0
TXN0000009,2024-04-01,36701.08,INR,UPI TEC.hm BILL/2404/009 GST - it services exp,TEC.hm,True,18%,TRUE,IT Services,0,34978.05830038505,0
TXN0000010,2024-04-01,20461.62,INR,CARD TECHM BILL/2404/010 ADV - it services exp,TECHM,True,18%,TRUE,IT Services,0,21571.785743903944,0
TXN0000011,2024-04-01,48153.44,INR,*auto-debit tcs rcpt/2404/011 fy24 - it services exp,TCS,True,18%,TRUE,IT Services,0,45921.92439342167,0
TXN0000012,2024-04-01,35391.94,INR,*card techm india pvt ltd taxinv/2404/012 fy24 - it services exp,TECHM INDIA PVT LTD,True,18%,TRUE,IT Services,0,33743.63205054267,0
TXN0000013,2024-04-01,12885.91,INR,!NEFT FIG.ma TAXINV/2404/013 Q1 - software exp* ref 3319,FIG.ma,True,18%,TRUE,Software,0,13197.700405479547,0
TXN0000014,2024-04-01,80319.81,INR,upi wework bill/2404/014 subs - rent exp,Wework,True,18%,TRUE,Rent,0,64952.379427233216,0
TXN0000015,2024-04-01,13022.78,INR,auto-debit jiofiber taxinv/2404/015 subs - utilities exp,JIOFIBER,True,18%,TRUE,Utilities,0,10776.457454910593,0
TXN0000016,2024-04-01,32499.02,INR,-AUTO-DEBIT TCS INDIA PVT LTD TAXINV/2404/016 SUBS - it services exp,TCS INDIA PVT LTD,True,18%,TRUE,IT Services,0,30671.640634144707,0
TXN0000017,2024-04-01,3150.9,INR,*card roc fees bill/2404/017 q1 - exempt services exp,ROC FEES,False,exempt,FALSE,Exempt Services,0,2831.7670422938263,0
TXN0000018,2024-04-01,28437.13,INR,!AUTO-DEBIT HCL BILL/2404/018 SUBS - it services exp,HCL,True,18%,TRUE,IT Services,0,29330.759224916506,0
TXN0000019,2024-04-01,2571.78,INR,!AUTO-DEBIT ZOMATO INV/2404/019 GST - meals exp,ZOMATO,True,5%,FALSE,Meals,0,2338.256184305606,0
TXN0000020,2024-04-01,38966.64,INR,!AUTO-DEBIT INF.y INV/2404/020 ADV - it services exp,INF.y,True,18%,TRUE,IT Services,0,33463.36700994002,0
TXN0000021,2024-04-01,4837.54,INR,rtgs dominos india pvt ltd taxinv/2404/021 fy24 - meals exp,DOMINOS INDIA PVT LTD,True,5%,TRUE,Meals,1,5546.553454560878,0
TXN0000022,2024-04-02,18469.25,INR,AUTO-DEBIT Techm BILL/2404/022 FY25 - it services exp,Techm,True,18%,TRUE,IT Services,0,18052.258106223904,1
TXN0000023,2024-04-02,6402.14,INR,-upi office depot inv/2404/023 tds - office supplies exp,Office Depot,True,12%,TRUE,Office Supplies,0,6445.372502036074,1
TXN0000024,2024-04-02,19586.26,INR,-neft simplilearn pvt ltd inv/2404/024 fy25 - training exp* ref 2379,SIMPLILEARN Pvt Ltd,True,18%,unknown,Training,0,16795.71115902948,1
TXN0000025,2024-04-02,20220.5,INR,neft bescom pvt ltd inv/2404/025 tds - utilities exp- ref 2059,BESCOM Pvt Ltd,True,18%,TRUE,Utilities,0,19119.730911873852,1
TXN0000026,2024-04-02,14498.96,INR,UPI KSEB Pvt Ltd TAXINV/2404/026 FY24 - utilities exp,KSEB Pvt Ltd,True,18%,TRUE,Utilities,0,14659.786219129974,1
TXN0000027,2024-04-02,8642.19,INR,IMPS Ikea INV/2404/027 GST - office supplies exp,Ikea,True,12%,TRUE,Office Supplies,0,7647.479481513675,1
TXN0000028,2024-04-02,6621.61,INR,card ola india pvt ltd bill/2404/028 q2 - travel exp,OLA INDIA PVT LTD,True,5%,FALSE,Travel,0,6870.382575525788,1
TXN0000029,2024-04-02,7740.91,INR,IMPS MICROSOFT INDIA PVT LTD BILL/2404/029 FY25 - software exp /  ref 7825,MICROSOFT INDIA PVT LTD,True,18%,TRUE,Software,0,7275.960995882062,1
TXN0000030,2024-04-02,3950.29,INR,UPI OFFICE DEPOT Pvt Ltd BILL/2404/030 ADV - office supplies exp,OFFICE DEPOT Pvt Ltd,True,12%,TRUE,Office Supplies,0,3835.0625097129114,1
TXN0000031,2024-04-02,33992.82,INR, card infy india pvt ltd inv/2404/031 fy25 - it services exp! ref 9694,INFY INDIA PVT LTD,True,18%,TRUE,IT Services,0,31947.44954376763,1
TXN0000032,2024-04-02,5830.77,INR,neft staples bill/2404/032 q1 - office supplies exp,STAPLES,True,12%,TRUE,Office Supplies,0,6910.790806988918,1
TXN0000033,2024-04-02,3930.8,INR,-auto-debit govt fees bill/2404/033 fy24 - exempt services exp,GOVT FEES,False,exempt,FALSE,Exempt Services,0,3925.494510900013,1
TXN0000034,2024-04-02,29991.94,INR,!imps infy inv/2404/034 subs - it services exp! ref 6894,INFY,True,18%,TRUE,IT Services,0,26819.659728141036,1
TXN0000035,2024-04-02,112591.94,INR,rtgs awfis pvt ltd rcpt/2404/035 q2 - rent exp* ref 9668,AWFIS Pvt Ltd,True,18%,TRUE,Rent,0,121853.13273908275,1
TXN0000036,2024-04-03,2219.38,INR,NEFT DOMINOS BILL/2404/036 GST - meals exp,DOMINOS,True,12%,FALSE,Meals,1,1948.4284020127316,2
TXN0000037,2024-04-03,44506.81,INR,AUTO-DEBIT Wipro INV/2404/037 Q1 - it services exp,Wipro,True,18%,TRUE,IT Services,0,45436.39523387936,2
TXN0000038,2024-04-03,3462.58,INR,AUTO-DEBIT GOVT FEES Pvt Ltd TAXINV/2404/038 Q1 - exempt services exp,GOVT FEES Pvt Ltd,False,exempt,FALSE,Exempt Services,0,2784.028542245637,2
TXN0000039,2024-04-03,6437.96,INR,RTGS Office Depot INV/2404/039 GST - office supplies exp,Office Depot,True,12%,TRUE,Office Supplies,0,5582.8791344633855,2
TXN0000040,2024-04-03,14437.47,INR, / UPI UPG.rad TAXINV/2404/040 FY24 - training exp,UPG.rad,True,18%,unknown,Training,0,14721.68781870234,2
TXN0000041,2024-04-03,9817.83,INR,UPI KSEB Pvt Ltd BILL/2404/041 RENT - utilities exp- ref 2204,KSEB Pvt Ltd,True,18%,TRUE,Utilities,0,10542.843934307635,2
TXN0000042,2024-04-03,29378.31,INR,NEFT INFY INV/2404/042 Q1 - it services exp,INFY,True,18%,TRUE,IT Services,0,29881.761048896613,2
TXN0000043,2024-04-03,31827.96,INR,card sim.plilearn taxinv/2404/043 tds - training exp  ref 1111,SIM.plilearn,True,18%,unknown,Training,0,31459.875109407836,2
TXN0000044,2024-04-03,4910.73,INR,auto-debit swiggy inv/2404/044 subs - meals exp,SWIGGY,True,5%,FALSE,Meals,0,4762.866104895881,2
TXN0000045,2024-04-03,41773.49,INR,*NEFT INF.y BILL/2404/045 Q1 - it services exp,INF.y,True,18%,TRUE,IT Services,0,35597.18764206061,2
TXN0000046,2024-04-03,46271.02,INR,IMPS AWFIS Pvt Ltd BILL/2404/046 Q2 - rent exp# ref 4930,AWFIS Pvt Ltd,True,18%,TRUE,Rent,0,42940.22742364842,2
TXN0000047,2024-04-03,19149.73,INR,imps simplilearn india pvt ltd taxinv/2404/047 fy25 - training exp,SIMPLILEARN INDIA PVT LTD,True,18%,unknown,Training,0,18267.619190858823,2
TXN0000048,2024-04-03,18026.58,INR,#neft hcl bill/2404/048 tds - it services exp,HCL,True,18%,TRUE,IT Services,0,19932.20983807134,2
TXN0000049,2024-04-03,93935.93,INR,-neft wework inv/2404/049 tds - rent exp,WEWORK,True,18%,TRUE,Rent,0,97163.74035956226,2
TXN0000050,2024-04-03,7743.88,INR,AUTO-DEBIT Figma BILL/2404/050 Q2 - software exp! ref 2705,Figma,True,18%,TRUE,Software,0,6378.602860168963,2
TXN0000051,2024-04-03,124916.34,INR,#NEFT INDIQUBE BILL/2404/051 ADV - rent exp! ref 3798,INDIQUBE,True,18%,TRUE,Rent,0,128964.67833094698,2
TXN0000052,2024-04-04,24330.84,INR,!UPI WIPRO Pvt Ltd RCPT/2404/052 RENT - it services exp,WIPRO Pvt Ltd,True,18%,TRUE,IT Services,0,23393.902464835548,3
TXN0000053,2024-04-04,9405.88,INR,CARD Staples TAXINV/2404/053 FY25 - office supplies exp,Staples,True,12%,TRUE,Office Supplies,0,8769.175289576218,3
TXN0000054,2024-04-04,34518.11,INR,RTGS WIPRO INDIA PVT LTD TAXINV/2404/054 Q2 - it services exp  ref 4864,WIPRO INDIA PVT LTD,True,18%,TRUE,IT Services,0,36629.500942260085,3
TXN0000055,2024-04-04,16910.15,INR, auto-debit airtel bill/2404/055 fy24 - utilities exp,Airtel,True,18%,TRUE,Utilities,0,18653.58565753349,3
TXN0000056,2024-04-04,4390.51,INR,!rtgs office depot rcpt/2404/056 subs - office supplies exp# ref 7900,OFFICE DEPOT,True,12%,TRUE,Office Supplies,0,4799.389467578086,3
TXN0000057,2024-04-04,9451.72,INR, upi adobe inv/2404/057 q2 - software exp,Adobe,True,18%,TRUE,Software,0,8658.515095140612,3
TXN0000058,2024-04-04,2638.66,INR,*rtgs dominos bill/2404/058 q2 - meals exp,Dominos,True,5%,FALSE,Meals,0,2557.0693672336433,3
TXN0000059,2024-04-04,3702.68,INR, RTGS Ikea INV/2404/059 SUBS - office supplies exp,Ikea,True,12%,TRUE,Office Supplies,0,3825.3362482189345,3
TXN0000060,2024-04-04,7664.31,INR,*card ikea bill/2404/060 subs - office supplies exp,IKEA,True,12%,TRUE,Office Supplies,0,8411.998027325517,3
TXN0000061,2024-04-04,7775.13,INR,#upi uber bill/2404/061 rent - travel exp# ref 9363,Uber,True,5%,FALSE,Travel,0,7402.5658008101955,3
TXN0000062,2024-04-05,107840.91,INR,-upi wework inv/2404/062 gst - rent exp,WEWORK,True,18%,TRUE,Rent,0,105838.74670069052,4
TXN0000063,2024-04-05,193030.77,INR,!NEFT WEWORK INDIA PVT LTD TAXINV/2404/063 RENT - rent exp,WEWORK INDIA PVT LTD,True,18%,TRUE,Rent,0,171675.10080896862,4
TXN0000064,2024-04-05,11218.4,INR, RTGS AIRTEL TAXINV/2404/064 GST - utilities exp! ref 2094,AIRTEL,True,18%,TRUE,Utilities,0,9876.44756084134,4
TXN0000065,2024-04-05,15864.68,INR,!RTGS Jiofiber TAXINV/2404/065 FY25 - utilities exp* ref 3648,Jiofiber,True,18%,TRUE,Utilities,0,17153.72621640208,4
TXN0000066,2024-04-05,16300.56,INR,IMPS KSEB INV/2404/066 ADV - utilities exp /  ref 3871,KSEB,True,18%,TRUE,Utilities,0,18511.30719601204,4
TXN0000067,2024-04-05,12998.94,INR,#UPI JIOFIBER INV/2404/067 FY25 - utilities exp,JIOFIBER,True,18%,TRUE,Utilities,0,12905.334475018453,4
TXN0000068,2024-04-05,6117.18,INR,#rtgs adobe bill/2404/068 rent - software exp,ADOBE,True,18%,TRUE,Software,0,6731.059137232713,4
TXN0000069,2024-04-05,2373.34,INR,upi kfc pvt ltd taxinv/2404/069 q2 - meals exp  ref 6802,KFC Pvt Ltd,True,5%,FALSE,Meals,0,2459.168524368655,4
TXN0000070,2024-04-05,4454.17,INR,-imps ikea taxinv/2404/070 gst - office supplies exp,IKEA,True,12%,TRUE,Office Supplies,0,4166.822694263049,4
TXN0000071,2024-04-05,24048.61,INR,-IMPS WIPRO TAXINV/2404/071 ADV - it services exp* ref 6538,WIPRO,True,18%,TRUE,IT Services,0,24917.71619725857,4
TXN0000072,2024-04-05,3531.59,INR,imps kfc taxinv/2404/072 adv - meals exp,Kfc,True,5%,FALSE,Meals,0,4074.7614557765555,4
TXN0000073,2024-04-05,121548.99,INR,RTGS Wework INV/2404/073 SUBS - rent exp! ref 1684,Wework,True,18%,TRUE,Rent,0,121113.5281130485,4
TXN0000074,2024-04-05,3665.41,INR,RTGS SWIGGY Pvt Ltd TAXINV/2404/074 TDS - meals exp* ref 7576,SWIGGY Pvt Ltd,True,5%,FALSE,Meals,0,4238.916050245722,4
TXN0000075,2024-04-06,2827.46,INR, / UPI GOVT FEES Pvt Ltd RCPT/2404/075 RENT - exempt services exp,GOVT FEES Pvt Ltd,False,exempt,FALSE,Exempt Services,0,1669.390040639233,5
TXN0000076,2024-04-06,10496.31,INR,*UPI AIRTEL BILL/2404/076 RENT - utilities exp,AIRTEL,True,18%,TRUE,Utilities,0,9087.203478055897,5
TXN0000077,2024-04-06,26117.49,INR,-AUTO-DEBIT Wipro TAXINV/2404/077 FY24 - it services exp# ref 4774,Wipro,True,18%,TRUE,IT Services,0,21075.86807473918,5
TXN0000078,2024-04-06,8871.59,INR,UPI BESCOM BILL/2404/078 Q2 - utilities exp,BESCOM,True,18%,TRUE,Utilities,0,6885.058350374442,5
TXN0000079,2024-04-06,6271.78,INR,*UPI Ola INV/2404/079 Q2 - travel exp,Ola,True,5%,FALSE,Travel,0,5063.464272244787,5
TXN0000080,2024-04-06,33335.96,INR,-RTGS HCL INV/2404/080 FY25 - it services exp,HCL,True,18%,TRUE,IT Services,0,21368.1665732497,5
TXN0000081,2024-04-06,19224.04,INR,rtgs jiofiber india pvt ltd inv/2404/081 fy25 - utilities exp,JIOFIBER INDIA PVT LTD,True,18%,TRUE,Utilities,0,15041.393507306895,5
TXN0000082,2024-04-06,58349.0,INR, / IMPS AWFIS INDIA PVT LTD RCPT/2404/082 ADV - rent exp,AWFIS INDIA PVT LTD,True,18%,TRUE,Rent,0,48346.17291481112,5
TXN0000083,2024-04-06,36769.9,INR,*UPI WIPRO TAXINV/2404/083 FY24 - it services exp,WIPRO,True,18%,TRUE,IT Services,0,33763.28129885929,5
TXN0000084,2024-04-06,24259.24,INR, neft bescom rcpt/2404/084 q1 - utilities exp,Bescom,True,18%,TRUE,Utilities,0,18401.564671203778,5
TXN0000085,2024-04-06,3837.74,INR,*neft rapido inv/2404/085 fy25 - travel exp,Rapido,True,5%,FALSE,Travel,0,2821.9689408346158,5
TXN0000086,2024-04-06,8944.03,INR,UPI JIOFIBER TAXINV/2404/086 Q1 - utilities exp,JIOFIBER,True,18%,TRUE,Utilities,0,6796.205595957488,5
TXN0000087,2024-04-06,10575.53,INR,IMPS Figma TAXINV/2404/087 Q2 - software exp* ref 6961,Figma,True,18%,TRUE,Software,0,9234.893004625745,5
TXN0000088,2024-04-06,110570.32,INR,*AUTO-DEBIT AWFIS BILL/2404/088 GST - rent exp /  ref 1947,AWFIS,True,18%,TRUE,Rent,0,91364.26523163413,5
TXN0000089,2024-04-06,25585.09,INR,UPI UPG.rad RCPT/2404/089 Q2 - training exp# ref 7070,UPG.rad,True,5%,unknown,Training,1,19383.755000656158,5
TXN0000090,2024-04-06,12571.6,INR,RTGS JIOFIBER INDIA PVT LTD RCPT/2404/090 Q1 - utilities exp,JIOFIBER INDIA PVT LTD,True,18%,TRUE,Utilities,0,10573.48742897023,5
TXN0000091,2024-04-06,15170.73,INR,!neft jiofiber india pvt ltd rcpt/2404/091 q1 - utilities exp,JIOFIBER INDIA PVT LTD,True,18%,TRUE,Utilities,0,12254.402983217666,5
TXN0000092,2024-04-06,3689.99,INR,auto-debit off.ice depot bill/2404/092 fy24 - office supplies exp,OFF.ice depot,True,12%,TRUE,Office Supplies,0,3237.9352262893167,5
TXN0000093,2024-04-06,60770.42,INR,neft techm inv/2404/093 gst - it services exp,Techm,True,18%,TRUE,IT Services,0,45203.21108982191,5
TXN0000094,2024-04-06,28370.92,INR,*rtgs wipro india pvt ltd bill/2404/094 fy25 - it services exp,WIPRO INDIA PVT LTD,True,18%,TRUE,IT Services,0,21953.049876147717,5
TXN0000095,2024-04-06,43206.66,INR,-neft wipro bill/2404/095 q1 - it services exp# ref 2398,WIPRO,True,18%,TRUE,IT Services,0,33209.993307551274,5
TXN0000096,2024-04-06,77182.46,INR,RTGS IND.iqube INV/2404/096 Q1 - rent exp,IND.iqube,True,18%,TRUE,Rent,0,52709.353284511264,5
TXN0000097,2024-04-06,1632.99,INR, / imps kfc taxinv/2404/097 gst - meals exp,KFC,True,5%,FALSE,Meals,0,1345.0769160994946,5
TXN0000098,2024-04-07,13218.4,INR,-IMPS AIR.tel INV/2404/098 Q2 - utilities exp,AIR.tel,True,18%,TRUE,Utilities,0,10850.778640782612,6
TXN0000099,2024-04-07,2238.6,INR,imps zomato inv/2404/099 q2 - meals exp,Zomato,True,5%,FALSE,Meals,0,1791.795758723185,6
TXN0000100,2024-04-07,6991.04,INR,auto-debit rap.ido inv/2404/100 fy24 - travel exp,RAP.ido,True,5%,FALSE,Travel,0,5461.631357367121,6
TXN0000101,2024-04-07,4874.47,INR, / CARD RAPIDO INDIA PVT LTD INV/2404/101 TDS - travel exp,RAPIDO INDIA PVT LTD,True,5%,FALSE,Travel,0,3347.6414223198017,6
TXN0000102,2024-04-07,7618.89,INR,*AUTO-DEBIT JIOFIBER INV/2404/102 FY24 - utilities exp* ref 6886,JIOFIBER,True,18%,TRUE,Utilities,0,5838.723964546899,6
TXN0000103,2024-04-07,13855.84,INR, NEFT Airtel TAXINV/2404/103 RENT - utilities exp,Airtel,True,18%,TRUE,Utilities,0,10704.784199466218,6
TXN0000104,2024-04-07,3076.87,INR,*CARD OFFICE DEPOT TAXINV/2404/104 RENT - office supplies exp! ref 5890,OFFICE DEPOT,True,12%,TRUE,Office Supplies,0,2264.015771092006,6
TXN0000105,2024-04-07,92368.79,INR,#NEFT WEWORK BILL/2404/105 SUBS - rent exp# ref 8050,WEWORK,True,18%,TRUE,Rent,0,72703.21071752974,6
TXN0000106,2024-04-07,2549.32,INR,AUTO-DEBIT ZOMATO Pvt Ltd INV/2404/106 TDS - meals exp,ZOMATO Pvt Ltd,True,5%,FALSE,Meals,0,2121.860394423555,6
TXN0000107,2024-04-07,24817.23,INR, auto-debit wip.ro rcpt/2404/107 tds - it services exp,WIP.ro,True,18%,TRUE,IT Services,0,23598.576746647923,6
TXN0000108,2024-04-07,15524.87,INR,CARD BESCOM TAXINV/2404/108 Q2 - utilities exp,BESCOM,True,18%,TRUE,Utilities,0,12636.719827927893,6
TXN0000109,2024-04-07,31353.71,INR,CARD TEC.hm TAXINV/2404/109 FY25 - it services exp- ref 8706,TEC.hm,True,18%,TRUE,IT Services,0,25728.98082088866,6
TXN0000110,2024-04-07,7017.05,INR,AUTO-DEBIT CANVA Pvt Ltd INV/2404/110 FY24 - software exp,CANVA Pvt Ltd,True,18%,TRUE,Software,0,5571.848742941842,6
TXN0000111,2024-04-07,5332.14,INR, CARD IKEA INDIA PVT LTD BILL/2404/111 GST - office supplies exp,IKEA INDIA PVT LTD,True,12%,TRUE,Office Supplies,0,3447.2194601644296,6
TXN0000112,2024-04-07,10439.01,INR,auto-debit airtel rcpt/2404/112 q1 - utilities exp,AIRTEL,True,18%,TRUE,Utilities,0,8329.06571112375,6
TXN0000113,2024-04-07,20780.21,INR,CARD WIPRO TAXINV/2404/113 ADV - it services exp,WIPRO,True,18%,TRUE,IT Services,0,16724.29571287349,6
TXN0000114,2024-04-07,9076.3,INR,AUTO-DEBIT CANVA INDIA PVT LTD BILL/2404/114 Q1 - software exp,CANVA INDIA PVT LTD,True,18%,TRUE,Software,0,9049.609950844015,6
TXN0000115,2024-04-07,23322.51,INR,#RTGS COURSERA Pvt Ltd TAXINV/2404/115 FY24 - training exp! ref 5374,COURSERA Pvt Ltd,True,18%,unknown,Training,0,18299.10075802261,6
TXN0000116,2024-04-07,4798.99,INR, upi indigo india pvt ltd taxinv/2404/116 q2 - travel exp,INDIGO INDIA PVT LTD,True,5%,FALSE,Travel,0,3954.9618144308465,6
TXN0000117,2024-04-07,11893.3,INR, auto-debit kseb pvt ltd taxinv/2404/117 q2 - utilities exp- ref 4957,KSEB Pvt Ltd,True,18%,TRUE,Utilities,0,9481.61300074917,6
TXN0000118,2024-04-08,74973.55,INR,#NEFT INDIQUBE INDIA PVT LTD INV/2404/118 Q1 - rent exp /  ref 3403,INDIQUBE INDIA PVT LTD,True,18%,TRUE,Rent,0,66211.55587126302,0
TXN0000119,2024-04-08,5418.14,INR,NEFT KFC RCPT/2404/119 FY24 - meals exp,KFC,True,5%,FALSE,Meals,0,6037.337400423642,0
TXN0000120,2024-04-08,39864.18,INR,CARD TCS RCPT/2404/120 GST - it services exp,TCS,True,18%,TRUE,IT Services,0,42861.69937629714,0
TXN0000121,2024-04-08,9351.03,INR, / CARD Canva RCPT/2404/121 RENT - software exp,Canva,True,18%,TRUE,Software,0,10090.726346775795,0
TXN0000122,2024-04-08,3820.01,INR,NEFT ZOMATO RCPT/2404/122 FY25 - meals exp,ZOMATO,True,exempt,FALSE,Meals,1,3472.6230828809553,0
TXN0000123,2024-04-08,41453.33,INR,#upi hcl india pvt ltd inv/2404/123 fy25 - it services exp* ref 7180,HCL INDIA PVT LTD,True,18%,TRUE,IT Services,0,47268.379549335674,0
TXN0000124,2024-04-08,80702.39,INR,IMPS AWFIS Pvt Ltd TAXINV/2404/124 GST - rent exp,AWFIS Pvt Ltd,True,18%,TRUE,Rent,0,69389.11688086229,0
TXN0000125,2024-04-08,2786.24,INR,CARD Dominos INV/2404/125 Q1 - meals exp,Dominos,True,5%,FALSE,Meals,0,2949.7524709030063,0
TXN0000126,2024-04-08,10921.61,INR,IMPS CAN.va RCPT/2404/126 TDS - software exp,CAN.va,True,18%,TRUE,Software,0,13313.940206740253,0
TXN0000127,2024-04-08,3914.49,INR,RTGS RAPIDO RCPT/2404/127 FY25 - travel exp /  ref 2249,RAPIDO,True,5%,FALSE,Travel,0,3526.7455460639167,0
TXN0000128,2024-04-08,3273.11,INR,*rtgs dominos inv/2404/128 rent - meals exp,Dominos,True,5%,FALSE,Meals,0,3087.7545238259872,0
TXN0000129,2024-04-08,12949.74,INR, neft airtel taxinv/2404/129 fy25 - utilities exp* ref 4901,AIRTEL,True,18%,TRUE,Utilities,0,13078.785926853003,0
TXN0000130,2024-04-08,16153.15,INR,neft kseb india pvt ltd inv/2404/130 subs - utilities exp,KSEB INDIA PVT LTD,True,18%,TRUE,Utilities,0,15339.878223771291,0
TXN0000131,2024-04-09,3068.55,INR,#NEFT KFC RCPT/2404/131 GST - meals exp,KFC,True,5%,FALSE,Meals,0,12256.279452987876,1
TXN0000132,2024-04-09,9719.94,INR,CARD KSEB Pvt Ltd BILL/2404/132 RENT - utilities exp- ref 9976,KSEB Pvt Ltd,True,18%,TRUE,Utilities,0,20428.232600014726,1
TXN0000133,2024-04-09,12704.75,INR, / UPI KSEB Pvt Ltd RCPT/2404/133 Q2 - utilities exp  ref 8595,KSEB Pvt Ltd,True,18%,TRUE,Utilities,0,48910.17082309496,1
TXN0000134,2024-04-09,3438.16,INR,RTGS Stamp Duty RCPT/2404/134 TDS - exempt services exp,Stamp Duty,False,exempt,FALSE,Exempt Services,0,16945.27571772867,1
TXN0000135,2024-04-09,101821.55,INR,IMPS AWF.is INV/2404/135 ADV - rent exp,AWF.is,True,18%,TRUE,Rent,0,308729.26538865594,1
TXN0000136,2024-04-09,3906.68,INR,auto-debit microsoft taxinv/2404/136 fy24 - software exp  ref 7526,MICROSOFT,True,18%,TRUE,Software,0,16478.839561267727,1
TXN0000137,2024-04-09,5944.44,INR,imps indigo pvt ltd rcpt/2404/137 tds - travel exp,INDIGO Pvt Ltd,True,5%,FALSE,Travel,0,26481.37523127148,1
TXN0000138,2024-04-09,10294.98,INR,*NEFT Bescom RCPT/2404/138 FY25 - utilities exp,Bescom,True,18%,TRUE,Utilities,0,26271.865676200614,1
TXN0000139,2024-04-09,5155.76,INR,#RTGS OLA BILL/2404/139 TDS - travel exp,OLA,True,5%,FALSE,Travel,0,19849.93163823383,1
TXN0000140,2024-04-09,40743.84,INR,-AUTO-DEBIT TECHM RCPT/2404/140 ADV - it services exp,TECHM,True,18%,TRUE,IT Services,0,122341.33807006617,1
TXN0000141,2024-04-09,10576.06,INR,AUTO-DEBIT JIOFIBER INDIA PVT LTD INV/2404/141 GST - utilities exp,JIOFIBER INDIA PVT LTD,True,18%,TRUE,Utilities,0,30018.053550636632,1
TXN0000142,2024-04-09,4588.98,INR,NEFT RAPIDO TAXINV/2404/142 TDS - travel exp,RAPIDO,True,5%,FALSE,Travel,0,23120.26192756645,1
TXN0000143,2024-04-09,9111.89,INR,IMPS Kseb RCPT/2404/143 RENT - utilities exp,Kseb,True,18%,TRUE,Utilities,0,35932.53114923601,1
TXN0000144,2024-04-09,3361.41,INR,!CARD Govt Fees INV/2404/144 TDS - exempt services exp,Govt Fees,False,exempt,FALSE,Exempt Services,0,14877.721266942426,1
TXN0000145,2024-04-10,36499.54,INR,-rtgs tec.hm inv/2404/145 subs - it services exp,TEC.hm,True,18%,TRUE,IT Services,0,37448.10024439821,2
TXN0000146,2024-04-10,31741.89,INR, RTGS WIPRO INDIA PVT LTD RCPT/2404/146 Q1 - it services exp  ref 4110,WIPRO INDIA PVT LTD,True,18%,TRUE,IT Services,0,34223.54355954395,2
TXN0000147,2024-04-10,6013.92,INR,card indigo rcpt/2404/147 rent - travel exp,INDIGO,True,5%,FALSE,Travel,0,5270.027738083609,2
TXN0000148,2024-04-10,25558.36,INR,-RTGS WIPRO INDIA PVT LTD BILL/2404/148 FY25 - it services exp,WIPRO INDIA PVT LTD,True,18%,TRUE,IT Services,0,22183.489451841135,2
TXN0000149,2024-04-10,5608.74,INR,RTGS STAPLES Pvt Ltd RCPT/2404/149 Q2 - office supplies exp,STAPLES Pvt Ltd,True,12%,TRUE,Office Supplies,0,5901.483453673811,2
TXN0000150,2024-04-10,12228.84,INR,IMPS JIOFIBER RCPT/2404/150 RENT - utilities exp* ref 7993,JIOFIBER,True,18%,TRUE,Utilities,0,12592.017805142093,2
TXN0000151,2024-04-10,25424.5,INR, rtgs hcl bill/2404/151 q1 - it services exp,HCL,True,18%,TRUE,IT Services,0,26061.36554736187,2
TXN0000152,2024-04-10,5590.78,INR, / AUTO-DEBIT STAPLES INDIA PVT LTD RCPT/2404/152 ADV - office supplies exp,STAPLES INDIA PVT LTD,True,12%,TRUE,Office Supplies,0,5784.47157206915,2
TXN0000153,2024-04-10,22607.3,INR,card coursera pvt ltd taxinv/2404/153 tds - training exp,COURSERA Pvt Ltd,True,18%,unknown,Training,0,21069.947711185858,2
TXN0000154,2024-04-10,4559.74,INR,CARD OLA INDIA PVT LTD RCPT/2404/154 Q2 - travel exp,OLA INDIA PVT LTD,True,5%,FALSE,Travel,0,4665.641647309291,2
TXN0000155,2024-04-10,86315.43,INR,!card indiqube bill/2404/155 q2 - rent exp- ref 9916,INDIQUBE,True,18%,TRUE,Rent,0,88845.09765539391,2
TXN0000156,2024-04-10,7505.03,INR, RTGS Adobe RCPT/2404/156 FY24 - software exp,Adobe,True,18%,TRUE,Software,0,6968.907117716957,2
TXN0000157,2024-04-10,5261.55,INR,*rtgs staples rcpt/2404/157 fy25 - office supplies exp  ref 5468,Staples,True,12%,TRUE,Office Supplies,0,6243.23658791137,2
TXN0000158,2024-04-11,4770.22,INR,-AUTO-DEBIT Staples BILL/2404/158 RENT - office supplies exp,Staples,True,12%,TRUE,Office Supplies,0,4996.2487275991825,3
TXN0000159,2024-04-11,87560.78,INR,RTGS WEW.ork RCPT/2404/159 ADV - rent exp,WEW.ork,True,18%,TRUE,Rent,0,77129.63365682082,3
TXN0000160,2024-04-11,5334.09,INR,upi rapido bill/2404/160 rent - travel exp,RAPIDO,True,5%,FALSE,Travel,0,5684.301603827763,3
TXN0000161,2024-04-11,4152.7,INR,-UPI OLA Pvt Ltd RCPT/2404/161 ADV - travel exp  ref 9114,OLA Pvt Ltd,True,5%,FALSE,Travel,0,3747.9439428047,3
TXN0000162,2024-04-11,4661.06,INR, auto-debit staples pvt ltd taxinv/2404/162 q2 - office supplies exp,STAPLES Pvt Ltd,True,12%,TRUE,Office Supplies,0,5027.92485631198,3
TXN0000163,2024-04-11,12692.4,INR, / imps bes.com taxinv/2404/163 adv - utilities exp,BES.com,True,18%,TRUE,Utilities,0,14162.935852699358,3
TXN0000164,2024-04-11,2216.92,INR,-IMPS Dominos TAXINV/2404/164 Q1 - meals exp,Dominos,True,5%,FALSE,Meals,0,2034.9812954799725,3
TXN0000165,2024-04-11,125462.83,INR,neft wew.ork inv/2404/165 fy25 - rent exp,WEW.ork,True,18%,TRUE,Rent,0,137549.61955294386,3
TXN0000166,2024-04-11,2856.46,INR,#RTGS GOVT FEES Pvt Ltd RCPT/2404/166 FY24 - exempt services exp# ref 7766,GOVT FEES Pvt Ltd,False,exempt,FALSE,Exempt Services,0,2974.369220655703,3
TXN0000167,2024-04-11,4211.84,INR,*IMPS FIGMA INDIA PVT LTD BILL/2404/167 TDS - software exp* ref 2813,FIGMA INDIA PVT LTD,True,18%,TRUE,Software,0,4558.07858642712,3
TXN0000168,2024-04-11,5642.68,INR,#CARD OFFICE DEPOT INV/2404/168 SUBS - office supplies exp,OFFICE DEPOT,True,12%,TRUE,Office Supplies,0,6712.979582736178,3
TXN0000169,2024-04-12,43328.87,INR,-imps inf.y inv/2404/169 subs - it services exp /  ref 8542,INF.y,True,18%,TRUE,IT Services,0,42265.63102221667,4
TXN0000170,2024-04-12,32281.43,INR,UPI TECHM Pvt Ltd BILL/2404/170 Q2 - it services exp,TECHM Pvt Ltd,True,18%,TRUE,IT Services,0,29848.26187718252,4
TXN0000171,2024-04-12,6228.12,INR,auto-debit microsoft inv/2404/171 q1 - software exp,Microsoft,True,18%,TRUE,Software,0,5674.119739056068,4
TXN0000172,2024-04-12,30545.66,INR,*RTGS WIPRO Pvt Ltd RCPT/2404/172 FY24 - it services exp- ref 9340,WIPRO Pvt Ltd,True,18%,TRUE,IT Services,0,28053.713641094262,4
TXN0000173,2024-04-12,76576.96,INR,upi awfis india pvt ltd inv/2404/173 subs - rent exp,AWFIS INDIA PVT LTD,True,18%,TRUE,Rent,0,75986.53854822645,4
TXN0000174,2024-04-12,3912.89,INR,AUTO-DEBIT IND.igo BILL/2404/174 FY25 - travel exp,IND.igo,True,5%,FALSE,Travel,0,4046.37901507403,4
TXN0000175,2024-04-12,4778.75,INR,*RTGS OFFICE DEPOT INV/2404/175 RENT - office supplies exp,OFFICE DEPOT,True,12%,TRUE,Office Supplies,0,4910.973615729833,4
TXN0000176,2024-04-12,5875.1,INR,auto-debit office depot india pvt ltd inv/2404/176 rent - office supplies exp,OFFICE DEPOT INDIA PVT LTD,True,12%,TRUE,Office Supplies,0,6361.078430641154,4
TXN0000177,2024-04-12,30882.31,INR,card techm pvt ltd taxinv/2404/177 tds - it services exp,TECHM Pvt Ltd,True,18%,TRUE,IT Services,0,30922.462845555998,4
TXN0000178,2024-04-13,30731.04,INR,*RTGS WIPRO RCPT/2404/178 Q2 - it services exp# ref 8654,WIPRO,True,18%,TRUE,IT Services,0,28158.32110931877,5
TXN0000179,2024-04-13,2815.27,INR,#CARD DOMINOS Pvt Ltd RCPT/2404/179 Q1 - meals exp* ref 5568,DOMINOS Pvt Ltd,True,5%,FALSE,Meals,0,2192.6095645672144,5
TXN0000180,2024-04-13,29253.02,INR,*upi tcs rcpt/2404/180 gst - it services exp,Tcs,True,18%,TRUE,IT Services,0,29768.269042690357,5
TXN0000181,2024-04-13,3392.95,INR, / AUTO-DEBIT DOMINOS INDIA PVT LTD INV/2404/181 Q1 - meals exp /  ref 7586,DOMINOS INDIA PVT LTD,True,5%,FALSE,Meals,0,2884.1886422079424,5
TXN0000182,2024-04-13,15120.62,INR,card cou.rsera bill/2404/182 fy25 - training exp,COU.rsera,True,18%,unknown,Training,0,11059.635704744069,5
TXN0000183,2024-04-13,27297.37,INR, IMPS TCS BILL/2404/183 Q1 - it services exp,TCS,True,18%,TRUE,IT Services,0,19499.292100016122,5
TXN0000184,2024-04-13,17223.92,INR,AUTO-DEBIT BES.com TAXINV/2404/184 GST - utilities exp! ref 7398,BES.com,True,18%,TRUE,Utilities,0,14443.941302588431,5
TXN0000185,2024-04-13,76948.38,INR,neft indiqube taxinv/2404/185 rent - rent exp,INDIQUBE,True,18%,TRUE,Rent,0,60183.09605431104,5
TXN0000186,2024-04-13,20842.66,INR,IMPS HCL INDIA PVT LTD BILL/2404/186 RENT - it services exp* ref 1084,HCL INDIA PVT LTD,True,18%,TRUE,IT Services,0,17864.66156305548,5
TXN0000187,2024-04-14,18871.61,INR,rtgs coursera bill/2404/187 fy24 - training exp,Coursera,True,12%,unknown,Training,1,15811.74847106227,6
TXN0000188,2024-04-14,15933.58,INR,#RTGS Simplilearn INV/2404/188 GST - training exp,Simplilearn,True,18%,unknown,Training,0,12654.029975509497,6
TXN0000189,2024-04-14,8000.62,INR,neft bescom bill/2404/189 adv - utilities exp- ref 9553,BESCOM,True,18%,TRUE,Utilities,0,5858.506019467804,6
TXN0000190,2024-04-14,3010.02,INR, NEFT DOMINOS Pvt Ltd RCPT/2404/190 GST - meals exp,DOMINOS Pvt Ltd,True,5%,FALSE,Meals,0,2043.2383645400841,6
TXN0000191,2024-04-14,4576.4,INR,upi indigo india pvt ltd rcpt/2404/191 gst - travel exp! ref 4146,INDIGO INDIA PVT LTD,True,5%,FALSE,Travel,0,3497.6455178688393,6
TXN0000192,2024-04-14,4097.96,INR,#UPI FIG.ma TAXINV/2404/192 GST - software exp,FIG.ma,True,18%,TRUE,Software,0,3559.1270402548653,6
TXN0000193,2024-04-14,49021.56,INR,#RTGS HCL INV/2404/193 FY24 - it services exp /  ref 8035,HCL,True,18%,TRUE,IT Services,0,40056.86474588027,6
TXN0000194,2024-04-14,12344.72,INR,IMPS KSEB Pvt Ltd INV/2404/194 GST - utilities exp  ref 8958,KSEB Pvt Ltd,True,18%,TRUE,Utilities,0,8645.512286692683,6
TXN0000195,2024-04-15,31115.97,INR,*rtgs hcl inv/2404/195 q1 - it services exp,HCL,True,18%,TRUE,IT Services,0,31654.83924933576,0
TXN0000196,2024-04-15,61362.52,INR,rtgs tcs pvt ltd inv/2404/196 tds - it services exp! ref 2588,TCS Pvt Ltd,True,18%,TRUE,IT Services,0,63726.92454199584,0
TXN0000197,2024-04-15,4230.51,INR,UPI Uber TAXINV/2404/197 GST - travel exp,Uber,True,5%,FALSE,Travel,0,3856.5932277576744,0
TXN0000198,2024-04-15,86389.8,INR,-neft wework pvt ltd rcpt/2404/198 tds - rent exp,WEWORK Pvt Ltd,True,18%,TRUE,Rent,0,87717.8281157613,0
TXN0000199,2024-04-15,14116.28,INR, / NEFT BESCOM INV/2404/199 ADV - utilities exp,BESCOM,True,18%,TRUE,Utilities,0,14198.44905680249,0
TXN0000200,2024-04-15,82667.86,INR,*AUTO-DEBIT AWFIS INDIA PVT LTD RCPT/2404/200 FY24 - rent exp,AWFIS INDIA PVT LTD,True,18%,TRUE,Rent,0,73219.16914347798,0
TXN0000201,2024-04-15,4961.84,INR,imps roc fees bill/2404/201 q2 - exempt services exp! ref 4939,ROC FEES,False,exempt,FALSE,Exempt Services,0,5139.368363607053,0
TXN0000202,2024-04-15,7593.74,INR,#NEFT ADOBE INV/2404/202 GST - software exp! ref 7650,ADOBE,True,18%,TRUE,Software,0,8019.585188926351,0
TXN0000203,2024-04-15,22897.46,INR, neft jiofiber rcpt/2404/203 rent - utilities exp- ref 2677,Jiofiber,True,18%,TRUE,Utilities,0,25377.372251855617,0
TXN0000204,2024-04-15,18465.13,INR,neft inf.y rcpt/2404/204 q2 - it services exp,INF.y,True,18%,TRUE,IT Services,0,20410.989188509124,0
TXN0000205,2024-04-15,4629.88,INR,card roc fees india pvt ltd bill/2404/205 adv - exempt services exp,ROC FEES INDIA PVT LTD,False,exempt,FALSE,Exempt Services,0,3992.0356146682825,0
TXN0000206,2024-04-15,7376.65,INR, / AUTO-DEBIT MICROSOFT RCPT/2404/206 Q1 - software exp,MICROSOFT,True,18%,TRUE,Software,0,6684.84929193101,0
TXN0000207,2024-04-15,6847.28,INR,CARD INDIGO INDIA PVT LTD BILL/2404/207 FY25 - travel exp,INDIGO INDIA PVT LTD,True,5%,FALSE,Travel,0,7199.93906844525,0
TXN0000208,2024-04-15,5924.95,INR, / auto-debit microsoft india pvt ltd bill/2404/208 fy25 - software exp- ref 1150,MICROSOFT INDIA PVT LTD,True,18%,TRUE,Software,0,6229.365606985729,0
TXN0000209,2024-04-15,30353.93,INR,AUTO-DEBIT AIRTEL BILL/2404/209 FY25 - utilities exp,AIRTEL,True,18%,TRUE,Utilities,0,31917.30214167957,0
TXN0000210,2024-04-15,8702.12,INR, / AUTO-DEBIT FIGMA INV/2404/210 Q1 - software exp* ref 7068,FIGMA,True,18%,TRUE,Software,0,12054.813175945628,0
TXN0000211,2024-04-15,11897.01,INR,-AUTO-DEBIT KSEB TAXINV/2404/211 TDS - utilities exp,KSEB,True,18%,TRUE,Utilities,0,12576.199011462171,0
TXN0000212,2024-04-16,37089.98,INR,!IMPS Techm RCPT/2404/212 Q2 - it services exp,Techm,True,18%,TRUE,IT Services,0,41301.79068829856,1
TXN0000213,2024-04-16,92060.96,INR,-auto-debit indiqube rcpt/2404/213 subs - rent exp,INDIQUBE,True,18%,TRUE,Rent,0,100843.59181888773,1
TXN0000214,2024-04-16,8982.88,INR,IMPS Jiofiber TAXINV/2404/214 RENT - utilities exp /  ref 7612,Jiofiber,True,18%,TRUE,Utilities,0,9568.016944352981,1
TXN0000215,2024-04-16,11221.52,INR,-AUTO-DEBIT Adobe RCPT/2404/215 Q2 - software exp,Adobe,True,18%,TRUE,Software,0,10867.739986588347,1
TXN0000216,2024-04-16,46802.94,INR,IMPS INFY INDIA PVT LTD INV/2404/216 FY24 - it services exp  ref 6936,INFY INDIA PVT LTD,True,18%,TRUE,IT Services,0,50355.13908885932,1
TXN0000217,2024-04-16,197723.13,INR,IMPS AWFIS RCPT/2404/217 Q2 - rent exp,AWFIS,True,18%,TRUE,Rent,0,182442.587963871,1
TXN0000218,2024-04-16,7436.34,INR,neft off.ice depot inv/2404/218 adv - office supplies exp,OFF.ice depot,True,12%,TRUE,Office Supplies,0,7260.2336321955,1
TXN0000219,2024-04-16,46716.17,INR,CARD Techm INV/2404/219 FY24 - it services exp,Techm,True,28%,TRUE,IT Services,1,44448.737398781246,1
TXN0000220,2024-04-16,19230.13,INR,#card coursera india pvt ltd bill/2404/220 q1 - training exp,COURSERA INDIA PVT LTD,True,18%,unknown,Training,0,19387.57503440371,1
TXN0000221,2024-04-16,28343.69,INR,rtgs wipro inv/2404/221 tds - it services exp,WIPRO,True,18%,TRUE,IT Services,0,34904.28648696382,1
TXN0000222,2024-04-17,109657.06,INR,*imps wework pvt ltd bill/2404/222 gst - rent exp,WEWORK Pvt Ltd,True,18%,TRUE,Rent,0,89181.1788740055,2
TXN0000223,2024-04-17,19985.68,INR,CARD INFY RCPT/2404/223 ADV - it services exp,INFY,True,18%,TRUE,IT Services,0,21357.21765615641,2
TXN0000224,2024-04-17,5818.08,INR,IMPS OFF.ice depot INV/2404/224 RENT - office supplies exp,OFF.ice depot,True,12%,TRUE,Office Supplies,0,4879.789004414891,2
TXN0000225,2024-04-17,75519.83,INR,UPI WEWORK TAXINV/2404/225 TDS - rent exp,WEWORK,True,18%,TRUE,Rent,0,71955.80857239992,2
TXN0000226,2024-04-17,4410.64,INR, / CARD MICROSOFT INDIA PVT LTD INV/2404/226 TDS - software exp- ref 5737,MICROSOFT INDIA PVT LTD,True,18%,TRUE,Software,0,4890.936906100815,2
TXN0000227,2024-04-17,46960.9,INR,IMPS WIPRO INDIA PVT LTD BILL/2404/227 SUBS - it services exp,WIPRO INDIA PVT LTD,True,18%,TRUE,IT Services,0,47262.764754874006,2
TXN0000228,2024-04-17,6506.39,INR,auto-debit ikea bill/2404/228 rent - office supplies exp,Ikea,True,12%,TRUE,Office Supplies,0,5805.167215432854,2
TXN0000229,2024-04-17,5022.11,INR,CARD STA.ples TAXINV/2404/229 ADV - office supplies exp,STA.ples,True,12%,TRUE,Office Supplies,0,4662.876608868842,2
TXN0000230,2024-04-17,27306.7,INR,!AUTO-DEBIT Simplilearn TAXINV/2404/230 GST - training exp /  ref 4891,Simplilearn,True,18%,unknown,Training,0,29162.45718508345,2
TXN0000231,2024-04-17,26489.23,INR,NEFT Tcs TAXINV/2404/231 RENT - it services exp,Tcs,True,18%,TRUE,IT Services,0,24554.545030811947,2
TXN0000232,2024-04-17,20718.64,INR,#auto-debit jio.fiber taxinv/2404/232 subs - utilities exp,JIO.fiber,True,18%,TRUE,Utilities,0,21167.11275924567,2
TXN0000233,2024-04-17,30338.58,INR,NEFT TCS INDIA PVT LTD TAXINV/2404/233 FY24 - it services exp,TCS INDIA PVT LTD,True,18%,TRUE,IT Services,0,30476.838491066905,2
TXN0000234,2024-04-17,57570.98,INR,#IMPS INDIQUBE INDIA PVT LTD INV/2404/234 ADV - rent exp# ref 6076,INDIQUBE INDIA PVT LTD,True,18%,TRUE,Rent,0,53819.652941999244,2
TXN0000235,2024-04-17,24701.78,INR,*CARD TEC.hm INV/2404/235 TDS - it services exp  ref 3268,TEC.hm,True,18%,TRUE,IT Services,0,29997.703522681455,2
TXN0000236,2024-04-18,10651.27,INR,IMPS MICROSOFT RCPT/2404/236 Q2 - software exp* ref 9195,MICROSOFT,True,18%,TRUE,Software,0,11326.474266484516,3
TXN0000237,2024-04-18,16279.84,INR,!rtgs kseb india pvt ltd taxinv/2404/237 subs - utilities exp,KSEB INDIA PVT LTD,True,18%,TRUE,Utilities,0,12982.940271202802,3
TXN0000238,2024-04-18,94729.02,INR,UPI AWFIS BILL/2404/238 Q2 - rent exp- ref 6380,AWFIS,True,18%,TRUE,Rent,0,96495.28345128795,3
TXN0000239,2024-04-18,28521.99,INR,AUTO-DEBIT TECHM Pvt Ltd BILL/2404/239 GST - it services exp,TECHM Pvt Ltd,True,18%,TRUE,IT Services,0,26634.44330697407,3
TXN0000240,2024-04-18,61546.26,INR,rtgs awfis pvt ltd rcpt/2404/240 fy25 - rent exp,AWFIS Pvt Ltd,True,18%,TRUE,Rent,0,66792.66836560355,3
TXN0000241,2024-04-18,6651.9,INR, UPI FIGMA RCPT/2404/241 FY24 - software exp,FIGMA,True,18%,TRUE,Software,0,6124.723130001952,3
TXN0000242,2024-04-18,5769.84,INR,neft staples taxinv/2404/242 q1 - office supplies exp,STAPLES,True,12%,TRUE,Office Supplies,1,5703.638909056663,3
TXN0000243,2024-04-18,14415.37,INR,auto-debit bescom bill/2404/243 subs - utilities exp,Bescom,True,18%,TRUE,Utilities,0,15143.327847179653,3
TXN0000244,2024-04-18,68389.83,INR,NEFT AWFIS TAXINV/2404/244 GST - rent exp,AWFIS,True,18%,TRUE,Rent,0,74310.71505509116,3
TXN0000245,2024-04-18,6039.08,INR, / AUTO-DEBIT STA.ples INV/2404/245 FY25 - office supplies exp,STA.ples,True,12%,TRUE,Office Supplies,0,5314.21139740776,3
TXN0000246,2024-04-18,58653.85,INR,NEFT TECHM Pvt Ltd BILL/2404/246 TDS - it services exp,TECHM Pvt Ltd,True,18%,TRUE,IT Services,0,56691.87146881704,3
TXN0000247,2024-04-18,40399.59,INR,rtgs tcs rcpt/2404/247 gst - it services exp,Tcs,True,18%,TRUE,IT Services,0,38480.83041566749,3
TXN0000248,2024-04-18,75521.91,INR,#neft indiqube pvt ltd taxinv/2404/248 rent - rent exp,INDIQUBE Pvt Ltd,True,18%,TRUE,Rent,0,70587.8428497199,3
TXN0000249,2024-04-18,33695.36,INR,#auto-debit techm bill/2404/249 rent - it services exp- ref 9601,TECHM,True,18%,TRUE,IT Services,0,39644.12161897981,3
TXN0000250,2024-04-18,5738.39,INR,NEFT FIG.ma RCPT/2404/250 Q1 - software exp,FIG.ma,True,18%,TRUE,Software,0,5970.7843000361245,3
TXN0000251,2024-04-18,9021.38,INR,upi kseb india pvt ltd inv/2404/251 rent - utilities exp! ref 6642,KSEB INDIA PVT LTD,True,18%,TRUE,Utilities,0,7883.888671204089,3
TXN0000252,2024-04-19,37856.71,INR, AUTO-DEBIT INFY INV/2404/252 Q2 - it services exp,INFY,True,18%,TRUE,IT Services,0,41331.4333549688,4
TXN0000253,2024-04-19,75733.54,INR, RTGS INDIQUBE Pvt Ltd RCPT/2404/253 Q2 - rent exp,INDIQUBE Pvt Ltd,True,18%,TRUE,Rent,0,91805.3801232704,4
TXN0000254,2024-04-19,5953.95,INR,NEFT UBER BILL/2404/254 GST - travel exp,UBER,True,5%,FALSE,Travel,0,6568.6746538058505,4
TXN0000255,2024-04-19,61577.28,INR,rtgs tcs pvt ltd inv/2404/255 tds - it services exp* ref 1433,TCS Pvt Ltd,True,18%,TRUE,IT Services,0,52221.41301828592,4
TXN0000256,2024-04-19,2852.01,INR,*AUTO-DEBIT GOV.t fees TAXINV/2404/256 TDS - exempt services exp,GOV.t fees,False,exempt,FALSE,Exempt Services,0,2713.905958184472,4
TXN0000257,2024-04-19,42958.26,INR,NEFT INFY Pvt Ltd INV/2404/257 SUBS - it services exp,INFY Pvt Ltd,True,18%,TRUE,IT Services,0,48400.68985436577,4
TXN0000258,2024-04-19,32996.51,INR,imps infy india pvt ltd inv/2404/258 rent - it services exp- ref 5000,INFY INDIA PVT LTD,True,18%,TRUE,IT Services,0,30661.447740101525,4
TXN0000259,2024-04-19,10828.68,INR,RTGS CAN.va TAXINV/2404/259 RENT - software exp,CAN.va,True,18%,TRUE,Software,0,11309.27785651785,4
TXN0000260,2024-04-19,63331.1,INR,IMPS INDIQUBE Pvt Ltd INV/2404/260 SUBS - rent exp,INDIQUBE Pvt Ltd,True,18%,TRUE,Rent,0,68236.94267011387,4
TXN0000261,2024-04-19,38133.66,INR,IMPS Hcl TAXINV/2404/261 FY25 - it services exp,Hcl,True,18%,TRUE,IT Services,0,34598.93485532018,4
TXN0000262,2024-04-19,14123.22,INR, / auto-debit air.tel inv/2404/262 rent - utilities exp,AIR.tel,True,18%,unknown,Utilities,1,14039.151030076086,4
TXN0000263,2024-04-19,6678.87,INR,IMPS CANVA INDIA PVT LTD BILL/2404/263 SUBS - software exp /  ref 9499,CANVA INDIA PVT LTD,True,18%,TRUE,Software,0,4514.069680043287,4
TXN0000264,2024-04-19,15554.74,INR,imps bescom bill/2404/264 q1 - utilities exp  ref 3657,BESCOM,True,18%,TRUE,Utilities,0,13961.331657983186,4
TXN0000265,2024-04-20,27787.71,INR,AUTO-DEBIT INFY INV/2404/265 FY24 - it services exp,INFY,True,18%,TRUE,IT Services,0,21668.704756308063,5
TXN0000266,2024-04-20,4405.97,INR,#IMPS Indigo BILL/2404/266 TDS - travel exp,Indigo,True,5%,FALSE,Travel,0,3084.9603787006668,5
TXN0000267,2024-04-20,35530.98,INR, / RTGS HCL TAXINV/2404/267 GST - it services exp,HCL,True,18%,TRUE,IT Services,0,33064.877871341516,5
TXN0000268,2024-04-20,5752.9,INR,-imps stamp duty bill/2404/268 gst - exempt services exp,Stamp Duty,False,exempt,FALSE,Exempt Services,0,3944.1231733384216,5
TXN0000269,2024-04-20,2011.92,INR,!UPI KFC INDIA PVT LTD BILL/2404/269 TDS - meals exp,KFC INDIA PVT LTD,True,5%,FALSE,Meals,0,1538.7092557059684,5
TXN0000270,2024-04-20,5496.48,INR,imps figma india pvt ltd rcpt/2404/270 gst - software exp! ref 7700,FIGMA INDIA PVT LTD,True,18%,TRUE,Software,0,4454.673037459316,5
TXN0000271,2024-04-20,148304.58,INR,rtgs awf.is taxinv/2404/271 adv - rent exp,AWF.is,True,18%,TRUE,Rent,0,135743.4583840135,5
TXN0000272,2024-04-20,8162.55,INR,neft figma pvt ltd taxinv/2404/272 gst - software exp,FIGMA Pvt Ltd,True,18%,TRUE,Software,0,5592.416271831222,5
TXN0000273,2024-04-20,3815.41,INR,imps rapido taxinv/2404/273 tds - travel exp! ref 6129,Rapido,True,5%,FALSE,Travel,0,3407.363728928764,5
TXN0000274,2024-04-20,9246.37,INR,!RTGS CAN.va TAXINV/2404/274 FY25 - software exp,CAN.va,True,18%,TRUE,Software,0,7404.665493473575,5
TXN0000275,2024-04-20,9178.36,INR,rtgs adobe india pvt ltd bill/2404/275 q1 - software exp,ADOBE INDIA PVT LTD,True,18%,TRUE,Software,0,6621.996820605403,5
TXN0000276,2024-04-21,9026.26,INR,card figma india pvt ltd bill/2404/276 q1 - software exp  ref 9863,FIGMA INDIA PVT LTD,True,18%,TRUE,Software,0,7554.693288448288,6
TXN0000277,2024-04-21,107372.0,INR,CARD INDIQUBE INDIA PVT LTD TAXINV/2404/277 RENT - rent exp,INDIQUBE INDIA PVT LTD,True,18%,TRUE,Rent,0,87607.47501064917,6
TXN0000278,2024-04-21,48795.9,INR,!CARD Wipro TAXINV/2404/278 TDS - it services exp /  ref 7349,Wipro,True,18%,TRUE,IT Services,0,36693.67018270778,6
TXN0000279,2024-04-21,7900.19,INR,upi airtel pvt ltd rcpt/2404/279 fy24 - utilities exp,AIRTEL Pvt Ltd,True,18%,TRUE,Utilities,0,6364.267978705383,6
TXN0000280,2024-04-21,33369.87,INR,AUTO-DEBIT TCS TAXINV/2404/280 Q1 - it services exp,TCS,True,18%,TRUE,IT Services,0,25667.266829079254,6
TXN0000281,2024-04-21,8598.19,INR,imps ola taxinv/2404/281 subs - travel exp,OLA,True,5%,FALSE,Travel,0,6956.635496221268,6
TXN0000282,2024-04-21,4604.42,INR,!neft ike.a inv/2404/282 adv - office supplies exp,IKE.a,True,12%,TRUE,Office Supplies,0,3927.4342176302557,6
TXN0000283,2024-04-21,8834.1,INR,#RTGS MICROSOFT TAXINV/2404/283 TDS - software exp  ref 8235,MICROSOFT,True,18%,TRUE,Software,0,8188.162492440773,6
TXN0000284,2024-04-21,75539.91,INR, NEFT Indiqube RCPT/2404/284 RENT - rent exp,Indiqube,True,18%,TRUE,Rent,0,52951.57028976118,6
TXN0000285,2024-04-21,37990.21,INR, auto-debit tcs india pvt ltd bill/2404/285 subs - it services exp! ref 5727,TCS INDIA PVT LTD,True,18%,TRUE,IT Services,0,36874.91886721602,6
TXN0000286,2024-04-21,8111.12,INR,neft fig.ma inv/2404/286 q1 - software exp,FIG.ma,True,18%,FALSE,Software,1,5222.206528602965,6
TXN0000287,2024-04-21,3275.61,INR,-rtgs govt fees inv/2404/287 fy24 - exempt services exp* ref 1749,GOVT FEES,False,exempt,FALSE,Exempt Services,0,2580.71289798804,6
TXN0000288,2024-04-21,7037.28,INR,AUTO-DEBIT UBER INDIA PVT LTD RCPT/2404/288 FY25 - travel exp,UBER INDIA PVT LTD,True,5%,FALSE,Travel,0,5961.036232867983,6
TXN0000289,2024-04-21,8398.22,INR, / card figma bill/2404/289 q2 - software exp,FIGMA,True,18%,TRUE,Software,0,6907.362521875976,6
TXN0000290,2024-04-21,3095.27,INR, neft dominos india pvt ltd inv/2404/290 q2 - meals exp,DOMINOS INDIA PVT LTD,True,5%,FALSE,Meals,0,2322.022148582793,6
TXN0000291,2024-04-21,7607.66,INR,UPI BESCOM INDIA PVT LTD INV/2404/291 SUBS - utilities exp,BESCOM INDIA PVT LTD,True,18%,TRUE,Utilities,0,5959.462134467758,6
TXN0000292,2024-04-21,8681.58,INR,AUTO-DEBIT OFF.ice depot RCPT/2404/292 RENT - office supplies exp,OFF.ice depot,True,12%,TRUE,Office Supplies,0,6602.861835654766,6
TXN0000293,2024-04-21,1519.1,INR, / UPI Swiggy INV/2404/293 SUBS - meals exp,Swiggy,True,5%,FALSE,Meals,0,1143.6556798180839,6
TXN0000294,2024-04-21,39838.32,INR,card hcl inv/2404/294 fy24 - it services exp,HCL,True,18%,TRUE,IT Services,0,34578.39361710357,6
TXN0000295,2024-04-22,48367.79,INR,*rtgs indiqube taxinv/2404/295 q1 - rent exp  ref 6867,INDIQUBE,True,18%,TRUE,Rent,0,50094.59500519053,0
TXN0000296,2024-04-22,41942.5,INR,-NEFT TECHM INV/2404/296 ADV - it services exp- ref 1258,TECHM,True,18%,TRUE,IT Services,0,39036.263930078,0
TXN0000297,2024-04-22,112601.26,INR,*RTGS IND.iqube RCPT/2404/297 Q1 - rent exp,IND.iqube,True,18%,TRUE,Rent,0,122730.8679469627,0
TXN0000298,2024-04-22,11176.1,INR,CARD JIO.fiber INV/2404/298 RENT - utilities exp,JIO.fiber,True,18%,TRUE,Utilities,0,11519.541017526908,0
TXN0000299,2024-04-22,9802.25,INR, RTGS JIOFIBER Pvt Ltd TAXINV/2404/299 TDS - utilities exp,JIOFIBER Pvt Ltd,True,18%,TRUE,Utilities,0,10599.03777043892,0
TXN0000300,2024-04-22,11323.98,INR,UPI ADO.be BILL/2404/300 FY25 - software exp! ref 1179,ADO.be,True,18%,TRUE,Software,0,12036.970441336614,0
TXN0000301,2024-04-22,3351.67,INR, / CARD KFC RCPT/2404/301 TDS - meals exp,KFC,True,5%,FALSE,Meals,0,3073.818229174282,0
TXN0000302,2024-04-22,1811.63,INR, / UPI DOM.inos INV/2404/302 RENT - meals exp,DOM.inos,True,5%,FALSE,Meals,0,1710.1459222147964,0
TXN0000303,2024-04-22,4150.33,INR,UPI ZOMATO BILL/2404/303 Q2 - meals exp,ZOMATO,True,5%,FALSE,Meals,0,4460.481506815123,0
TXN0000304,2024-04-22,2767.32,INR,*auto-debit swiggy rcpt/2404/304 fy25 - meals exp# ref 6152,SWIGGY,True,5%,FALSE,Meals,0,2936.2289842939335,0
TXN0000305,2024-04-22,13457.98,INR, / IMPS AIRTEL Pvt Ltd INV/2404/305 SUBS - utilities exp,AIRTEL Pvt Ltd,True,18%,TRUE,Utilities,0,13429.850676646238,0
TXN0000306,2024-04-22,12969.9,INR,CARD AIRTEL INDIA PVT LTD INV/2404/306 TDS - utilities exp,AIRTEL INDIA PVT LTD,True,18%,TRUE,Utilities,0,13122.072442877658,0
TXN0000307,2024-04-22,5423.19,INR,#AUTO-DEBIT UBER INDIA PVT LTD BILL/2404/307 TDS - travel exp,UBER INDIA PVT LTD,True,5%,FALSE,Travel,0,6116.091948619081,0
TXN0000308,2024-04-22,6246.84,INR,AUTO-DEBIT IKEA INV/2404/308 SUBS - office supplies exp,IKEA,True,12%,TRUE,Office Supplies,0,5877.2948185364785,0
TXN0000309,2024-04-22,74736.68,INR, RTGS WEWORK Pvt Ltd INV/2404/309 TDS - rent exp- ref 4186,WEWORK Pvt Ltd,True,18%,TRUE,Rent,0,78825.50419053431,0
TXN0000310,2024-04-23,8183.58,INR, AUTO-DEBIT FIGMA INDIA PVT LTD BILL/2404/310 Q1 - software exp,FIGMA INDIA PVT LTD,True,18%,TRUE,Software,0,8018.114025339502,1
TXN0000311,2024-04-23,18488.97,INR,RTGS BESCOM Pvt Ltd INV/2404/311 FY25 - utilities exp,BESCOM Pvt Ltd,True,18%,TRUE,Utilities,0,18086.499876396803,1
TXN0000312,2024-04-23,5601.03,INR,*card indigo bill/2404/312 adv - travel exp,INDIGO,True,5%,FALSE,Travel,0,6216.458211128582,1
TXN0000313,2024-04-23,15208.02,INR,rtgs upgrad india pvt ltd rcpt/2404/313 fy24 - training exp,UPGRAD INDIA PVT LTD,True,18%,unknown,Training,0,16463.314834373694,1
TXN0000314,2024-04-23,7595.82,INR,NEFT FIGMA TAXINV/2404/314 RENT - software exp# ref 1519,FIGMA,True,18%,TRUE,Software,0,8213.747276332637,1
TXN0000315,2024-04-23,3582.44,INR,IMPS UBER BILL/2404/315 TDS - travel exp* ref 5009,UBER,True,5%,FALSE,Travel,0,4050.1199497901957,1
TXN0000316,2024-04-23,2031.5,INR, RTGS Zomato BILL/2404/316 ADV - meals exp,Zomato,True,5%,FALSE,Meals,0,2035.766930427695,1
TXN0000317,2024-04-23,5544.77,INR,!RTGS OFFICE DEPOT Pvt Ltd RCPT/2404/317 Q1 - office supplies exp,OFFICE DEPOT Pvt Ltd,True,12%,TRUE,Office Supplies,0,5922.897237664718,1
TXN0000318,2024-04-23,83780.7,INR,rtgs wework inv/2404/318 gst - rent exp,WEWORK,True,exempt,TRUE,Rent,1,81181.26339458706,1
TXN0000319,2024-04-24,38287.61,INR,AUTO-DEBIT TEC.hm RCPT/2404/319 GST - it services exp,TEC.hm,True,18%,TRUE,IT Services,0,39528.76548792,2
TXN0000320,2024-04-24,14330.74,INR,!imps kseb rcpt/2404/320 fy25 - utilities exp,KSEB,True,18%,TRUE,Utilities,0,14144.235372505085,2
TXN0000321,2024-04-24,34800.04,INR, CARD TECHM INDIA PVT LTD RCPT/2404/321 RENT - it services exp,TECHM INDIA PVT LTD,True,18%,TRUE,IT Services,0,35137.586346158525,2
TXN0000322,2024-04-24,49837.38,INR,#upi awfis inv/2404/322 q2 - rent exp- ref 5662,AWFIS,True,18%,TRUE,Rent,0,52803.48668363691,2
TXN0000323,2024-04-24,17760.72,INR,imps techm india pvt ltd inv/2404/323 gst - it services exp,TECHM INDIA PVT LTD,True,18%,TRUE,IT Services,0,16307.501154688161,2
TXN0000324,2024-04-24,69795.34,INR,rtgs awfis inv/2404/324 rent - rent exp /  ref 7431,Awfis,True,18%,TRUE,Rent,0,84399.22813181404,2
TXN0000325,2024-04-24,86956.57,INR,rtgs wework taxinv/2404/325 subs - rent exp /  ref 6649,WEWORK,True,18%,TRUE,Rent,0,78208.58791444045,2
TXN0000326,2024-04-24,5243.83,INR,#CARD DOMINOS INV/2404/326 SUBS - meals exp- ref 4167,DOMINOS,True,5%,FALSE,Meals,0,4607.130132660531,2
TXN0000327,2024-04-24,31035.54,INR, RTGS HCL RCPT/2404/327 FY24 - it services exp,HCL,True,18%,TRUE,IT Services,0,34629.799633894625,2
TXN0000328,2024-04-25,105060.88,INR,*AUTO-DEBIT AWFIS RCPT/2404/328 FY24 - rent exp,AWFIS,True,18%,TRUE,Rent,0,113378.15792909167,3
TXN0000329,2024-04-25,24920.81,INR,neft simplilearn inv/2404/329 tds - training exp,SIMPLILEARN,True,18%,unknown,Training,0,26476.167137799155,3
TXN0000330,2024-04-25,7926.57,INR,#IMPS STA.ples BILL/2404/330 ADV - office supplies exp,STA.ples,True,12%,TRUE,Office Supplies,0,8424.632466336896,3
TXN0000331,2024-04-25,20563.47,INR,imps kse.b bill/2404/331 tds - utilities exp- ref 4083,KSE.b,True,18%,TRUE,Utilities,0,20538.28638539657,3
TXN0000332,2024-04-25,10254.45,INR,RTGS BES.com RCPT/2404/332 GST - utilities exp,BES.com,True,18%,TRUE,Utilities,0,9334.364991031713,3
TXN0000333,2024-04-25,23734.4,INR,neft upgrad india pvt ltd rcpt/2404/333 q2 - training exp,UPGRAD INDIA PVT LTD,True,18%,unknown,Training,0,23914.31757059932,3
TXN0000334,2024-04-25,102388.06,INR,CARD Indiqube INV/2404/334 ADV - rent exp /  ref 9120,Indiqube,True,18%,TRUE,Rent,0,95454.73260519952,3
TXN0000335,2024-04-25,57708.78,INR,-NEFT Indiqube BILL/2404/335 RENT - rent exp,Indiqube,True,18%,TRUE,Rent,0,63336.077016946365,3
TXN0000336,2024-04-25,4767.95,INR,UPI OLA BILL/2404/336 RENT - travel exp- ref 5255,OLA,True,5%,FALSE,Travel,0,4697.8337757866875,3
TXN0000337,2024-04-25,20629.35,INR,imps kseb taxinv/2404/337 tds - utilities exp,Kseb,True,18%,TRUE,Utilities,0,18926.40294033484,3
TXN0000338,2024-04-25,8844.42,INR,IMPS Microsoft INV/2404/338 FY25 - software exp,Microsoft,True,18%,TRUE,Software,0,8560.172863436743,3
TXN0000339,2024-04-25,12213.51,INR, neft kseb india pvt ltd inv/2404/339 tds - utilities exp /  ref 5067,KSEB INDIA PVT LTD,True,18%,TRUE,Utilities,0,12717.84424461099,3
TXN0000340,2024-04-25,6222.05,INR,CARD STAPLES Pvt Ltd BILL/2404/340 FY24 - office supplies exp,STAPLES Pvt Ltd,True,12%,TRUE,Office Supplies,0,5871.297764622603,3
TXN0000341,2024-04-25,6519.95,INR,RTGS Figma BILL/2404/341 RENT - software exp,Figma,True,18%,TRUE,Software,0,5983.866413192664,3
TXN0000342,2024-04-25,76288.9,INR,!RTGS Indiqube RCPT/2404/342 RENT - rent exp,Indiqube,True,18%,TRUE,Rent,0,78147.96293087852,3
TXN0000343,2024-04-25,4447.19,INR,card govt fees india pvt ltd taxinv/2404/343 adv - exempt services exp,GOVT FEES INDIA PVT LTD,False,exempt,FALSE,Exempt Services,0,4556.1312885369,3
TXN0000344,2024-04-25,32519.39,INR,NEFT Techm INV/2404/344 FY24 - it services exp,Techm,True,18%,TRUE,IT Services,0,30870.841717226784,3
TXN0000345,2024-04-26,81148.88,INR, NEFT AWFIS INDIA PVT LTD RCPT/2404/345 TDS - rent exp! ref 8898,AWFIS INDIA PVT LTD,True,18%,TRUE,Rent,0,77326.45690619753,4
TXN0000346,2024-04-26,25095.68,INR,CARD Hcl RCPT/2404/346 FY24 - it services exp,Hcl,True,18%,TRUE,IT Services,0,25678.02509719473,4
TXN0000347,2024-04-26,25611.06,INR,neft tcs pvt ltd taxinv/2404/347 q2 - it services exp,TCS Pvt Ltd,True,18%,TRUE,IT Services,0,21902.362504485154,4
TXN0000348,2024-04-26,12181.11,INR, UPI JIOFIBER BILL/2404/348 SUBS - utilities exp,JIOFIBER,True,18%,TRUE,Utilities,0,10466.6628943304,4
TXN0000349,2024-04-26,22298.8,INR, NEFT KFC INDIA PVT LTD INV/2404/349 FY24 - meals exp,KFC INDIA PVT LTD,True,5%,FALSE,Meals,1,20696.755599913617,4
TXN0000350,2024-04-26,26737.38,INR,auto-debit hcl india pvt ltd rcpt/2404/350 gst - it services exp- ref 8659,HCL INDIA PVT LTD,True,18%,TRUE,IT Services,0,26166.67823947627,4
TXN0000351,2024-04-26,11369.56,INR,*upi bescom pvt ltd inv/2404/351 q1 - utilities exp,BESCOM Pvt Ltd,True,18%,TRUE,Utilities,1,11723.048222152043,4
TXN0000352,2024-04-26,12075.24,INR,-imps figma rcpt/2404/352 fy24 - software exp,FIGMA,True,18%,TRUE,Software,0,13856.768040515792,4
TXN0000353,2024-04-26,8684.61,INR,IMPS MICROSOFT Pvt Ltd TAXINV/2404/353 ADV - software exp,MICROSOFT Pvt Ltd,True,18%,TRUE,Software,0,9429.45393402565,4
TXN0000354,2024-04-26,7073.79,INR,rtgs staples pvt ltd taxinv/2404/354 gst - office supplies exp  ref 1322,STAPLES Pvt Ltd,True,12%,TRUE,Office Supplies,0,6960.652842613001,4
TXN0000355,2024-04-26,97426.51,INR,upi indiqube rcpt/2404/355 subs - rent exp* ref 5891,INDIQUBE,True,18%,TRUE,Rent,0,97241.24172306065,4
TXN0000356,2024-04-26,16444.69,INR,*neft sim.plilearn inv/2404/356 gst - training exp,SIM.plilearn,True,18%,unknown,Training,0,14796.061538263426,4
TXN0000357,2024-04-26,5678.98,INR,rtgs office depot inv/2404/357 tds - office supplies exp,Office Depot,True,12%,TRUE,Office Supplies,0,5668.466427096194,4
TXN0000358,2024-04-26,5186.48,INR, neft ikea inv/2404/358 q1 - office supplies exp,IKEA,True,12%,TRUE,Office Supplies,0,5036.767774241348,4
TXN0000359,2024-04-26,16923.85,INR,CARD SIMPLILEARN RCPT/2404/359 ADV - training exp,SIMPLILEARN,True,18%,unknown,Training,0,17470.014050737776,4
TXN0000360,2024-04-26,9160.14,INR,UPI JIOFIBER INDIA PVT LTD RCPT/2404/360 FY24 - utilities exp- ref 5763,JIOFIBER INDIA PVT LTD,True,18%,TRUE,Utilities,0,8402.384874472862,4
TXN0000361,2024-04-26,5586.25,INR,*UPI FIGMA BILL/2404/361 FY25 - software exp,FIGMA,True,18%,TRUE,Software,0,5876.369946517975,4
TXN0000362,2024-04-26,6623.47,INR,NEFT FIGMA INDIA PVT LTD BILL/2404/362 FY24 - software exp,FIGMA INDIA PVT LTD,True,18%,TRUE,Software,0,7638.675020810519,4
TXN0000363,2024-04-26,6799.71,INR,*upi canva taxinv/2404/363 fy25 - software exp,CANVA,True,18%,TRUE,Software,0,6725.756253093642,4
TXN0000364,2024-04-26,2466.41,INR,upi kfc taxinv/2404/364 gst - meals exp# ref 7436,Kfc,True,5%,FALSE,Meals,0,2565.488580850205,4
TXN0000365,2024-04-26,2972.7,INR,RTGS SWIGGY INV/2404/365 SUBS - meals exp,SWIGGY,True,5%,FALSE,Meals,0,3177.859104415962,4
TXN0000366,2024-04-26,51734.28,INR,*NEFT TECHM RCPT/2404/366 GST - it services exp /  ref 3695,TECHM,True,18%,TRUE,IT Services,0,49658.5947765726,4
TXN0000367,2024-04-27,72386.93,INR, / rtgs indiqube taxinv/2404/367 subs - rent exp,Indiqube,True,18%,TRUE,Rent,0,59207.25334354695,5
TXN0000368,2024-04-27,6310.52,INR,neft staples rcpt/2404/368 subs - office supplies exp,Staples,True,12%,TRUE,Office Supplies,0,5054.773167758523,5
TXN0000369,2024-04-27,17082.26,INR,IMPS AIR.tel RCPT/2404/369 SUBS - utilities exp# ref 4738,AIR.tel,True,18%,TRUE,Utilities,0,13799.290280895739,5
TXN0000370,2024-04-27,26020.08,INR,-neft techm rcpt/2404/370 fy24 - it services exp! ref 3908,Techm,True,18%,TRUE,IT Services,0,19206.961886663845,5
TXN0000371,2024-04-27,20551.18,INR,*card coursera rcpt/2404/371 tds - training exp,Coursera,True,18%,unknown,Training,0,16481.241040242152,5
TXN0000372,2024-04-27,4882.24,INR,*IMPS RAPIDO INV/2404/372 TDS - travel exp,RAPIDO,True,5%,FALSE,Travel,0,4100.299774196014,5
TXN0000373,2024-04-27,126967.45,INR,RTGS Wework RCPT/2404/373 RENT - rent exp,Wework,True,18%,TRUE,Rent,0,116313.80027724293,5
TXN0000374,2024-04-27,43422.06,INR,UPI Tcs INV/2404/374 Q1 - it services exp,Tcs,True,18%,TRUE,IT Services,0,38069.929229321715,5
TXN0000375,2024-04-27,34149.41,INR,NEFT HCL INDIA PVT LTD BILL/2404/375 SUBS - it services exp- ref 4632,HCL INDIA PVT LTD,True,18%,TRUE,IT Services,0,33201.92084370959,5
TXN0000376,2024-04-27,7275.36,INR,IMPS AIR.tel INV/2404/376 TDS - utilities exp /  ref 5708,AIR.tel,True,18%,TRUE,Utilities,0,5373.669618789344,5
TXN0000377,2024-04-27,4030.04,INR,UPI ZOMATO INV/2404/377 FY24 - meals exp,ZOMATO,True,5%,FALSE,Meals,0,3505.2709647047845,5
TXN0000378,2024-04-28,11062.13,INR,RTGS KSEB BILL/2404/378 FY24 - utilities exp,KSEB,True,18%,TRUE,Utilities,0,9011.956248155071,6
TXN0000379,2024-04-28,37460.9,INR,*AUTO-DEBIT INFY INV/2404/379 Q2 - it services exp,INFY,True,18%,TRUE,IT Services,0,36531.27909607792,6
TXN0000380,2024-04-28,10975.19,INR,rtgs mic.rosoft taxinv/2404/380 adv - software exp,MIC.rosoft,True,18%,TRUE,Software,0,8070.453819324241,6
TXN0000381,2024-04-28,7361.39,INR,!RTGS CANVA BILL/2404/381 SUBS - software exp /  ref 6665,CANVA,True,18%,TRUE,Software,0,5394.590402255109,6
TXN0000382,2024-04-28,2790.33,INR, UPI Zomato BILL/2404/382 Q2 - meals exp,Zomato,True,5%,FALSE,Meals,0,2098.4637375710545,6
TXN0000383,2024-04-28,87621.02,INR,#AUTO-DEBIT AWF.is TAXINV/2404/383 Q1 - rent exp,AWF.is,True,18%,TRUE,Rent,0,55208.983220986884,6
TXN0000384,2024-04-28,96338.91,INR,rtgs ind.iqube taxinv/2404/384 rent - rent exp- ref 4348,IND.iqube,True,18%,TRUE,Rent,0,73019.07474273995,6
TXN0000385,2024-04-28,3329.73,INR,CARD Dominos TAXINV/2404/385 FY24 - meals exp,Dominos,True,5%,FALSE,Meals,0,2461.5674562275844,6
TXN0000386,2024-04-28,35843.83,INR,#NEFT HCL BILL/2404/386 RENT - it services exp,HCL,True,18%,TRUE,IT Services,0,29106.319145240763,6
TXN0000387,2024-04-28,2938.46,INR,IMPS SWIGGY INDIA PVT LTD RCPT/2404/387 Q2 - meals exp,SWIGGY INDIA PVT LTD,True,5%,FALSE,Meals,0,2431.1069011665727,6
TXN0000388,2024-04-28,11768.89,INR,card canva india pvt ltd inv/2404/388 q1 - software exp,CANVA INDIA PVT LTD,True,18%,TRUE,Software,0,11181.547858235157,6
TXN0000389,2024-04-28,16638.73,INR,neft kseb pvt ltd inv/2404/389 subs - utilities exp- ref 3563,KSEB Pvt Ltd,True,18%,TRUE,Utilities,0,14576.09165033131,6
TXN0000390,2024-04-28,2102.21,INR,*neft dom.inos taxinv/2404/390 q2 - meals exp,DOM.inos,True,5%,FALSE,Meals,0,1584.7461892823953,6
TXN0000391,2024-04-28,3815.6,INR,*rtgs ikea rcpt/2404/391 q1 - office supplies exp* ref 6922,Ikea,True,12%,TRUE,Office Supplies,0,2778.240718400257,6
TXN0000392,2024-04-29,28043.73,INR,-rtgs hcl india pvt ltd inv/2404/392 q1 - it services exp,HCL INDIA PVT LTD,True,18%,TRUE,IT Services,0,29423.254842755214,0
TXN0000393,2024-04-29,7480.51,INR,IMPS RAP.ido INV/2404/393 Q2 - travel exp /  ref 4680,RAP.ido,True,5%,FALSE,Travel,0,6492.908229255002,0
TXN0000394,2024-04-29,5648.53,INR,#AUTO-DEBIT FIGMA INV/2404/394 RENT - software exp,FIGMA,True,18%,TRUE,Software,0,6683.034978269129,0
TXN0000395,2024-04-29,95830.11,INR,CARD Indiqube INV/2404/395 GST - rent exp,Indiqube,True,18%,TRUE,Rent,0,107132.69765071342,0
TXN0000396,2024-04-29,48408.63,INR,AUTO-DEBIT TCS BILL/2404/396 SUBS - it services exp# ref 3890,TCS,True,18%,TRUE,IT Services,0,46137.41494522546,0
TXN0000397,2024-04-29,120198.79,INR,#AUTO-DEBIT AWFIS Pvt Ltd RCPT/2404/397 GST - rent exp,AWFIS Pvt Ltd,True,18%,TRUE,Rent,0,99607.12024960566,0
TXN0000398,2024-04-29,8139.5,INR, auto-debit adobe pvt ltd rcpt/2404/398 fy25 - software exp,ADOBE Pvt Ltd,True,18%,TRUE,Software,0,9241.484418951937,0
TXN0000399,2024-04-29,11319.44,INR, / card jiofiber india pvt ltd taxinv/2404/399 rent - utilities exp,JIOFIBER INDIA PVT LTD,True,18%,TRUE,Utilities,0,11189.78730940537,0
TXN0000400,2024-04-29,5163.82,INR,-NEFT IKEA Pvt Ltd INV/2404/400 Q1 - office supplies exp,IKEA Pvt Ltd,True,12%,TRUE,Office Supplies,0,5803.00606280948,0
TXN0000401,2024-04-29,9360.74,INR,#card staples pvt ltd inv/2404/401 gst - office supplies exp,STAPLES Pvt Ltd,True,12%,TRUE,Office Supplies,0,7868.2377237217215,0
TXN0000402,2024-04-29,3666.92,INR,rtgs office depot pvt ltd inv/2404/402 q1 - office supplies exp,OFFICE DEPOT Pvt Ltd,True,12%,TRUE,Office Supplies,0,3447.133974083035,0
TXN0000403,2024-04-29,55006.02,INR,IMPS AWF.is TAXINV/2404/403 Q1 - rent exp,AWF.is,True,18%,TRUE,Rent,0,55034.863505157235,0
TXN0000404,2024-04-29,2796.74,INR,rtgs zomato inv/2404/404 fy24 - meals exp,ZOMATO,True,5%,FALSE,Meals,0,2809.8792505805604,0
TXN0000405,2024-04-30,39392.17,INR,*UPI INDIQUBE BILL/2404/405 FY24 - rent exp,INDIQUBE,True,18%,TRUE,Rent,0,37619.26444363595,1
TXN0000406,2024-04-30,24541.04,INR,AUTO-DEBIT Infy TAXINV/2404/406 FY24 - it services exp,Infy,True,18%,TRUE,IT Services,0,26069.578510373725,1
TXN0000407,2024-04-30,12293.88,INR,upi coursera bill/2404/407 q2 - training exp,COURSERA,True,18%,unknown,Training,0,10981.360255562191,1
TXN0000408,2024-04-30,2700.21,INR,imps indigo india pvt ltd bill/2404/408 fy24 - travel exp,INDIGO INDIA PVT LTD,True,5%,FALSE,Travel,0,2661.7645490750656,1
TXN0000409,2024-04-30,11453.09,INR, card air.tel taxinv/2404/409 subs - utilities exp,AIR.tel,True,18%,TRUE,Utilities,0,11590.865669660325,1
TXN0000410,2024-04-30,9422.42,INR, AUTO-DEBIT KSEB RCPT/2404/410 FY24 - utilities exp- ref 1770,KSEB,True,18%,TRUE,Utilities,0,9907.145875881182,1
TXN0000411,2024-04-30,49242.17,INR,!rtgs wipro rcpt/2404/411 q1 - it services exp  ref 4536,Wipro,True,18%,TRUE,IT Services,0,52746.31608013823,1
TXN0000412,2024-04-30,48884.88,INR,-CARD Wipro BILL/2404/412 FY24 - it services exp,Wipro,True,18%,TRUE,IT Services,0,43387.08062975568,1
TXN0000413,2024-04-30,8577.58,INR,-CARD CANVA BILL/2404/413 Q2 - software exp,CANVA,True,18%,TRUE,Software,0,7261.681297138154,1
TXN0000414,2024-04-30,41665.09,INR,imps hcl rcpt/2404/414 subs - it services exp,HCL,True,18%,TRUE,IT Services,0,46988.541977531524,1
TXN0000415,2024-04-30,39514.01,INR,#upi tcs pvt ltd inv/2404/415 adv - it services exp  ref 3737,TCS Pvt Ltd,True,18%,TRUE,IT Services,0,40827.11591925017,1
TXN0000416,2024-04-30,7181.06,INR,AUTO-DEBIT STAMP DUTY Pvt Ltd TAXINV/2404/416 GST - exempt services exp,STAMP DUTY Pvt Ltd,False,exempt,FALSE,Exempt Services,0,6643.567327179519,1
TXN0000417,2024-04-30,11029.51,INR,card kseb pvt ltd bill/2404/417 subs - utilities exp,KSEB Pvt Ltd,True,18%,TRUE,Utilities,0,12740.354622554541,1
TXN0000418,2024-04-30,15021.57,INR,-NEFT Airtel RCPT/2404/418 FY24 - utilities exp# ref 8497,Airtel,True,18%,TRUE,Utilities,0,15195.33146162546,1
TXN0000419,2024-04-30,10561.92,INR,AUTO-DEBIT MICROSOFT Pvt Ltd RCPT/2404/419 FY24 - software exp,MICROSOFT Pvt Ltd,True,18%,TRUE,Software,0,11807.48425143074,1
TXN0000420,2024-04-30,79545.41,INR,#RTGS AWFIS INV/2404/420 Q2 - rent exp,AWFIS,True,18%,TRUE,Rent,0,80082.48852863445,1
TXN0000421,2024-04-30,57424.03,INR,!upi techm bill/2404/421 tds - it services exp,TECHM,True,18%,TRUE,IT Services,0,69257.6750660861,1
TXN0000422,2024-05-01,8353.05,INR,CARD Staples INV/2405/422 Q1 - office supplies exp,Staples,True,12%,TRUE,Office Supplies,0,9819.294982397021,2
TXN0000423,2024-05-01,22697.29,INR,rtgs techm bill/2405/423 q1 - it services exp,TECHM,True,18%,TRUE,IT Services,0,22132.20885223674,2
TXN0000424,2024-05-01,79874.32,INR,IMPS INDIQUBE BILL/2405/424 FY25 - rent exp /  ref 5921,INDIQUBE,True,18%,TRUE,Rent,0,87634.67690392325,2
TXN0000425,2024-05-01,3216.66,INR,AUTO-DEBIT ZOMATO INDIA PVT LTD INV/2405/425 Q1 - meals exp! ref 5647,ZOMATO INDIA PVT LTD,True,5%,FALSE,Meals,0,3424.255500199256,2
TXN0000426,2024-05-01,2943.66,INR,!AUTO-DEBIT Swiggy INV/2405/426 Q2 - meals exp,Swiggy,True,5%,FALSE,Meals,0,3346.5385970645675,2
TXN0000427,2024-05-01,133147.45,INR, auto-debit wework pvt ltd rcpt/2405/427 subs - rent exp,WEWORK Pvt Ltd,True,18%,TRUE,Rent,0,120299.74017785836,2
TXN0000428,2024-05-01,67071.8,INR,IMPS WEWORK INDIA PVT LTD BILL/2405/428 RENT - rent exp /  ref 4526,WEWORK INDIA PVT LTD,True,18%,TRUE,Rent,0,71673.27063147235,2
TXN0000429,2024-05-01,3366.94,INR,#imps zom.ato bill/2405/429 q1 - meals exp- ref 2680,ZOM.ato,True,5%,FALSE,Meals,0,3723.305174175335,2
TXN0000430,2024-05-01,4461.15,INR, / NEFT OLA INV/2405/430 SUBS - travel exp,OLA,True,5%,FALSE,Travel,0,3676.549934014352,2
TXN0000431,2024-05-01,8116.33,INR,upi indigo india pvt ltd inv/2405/431 gst - travel exp* ref 5005,INDIGO INDIA PVT LTD,True,5%,FALSE,Travel,0,7155.958343589539,2
TXN0000432,2024-05-01,22597.72,INR,#imps simplilearn taxinv/2405/432 fy25 - training exp,SIMPLILEARN,True,18%,unknown,Training,0,17989.520223198702,2
TXN0000433,2024-05-01,38496.19,INR, imps tcs pvt ltd rcpt/2405/433 tds - it services exp,TCS Pvt Ltd,True,18%,TRUE,IT Services,0,37459.07633139238,2
TXN0000434,2024-05-01,10099.46,INR,AUTO-DEBIT AIR.tel INV/2405/434 Q1 - utilities exp,AIR.tel,True,18%,TRUE,Utilities,0,10824.138931072108,2
TXN0000435,2024-05-02,7096.76,INR,RTGS ADOBE INV/2405/435 TDS - software exp,ADOBE,True,18%,TRUE,Software,0,8162.946743303301,3
TXN0000436,2024-05-02,41194.13,INR,*card hcl rcpt/2405/436 q2 - it services exp,Hcl,True,18%,TRUE,IT Services,0,41499.357001693366,3
TXN0000437,2024-05-02,3395.51,INR,UPI STA.mp duty TAXINV/2405/437 FY25 - exempt services exp,STA.mp duty,False,exempt,FALSE,Exempt Services,0,3948.508037114278,3
TXN0000438,2024-05-02,11339.32,INR, / upi ikea bill/2405/438 fy24 - office supplies exp,Ikea,True,12%,TRUE,Office Supplies,0,9774.378793283471,3
TXN0000439,2024-05-02,68717.35,INR,auto-debit wework taxinv/2405/439 fy24 - rent exp,Wework,True,18%,TRUE,Rent,0,57012.157273097815,3
TXN0000440,2024-05-02,10077.02,INR, / UPI Kseb BILL/2405/440 SUBS - utilities exp,Kseb,True,18%,TRUE,Utilities,0,10021.04447272648,3
TXN0000441,2024-05-02,4293.84,INR, rtgs indigo inv/2405/441 fy24 - travel exp,Indigo,True,5%,FALSE,Travel,0,4458.751558727356,3
TXN0000442,2024-05-02,2200.83,INR,-CARD SWIGGY RCPT/2405/442 FY24 - meals exp,SWIGGY,True,5%,FALSE,Meals,0,2193.6344417552077,3
TXN0000443,2024-05-02,21599.74,INR,!imps upgrad inv/2405/443 fy24 - training exp* ref 2672,UPGRAD,True,18%,unknown,Training,0,17134.118817408467,3
TXN0000444,2024-05-02,9429.51,INR,!IMPS UBE.r RCPT/2405/444 Q2 - travel exp,UBE.r,True,5%,FALSE,Travel,0,9345.474169621377,3
TXN0000445,2024-05-02,37780.89,INR,auto-debit techm pvt ltd bill/2405/445 fy24 - it services exp- ref 7764,TECHM Pvt Ltd,True,18%,TRUE,IT Services,0,32852.488129307116,3
TXN0000446,2024-05-02,127625.62,INR,upi wework pvt ltd bill/2405/446 q1 - rent exp,WEWORK Pvt Ltd,True,18%,TRUE,Rent,0,136172.35742414137,3
TXN0000447,2024-05-03,3111.88,INR,AUTO-DEBIT DOM.inos INV/2405/447 FY24 - meals exp,DOM.inos,True,5%,FALSE,Meals,0,3225.960975006386,4
TXN0000448,2024-05-03,61979.52,INR,NEFT WIP.ro BILL/2405/448 GST - it services exp,WIP.ro,True,18%,TRUE,IT Services,0,56154.19019857279,4
TXN0000449,2024-05-03,6092.76,INR,AUTO-DEBIT RAPIDO RCPT/2405/449 Q1 - travel exp,RAPIDO,True,5%,FALSE,Travel,0,5779.673220072768,4
TXN0000450,2024-05-03,7984.15,INR,card adobe india pvt ltd taxinv/2405/450 fy25 - software exp! ref 4649,ADOBE INDIA PVT LTD,True,18%,TRUE,Software,0,7138.458035921032,4
TXN0000451,2024-05-03,82610.3,INR,imps indiqube pvt ltd taxinv/2405/451 tds - rent exp- ref 6794,INDIQUBE Pvt Ltd,True,18%,TRUE,Rent,0,82092.50609705341,4
TXN0000452,2024-05-03,8376.39,INR,auto-debit bescom pvt ltd taxinv/2405/452 q1 - utilities exp,BESCOM Pvt Ltd,True,18%,TRUE,Utilities,0,9176.454458202337,4
TXN0000453,2024-05-03,9423.69,INR, RTGS ADOBE BILL/2405/453 SUBS - software exp,ADOBE,True,18%,TRUE,Software,0,8494.77233144082,4
TXN0000454,2024-05-03,68499.35,INR, / AUTO-DEBIT Indiqube INV/2405/454 GST - rent exp,Indiqube,True,18%,TRUE,Rent,0,71952.03586827373,4
TXN0000455,2024-05-03,9414.75,INR, auto-debit kseb pvt ltd bill/2405/455 adv - utilities exp,KSEB Pvt Ltd,True,18%,TRUE,Utilities,0,8915.525708742807,4
TXN0000456,2024-05-03,11045.86,INR,-imps kseb pvt ltd inv/2405/456 q2 - utilities exp,KSEB Pvt Ltd,True,18%,TRUE,Utilities,0,10170.063769702667,4
TXN0000457,2024-05-03,4269.28,INR,upi sta.mp duty bill/2405/457 adv - exempt services exp,STA.mp duty,False,exempt,FALSE,Exempt Services,0,4223.58574248532,4
TXN0000458,2024-05-03,5386.92,INR, auto-debit uber pvt ltd taxinv/2405/458 fy25 - travel exp,UBER Pvt Ltd,True,5%,FALSE,Travel,0,4829.243242851263,4
TXN0000459,2024-05-03,7798.94,INR,!upi staples inv/2405/459 q1 - office supplies exp* ref 5352,Staples,True,12%,TRUE,Office Supplies,0,7367.152228655564,4
TXN0000460,2024-05-04,35930.12,INR,upi tcs pvt ltd taxinv/2405/460 q2 - it services exp,TCS Pvt Ltd,True,18%,TRUE,IT Services,0,25300.904285914847,5
TXN0000461,2024-05-04,7072.93,INR,*imps staples pvt ltd bill/2405/461 fy24 - office supplies exp,STAPLES Pvt Ltd,True,12%,TRUE,Office Supplies,0,6770.053066748666,5
TXN0000462,2024-05-04,63923.1,INR, CARD WEW.ork RCPT/2405/462 Q2 - rent exp,WEW.ork,True,18%,TRUE,Rent,0,51318.812444723524,5
TXN0000463,2024-05-04,13317.33,INR,*upi airtel taxinv/2405/463 q2 - utilities exp,Airtel,True,18%,TRUE,Utilities,0,9908.385960051608,5
TXN0000464,2024-05-04,15240.78,INR,#CARD BES.com INV/2405/464 FY24 - utilities exp,BES.com,True,18%,TRUE,Utilities,0,12453.521659513593,5
TXN0000465,2024-05-04,3552.05,INR,!NEFT Ola BILL/2405/465 RENT - travel exp,Ola,True,5%,FALSE,Travel,0,2809.7204120876554,5
TXN0000466,2024-05-04,39560.12,INR, CARD TCS RCPT/2405/466 FY25 - it services exp,TCS,True,18%,TRUE,IT Services,0,30948.7692900891,5
TXN0000467,2024-05-04,6281.04,INR,IMPS ROC FEES INV/2405/467 FY24 - exempt services exp,ROC FEES,False,exempt,FALSE,Exempt Services,0,5333.440448771261,5
TXN0000468,2024-05-04,14637.59,INR,IMPS AIR.tel INV/2405/468 RENT - utilities exp,AIR.tel,True,18%,TRUE,Utilities,0,12597.118982520908,5
TXN0000469,2024-05-04,8203.58,INR,!UPI IKEA BILL/2405/469 FY24 - office supplies exp- ref 1633,IKEA,True,12%,TRUE,Office Supplies,0,6214.703311638819,5
TXN0000470,2024-05-04,12512.27,INR,upi kseb bill/2405/470 subs - utilities exp,KSEB,True,18%,TRUE,Utilities,0,9433.432536170305,5
TXN0000471,2024-05-04,3699.89,INR,auto-debit swiggy taxinv/2405/471 q1 - meals exp,Swiggy,True,5%,FALSE,Meals,0,2878.4991180980487,5
TXN0000472,2024-05-04,4720.63,INR,card swi.ggy taxinv/2405/472 subs - meals exp* ref 2166,SWI.ggy,True,5%,unknown,Meals,1,2907.1825513691406,5
TXN0000473,2024-05-05,6195.92,INR, AUTO-DEBIT CANVA TAXINV/2405/473 SUBS - software exp,CANVA,True,18%,TRUE,Software,0,4205.69579151222,6
TXN0000474,2024-05-05,9275.43,INR,RTGS BESCOM INDIA PVT LTD RCPT/2405/474 FY25 - utilities exp,BESCOM INDIA PVT LTD,True,18%,TRUE,Utilities,0,8434.611726918638,6
TXN0000475,2024-05-05,3823.33,INR,*neft swiggy rcpt/2405/475 fy25 - meals exp,Swiggy,True,5%,FALSE,Meals,0,3561.804352644869,6
TXN0000476,2024-05-05,4900.81,INR, / rtgs staples pvt ltd rcpt/2405/476 gst - office supplies exp* ref 7064,STAPLES Pvt Ltd,True,12%,TRUE,Office Supplies,0,3823.009734958537,6
TXN0000477,2024-05-05,11968.58,INR,-card canva pvt ltd inv/2405/477 fy24 - software exp,CANVA Pvt Ltd,True,18%,TRUE,Software,0,10126.9094509512,6
TXN0000478,2024-05-05,56152.99,INR,RTGS INDIQUBE INDIA PVT LTD TAXINV/2405/478 TDS - rent exp,INDIQUBE INDIA PVT LTD,True,18%,TRUE,Rent,0,46320.602145246536,6
TXN0000479,2024-05-05,5901.91,INR,UPI STAPLES RCPT/2405/479 FY24 - office supplies exp- ref 5135,STAPLES,True,12%,TRUE,Office Supplies,0,6175.230194578405,6
TXN0000480,2024-05-05,6077.61,INR,IMPS STAPLES INV/2405/480 GST - office supplies exp,STAPLES,True,12%,TRUE,Office Supplies,0,5406.435174198712,6
TXN0000481,2024-05-05,19661.42,INR,-neft coursera india pvt ltd inv/2405/481 adv - training exp,COURSERA INDIA PVT LTD,True,18%,unknown,Training,0,15527.932680680658,6
TXN0000482,2024-05-05,6182.86,INR, / rtgs canva rcpt/2405/482 gst - software exp  ref 6818,CANVA,True,18%,TRUE,Software,0,4473.65017851434,6
TXN0000483,2024-05-05,4277.87,INR,#IMPS OFFICE DEPOT RCPT/2405/483 FY24 - office supplies exp* ref 9944,OFFICE DEPOT,True,12%,TRUE,Office Supplies,0,2872.522518396779,6
TXN0000484,2024-05-05,7194.72,INR,rtgs kseb taxinv/2405/484 gst - utilities exp  ref 8994,KSEB,True,18%,TRUE,Utilities,0,5872.88511121973,6
TXN0000485,2024-05-05,12231.15,INR,NEFT BES.com RCPT/2405/485 ADV - utilities exp /  ref 4717,BES.com,True,18%,TRUE,Utilities,0,9044.836846545271,6
TXN0000486,2024-05-05,62447.22,INR, / IMPS AWFIS RCPT/2405/486 TDS - rent exp# ref 8297,AWFIS,True,18%,TRUE,Rent,0,42852.51277607504,6
TXN0000487,2024-05-06,6341.69,INR,CARD CAN.va INV/2405/487 Q2 - software exp,CAN.va,True,18%,TRUE,Software,0,5931.6535205728005,0
TXN0000488,2024-05-06,8376.47,INR, / RTGS AIRTEL INDIA PVT LTD RCPT/2405/488 Q2 - utilities exp,AIRTEL INDIA PVT LTD,True,18%,TRUE,Utilities,0,7470.514559416412,0
TXN0000489,2024-05-06,97193.32,INR,!NEFT Indiqube BILL/2405/489 SUBS - rent exp  ref 6844,Indiqube,True,18%,TRUE,Rent,0,113591.2096822931,0
TXN0000490,2024-05-06,120506.01,INR, imps awfis pvt ltd inv/2405/490 q1 - rent exp,AWFIS Pvt Ltd,True,18%,TRUE,Rent,0,131130.2989367348,0
TXN0000491,2024-05-06,176059.73,INR,NEFT Indiqube BILL/2405/491 FY24 - rent exp,Indiqube,True,18%,TRUE,Rent,0,175919.36389224097,0
TXN0000492,2024-05-06,8336.24,INR,UPI Rapido TAXINV/2405/492 GST - travel exp /  ref 6373,Rapido,True,5%,FALSE,Travel,0,9569.956952838058,0
TXN0000493,2024-05-06,13290.79,INR,IMPS MICROSOFT Pvt Ltd RCPT/2405/493 FY24 - software exp- ref 2308,MICROSOFT Pvt Ltd,True,18%,TRUE,Software,0,13393.61859295999,0
TXN0000494,2024-05-06,20292.98,INR, / upi airtel rcpt/2405/494 adv - utilities exp- ref 1620,Airtel,True,18%,TRUE,Utilities,0,18545.177692812955,0
TXN0000495,2024-05-06,136838.58,INR, AUTO-DEBIT Indiqube BILL/2405/495 Q2 - rent exp,Indiqube,True,18%,TRUE,Rent,0,157680.793589739,0
TXN0000496,2024-05-06,27488.44,INR, rtgs tcs pvt ltd taxinv/2405/496 gst - it services exp# ref 1639,TCS Pvt Ltd,True,18%,TRUE,IT Services,0,28969.819640122314,0
TXN0000497,2024-05-06,37649.29,INR,*CARD WIPRO INDIA PVT LTD RCPT/2405/497 ADV - it services exp,WIPRO INDIA PVT LTD,True,18%,TRUE,IT Services,0,33744.13187343785,0
TXN0000498,2024-05-06,23707.67,INR,RTGS TECHM Pvt Ltd BILL/2405/498 Q2 - it services exp,TECHM Pvt Ltd,True,18%,TRUE,IT Services,0,23256.421343175756,0
TXN0000499,2024-05-06,3149.97,INR,card dominos bill/2405/499 q1 - meals exp! ref 1629,DOMINOS,True,5%,FALSE,Meals,0,2874.152877038561,0
TXN0000500,2024-05-06,59217.36,INR,!CARD HCL BILL/2405/500 FY25 - it services exp,HCL,True,18%,TRUE,IT Services,0,51028.78505235818,0
TXN0000501,2024-05-06,10528.36,INR, / neft microsoft taxinv/2405/501 adv - software exp,Microsoft,True,18%,TRUE,Software,0,11503.473064433023,0
TXN0000502,2024-05-06,59686.28,INR, IMPS HCL INDIA PVT LTD RCPT/2405/502 FY24 - it services exp,HCL INDIA PVT LTD,True,18%,TRUE,IT Services,0,71082.87762397595,0
TXN0000503,2024-05-06,57898.28,INR,CARD INDIQUBE INDIA PVT LTD INV/2405/503 RENT - rent exp,INDIQUBE INDIA PVT LTD,True,18%,TRUE,Rent,0,49800.814301209866,0
TXN0000504,2024-05-06,155925.44,INR, / upi upgrad taxinv/2405/504 fy24 - training exp  ref 6975,UPGRAD,True,18%,unknown,Training,1,164703.56259374417,0
TXN0000505,2024-05-06,6705.07,INR,!rtgs canva pvt ltd rcpt/2405/505 tds - software exp,CANVA Pvt Ltd,True,18%,TRUE,Software,0,6268.8096029058315,0
TXN0000506,2024-05-07,6412.1,INR,rtgs staples pvt ltd inv/2405/506 fy25 - office supplies exp,STAPLES Pvt Ltd,True,12%,TRUE,Office Supplies,0,6099.75033267624,1
TXN0000507,2024-05-07,7417.42,INR, / AUTO-DEBIT MICROSOFT Pvt Ltd TAXINV/2405/507 Q1 - software exp /  ref 7173,MICROSOFT Pvt Ltd,True,18%,TRUE,Software,0,6978.016545847213,1
TXN0000508,2024-05-07,15776.48,INR,RTGS KSEB INV/2405/508 SUBS - utilities exp,KSEB,True,18%,TRUE,Utilities,0,14413.406690196176,1
TXN0000509,2024-05-07,25133.2,INR,*card simplilearn rcpt/2405/509 rent - training exp,SIMPLILEARN,True,18%,unknown,Training,0,25255.15037794629,1
TXN0000510,2024-05-07,12769.04,INR,#neft bescom inv/2405/510 fy25 - utilities exp,BESCOM,True,18%,TRUE,Utilities,0,11707.996472554281,1
TXN0000511,2024-05-07,4286.65,INR,*upi zomato inv/2405/511 subs - meals exp,ZOMATO,True,5%,FALSE,Meals,0,4402.585375222914,1
TXN0000512,2024-05-07,9226.09,INR,!upi microsoft bill/2405/512 rent - software exp,MICROSOFT,True,18%,TRUE,Software,0,9179.739868079241,1
TXN0000513,2024-05-07,95218.19,INR,-IMPS AWFIS BILL/2405/513 Q2 - rent exp,AWFIS,True,18%,TRUE,Rent,0,92942.96994733454,1
TXN0000514,2024-05-07,6802.69,INR,AUTO-DEBIT MICROSOFT RCPT/2405/514 Q1 - software exp,MICROSOFT,True,18%,TRUE,Software,0,6185.3025751866235,1
TXN0000515,2024-05-07,40914.34,INR, / neft wipro bill/2405/515 fy24 - it services exp# ref 7958,Wipro,True,18%,TRUE,IT Services,0,38554.51816788748,1
TXN0000516,2024-05-07,140744.32,INR,AUTO-DEBIT WEWORK RCPT/2405/516 FY25 - rent exp# ref 9367,WEWORK,True,18%,TRUE,Rent,0,151376.02244128127,1
TXN0000517,2024-05-07,4542.0,INR,!auto-debit uber taxinv/2405/517 q1 - travel exp# ref 9106,UBER,True,5%,FALSE,Travel,0,4769.516586618994,1
TXN0000518,2024-05-07,32573.84,INR,RTGS WIP.ro TAXINV/2405/518 Q1 - it services exp,WIP.ro,True,18%,TRUE,IT Services,0,29389.567186477114,1
TXN0000519,2024-05-07,3757.51,INR,AUTO-DEBIT STAPLES BILL/2405/519 Q1 - office supplies exp,STAPLES,True,12%,TRUE,Office Supplies,0,3794.834213097337,1
TXN0000520,2024-05-07,104459.15,INR,#AUTO-DEBIT WEW.ork RCPT/2405/520 FY25 - rent exp,WEW.ork,True,18%,unknown,Rent,1,112308.07602283622,1
TXN0000521,2024-05-07,5479.44,INR,CARD Ola BILL/2405/521 RENT - travel exp,Ola,True,5%,FALSE,Travel,0,4564.699392641231,1
TXN0000522,2024-05-07,36633.21,INR,CARD WIP.ro RCPT/2405/522 RENT - it services exp,WIP.ro,True,18%,TRUE,IT Services,0,38623.712803309456,1
TXN0000523,2024-05-08,6812.31,INR,imps ikea india pvt ltd rcpt/2405/523 adv - office supplies exp,IKEA INDIA PVT LTD,True,12%,TRUE,Office Supplies,0,6360.910154069563,2
TXN0000524,2024-05-08,5259.48,INR,neft staples rcpt/2405/524 fy25 - office supplies exp* ref 7045,STAPLES,True,12%,TRUE,Office Supplies,0,5559.585228549234,2
TXN0000525,2024-05-08,4875.91,INR,IMPS Ola RCPT/2405/525 Q2 - travel exp,Ola,True,5%,FALSE,Travel,0,4503.751704602278,2
TXN0000526,2024-05-08,4499.78,INR, / imps figma india pvt ltd inv/2405/526 adv - software exp* ref 9962,FIGMA INDIA PVT LTD,True,18%,TRUE,Software,0,3687.6227621071807,2
TXN0000527,2024-05-08,20190.96,INR, / CARD UPGRAD INDIA PVT LTD TAXINV/2405/527 FY25 - training exp,UPGRAD INDIA PVT LTD,True,18%,unknown,Training,0,16904.795573839856,2
TXN0000528,2024-05-08,18761.14,INR,!auto-debit bescom india pvt ltd rcpt/2405/528 fy25 - utilities exp* ref 3673,BESCOM INDIA PVT LTD,True,18%,TRUE,Utilities,0,18851.352841620672,2
TXN0000529,2024-05-08,16827.0,INR,!NEFT MICROSOFT TAXINV/2405/529 ADV - software exp- ref 9817,MICROSOFT,True,18%,TRUE,Software,0,17264.035053646738,2
TXN0000530,2024-05-08,35101.85,INR,imps hcl pvt ltd inv/2405/530 fy25 - it services exp,HCL Pvt Ltd,True,18%,TRUE,IT Services,0,31927.53134730788,2
TXN0000531,2024-05-08,9611.52,INR,NEFT BESCOM BILL/2405/531 Q2 - utilities exp,BESCOM,True,18%,TRUE,Utilities,0,10225.304418938791,2
TXN0000532,2024-05-08,36258.05,INR,auto-debit hcl rcpt/2405/532 adv - it services exp  ref 7595,Hcl,True,18%,TRUE,IT Services,0,30233.702250624898,2
TXN0000533,2024-05-08,10290.42,INR, imps microsoft bill/2405/533 adv - software exp /  ref 8678,MICROSOFT,True,18%,TRUE,Software,0,10222.42111184037,2
TXN0000534,2024-05-08,8753.98,INR,RTGS FIGMA INV/2405/534 Q2 - software exp,FIGMA,True,18%,TRUE,Software,0,7693.858840760345,2
TXN0000535,2024-05-08,36024.94,INR,card techm pvt ltd taxinv/2405/535 fy25 - it services exp  ref 5312,TECHM Pvt Ltd,True,18%,TRUE,IT Services,0,33676.70433265937,2
TXN0000536,2024-05-08,44855.5,INR,NEFT HCL BILL/2405/536 RENT - it services exp# ref 4750,HCL,True,18%,TRUE,IT Services,0,45068.10911012334,2
TXN0000537,2024-05-09,1456.84,INR,AUTO-DEBIT Zomato TAXINV/2405/537 GST - meals exp,Zomato,True,5%,FALSE,Meals,0,1331.4915392919727,3
TXN0000538,2024-05-09,1837.72,INR,!neft kfc inv/2405/538 subs - meals exp,KFC,True,5%,FALSE,Meals,0,1767.0494585257966,3
TXN0000539,2024-05-09,2609.39,INR,-IMPS Dominos INV/2405/539 ADV - meals exp# ref 5926,Dominos,True,5%,FALSE,Meals,0,2871.9710393436067,3
TXN0000540,2024-05-09,8022.2,INR,-IMPS MICROSOFT INDIA PVT LTD INV/2405/540 SUBS - software exp,MICROSOFT INDIA PVT LTD,True,18%,TRUE,Software,0,7559.40580443114,3
TXN0000541,2024-05-09,11677.47,INR,RTGS JIO.fiber RCPT/2405/541 ADV - utilities exp  ref 5280,JIO.fiber,True,18%,TRUE,Utilities,0,12653.346956787733,3
TXN0000542,2024-05-09,2089.4,INR,*CARD Kfc INV/2405/542 FY25 - meals exp* ref 9932,Kfc,True,5%,FALSE,Meals,0,1853.3590497878372,3
TXN0000543,2024-05-09,94746.34,INR,imps wework india pvt ltd inv/2405/543 subs - rent exp,WEWORK INDIA PVT LTD,True,18%,TRUE,Rent,0,99766.04067741819,3
TXN0000544,2024-05-09,5324.18,INR,*CARD OFF.ice depot INV/2405/544 Q2 - office supplies exp,OFF.ice depot,True,12%,TRUE,Office Supplies,0,6091.697081873438,3
TXN0000545,2024-05-09,38461.98,INR,#RTGS INFY RCPT/2405/545 FY24 - it services exp- ref 1387,INFY,True,18%,TRUE,IT Services,0,28955.545866899425,3
TXN0000546,2024-05-09,12316.11,INR, / neft jiofiber inv/2405/546 adv - utilities exp,JIOFIBER,True,18%,TRUE,Utilities,0,11334.64503751475,3
TXN0000547,2024-05-09,32308.01,INR,#NEFT TEC.hm INV/2405/547 Q1 - it services exp,TEC.hm,True,18%,TRUE,IT Services,0,34172.41520556701,3
TXN0000548,2024-05-09,88169.65,INR,-CARD WEWORK INDIA PVT LTD RCPT/2405/548 GST - rent exp,WEWORK INDIA PVT LTD,True,18%,TRUE,Rent,0,86379.40593784743,3
TXN0000549,2024-05-09,123324.61,INR,*AUTO-DEBIT WEWORK INDIA PVT LTD RCPT/2405/549 RENT - rent exp- ref 8614,WEWORK INDIA PVT LTD,True,18%,TRUE,Rent,0,127901.75200866259,3
TXN0000550,2024-05-09,33102.31,INR,upi tcs pvt ltd bill/2405/550 gst - it services exp# ref 5512,TCS Pvt Ltd,True,exempt,TRUE,IT Services,1,31102.9795113925,3
TXN0000551,2024-05-10,36589.61,INR,card wip.ro taxinv/2405/551 fy25 - it services exp /  ref 6919,WIP.ro,True,18%,TRUE,IT Services,0,36906.43865536163,4
TXN0000552,2024-05-10,5006.41,INR, / AUTO-DEBIT OFFICE DEPOT Pvt Ltd RCPT/2405/552 Q1 - office supplies exp,OFFICE DEPOT Pvt Ltd,True,12%,TRUE,Office Supplies,0,4928.471593196074,4
TXN0000553,2024-05-10,34517.65,INR,CARD Hcl INV/2405/553 SUBS - it services exp,Hcl,True,18%,TRUE,IT Services,0,38548.55924806517,4
TXN0000554,2024-05-10,40192.14,INR,rtgs techm pvt ltd inv/2405/554 rent - it services exp,TECHM Pvt Ltd,True,18%,TRUE,IT Services,0,41214.71181528804,4
TXN0000555,2024-05-10,58273.6,INR,card wipro pvt ltd bill/2405/555 gst - it services exp,WIPRO Pvt Ltd,True,18%,TRUE,IT Services,0,60240.93224887055,4
TXN0000556,2024-05-10,5702.08,INR,NEFT MICROSOFT INDIA PVT LTD BILL/2405/556 TDS - software exp,MICROSOFT INDIA PVT LTD,True,18%,TRUE,Software,0,5467.22445890124,4
TXN0000557,2024-05-10,32746.61,INR,IMPS WIPRO BILL/2405/557 FY24 - it services exp* ref 7891,WIPRO,True,18%,TRUE,IT Services,0,31149.864914672547,4
TXN0000558,2024-05-10,72119.11,INR,auto-debit wework taxinv/2405/558 fy24 - rent exp,WEWORK,True,18%,TRUE,Rent,0,68999.53884712361,4
TXN0000559,2024-05-10,46506.75,INR,UPI INF.y BILL/2405/559 SUBS - it services exp,INF.y,True,18%,TRUE,IT Services,0,48341.218717255186,4
TXN0000560,2024-05-10,53637.75,INR,auto-debit awfis pvt ltd inv/2405/560 fy24 - rent exp# ref 8088,AWFIS Pvt Ltd,True,18%,TRUE,Rent,0,51379.68396638829,4
TXN0000561,2024-05-10,2339.0,INR,IMPS KFC RCPT/2405/561 Q1 - meals exp /  ref 1943,KFC,True,5%,FALSE,Meals,0,2406.7783390280706,4
TXN0000562,2024-05-10,46382.19,INR,*RTGS HCL INDIA PVT LTD INV/2405/562 Q2 - it services exp! ref 9152,HCL INDIA PVT LTD,True,18%,TRUE,IT Services,0,56008.35341689245,4
TXN0000563,2024-05-11,20874.45,INR, neft upgrad bill/2405/563 gst - training exp,UPGRAD,True,18%,unknown,Training,0,18154.299925243973,5
TXN0000564,2024-05-11,63204.0,INR,UPI WIPRO RCPT/2405/564 TDS - it services exp,WIPRO,True,12%,TRUE,IT Services,1,48914.720693829106,5
TXN0000565,2024-05-11,80941.2,INR,AUTO-DEBIT INDIQUBE INDIA PVT LTD TAXINV/2405/565 FY24 - rent exp,INDIQUBE INDIA PVT LTD,True,18%,TRUE,Rent,0,72531.1757053325,5
TXN0000566,2024-05-11,28650.88,INR,-auto-debit infy rcpt/2405/566 q2 - it services exp* ref 1012,Infy,True,18%,TRUE,IT Services,0,21985.366516528346,5
TXN0000567,2024-05-11,9151.9,INR, AUTO-DEBIT AIRTEL BILL/2405/567 RENT - utilities exp! ref 3673,AIRTEL,True,18%,TRUE,Utilities,0,5829.303045320464,5
TXN0000568,2024-05-11,95761.42,INR,RTGS WEW.ork TAXINV/2405/568 FY25 - rent exp,WEW.ork,True,18%,TRUE,Rent,0,68886.27387071903,5
TXN0000569,2024-05-11,91305.53,INR,auto-debit awfis india pvt ltd taxinv/2405/569 tds - rent exp,AWFIS INDIA PVT LTD,True,18%,TRUE,Rent,0,59379.332170481284,5
TXN0000570,2024-05-11,3271.2,INR,CARD SWIGGY Pvt Ltd INV/2405/570 Q2 - meals exp,SWIGGY Pvt Ltd,True,5%,FALSE,Meals,0,2524.970327280326,5
TXN0000571,2024-05-11,5576.01,INR,*AUTO-DEBIT ADOBE BILL/2405/571 RENT - software exp,ADOBE,True,18%,TRUE,Software,0,4469.024085323578,5
TXN0000572,2024-05-11,11742.28,INR,*neft airtel inv/2405/572 adv - utilities exp,AIRTEL,True,18%,TRUE,Utilities,0,10968.639705854706,5
TXN0000573,2024-05-11,5658.97,INR,!upi microsoft pvt ltd taxinv/2405/573 rent - software exp,MICROSOFT Pvt Ltd,True,18%,TRUE,Software,0,4675.181776024815,5
TXN0000574,2024-05-11,7041.17,INR, AUTO-DEBIT OLA INDIA PVT LTD BILL/2405/574 SUBS - travel exp,OLA INDIA PVT LTD,True,5%,FALSE,Travel,0,5509.518074365351,5
TXN0000575,2024-05-11,6782.53,INR,rtgs stamp duty inv/2405/575 fy25 - exempt services exp  ref 4171,STAMP DUTY,False,exempt,FALSE,Exempt Services,0,5876.061458923556,5
TXN0000576,2024-05-11,16203.16,INR,*imps upg.rad inv/2405/576 tds - training exp,UPG.rad,True,18%,unknown,Training,0,10096.337664519664,5
TXN0000577,2024-05-11,8379.58,INR,auto-debit jiofiber rcpt/2405/577 tds - utilities exp,JIOFIBER,True,18%,TRUE,Utilities,0,6861.61208310683,5
TXN0000578,2024-05-11,26849.71,INR,!UPI Wipro RCPT/2405/578 ADV - it services exp,Wipro,True,18%,TRUE,IT Services,0,23135.568552396708,5
TXN0000579,2024-05-12,8588.58,INR,NEFT IKEA INV/2405/579 GST - office supplies exp,IKEA,True,12%,TRUE,Office Supplies,0,5854.947499297614,6
TXN0000580,2024-05-12,13307.69,INR,CARD ADOBE Pvt Ltd INV/2405/580 ADV - software exp,ADOBE Pvt Ltd,True,18%,TRUE,Software,0,11863.809939459554,6
TXN0000581,2024-05-12,5697.4,INR,!rtgs indigo pvt ltd rcpt/2405/581 gst - travel exp,INDIGO Pvt Ltd,True,5%,FALSE,Travel,0,4712.203954564694,6
TXN0000582,2024-05-12,12986.76,INR,#UPI COU.rsera BILL/2405/582 FY25 - training exp,COU.rsera,True,18%,unknown,Training,0,9957.94844250157,6
TXN0000583,2024-05-12,3691.02,INR,auto-debit swiggy india pvt ltd taxinv/2405/583 rent - meals exp,SWIGGY INDIA PVT LTD,True,5%,FALSE,Meals,0,3139.6648418748496,6
TXN0000584,2024-05-12,3337.08,INR, RTGS KFC INDIA PVT LTD TAXINV/2405/584 FY25 - meals exp /  ref 4141,KFC INDIA PVT LTD,True,5%,FALSE,Meals,0,3275.8626977537515,6
TXN0000585,2024-05-12,12218.37,INR,!rtgs jiofiber india pvt ltd inv/2405/585 fy25 - utilities exp,JIOFIBER INDIA PVT LTD,True,18%,TRUE,Utilities,0,9952.464735585527,6
TXN0000586,2024-05-12,66129.34,INR, upi awfis taxinv/2405/586 adv - rent exp,AWFIS,True,18%,TRUE,Rent,0,54216.64508371634,6
TXN0000587,2024-05-12,28415.53,INR,#NEFT WIPRO Pvt Ltd TAXINV/2405/587 GST - it services exp! ref 4604,WIPRO Pvt Ltd,True,18%,TRUE,IT Services,0,21688.185326262977,6
TXN0000588,2024-05-12,35177.35,INR, / imps wipro india pvt ltd inv/2405/588 rent - it services exp,WIPRO INDIA PVT LTD,True,18%,TRUE,IT Services,0,25750.258173584618,6
TXN0000589,2024-05-12,12425.54,INR, / card bescom pvt ltd inv/2405/589 q2 - utilities exp /  ref 1859,BESCOM Pvt Ltd,True,18%,TRUE,Utilities,0,10765.821672152255,6
TXN0000590,2024-05-12,32560.58,INR,-CARD Infy BILL/2405/590 Q2 - it services exp,Infy,True,18%,TRUE,IT Services,0,23818.497127983064,6
TXN0000591,2024-05-12,5612.15,INR, auto-debit gov.t fees taxinv/2405/591 tds - exempt services exp,GOV.t fees,False,exempt,FALSE,Exempt Services,0,4521.851236656864,6
TXN0000592,2024-05-12,5498.03,INR,RTGS UBE.r TAXINV/2405/592 SUBS - travel exp /  ref 4994,UBE.r,True,5%,FALSE,Travel,0,4188.3300022369585,6
TXN0000593,2024-05-12,92419.4,INR, IMPS WEWORK RCPT/2405/593 SUBS - rent exp,WEWORK,True,18%,TRUE,Rent,0,77476.8822486069,6
TXN0000594,2024-05-12,39460.68,INR,*AUTO-DEBIT TECHM BILL/2405/594 Q1 - it services exp,TECHM,True,18%,TRUE,IT Services,0,32621.86668518837,6
TXN0000595,2024-05-12,5974.14,INR,!imps office depot pvt ltd taxinv/2405/595 subs - office supplies exp /  ref 5949,OFFICE DEPOT Pvt Ltd,True,12%,TRUE,Office Supplies,0,5275.184710607111,6
TXN0000596,2024-05-12,7305.38,INR,#auto-debit office depot bill/2405/596 tds - office supplies exp,OFFICE DEPOT,True,12%,TRUE,Office Supplies,0,5546.234912010761,6
TXN0000597,2024-05-12,40444.13,INR,AUTO-DEBIT TCS Pvt Ltd RCPT/2405/597 Q2 - it services exp* ref 6520,TCS Pvt Ltd,True,18%,TRUE,IT Services,0,31482.11544266026,6
TXN0000598,2024-05-12,4103.46,INR,imps uber bill/2405/598 adv - travel exp,Uber,True,5%,FALSE,Travel,0,2961.462579426875,6
TXN0000599,2024-05-13,21238.84,INR,upi tcs pvt ltd inv/2405/599 q2 - it services exp,TCS Pvt Ltd,True,18%,TRUE,IT Services,0,52484.980269869164,0
TXN0000600,2024-05-13,8562.21,INR,card adobe bill/2405/600 rent - software exp,ADOBE,True,18%,TRUE,Software,0,20082.87843219482,0
TXN0000601,2024-05-13,63443.44,INR,!card awfis rcpt/2405/601 subs - rent exp,AWFIS,True,18%,TRUE,Rent,0,260449.6311382341,0
TXN0000602,2024-05-13,3812.32,INR,!card dominos taxinv/2405/602 fy24 - meals exp,Dominos,True,5%,FALSE,Meals,0,7514.296111538487,0
TXN0000603,2024-05-13,70484.98,INR,AUTO-DEBIT INDIQUBE TAXINV/2405/603 GST - rent exp,INDIQUBE,True,18%,TRUE,Rent,0,307873.23754213366,0
TXN0000604,2024-05-13,40987.27,INR, RTGS Wipro RCPT/2405/604 GST - it services exp,Wipro,True,18%,TRUE,IT Services,0,167150.97188322563,0
TXN0000605,2024-05-13,3704.12,INR,IMPS STAPLES INV/2405/605 Q1 - office supplies exp,STAPLES,True,12%,TRUE,Office Supplies,0,15384.135669393861,0
TXN0000606,2024-05-13,7253.59,INR,#upi office depot rcpt/2405/606 tds - office supplies exp* ref 9728,Office Depot,True,12%,TRUE,Office Supplies,0,32482.740181045243,0
TXN0000607,2024-05-13,85827.51,INR,CARD INDIQUBE INDIA PVT LTD TAXINV/2405/607 RENT - rent exp,INDIQUBE INDIA PVT LTD,True,18%,TRUE,Rent,0,258789.25932762687,0
TXN0000608,2024-05-13,10552.57,INR, / IMPS KSEB RCPT/2405/608 TDS - utilities exp,KSEB,True,18%,TRUE,Utilities,0,24046.075639358383,0
TXN0000609,2024-05-13,809681.76,INR,rtgs wework india pvt ltd rcpt/2405/609 gst - rent exp,WEWORK INDIA PVT LTD,True,18%,TRUE,Rent,1,1941806.9607382047,0
TXN0000610,2024-05-13,11890.09,INR,rtgs jiofiber pvt ltd bill/2405/610 subs - utilities exp,JIOFIBER Pvt Ltd,True,18%,TRUE,Utilities,0,48845.838235564435,0
TXN0000611,2024-05-13,9103.36,INR,imps kse.b inv/2405/611 tds - utilities exp,KSE.b,True,18%,TRUE,Utilities,0,38365.6140415926,0
TXN0000612,2024-05-14,18959.47,INR,neft upgrad taxinv/2405/612 tds - training exp,UPGRAD,True,18%,unknown,Training,0,18854.084409941337,1
TXN0000613,2024-05-14,4597.23,INR, / RTGS OLA INDIA PVT LTD TAXINV/2405/613 ADV - travel exp,OLA INDIA PVT LTD,True,5%,FALSE,Travel,0,4725.938016797626,1
TXN0000614,2024-05-14,81219.51,INR, RTGS WEWORK RCPT/2405/614 Q1 - rent exp,WEWORK,True,18%,TRUE,Rent,0,72078.3431068059,1
TXN0000615,2024-05-14,7658.58,INR,!upi can.va taxinv/2405/615 tds - software exp! ref 5768,CAN.va,True,18%,TRUE,Software,0,9531.678719605383,1
TXN0000616,2024-05-14,57542.95,INR,IMPS TECHM INDIA PVT LTD TAXINV/2405/616 TDS - it services exp,TECHM INDIA PVT LTD,True,18%,TRUE,IT Services,0,58286.52680133414,1
TXN0000617,2024-05-14,13685.32,INR,-imps coursera india pvt ltd inv/2405/617 gst - training exp,COURSERA INDIA PVT LTD,True,18%,unknown,Training,0,13835.030277050224,1
TXN0000618,2024-05-14,33353.21,INR,UPI Infy RCPT/2405/618 TDS - it services exp,Infy,True,18%,TRUE,IT Services,0,35773.87466178841,1
TXN0000619,2024-05-14,11655.6,INR,AUTO-DEBIT ADOBE BILL/2405/619 TDS - software exp /  ref 7907,ADOBE,True,18%,TRUE,Software,0,12216.245120143043,1
TXN0000620,2024-05-14,40384.68,INR,!card tcs inv/2405/620 subs - it services exp,TCS,True,18%,TRUE,IT Services,0,41288.82846776249,1
TXN0000621,2024-05-14,41354.95,INR,UPI INFY TAXINV/2405/621 GST - it services exp,INFY,True,18%,TRUE,IT Services,0,38085.94684187819,1
TXN0000622,2024-05-14,60965.96,INR,auto-debit techm bill/2405/622 adv - it services exp,TECHM,True,18%,TRUE,IT Services,0,63840.312100241885,1
TXN0000623,2024-05-14,35451.7,INR,CARD Wipro BILL/2405/623 Q1 - it services exp,Wipro,True,18%,TRUE,IT Services,0,42123.79678416839,1
TXN0000624,2024-05-14,2824.51,INR,neft zomato pvt ltd inv/2405/624 adv - meals exp  ref 8760,ZOMATO Pvt Ltd,True,5%,FALSE,Meals,0,3204.52523745652,1
TXN0000625,2024-05-14,5193.85,INR, imps staples india pvt ltd inv/2405/625 rent - office supplies exp,STAPLES INDIA PVT LTD,True,12%,TRUE,Office Supplies,0,6021.327236077104,1
TXN0000626,2024-05-14,6814.35,INR,CARD JIOFIBER Pvt Ltd INV/2405/626 FY24 - utilities exp  ref 8617,JIOFIBER Pvt Ltd,True,18%,TRUE,Utilities,0,6465.989745531116,1
TXN0000627,2024-05-14,4734.51,INR, / UPI IKEA INV/2405/627 TDS - office supplies exp,IKEA,True,12%,TRUE,Office Supplies,0,4265.980608243755,1
TXN0000628,2024-05-14,5241.18,INR,UPI STA.mp duty TAXINV/2405/628 Q2 - exempt services exp! ref 6757,STA.mp duty,False,exempt,FALSE,Exempt Services,0,5175.2528110112125,1
TXN0000629,2024-05-14,5919.74,INR,!RTGS IKEA INDIA PVT LTD BILL/2405/629 ADV - office supplies exp,IKEA INDIA PVT LTD,True,12%,TRUE,Office Supplies,0,5952.727699227187,1
TXN0000630,2024-05-14,4612.21,INR,*UPI OLA INV/2405/630 Q2 - travel exp,OLA,True,5%,FALSE,Travel,0,5116.87410634069,1
TXN0000631,2024-05-15,11294.28,INR,*rtgs airtel india pvt ltd inv/2405/631 tds - utilities exp,AIRTEL INDIA PVT LTD,True,18%,TRUE,Utilities,0,9382.763058190452,2
TXN0000632,2024-05-15,5257.72,INR, IMPS STAPLES Pvt Ltd INV/2405/632 FY25 - office supplies exp,STAPLES Pvt Ltd,True,12%,TRUE,Office Supplies,0,6061.914730563446,2
TXN0000633,2024-05-15,5107.65,INR,rtgs off.ice depot taxinv/2405/633 gst - office supplies exp,OFF.ice depot,True,12%,TRUE,Office Supplies,0,5026.945095682302,2
TXN0000634,2024-05-15,31265.8,INR,CARD Techm BILL/2405/634 Q1 - it services exp,Techm,True,18%,TRUE,IT Services,0,29931.122184323794,2
TXN0000635,2024-05-15,29240.92,INR,*upi tcs pvt ltd inv/2405/635 subs - it services exp! ref 6081,TCS Pvt Ltd,True,18%,TRUE,IT Services,0,26281.433693136743,2
TXN0000636,2024-05-15,5177.77,INR, / imps adobe taxinv/2405/636 fy24 - software exp,ADOBE,True,18%,TRUE,Software,0,4320.923277011358,2
TXN0000637,2024-05-15,136614.0,INR,auto-debit airtel inv/2405/637 adv - utilities exp,AIRTEL,True,18%,TRUE,Utilities,1,147859.6626157373,2
TXN0000638,2024-05-15,45672.42,INR, NEFT TEC.hm BILL/2405/638 GST - it services exp# ref 1248,TEC.hm,True,18%,TRUE,IT Services,0,46007.2808990975,2
TXN0000639,2024-05-15,4973.86,INR,card staples bill/2405/639 rent - office supplies exp,STAPLES,True,12%,TRUE,Office Supplies,0,4332.251507921396,2
TXN0000640,2024-05-15,8338.12,INR,auto-debit office depot inv/2405/640 q1 - office supplies exp# ref 7850,OFFICE DEPOT,True,12%,TRUE,Office Supplies,0,7258.267778908093,2
TXN0000641,2024-05-15,6003.11,INR,-CARD ADOBE INDIA PVT LTD TAXINV/2405/641 GST - software exp,ADOBE INDIA PVT LTD,True,18%,TRUE,Software,0,5801.534751384444,2
TXN0000642,2024-05-15,74113.52,INR,neft indiqube india pvt ltd taxinv/2405/642 fy25 - rent exp,INDIQUBE INDIA PVT LTD,True,18%,TRUE,Rent,0,86483.22601949661,2
TXN0000643,2024-05-15,12152.6,INR,imps kseb pvt ltd bill/2405/643 tds - utilities exp,KSEB Pvt Ltd,True,18%,TRUE,Utilities,0,11837.129014341866,2
TXN0000644,2024-05-15,10465.93,INR,#rtgs kseb india pvt ltd taxinv/2405/644 subs - utilities exp  ref 1043,KSEB INDIA PVT LTD,True,18%,TRUE,Utilities,0,8892.751107267262,2
TXN0000645,2024-05-16,4869.4,INR,-upi zom.ato bill/2405/645 q1 - meals exp,ZOM.ato,True,5%,FALSE,Meals,0,4749.737872373989,3
TXN0000646,2024-05-16,3078.06,INR,UPI Ikea TAXINV/2405/646 FY24 - office supplies exp# ref 7745,Ikea,True,12%,TRUE,Office Supplies,0,2994.1140488902483,3
TXN0000647,2024-05-16,79576.46,INR,RTGS INDIQUBE Pvt Ltd INV/2405/647 FY25 - rent exp,INDIQUBE Pvt Ltd,True,18%,TRUE,Rent,0,58115.59079334258,3
TXN0000648,2024-05-16,5798.89,INR,#upi mic.rosoft taxinv/2405/648 rent - software exp,MIC.rosoft,True,18%,TRUE,Software,0,5767.405004149853,3
TXN0000649,2024-05-16,85381.44,INR,UPI AWFIS INDIA PVT LTD TAXINV/2405/649 Q1 - rent exp,AWFIS INDIA PVT LTD,True,18%,TRUE,Rent,0,83409.68772650596,3
TXN0000650,2024-05-16,27946.32,INR,UPI HCL BILL/2405/650 TDS - it services exp,HCL,True,18%,TRUE,IT Services,0,29891.960585711255,3
TXN0000651,2024-05-16,4473.58,INR,card staples inv/2405/651 subs - office supplies exp,Staples,True,12%,TRUE,Office Supplies,0,5300.725300722559,3
TXN0000652,2024-05-16,4509.4,INR,upi indigo inv/2405/652 q2 - travel exp,Indigo,True,5%,FALSE,Travel,0,5017.413234424265,3
TXN0000653,2024-05-17,5465.88,INR,NEFT Ikea RCPT/2405/653 Q2 - office supplies exp! ref 1166,Ikea,True,12%,TRUE,Office Supplies,0,5318.908668407016,4
TXN0000654,2024-05-17,1805.28,INR,NEFT Dominos RCPT/2405/654 FY25 - meals exp,Dominos,True,5%,FALSE,Meals,0,1605.5210907466837,4
TXN0000655,2024-05-17,67797.61,INR,!imps ind.iqube inv/2405/655 gst - rent exp,IND.iqube,True,18%,TRUE,Rent,0,85244.37443304107,4
TXN0000656,2024-05-17,24458.99,INR,#card tec.hm bill/2405/656 subs - it services exp,TEC.hm,True,18%,TRUE,IT Services,0,24603.832308537603,4
TXN0000657,2024-05-17,15189.09,INR,card jiofiber bill/2405/657 fy25 - utilities exp,JIOFIBER,True,18%,TRUE,Utilities,0,15210.247326850202,4
TXN0000658,2024-05-17,76379.53,INR,RTGS WEW.ork INV/2405/658 FY24 - rent exp,WEW.ork,True,18%,TRUE,Rent,0,76195.2637185329,4
TXN0000659,2024-05-17,30568.25,INR, / imps wipro pvt ltd taxinv/2405/659 q2 - it services exp,WIPRO Pvt Ltd,True,18%,TRUE,IT Services,0,31173.7604488342,4
TXN0000660,2024-05-17,8918.78,INR,UPI FIGMA INDIA PVT LTD TAXINV/2405/660 FY25 - software exp /  ref 4991,FIGMA INDIA PVT LTD,True,18%,TRUE,Software,0,8790.028124534098,4
TXN0000661,2024-05-17,86858.28,INR, upi awfis pvt ltd taxinv/2405/661 fy25 - rent exp,AWFIS Pvt Ltd,True,18%,TRUE,Rent,0,81875.55047810344,4
TXN0000662,2024-05-17,71420.57,INR,rtgs ind.iqube bill/2405/662 q1 - rent exp,IND.iqube,True,18%,TRUE,Rent,0,67514.87227070147,4
TXN0000663,2024-05-17,66990.78,INR,AUTO-DEBIT AWFIS Pvt Ltd TAXINV/2405/663 Q2 - rent exp,AWFIS Pvt Ltd,True,18%,TRUE,Rent,0,66771.36328806795,4
TXN0000664,2024-05-17,46176.01,INR, / CARD Hcl INV/2405/664 SUBS - it services exp,Hcl,True,18%,TRUE,IT Services,0,43666.69123338796,4
TXN0000665,2024-05-17,16566.68,INR,!RTGS KSEB Pvt Ltd BILL/2405/665 Q1 - utilities exp,KSEB Pvt Ltd,True,18%,TRUE,Utilities,0,15385.73120290379,4
TXN0000666,2024-05-17,26357.21,INR,auto-debit infy india pvt ltd bill/2405/666 q1 - it services exp,INFY INDIA PVT LTD,True,18%,TRUE,IT Services,0,26637.73038616231,4
TXN0000667,2024-05-17,100132.1,INR,upi indiqube inv/2405/667 gst - rent exp! ref 8796,INDIQUBE,True,18%,TRUE,Rent,0,97578.95957674933,4
TXN0000668,2024-05-17,34381.96,INR,!NEFT WIPRO TAXINV/2405/668 GST - it services exp! ref 2473,WIPRO,True,18%,TRUE,IT Services,0,39552.982677373046,4
TXN0000669,2024-05-17,55147.38,INR,#UPI INFY BILL/2405/669 SUBS - it services exp! ref 3868,INFY,True,18%,TRUE,IT Services,0,40527.976060802335,4
TXN0000670,2024-05-17,6672.4,INR,!neft rapido pvt ltd rcpt/2405/670 tds - travel exp,RAPIDO Pvt Ltd,True,5%,FALSE,Travel,0,7400.697031876743,4
TXN0000671,2024-05-17,39565.54,INR,#UPI Hcl RCPT/2405/671 GST - it services exp /  ref 8600,Hcl,True,18%,TRUE,IT Services,0,44495.74335271727,4
TXN0000672,2024-05-18,40340.78,INR,CARD TECHM RCPT/2405/672 Q1 - it services exp /  ref 2389,TECHM,True,28%,TRUE,IT Services,1,25581.249662421917,5
TXN0000673,2024-05-18,11914.2,INR,neft kseb india pvt ltd inv/2405/673 rent - utilities exp,KSEB INDIA PVT LTD,True,18%,TRUE,Utilities,0,9204.732117328633,5
TXN0000674,2024-05-18,13054.21,INR,AUTO-DEBIT UPGRAD Pvt Ltd INV/2405/674 SUBS - training exp- ref 8142,UPGRAD Pvt Ltd,True,18%,unknown,Training,0,10055.458634616727,5
TXN0000675,2024-05-18,21029.33,INR,imps wipro pvt ltd inv/2405/675 tds - it services exp,WIPRO Pvt Ltd,True,18%,TRUE,IT Services,0,14455.541767433577,5
TXN0000676,2024-05-18,44553.46,INR,#rtgs infy taxinv/2405/676 q2 - it services exp,Infy,True,18%,TRUE,IT Services,0,32870.414025767,5
TXN0000677,2024-05-18,2577.99,INR,#CARD Swiggy TAXINV/2405/677 FY25 - meals exp* ref 1624,Swiggy,True,5%,FALSE,Meals,0,1833.3477260918037,5
TXN0000678,2024-05-18,2445.55,INR,!auto-debit kfc taxinv/2405/678 fy25 - meals exp,KFC,True,5%,FALSE,Meals,0,2299.2611986331717,5
TXN0000679,2024-05-18,7294.27,INR,imps ikea rcpt/2405/679 gst - office supplies exp,Ikea,True,12%,TRUE,Office Supplies,0,6381.4232666227,5
TXN0000680,2024-05-18,111884.02,INR,auto-debit awfis inv/2405/680 adv - rent exp,Awfis,True,18%,TRUE,Rent,0,100888.55165435428,5
TXN0000681,2024-05-18,6952.91,INR,RTGS AIRTEL INV/2405/681 ADV - utilities exp,AIRTEL,True,18%,TRUE,Utilities,0,5963.745672864548,5
TXN0000682,2024-05-18,95907.16,INR,RTGS WEWORK INV/2405/682 Q1 - rent exp# ref 4088,WEWORK,True,18%,TRUE,Rent,0,68062.99609036687,5
TXN0000683,2024-05-19,6165.92,INR,*neft indigo rcpt/2405/683 rent - travel exp,INDIGO,True,5%,FALSE,Travel,0,4674.003999979218,6
TXN0000684,2024-05-19,33843.28,INR,card hcl taxinv/2405/684 gst - it services exp,HCL,True,18%,TRUE,IT Services,0,28399.587224041083,6
TXN0000685,2024-05-19,11406.18,INR,UPI Bescom INV/2405/685 SUBS - utilities exp,Bescom,True,18%,TRUE,Utilities,0,8009.759218301831,6
TXN0000686,2024-05-19,150798.73,INR,IMPS AWFIS INDIA PVT LTD INV/2405/686 TDS - rent exp,AWFIS INDIA PVT LTD,True,18%,TRUE,Rent,0,129240.52462095922,6
TXN0000687,2024-05-19,5335.38,INR,-rtgs rapido rcpt/2405/687 q2 - travel exp# ref 3871,RAPIDO,True,5%,FALSE,Travel,0,4165.725814174004,6
TXN0000688,2024-05-19,23585.74,INR,!upi wipro rcpt/2405/688 fy24 - it services exp,Wipro,True,18%,TRUE,IT Services,0,18161.357910923613,6
TXN0000689,2024-05-19,6242.93,INR,upi figma bill/2405/689 rent - software exp,FIGMA,True,18%,TRUE,Software,0,5349.4218651437295,6
TXN0000690,2024-05-19,4810.33,INR,-UPI STAPLES INDIA PVT LTD BILL/2405/690 FY24 - office supplies exp,STAPLES INDIA PVT LTD,True,12%,TRUE,Office Supplies,0,4019.228250811251,6
TXN0000691,2024-05-19,14536.68,INR,*AUTO-DEBIT BESCOM INDIA PVT LTD BILL/2405/691 Q1 - utilities exp,BESCOM INDIA PVT LTD,True,18%,TRUE,Utilities,0,11209.564028532888,6
TXN0000692,2024-05-19,12391.05,INR,UPI JIO.fiber TAXINV/2405/692 SUBS - utilities exp,JIO.fiber,True,18%,TRUE,Utilities,0,11062.065084798125,6
TXN0000693,2024-05-19,105869.38,INR,-AUTO-DEBIT IND.iqube RCPT/2405/693 FY25 - rent exp# ref 6474,IND.iqube,True,18%,TRUE,Rent,0,75539.38366130098,6
TXN0000694,2024-05-19,87723.61,INR,*RTGS AWFIS Pvt Ltd INV/2405/694 TDS - rent exp,AWFIS Pvt Ltd,True,18%,TRUE,Rent,0,74501.45559749535,6
TXN0000695,2024-05-19,80062.87,INR, / NEFT WEW.ork TAXINV/2405/695 GST - rent exp,WEW.ork,True,18%,TRUE,Rent,0,67849.12711308475,6
TXN0000696,2024-05-20,42571.8,INR, / CARD INFY RCPT/2405/696 ADV - it services exp,INFY,True,18%,TRUE,IT Services,0,41254.00508948127,0
TXN0000697,2024-05-20,3384.75,INR,imps rap.ido inv/2405/697 gst - travel exp,RAP.ido,True,5%,FALSE,Travel,0,3495.1378747034014,0
TXN0000698,2024-05-20,15321.07,INR,CARD BESCOM INV/2405/698 TDS - utilities exp /  ref 9822,BESCOM,True,18%,TRUE,Utilities,0,13404.230131825043,0
TXN0000699,2024-05-20,9712.86,INR,RTGS JIOFIBER BILL/2405/699 FY25 - utilities exp  ref 1473,JIOFIBER,True,18%,TRUE,Utilities,0,10610.354507377395,0
TXN0000700,2024-05-20,107149.83,INR,#card awfis india pvt ltd bill/2405/700 subs - rent exp- ref 2353,AWFIS INDIA PVT LTD,True,18%,TRUE,Rent,0,105168.6067513497,0
TXN0000701,2024-05-20,26268.98,INR,upi infy india pvt ltd inv/2405/701 q2 - it services exp! ref 7175,INFY INDIA PVT LTD,True,18%,TRUE,IT Services,0,24895.839942844577,0
TXN0000702,2024-05-20,15577.29,INR,!auto-debit jiofiber rcpt/2405/702 q2 - utilities exp  ref 8729,JIOFIBER,True,18%,TRUE,Utilities,0,17211.362092353673,0
TXN0000703,2024-05-20,5176.14,INR,UPI ROC FEES Pvt Ltd BILL/2405/703 SUBS - exempt services exp* ref 2886,ROC FEES Pvt Ltd,False,exempt,FALSE,Exempt Services,0,4811.5618449634,0
TXN0000704,2024-05-20,60516.88,INR,RTGS HCL TAXINV/2405/704 SUBS - it services exp,HCL,True,18%,TRUE,IT Services,0,51993.311674332195,0
TXN0000705,2024-05-20,7584.27,INR,auto-debit microsoft rcpt/2405/705 gst - software exp,MICROSOFT,True,18%,TRUE,Software,0,6403.680405811787,0
TXN0000706,2024-05-20,4747.64,INR,upi figma inv/2405/706 fy25 - software exp,FIGMA,True,18%,TRUE,Software,0,5035.351708540662,0
TXN0000707,2024-05-21,7960.67,INR,-neft canva india pvt ltd bill/2405/707 fy25 - software exp,CANVA INDIA PVT LTD,True,18%,TRUE,Software,0,6941.362446646342,1
TXN0000708,2024-05-21,5583.19,INR, imps ola india pvt ltd taxinv/2405/708 q2 - travel exp,OLA INDIA PVT LTD,True,5%,FALSE,Travel,0,6562.924932891328,1
TXN0000709,2024-05-21,99041.94,INR,neft wework inv/2405/709 q2 - rent exp,WEWORK,True,18%,TRUE,Rent,0,78422.10725001448,1
TXN0000710,2024-05-21,17967.93,INR,*AUTO-DEBIT UPGRAD INV/2405/710 SUBS - training exp,UPGRAD,True,18%,unknown,Training,0,21016.110927348964,1
TXN0000711,2024-05-21,2878.04,INR,IMPS KFC RCPT/2405/711 ADV - meals exp,KFC,True,5%,FALSE,Meals,0,2938.7716711307826,1
TXN0000712,2024-05-21,9461.95,INR,card off.ice depot taxinv/2405/712 rent - office supplies exp* ref 9817,OFF.ice depot,True,12%,TRUE,Office Supplies,0,9370.440537113795,1
TXN0000713,2024-05-21,11215.07,INR,NEFT KSEB RCPT/2405/713 TDS - utilities exp,KSEB,True,18%,TRUE,Utilities,0,10603.939429710155,1
TXN0000714,2024-05-21,77167.3,INR,!UPI Awfis RCPT/2405/714 SUBS - rent exp- ref 7224,Awfis,True,18%,TRUE,Rent,0,80247.32562770405,1
TXN0000715,2024-05-21,58675.28,INR, / imps wework india pvt ltd taxinv/2405/715 tds - rent exp,WEWORK INDIA PVT LTD,True,18%,TRUE,Rent,0,58454.457329750534,1
TXN0000716,2024-05-21,3507.94,INR,UPI OFFICE DEPOT INDIA PVT LTD RCPT/2405/716 RENT - office supplies exp /  ref 7360,OFFICE DEPOT INDIA PVT LTD,True,12%,TRUE,Office Supplies,0,3894.9716804001037,1
TXN0000717,2024-05-21,53775.9,INR,-imps wework pvt ltd inv/2405/717 fy25 - rent exp,WEWORK Pvt Ltd,True,18%,TRUE,Rent,0,54390.1694611685,1
TXN0000718,2024-05-21,12274.44,INR,IMPS KSEB TAXINV/2405/718 SUBS - utilities exp,KSEB,True,18%,TRUE,Utilities,0,12458.926995295813,1
TXN0000719,2024-05-21,33827.99,INR,card hcl bill/2405/719 fy24 - it services exp* ref 8469,HCL,True,18%,TRUE,IT Services,0,32597.962972135178,1
TXN0000720,2024-05-21,115981.4,INR,*upi wework taxinv/2405/720 q1 - rent exp,WEWORK,True,18%,TRUE,Rent,0,115320.93668369573,1
TXN0000721,2024-05-21,28206.47,INR,rtgs wipro taxinv/2405/721 q1 - it services exp,Wipro,True,18%,TRUE,IT Services,0,29074.670136020082,1
TXN0000722,2024-05-22,5692.95,INR,rtgs stamp duty india pvt ltd rcpt/2405/722 adv - exempt services exp,STAMP DUTY INDIA PVT LTD,False,exempt,FALSE,Exempt Services,0,4719.359684902546,2
TXN0000723,2024-05-22,16751.88,INR,RTGS COU.rsera TAXINV/2405/723 Q2 - training exp,COU.rsera,True,18%,unknown,Training,0,14493.415959113576,2
TXN0000724,2024-05-22,3897.13,INR,*card ike.a inv/2405/724 rent - office supplies exp,IKE.a,True,12%,TRUE,Office Supplies,0,4186.789679873875,2
TXN0000725,2024-05-22,37761.56,INR,!AUTO-DEBIT Hcl INV/2405/725 FY24 - it services exp,Hcl,True,18%,TRUE,IT Services,0,38406.77454937946,2
TXN0000726,2024-05-22,64445.28,INR,#CARD TCS Pvt Ltd RCPT/2405/726 Q2 - it services exp! ref 7652,TCS Pvt Ltd,True,18%,TRUE,IT Services,0,63259.59423734174,2
TXN0000727,2024-05-22,3571.19,INR,UPI KFC INDIA PVT LTD RCPT/2405/727 Q1 - meals exp# ref 1062,KFC INDIA PVT LTD,True,5%,FALSE,Meals,0,3577.7731077423805,2
TXN0000728,2024-05-22,3474.68,INR,imps dom.inos rcpt/2405/728 tds - meals exp,DOM.inos,True,5%,FALSE,Meals,0,3595.4535199986085,2
TXN0000729,2024-05-22,98599.58,INR,AUTO-DEBIT INDIQUBE Pvt Ltd RCPT/2405/729 TDS - rent exp,INDIQUBE Pvt Ltd,True,18%,TRUE,Rent,0,93277.57222205626,2
TXN0000730,2024-05-22,14884.35,INR,!RTGS KSEB RCPT/2405/730 SUBS - utilities exp- ref 1035,KSEB,True,18%,TRUE,Utilities,0,13725.89400604581,2
TXN0000731,2024-05-22,78661.98,INR,-CARD AWFIS INV/2405/731 TDS - rent exp# ref 1523,AWFIS,True,18%,TRUE,Rent,0,80202.53755395887,2
TXN0000732,2024-05-22,5075.48,INR,-AUTO-DEBIT Ola TAXINV/2405/732 TDS - travel exp! ref 4091,Ola,True,5%,FALSE,Travel,0,4578.908853467045,2
TXN0000733,2024-05-23,24765.13,INR,AUTO-DEBIT COU.rsera RCPT/2405/733 FY25 - training exp,COU.rsera,True,18%,unknown,Training,0,25776.17325681271,3
TXN0000734,2024-05-23,9217.53,INR,RTGS Staples RCPT/2405/734 FY24 - office supplies exp  ref 5493,Staples,True,12%,TRUE,Office Supplies,0,7648.168455042958,3
TXN0000735,2024-05-23,11962.13,INR,auto-debit coursera india pvt ltd inv/2405/735 subs - training exp,COURSERA INDIA PVT LTD,True,18%,unknown,Training,0,13193.219352392218,3
TXN0000736,2024-05-23,86604.93,INR,AUTO-DEBIT WEW.ork RCPT/2405/736 RENT - rent exp,WEW.ork,True,18%,TRUE,Rent,0,90697.85718825579,3
TXN0000737,2024-05-23,4500.22,INR,AUTO-DEBIT OFFICE DEPOT BILL/2405/737 TDS - office supplies exp,OFFICE DEPOT,True,12%,TRUE,Office Supplies,0,4615.4390130954,3
TXN0000738,2024-05-23,6471.9,INR,RTGS OFFICE DEPOT INDIA PVT LTD RCPT/2405/738 FY24 - office supplies exp,OFFICE DEPOT INDIA PVT LTD,True,12%,TRUE,Office Supplies,1,7107.887777899697,3
TXN0000739,2024-05-23,10638.98,INR,UPI MICROSOFT INV/2405/739 TDS - software exp,MICROSOFT,True,28%,TRUE,Software,1,12410.874930514845,3
TXN0000740,2024-05-23,3073.25,INR,rtgs zom.ato inv/2405/740 fy24 - meals exp- ref 2842,ZOM.ato,True,5%,FALSE,Meals,0,3384.991280231697,3
TXN0000741,2024-05-23,28132.02,INR,CARD INF.y RCPT/2405/741 Q2 - it services exp,INF.y,True,18%,TRUE,IT Services,0,22953.268930669354,3
TXN0000742,2024-05-23,5147.09,INR,IMPS UBER RCPT/2405/742 RENT - travel exp,UBER,True,5%,FALSE,Travel,0,4488.480219028434,3
TXN0000743,2024-05-23,12551.29,INR,-upi can.va inv/2405/743 fy24 - software exp# ref 5599,CAN.va,True,18%,TRUE,Software,0,11767.062083395402,3
TXN0000744,2024-05-23,108061.73,INR,CARD Awfis TAXINV/2405/744 SUBS - rent exp,Awfis,True,18%,TRUE,Rent,0,108343.67440232997,3
TXN0000745,2024-05-23,34849.75,INR,CARD Hcl RCPT/2405/745 FY25 - it services exp,Hcl,True,18%,TRUE,IT Services,0,36653.77874485938,3
TXN0000746,2024-05-23,29530.58,INR,IMPS Hcl BILL/2405/746 FY24 - it services exp,Hcl,True,18%,TRUE,IT Services,0,27387.416426616655,3
TXN0000747,2024-05-23,25352.6,INR,RTGS WIPRO INV/2405/747 SUBS - it services exp  ref 3728,WIPRO,True,18%,TRUE,IT Services,0,25826.102307308156,3
TXN0000748,2024-05-24,101027.58,INR,card awf.is inv/2405/748 adv - rent exp  ref 1623,AWF.is,True,18%,TRUE,Rent,0,93396.12903710401,4
TXN0000749,2024-05-24,12752.76,INR,-RTGS Kseb TAXINV/2405/749 ADV - utilities exp,Kseb,True,18%,TRUE,Utilities,0,11972.906022271642,4
TXN0000750,2024-05-24,91106.86,INR,!RTGS WEWORK INDIA PVT LTD INV/2405/750 GST - rent exp- ref 4827,WEWORK INDIA PVT LTD,True,18%,TRUE,Rent,0,78291.21243820025,4
TXN0000751,2024-05-24,67839.24,INR,#IMPS HCL BILL/2405/751 Q1 - it services exp /  ref 8894,HCL,True,18%,TRUE,IT Services,0,61576.095824110336,4
TXN0000752,2024-05-24,43749.99,INR,!NEFT INFY INDIA PVT LTD BILL/2405/752 TDS - it services exp,INFY INDIA PVT LTD,True,18%,TRUE,IT Services,0,37836.37120211314,4
TXN0000753,2024-05-24,5187.6,INR,#card ind.igo rcpt/2405/753 adv - travel exp- ref 8167,IND.igo,True,5%,FALSE,Travel,0,4681.355991285479,4
TXN0000754,2024-05-24,5071.09,INR,*upi staples bill/2405/754 q1 - office supplies exp# ref 5465,STAPLES,True,12%,TRUE,Office Supplies,0,5605.401237836006,4
TXN0000755,2024-05-24,27794.01,INR,#RTGS AIRTEL TAXINV/2405/755 SUBS - utilities exp,AIRTEL,True,18%,TRUE,Utilities,0,25155.249778981608,4
TXN0000756,2024-05-24,19868.66,INR,-card coursera taxinv/2405/756 fy25 - training exp* ref 4178,COURSERA,True,18%,unknown,Training,0,25098.850423635206,4
TXN0000757,2024-05-24,117112.15,INR,RTGS IND.iqube TAXINV/2405/757 Q2 - rent exp,IND.iqube,True,18%,TRUE,Rent,0,122889.50200056478,4
TXN0000758,2024-05-24,56301.67,INR,auto-debit awfis taxinv/2405/758 gst - rent exp,Awfis,True,18%,TRUE,Rent,0,57342.3282440348,4
TXN0000759,2024-05-24,79481.5,INR,!NEFT WEWORK INV/2405/759 FY25 - rent exp* ref 1607,WEWORK,True,18%,TRUE,Rent,0,72659.14360945269,4
TXN0000760,2024-05-24,265970.32,INR,*UPI HCL Pvt Ltd TAXINV/2405/760 FY25 - it services exp,HCL Pvt Ltd,True,18%,TRUE,IT Services,1,284596.4842725571,4
TXN0000761,2024-05-24,109291.5,INR, neft awfis taxinv/2405/761 tds - rent exp! ref 1832,Awfis,True,18%,TRUE,Rent,0,103000.26785137344,4
TXN0000762,2024-05-25,32003.76,INR, AUTO-DEBIT INFY Pvt Ltd BILL/2405/762 SUBS - it services exp,INFY Pvt Ltd,True,18%,TRUE,IT Services,0,25915.389826044368,5
TXN0000763,2024-05-25,75459.05,INR,auto-debit awfis pvt ltd rcpt/2405/763 fy25 - rent exp,AWFIS Pvt Ltd,True,18%,TRUE,Rent,0,75821.76377419615,5
TXN0000764,2024-05-25,65393.2,INR,-card kseb bill/2405/764 fy24 - utilities exp /  ref 2064,KSEB,True,18%,TRUE,Utilities,1,51812.026861226084,5
TXN0000765,2024-05-25,19147.71,INR,#rtgs wipro pvt ltd inv/2405/765 fy24 - it services exp- ref 2937,WIPRO Pvt Ltd,True,18%,TRUE,IT Services,0,17078.64418899628,5
TXN0000766,2024-05-25,65202.37,INR,#CARD IND.iqube TAXINV/2405/766 TDS - rent exp! ref 1331,IND.iqube,True,18%,TRUE,Rent,0,48493.994444293174,5
TXN0000767,2024-05-25,14276.73,INR,*NEFT STA.ples BILL/2405/767 FY24 - office supplies exp,STA.ples,True,12%,TRUE,Office Supplies,0,11381.422301445384,5
TXN0000768,2024-05-25,14772.66,INR,-CARD STAPLES INDIA PVT LTD TAXINV/2405/768 Q1 - office supplies exp,STAPLES INDIA PVT LTD,True,12%,TRUE,Office Supplies,0,13910.882857442182,5
TXN0000769,2024-05-25,122379.86,INR,IMPS AWFIS Pvt Ltd BILL/2405/769 ADV - rent exp,AWFIS Pvt Ltd,True,18%,TRUE,Rent,0,91765.6367394657,5
TXN0000770,2024-05-25,6726.76,INR,card rapido inv/2405/770 tds - travel exp,RAPIDO,True,5%,FALSE,Travel,0,6356.760516959314,5
TXN0000771,2024-05-25,9624.41,INR, upi figma pvt ltd taxinv/2405/771 rent - software exp,FIGMA Pvt Ltd,True,18%,TRUE,Software,0,8244.463584409363,5
TXN0000772,2024-05-25,4768.54,INR,UPI ADOBE INDIA PVT LTD INV/2405/772 FY24 - software exp,ADOBE INDIA PVT LTD,True,18%,TRUE,Software,0,3600.260374438172,5
TXN0000773,2024-05-25,14350.87,INR,rtgs microsoft inv/2405/773 fy25 - software exp* ref 7756,MICROSOFT,True,18%,TRUE,Software,0,12206.744100014377,5
TXN0000774,2024-05-26,6063.39,INR,rtgs kfc bill/2405/774 gst - meals exp,Kfc,True,5%,FALSE,Meals,0,5322.470153945778,6
TXN0000775,2024-05-26,11974.87,INR,RTGS AIRTEL Pvt Ltd BILL/2405/775 ADV - utilities exp,AIRTEL Pvt Ltd,True,18%,TRUE,Utilities,0,10175.58347698047,6
TXN0000776,2024-05-26,33200.74,INR, / CARD Infy INV/2405/776 GST - it services exp,Infy,True,18%,TRUE,IT Services,0,22389.98218666753,6
TXN0000777,2024-05-26,45948.93,INR,auto-debit tcs pvt ltd bill/2405/777 q1 - it services exp,TCS Pvt Ltd,True,18%,TRUE,IT Services,0,34086.24998461003,6
TXN0000778,2024-05-26,20096.33,INR,#imps infy inv/2405/778 q2 - it services exp,INFY,True,18%,TRUE,IT Services,0,15679.12670550458,6
TXN0000779,2024-05-26,20667.31,INR,auto-debit techm india pvt ltd rcpt/2405/779 adv - it services exp,TECHM INDIA PVT LTD,True,18%,TRUE,IT Services,0,16410.780899714107,6
TXN0000780,2024-05-26,5331.45,INR,auto-debit off.ice depot bill/2405/780 adv - office supplies exp,OFF.ice depot,True,12%,TRUE,Office Supplies,0,4529.886580358925,6
TXN0000781,2024-05-26,9602.97,INR,RTGS STAPLES INDIA PVT LTD TAXINV/2405/781 Q2 - office supplies exp# ref 9320,STAPLES INDIA PVT LTD,True,12%,TRUE,Office Supplies,0,7818.892590474562,6
TXN0000782,2024-05-26,181826.65,INR,-imps awfis inv/2405/782 fy24 - rent exp,Awfis,True,18%,TRUE,Rent,0,126037.22469274752,6
TXN0000783,2024-05-26,6917.79,INR, / UPI FIGMA INDIA PVT LTD TAXINV/2405/783 ADV - software exp- ref 1203,FIGMA INDIA PVT LTD,True,18%,TRUE,Software,0,5744.642311336844,6
TXN0000784,2024-05-26,6981.41,INR,neft figma inv/2405/784 tds - software exp# ref 3390,Figma,True,18%,TRUE,Software,0,5926.147954238555,6
TXN0000785,2024-05-26,52714.87,INR,card wework india pvt ltd inv/2405/785 adv - rent exp,WEWORK INDIA PVT LTD,True,18%,TRUE,Rent,0,44532.63845519412,6
TXN0000786,2024-05-26,3723.13,INR, / neft zomato pvt ltd inv/2405/786 fy24 - meals exp,ZOMATO Pvt Ltd,True,5%,FALSE,Meals,0,3300.414971418735,6
TXN0000787,2024-05-26,2415.13,INR,!auto-debit zomato bill/2405/787 q2 - meals exp* ref 8677,ZOMATO,True,5%,FALSE,Meals,0,2093.226433049256,6
TXN0000788,2024-05-26,4029.03,INR,UPI OLA BILL/2405/788 Q1 - travel exp  ref 9885,OLA,True,5%,FALSE,Travel,0,3371.2280251691004,6
TXN0000789,2024-05-27,113655.86,INR,NEFT WEW.ork BILL/2405/789 TDS - rent exp,WEW.ork,True,18%,TRUE,Rent,0,112858.38557216556,0
TXN0000790,2024-05-27,3801.91,INR,!RTGS Staples TAXINV/2405/790 GST - office supplies exp  ref 7376,Staples,True,12%,TRUE,Office Supplies,0,3170.4276017256216,0
TXN0000791,2024-05-27,89227.35,INR,IMPS IND.iqube RCPT/2405/791 Q2 - rent exp,IND.iqube,True,18%,TRUE,Rent,0,93060.719520492,0
TXN0000792,2024-05-27,96926.35,INR,AUTO-DEBIT INDIQUBE INV/2405/792 SUBS - rent exp,INDIQUBE,True,18%,TRUE,Rent,0,98939.39094566624,0
TXN0000793,2024-05-27,27595.04,INR,card kfc taxinv/2405/793 fy25 - meals exp# ref 3156,KFC,True,5%,FALSE,Meals,1,28344.462887555987,0
TXN0000794,2024-05-27,27756.31,INR,RTGS Simplilearn BILL/2405/794 FY25 - training exp,Simplilearn,True,18%,unknown,Training,0,24212.527073747297,0
TXN0000795,2024-05-27,4040.43,INR,RTGS Ikea BILL/2405/795 Q1 - office supplies exp,Ikea,True,12%,TRUE,Office Supplies,0,3603.6366722438243,0
TXN0000796,2024-05-27,14755.38,INR,*auto-debit jio.fiber bill/2405/796 q1 - utilities exp,JIO.fiber,True,18%,TRUE,Utilities,0,16309.347054901125,0
TXN0000797,2024-05-28,6920.37,INR,#NEFT KSEB INV/2405/797 RENT - utilities exp,KSEB,True,18%,TRUE,Utilities,0,6892.996369990502,1
TXN0000798,2024-05-28,49547.31,INR,CARD HCL RCPT/2405/798 RENT - it services exp- ref 1582,HCL,True,18%,TRUE,IT Services,0,52923.96263179375,1
TXN0000799,2024-05-28,35512.55,INR,#imps wipro inv/2405/799 fy24 - it services exp,WIPRO,True,18%,TRUE,IT Services,0,35613.11577482518,1
TXN0000800,2024-05-28,11630.47,INR,AUTO-DEBIT BESCOM BILL/2405/800 Q1 - utilities exp,BESCOM,True,12%,TRUE,Utilities,1,11665.077788772107,1
TXN0000801,2024-05-28,14917.04,INR,imps kse.b rcpt/2405/801 rent - utilities exp* ref 4911,KSE.b,True,18%,TRUE,Utilities,0,16316.68170650962,1
TXN0000802,2024-05-28,11202.79,INR,NEFT KSEB INV/2405/802 SUBS - utilities exp,KSEB,True,18%,TRUE,Utilities,0,10624.67592791737,1
TXN0000803,2024-05-28,5259.46,INR,!neft staples pvt ltd taxinv/2405/803 subs - office supplies exp,STAPLES Pvt Ltd,True,12%,TRUE,Office Supplies,0,5310.014338149003,1
TXN0000804,2024-05-28,2144.2,INR,-UPI SWIGGY INV/2405/804 FY24 - meals exp,SWIGGY,True,5%,FALSE,Meals,0,2045.0789325958644,1
TXN0000805,2024-05-28,20090.96,INR,rtgs kfc inv/2405/805 q1 - meals exp,KFC,True,5%,FALSE,Meals,1,19218.015367450644,1
TXN0000806,2024-05-28,6359.62,INR,UPI OLA Pvt Ltd BILL/2405/806 Q2 - travel exp,OLA Pvt Ltd,True,5%,FALSE,Travel,0,6162.9982780146365,1
TXN0000807,2024-05-28,61702.2,INR,imps awfis taxinv/2405/807 q2 - rent exp,AWFIS,True,18%,TRUE,Rent,0,63072.81424040976,1
TXN0000808,2024-05-28,30779.02,INR, CARD WIPRO INV/2405/808 GST - it services exp,WIPRO,True,18%,TRUE,IT Services,0,29305.47865988474,1
TXN0000809,2024-05-28,11185.03,INR,#UPI KSEB INDIA PVT LTD RCPT/2405/809 FY24 - utilities exp,KSEB INDIA PVT LTD,True,18%,TRUE,Utilities,0,12589.596993722362,1
TXN0000810,2024-05-28,5024.45,INR, UPI Adobe RCPT/2405/810 RENT - software exp,Adobe,True,18%,TRUE,Software,0,4574.959034036321,1
TXN0000811,2024-05-28,9338.19,INR,-imps bescom inv/2405/811 fy25 - utilities exp! ref 9043,Bescom,True,18%,TRUE,Utilities,0,9163.685708120884,1
TXN0000812,2024-05-29,3043.01,INR, / CARD STAMP DUTY TAXINV/2405/812 RENT - exempt services exp,STAMP DUTY,False,exempt,FALSE,Exempt Services,0,2909.1993992361104,2
TXN0000813,2024-05-29,70444.91,INR, / NEFT TECHM BILL/2405/813 FY24 - it services exp,TECHM,True,18%,TRUE,IT Services,0,80638.13268352892,2
TXN0000814,2024-05-29,99197.86,INR, NEFT INDIQUBE RCPT/2405/814 SUBS - rent exp* ref 5495,INDIQUBE,True,18%,TRUE,Rent,0,101147.64132027265,2
TXN0000815,2024-05-29,4951.86,INR,#auto-debit ikea rcpt/2405/815 q2 - office supplies exp,IKEA,True,12%,TRUE,Office Supplies,0,5462.814970121314,2
TXN0000816,2024-05-29,6146.65,INR,RTGS Staples TAXINV/2405/816 Q1 - office supplies exp,Staples,True,12%,TRUE,Office Supplies,0,5233.52803330723,2
TXN0000817,2024-05-29,38459.76,INR,UPI HCL RCPT/2405/817 RENT - it services exp,HCL,True,18%,TRUE,IT Services,0,39486.8289133268,2
TXN0000818,2024-05-29,28439.24,INR,UPI WIPRO INV/2405/818 FY24 - it services exp,WIPRO,True,18%,TRUE,IT Services,0,30969.28237081259,2
TXN0000819,2024-05-29,96440.86,INR,*CARD INDIQUBE RCPT/2405/819 ADV - rent exp,INDIQUBE,True,18%,TRUE,Rent,0,97234.41386899527,2
TXN0000820,2024-05-30,101560.3,INR,*imps awfis pvt ltd inv/2405/820 gst - rent exp,AWFIS Pvt Ltd,True,18%,TRUE,Rent,0,112381.35065357496,3
TXN0000821,2024-05-30,4322.23,INR,*NEFT OLA BILL/2405/821 RENT - travel exp /  ref 7051,OLA,True,5%,FALSE,Travel,0,4098.646034232266,3
TXN0000822,2024-05-30,5262.49,INR,AUTO-DEBIT IND.igo RCPT/2405/822 FY25 - travel exp,IND.igo,True,5%,FALSE,Travel,0,6004.157681050221,3
TXN0000823,2024-05-30,30222.16,INR,#RTGS TCS RCPT/2405/823 ADV - it services exp! ref 4420,TCS,True,18%,TRUE,IT Services,0,37169.92669157208,3
TXN0000824,2024-05-30,6796.21,INR,#NEFT IKE.a INV/2405/824 SUBS - office supplies exp,IKE.a,True,12%,TRUE,Office Supplies,0,6549.617294715438,3
TXN0000825,2024-05-30,10238.48,INR,#IMPS RAPIDO BILL/2405/825 RENT - travel exp,RAPIDO,True,18%,FALSE,Travel,1,9782.353134468864,3
TXN0000826,2024-05-30,34515.65,INR,NEFT TECHM INV/2405/826 SUBS - it services exp,TECHM,True,18%,TRUE,IT Services,0,39532.10099276276,3
TXN0000827,2024-05-30,13642.95,INR,RTGS JIOFIBER INDIA PVT LTD TAXINV/2405/827 TDS - utilities exp,JIOFIBER INDIA PVT LTD,True,18%,TRUE,Utilities,0,15797.952380559684,3
TXN0000828,2024-05-30,3752.64,INR,!AUTO-DEBIT STAMP DUTY INV/2405/828 FY25 - exempt services exp,STAMP DUTY,False,exempt,FALSE,Exempt Services,0,3556.4294547703557,3
TXN0000829,2024-05-30,6769.99,INR,auto-debit govt fees rcpt/2405/829 gst - exempt services exp,GOVT FEES,False,exempt,FALSE,Exempt Services,0,6485.523945012921,3
TXN0000830,2024-05-30,7688.79,INR,-NEFT STAPLES RCPT/2405/830 FY25 - office supplies exp,STAPLES,True,12%,TRUE,Office Supplies,0,7472.131731723942,3
TXN0000831,2024-05-30,7905.47,INR,-AUTO-DEBIT JIOFIBER RCPT/2405/831 TDS - utilities exp,JIOFIBER,True,18%,TRUE,Utilities,0,6842.618681853385,3
TXN0000832,2024-05-30,110170.56,INR,AUTO-DEBIT Awfis BILL/2405/832 FY25 - rent exp,Awfis,True,18%,TRUE,Rent,0,100049.72006107458,3
TXN0000833,2024-05-30,7366.02,INR,auto-debit staples rcpt/2405/833 gst - office supplies exp,Staples,True,12%,TRUE,Office Supplies,0,6626.367902928893,3
TXN0000834,2024-05-31,6245.85,INR,CARD MICROSOFT TAXINV/2405/834 GST - software exp! ref 9830,MICROSOFT,True,18%,TRUE,Software,0,5766.295157799438,4
TXN0000835,2024-05-31,10721.15,INR,UPI MIC.rosoft RCPT/2405/835 FY24 - software exp,MIC.rosoft,True,18%,TRUE,Software,0,10683.96381195932,4
TXN0000836,2024-05-31,115403.79,INR,imps awfis bill/2405/836 gst - rent exp,Awfis,True,18%,TRUE,Rent,0,118106.71678085509,4
TXN0000837,2024-05-31,5590.58,INR,NEFT IKEA INDIA PVT LTD INV/2405/837 SUBS - office supplies exp,IKEA INDIA PVT LTD,True,12%,TRUE,Office Supplies,0,6457.399704511652,4
TXN0000838,2024-05-31,7314.24,INR, AUTO-DEBIT IKEA INV/2405/838 RENT - office supplies exp,IKEA,True,12%,TRUE,Office Supplies,0,6584.01989410667,4
TXN0000839,2024-05-31,5052.99,INR, upi ind.igo taxinv/2405/839 fy24 - travel exp  ref 5678,IND.igo,True,5%,FALSE,Travel,0,5550.36712362782,4
TXN0000840,2024-05-31,14464.1,INR,AUTO-DEBIT BESCOM Pvt Ltd BILL/2405/840 Q1 - utilities exp,BESCOM Pvt Ltd,True,18%,TRUE,Utilities,0,14154.584395823782,4
TXN0000841,2024-05-31,20823.71,INR,card upgrad taxinv/2405/841 q2 - training exp,Upgrad,True,18%,unknown,Training,0,20720.708205467352,4
TXN0000842,2024-05-31,23492.81,INR,IMPS COU.rsera TAXINV/2405/842 ADV - training exp,COU.rsera,True,18%,unknown,Training,0,25078.15061137665,4
TXN0000843,2024-05-31,54968.05,INR,!NEFT INFY Pvt Ltd RCPT/2405/843 Q2 - it services exp,INFY Pvt Ltd,True,18%,TRUE,IT Services,0,48796.66597826625,4
TXN0000844,2024-06-01,33398.66,INR, / NEFT TCS BILL/2406/844 FY24 - it services exp,TCS,True,18%,TRUE,IT Services,0,27740.685847479002,5
TXN0000845,2024-06-01,5275.09,INR, IMPS FIGMA RCPT/2406/845 TDS - software exp,FIGMA,True,18%,TRUE,Software,0,4290.316030321809,5
TXN0000846,2024-06-01,29238.94,INR,rtgs tcs inv/2406/846 tds - it services exp* ref 6244,Tcs,True,18%,TRUE,IT Services,0,24543.052236900676,5
TXN0000847,2024-06-01,6248.74,INR,card microsoft inv/2406/847 gst - software exp,Microsoft,True,18%,TRUE,Software,0,5143.547173754603,5
TXN0000848,2024-06-01,60081.91,INR, / rtgs hcl pvt ltd rcpt/2406/848 rent - it services exp# ref 3414,HCL Pvt Ltd,True,18%,TRUE,IT Services,0,59867.05776232911,5
TXN0000849,2024-06-01,4035.53,INR,CARD OFF.ice depot TAXINV/2406/849 Q1 - office supplies exp,OFF.ice depot,True,12%,TRUE,Office Supplies,0,3022.5344929083435,5
TXN0000850,2024-06-01,1955.12,INR,upi dominos bill/2406/850 tds - meals exp,Dominos,True,5%,TRUE,Meals,1,1481.0429786669476,5
TXN0000851,2024-06-01,8792.64,INR,#auto-debit microsoft pvt ltd rcpt/2406/851 q2 - software exp,MICROSOFT Pvt Ltd,True,18%,TRUE,Software,0,6595.7879745389255,5
TXN0000852,2024-06-01,35401.7,INR,auto-debit wipro pvt ltd bill/2406/852 tds - it services exp,WIPRO Pvt Ltd,True,18%,TRUE,IT Services,0,26748.17325364995,5
TXN0000853,2024-06-01,2510.13,INR,RTGS SWIGGY RCPT/2406/853 Q2 - meals exp,SWIGGY,True,5%,FALSE,Meals,0,1880.1100360107275,5
TXN0000854,2024-06-01,4322.28,INR,rtgs rapido pvt ltd inv/2406/854 rent - travel exp,RAPIDO Pvt Ltd,True,5%,FALSE,Travel,0,3868.964989766044,5
TXN0000855,2024-06-01,5722.59,INR,RTGS RAPIDO Pvt Ltd BILL/2406/855 SUBS - travel exp! ref 5039,RAPIDO Pvt Ltd,True,5%,FALSE,Travel,0,5228.389072360342,5
TXN0000856,2024-06-01,8530.49,INR,!rtgs microsoft taxinv/2406/856 subs - software exp! ref 6903,MICROSOFT,True,18%,TRUE,Software,0,6434.892355890643,5
TXN0000857,2024-06-02,53020.79,INR,#imps indiqube pvt ltd bill/2406/857 fy25 - rent exp /  ref 8985,INDIQUBE Pvt Ltd,True,18%,TRUE,Rent,0,38886.059996248885,6
TXN0000858,2024-06-02,12495.65,INR, / imps simplilearn inv/2406/858 fy25 - training exp,SIMPLILEARN,True,18%,unknown,Training,0,10467.771503772781,6
TXN0000859,2024-06-02,4222.15,INR,#AUTO-DEBIT KFC INDIA PVT LTD RCPT/2406/859 SUBS - meals exp,KFC INDIA PVT LTD,True,5%,FALSE,Meals,0,3191.1945178871274,6
TXN0000860,2024-06-02,93100.22,INR, / UPI WEWORK INV/2406/860 FY24 - rent exp,WEWORK,True,18%,TRUE,Rent,0,79194.26331824304,6
TXN0000861,2024-06-02,5006.52,INR,#NEFT OFFICE DEPOT INDIA PVT LTD TAXINV/2406/861 Q2 - office supplies exp  ref 8428,OFFICE DEPOT INDIA PVT LTD,True,12%,TRUE,Office Supplies,0,4086.4910529881963,6
TXN0000862,2024-06-02,113594.21,INR,IMPS AWFIS INV/2406/862 Q1 - rent exp,AWFIS,True,18%,TRUE,Rent,0,77100.98757557923,6
TXN0000863,2024-06-02,105147.88,INR,RTGS AWFIS INDIA PVT LTD RCPT/2406/863 FY25 - rent exp- ref 1784,AWFIS INDIA PVT LTD,True,18%,TRUE,Rent,0,97135.65529670635,6
TXN0000864,2024-06-02,6917.5,INR,imps staples taxinv/2406/864 tds - office supplies exp,STAPLES,True,12%,TRUE,Office Supplies,0,6527.838704291062,6
TXN0000865,2024-06-02,123870.49,INR, upi wework india pvt ltd taxinv/2406/865 gst - rent exp  ref 5057,WEWORK INDIA PVT LTD,True,18%,TRUE,Rent,0,93023.87717145927,6
TXN0000866,2024-06-02,45468.68,INR,AUTO-DEBIT TECHM BILL/2406/866 FY24 - it services exp,TECHM,True,18%,TRUE,IT Services,0,34964.6817468616,6
TXN0000867,2024-06-03,2386.7,INR, card zomato bill/2406/867 gst - meals exp,ZOMATO,True,5%,FALSE,Meals,0,2454.927492804313,0
TXN0000868,2024-06-03,53561.43,INR,CARD INF.y TAXINV/2406/868 FY24 - it services exp,INF.y,True,18%,TRUE,IT Services,0,55352.82839449148,0
TXN0000869,2024-06-03,57707.85,INR, UPI HCL INV/2406/869 TDS - it services exp,HCL,True,18%,TRUE,IT Services,0,61508.16741057627,0
TXN0000870,2024-06-03,2843.13,INR,AUTO-DEBIT Rapido RCPT/2406/870 ADV - travel exp,Rapido,True,5%,FALSE,Travel,0,3414.657283030277,0
TXN0000871,2024-06-03,5995.17,INR,IMPS UBER INDIA PVT LTD TAXINV/2406/871 FY24 - travel exp,UBER INDIA PVT LTD,True,5%,FALSE,Travel,0,5889.08712901445,0
TXN0000872,2024-06-03,34228.81,INR,UPI TCS Pvt Ltd BILL/2406/872 ADV - it services exp,TCS Pvt Ltd,True,18%,TRUE,IT Services,0,31496.33352931697,0
TXN0000873,2024-06-03,28982.77,INR,NEFT AWFIS Pvt Ltd RCPT/2406/873 SUBS - rent exp,AWFIS Pvt Ltd,True,18%,TRUE,Rent,0,24985.12080578774,0
TXN0000874,2024-06-03,6673.78,INR,imps figma pvt ltd bill/2406/874 q1 - software exp,FIGMA Pvt Ltd,True,18%,TRUE,Software,0,6185.973371803641,0
TXN0000875,2024-06-03,14991.34,INR, / RTGS BESCOM INDIA PVT LTD INV/2406/875 FY24 - utilities exp,BESCOM INDIA PVT LTD,True,18%,TRUE,Utilities,0,14941.678228647814,0
TXN0000876,2024-06-04,12383.78,INR,IMPS CANVA RCPT/2406/876 GST - software exp,CANVA,True,18%,TRUE,Software,0,14606.12097790743,1
TXN0000877,2024-06-04,36305.25,INR,UPI WIPRO BILL/2406/877 ADV - it services exp,WIPRO,True,18%,TRUE,IT Services,0,34426.0492385667,1
TXN0000878,2024-06-04,10930.27,INR, upi kseb taxinv/2406/878 adv - utilities exp,Kseb,True,18%,TRUE,Utilities,0,11174.87627341601,1
TXN0000879,2024-06-04,90069.88,INR,*RTGS Awfis TAXINV/2406/879 RENT - rent exp,Awfis,True,18%,TRUE,Rent,0,89921.95917214749,1
TXN0000880,2024-06-04,27023.11,INR,-imps hcl pvt ltd taxinv/2406/880 fy25 - it services exp,HCL Pvt Ltd,True,18%,TRUE,IT Services,0,30234.518215164768,1
TXN0000881,2024-06-04,5453.61,INR,IMPS OLA RCPT/2406/881 GST - travel exp- ref 4225,OLA,True,5%,FALSE,Travel,0,6831.700394706864,1
TXN0000882,2024-06-04,51081.78,INR,card tcs inv/2406/882 subs - it services exp /  ref 1735,TCS,True,18%,TRUE,IT Services,0,48370.007813281416,1
TXN0000883,2024-06-05,89691.44,INR,card indiqube india pvt ltd bill/2406/883 tds - rent exp,INDIQUBE INDIA PVT LTD,True,18%,TRUE,Rent,0,85301.58716077435,2
TXN0000884,2024-06-05,3755.2,INR,#UPI STAPLES BILL/2406/884 RENT - office supplies exp- ref 5271,STAPLES,True,12%,TRUE,Office Supplies,0,4147.303292556978,2
TXN0000885,2024-06-05,7977.6,INR,-RTGS OFFICE DEPOT RCPT/2406/885 Q1 - office supplies exp,OFFICE DEPOT,True,12%,TRUE,Office Supplies,0,8521.585754764286,2
TXN0000886,2024-06-05,29772.22,INR,RTGS AIRTEL TAXINV/2406/886 Q2 - utilities exp,AIRTEL,True,18%,TRUE,Utilities,0,35270.27767774249,2
TXN0000887,2024-06-05,4067.31,INR,!UPI OFFICE DEPOT INDIA PVT LTD TAXINV/2406/887 RENT - office supplies exp,OFFICE DEPOT INDIA PVT LTD,True,12%,TRUE,Office Supplies,0,4304.811694745815,2
TXN0000888,2024-06-05,6602.09,INR,*IMPS OFFICE DEPOT INDIA PVT LTD INV/2406/888 GST - office supplies exp,OFFICE DEPOT INDIA PVT LTD,True,12%,TRUE,Office Supplies,0,6364.882128033566,2
TXN0000889,2024-06-05,60299.2,INR,NEFT TEC.hm TAXINV/2406/889 Q2 - it services exp! ref 4533,TEC.hm,True,18%,TRUE,IT Services,0,63860.80137668817,2
TXN0000890,2024-06-05,84098.41,INR,auto-debit awfis inv/2406/890 adv - rent exp,AWFIS,True,18%,TRUE,Rent,0,93422.43082883295,2
TXN0000891,2024-06-06,3621.25,INR,CARD DOM.inos TAXINV/2406/891 TDS - meals exp* ref 1793,DOM.inos,True,5%,FALSE,Meals,0,3918.3671098660952,3
TXN0000892,2024-06-06,2172.93,INR, / CARD Zomato TAXINV/2406/892 RENT - meals exp,Zomato,True,5%,FALSE,Meals,0,2283.1570960413983,3
TXN0000893,2024-06-06,68167.96,INR,card awfis pvt ltd bill/2406/893 tds - rent exp,AWFIS Pvt Ltd,True,18%,TRUE,Rent,0,75439.26375729259,3
TXN0000894,2024-06-06,72538.23,INR,-CARD WEW.ork RCPT/2406/894 TDS - rent exp,WEW.ork,True,18%,TRUE,Rent,0,81020.0932477734,3
TXN0000895,2024-06-06,6246.22,INR, AUTO-DEBIT KSEB INDIA PVT LTD INV/2406/895 GST - utilities exp,KSEB INDIA PVT LTD,True,18%,FALSE,Utilities,1,7109.546913299843,3
TXN0000896,2024-06-06,116260.91,INR,rtgs wework india pvt ltd inv/2406/896 rent - rent exp,WEWORK INDIA PVT LTD,True,18%,TRUE,Rent,0,123802.87018571695,3
TXN0000897,2024-06-06,68120.19,INR,NEFT INDIQUBE Pvt Ltd INV/2406/897 Q1 - rent exp,INDIQUBE Pvt Ltd,True,18%,TRUE,Rent,0,66981.77846163807,3
TXN0000898,2024-06-06,11040.87,INR,CARD FIGMA INDIA PVT LTD RCPT/2406/898 SUBS - software exp,FIGMA INDIA PVT LTD,True,18%,TRUE,Software,0,11202.854673913107,3
TXN0000899,2024-06-06,2564.81,INR,CARD OLA INDIA PVT LTD INV/2406/899 RENT - travel exp,OLA INDIA PVT LTD,True,5%,FALSE,Travel,0,2874.25662623903,3
TXN0000900,2024-06-06,51475.62,INR,UPI WEWORK Pvt Ltd RCPT/2406/900 GST - rent exp,WEWORK Pvt Ltd,True,18%,TRUE,Rent,0,47270.39298358161,3
TXN0000901,2024-06-06,49760.9,INR, RTGS WIP.ro INV/2406/901 RENT - it services exp* ref 4731,WIP.ro,True,18%,TRUE,IT Services,0,51595.45156554936,3
TXN0000902,2024-06-06,32487.38,INR,#RTGS TECHM INV/2406/902 ADV - it services exp  ref 1411,TECHM,True,18%,TRUE,IT Services,0,31209.525253517237,3
TXN0000903,2024-06-07,108093.09,INR,!CARD INDIQUBE INDIA PVT LTD RCPT/2406/903 RENT - rent exp,INDIQUBE INDIA PVT LTD,True,18%,TRUE,Rent,0,108403.80167325272,4
TXN0000904,2024-06-07,3866.44,INR,NEFT INDIGO INDIA PVT LTD TAXINV/2406/904 Q1 - travel exp /  ref 9558,INDIGO INDIA PVT LTD,True,5%,FALSE,Travel,0,4360.745741965937,4
TXN0000905,2024-06-07,3912.62,INR,-CARD IKEA INDIA PVT LTD TAXINV/2406/905 Q1 - office supplies exp,IKEA INDIA PVT LTD,True,12%,TRUE,Office Supplies,0,3987.3898035516036,4
TXN0000906,2024-06-07,28983.32,INR,imps wip.ro bill/2406/906 fy25 - it services exp /  ref 8765,WIP.ro,True,18%,TRUE,IT Services,0,29117.908533490503,4
TXN0000907,2024-06-07,7120.12,INR,upi off.ice depot bill/2406/907 fy25 - office supplies exp,OFF.ice depot,True,12%,TRUE,Office Supplies,0,6151.886109348606,4
TXN0000908,2024-06-07,17204.69,INR,imps fig.ma inv/2406/908 q1 - software exp* ref 5213,FIG.ma,True,18%,TRUE,Software,0,18488.596126489287,4
TXN0000909,2024-06-07,4867.92,INR,upi off.ice depot taxinv/2406/909 subs - office supplies exp,OFF.ice depot,True,12%,TRUE,Office Supplies,0,5182.136535506027,4
TXN0000910,2024-06-07,76998.44,INR,UPI Wework TAXINV/2406/910 TDS - rent exp,Wework,True,18%,TRUE,Rent,0,93655.16390171522,4
TXN0000911,2024-06-07,47733.13,INR,UPI HCL Pvt Ltd RCPT/2406/911 Q2 - it services exp,HCL Pvt Ltd,True,18%,TRUE,IT Services,0,46264.00814998178,4
TXN0000912,2024-06-07,12141.86,INR, / UPI KSEB INDIA PVT LTD BILL/2406/912 TDS - utilities exp,KSEB INDIA PVT LTD,True,18%,TRUE,Utilities,0,12407.949259744968,4
TXN0000913,2024-06-07,20382.0,INR,!auto-debit upgrad pvt ltd taxinv/2406/913 q2 - training exp* ref 2740,UPGRAD Pvt Ltd,True,18%,unknown,Training,0,20890.293824139262,4
TXN0000914,2024-06-08,9508.42,INR,CARD IKEA BILL/2406/914 FY24 - office supplies exp- ref 9888,IKEA,True,12%,TRUE,Office Supplies,0,8806.66306514949,5
TXN0000915,2024-06-08,15416.33,INR,CARD BESCOM TAXINV/2406/915 FY25 - utilities exp,BESCOM,True,18%,TRUE,Utilities,0,12215.535410015766,5
TXN0000916,2024-06-08,52043.25,INR,rtgs awf.is inv/2406/916 gst - rent exp,AWF.is,True,18%,TRUE,Rent,0,42796.29496168378,5
TXN0000917,2024-06-08,2087.68,INR, NEFT ZOMATO Pvt Ltd RCPT/2406/917 FY24 - meals exp- ref 7588,ZOMATO Pvt Ltd,True,5%,FALSE,Meals,0,1771.6714708324016,5
TXN0000918,2024-06-08,45098.53,INR,rtgs infy rcpt/2406/918 fy25 - it services exp,INFY,True,18%,TRUE,IT Services,0,36752.08777111526,5
TXN0000919,2024-06-08,62603.86,INR,upi wew.ork bill/2406/919 adv - rent exp,WEW.ork,True,18%,TRUE,Rent,0,47847.21059963078,5
TXN0000920,2024-06-08,6832.42,INR,*CARD STAPLES INDIA PVT LTD BILL/2406/920 ADV - office supplies exp,STAPLES INDIA PVT LTD,True,12%,TRUE,Office Supplies,0,5572.024347942261,5
TXN0000921,2024-06-08,8306.19,INR,#imps figma india pvt ltd taxinv/2406/921 q2 - software exp* ref 4654,FIGMA INDIA PVT LTD,True,18%,TRUE,Software,0,7358.37514434942,5
TXN0000922,2024-06-08,8087.04,INR,imps mic.rosoft inv/2406/922 q1 - software exp# ref 7160,MIC.rosoft,True,18%,TRUE,Software,0,5805.514377044063,5
TXN0000923,2024-06-08,42379.82,INR,IMPS HCL RCPT/2406/923 Q2 - it services exp,HCL,True,18%,TRUE,IT Services,0,34354.67446846427,5
TXN0000924,2024-06-08,39986.53,INR,*imps hcl india pvt ltd inv/2406/924 q2 - it services exp* ref 3824,HCL INDIA PVT LTD,True,18%,TRUE,IT Services,0,29749.591842384823,5
TXN0000925,2024-06-08,32327.53,INR, / RTGS TECHM INDIA PVT LTD BILL/2406/925 RENT - it services exp,TECHM INDIA PVT LTD,True,18%,TRUE,IT Services,0,28952.656459837337,5
TXN0000926,2024-06-08,5714.94,INR,CARD RAPIDO RCPT/2406/926 Q2 - travel exp,RAPIDO,True,5%,FALSE,Travel,0,3875.558258430001,5
TXN0000927,2024-06-09,35309.21,INR,#rtgs techm rcpt/2406/927 fy25 - it services exp,TECHM,True,18%,TRUE,IT Services,0,26668.560889687968,6
TXN0000928,2024-06-09,10640.9,INR,NEFT FIGMA INV/2406/928 TDS - software exp,FIGMA,True,18%,TRUE,Software,0,8833.829907309924,6
TXN0000929,2024-06-09,3284.93,INR,CARD DOMINOS INDIA PVT LTD TAXINV/2406/929 TDS - meals exp,DOMINOS INDIA PVT LTD,True,5%,FALSE,Meals,0,3039.354947948221,6
TXN0000930,2024-06-09,22921.66,INR,upi wipro taxinv/2406/930 fy24 - it services exp,WIPRO,True,12%,TRUE,IT Services,1,18216.7595896619,6
TXN0000931,2024-06-09,4070.75,INR, imps staples pvt ltd taxinv/2406/931 q1 - office supplies exp,STAPLES Pvt Ltd,True,12%,TRUE,Office Supplies,0,3075.793722137093,6
TXN0000932,2024-06-09,16606.54,INR, / RTGS KSEB RCPT/2406/932 TDS - utilities exp- ref 9579,KSEB,True,18%,TRUE,Utilities,0,15784.392809595838,6
TXN0000933,2024-06-09,364593.6,INR,!RTGS HCL TAXINV/2406/933 FY25 - it services exp! ref 9303,HCL,True,18%,TRUE,IT Services,1,249439.95193577601,6
TXN0000934,2024-06-09,5850.72,INR, AUTO-DEBIT MICROSOFT BILL/2406/934 ADV - software exp,MICROSOFT,True,18%,TRUE,Software,0,3651.4081610787007,6
TXN0000935,2024-06-10,9644.22,INR,rtgs adobe india pvt ltd taxinv/2406/935 rent - software exp# ref 5163,ADOBE INDIA PVT LTD,True,18%,TRUE,Software,0,10068.579615949335,0
TXN0000936,2024-06-10,3610.32,INR,#auto-debit kfc pvt ltd taxinv/2406/936 tds - meals exp,KFC Pvt Ltd,True,5%,FALSE,Meals,0,3429.0623592735283,0
TXN0000937,2024-06-10,10787.03,INR,upi figma taxinv/2406/937 q2 - software exp /  ref 6222,FIGMA,True,18%,TRUE,Software,0,9685.42309646265,0
TXN0000938,2024-06-10,43812.14,INR,!UPI WIPRO Pvt Ltd TAXINV/2406/938 FY25 - it services exp,WIPRO Pvt Ltd,True,18%,TRUE,IT Services,0,46915.601183898194,0
TXN0000939,2024-06-10,3064.67,INR, / neft zomato pvt ltd taxinv/2406/939 rent - meals exp! ref 3789,ZOMATO Pvt Ltd,True,12%,FALSE,Meals,1,3139.3868733473178,0
TXN0000940,2024-06-10,162887.59,INR,-CARD INDIQUBE INV/2406/940 RENT - rent exp# ref 5555,INDIQUBE,True,18%,TRUE,Rent,0,153699.44912687942,0
TXN0000941,2024-06-10,25249.76,INR,#UPI COURSERA Pvt Ltd RCPT/2406/941 ADV - training exp,COURSERA Pvt Ltd,True,18%,unknown,Training,0,22017.022120661557,0
TXN0000942,2024-06-10,5100.41,INR,UPI RAPIDO BILL/2406/942 Q1 - travel exp,RAPIDO,True,5%,FALSE,Travel,0,5545.399008173334,0
TXN0000943,2024-06-10,11295.51,INR,CARD STAPLES Pvt Ltd RCPT/2406/943 SUBS - office supplies exp,STAPLES Pvt Ltd,True,12%,TRUE,Office Supplies,0,12029.945390764384,0
TXN0000944,2024-06-10,14669.71,INR,IMPS ADOBE TAXINV/2406/944 ADV - software exp# ref 6463,ADOBE,True,18%,TRUE,Software,0,14524.221883935694,0
TXN0000945,2024-06-10,10490.64,INR,auto-debit adobe taxinv/2406/945 adv - software exp,ADOBE,True,18%,TRUE,Software,0,12427.880393621748,0
TXN0000946,2024-06-10,10938.16,INR,neft ikea rcpt/2406/946 subs - office supplies exp* ref 4246,Ikea,True,12%,TRUE,Office Supplies,0,9767.684161236193,0
TXN0000947,2024-06-10,44511.84,INR,rtgs infy bill/2406/947 gst - it services exp,INFY,True,18%,TRUE,IT Services,0,37721.446767582536,0
TXN0000948,2024-06-10,125192.6,INR,imps indiqube bill/2406/948 fy24 - rent exp,INDIQUBE,True,18%,TRUE,Rent,0,116530.42297705854,0
TXN0000949,2024-06-10,9321.26,INR,-CARD AIR.tel TAXINV/2406/949 TDS - utilities exp,AIR.tel,True,18%,TRUE,Utilities,0,9278.768088918616,0
TXN0000950,2024-06-10,8987.03,INR,UPI Jiofiber TAXINV/2406/950 SUBS - utilities exp,Jiofiber,True,18%,TRUE,Utilities,0,9205.719893124653,0
TXN0000951,2024-06-11,4499.63,INR,imps roc fees inv/2406/951 tds - exempt services exp,Roc Fees,False,exempt,FALSE,Exempt Services,0,4391.082699698793,1
TXN0000952,2024-06-11,12023.56,INR, / NEFT Kseb RCPT/2406/952 FY25 - utilities exp* ref 9341,Kseb,True,18%,TRUE,Utilities,0,12446.855918331343,1
TXN0000953,2024-06-11,13776.5,INR,RTGS AIR.tel BILL/2406/953 Q2 - utilities exp,AIR.tel,True,18%,TRUE,Utilities,0,12052.316712264035,1
TXN0000954,2024-06-11,20600.65,INR,rtgs jio.fiber inv/2406/954 tds - utilities exp- ref 9552,JIO.fiber,True,18%,TRUE,Utilities,0,23574.89892909018,1
TXN0000955,2024-06-11,12169.02,INR,RTGS Airtel INV/2406/955 Q1 - utilities exp,Airtel,True,18%,TRUE,Utilities,0,12069.050066711727,1
TXN0000956,2024-06-11,14108.06,INR,card microsoft rcpt/2406/956 adv - software exp,MICROSOFT,True,18%,TRUE,Software,0,15684.347662979519,1
TXN0000957,2024-06-11,5340.99,INR, / RTGS OLA BILL/2406/957 TDS - travel exp,OLA,True,5%,FALSE,Travel,0,5524.039264774985,1
TXN0000958,2024-06-11,69230.29,INR,auto-debit infy rcpt/2406/958 subs - it services exp,INFY,True,18%,TRUE,IT Services,0,72392.405782045,1
TXN0000959,2024-06-11,11801.91,INR,IMPS Figma TAXINV/2406/959 ADV - software exp,Figma,True,18%,TRUE,Software,0,12474.344216224523,1
TXN0000960,2024-06-11,42560.0,INR,CARD WIPRO INDIA PVT LTD TAXINV/2406/960 GST - it services exp,WIPRO INDIA PVT LTD,True,18%,TRUE,IT Services,0,44465.44763143369,1
TXN0000961,2024-06-11,12018.62,INR,*CARD JIO.fiber BILL/2406/961 SUBS - utilities exp,JIO.fiber,True,18%,TRUE,Utilities,0,12791.084061619928,1
TXN0000962,2024-06-11,7576.25,INR, card rapido bill/2406/962 tds - travel exp,RAPIDO,True,5%,FALSE,Travel,0,8583.249185641584,1
TXN0000963,2024-06-11,16593.53,INR,card kseb india pvt ltd bill/2406/963 subs - utilities exp,KSEB INDIA PVT LTD,True,18%,TRUE,Utilities,0,16919.627992507645,1
TXN0000964,2024-06-11,48941.36,INR,#RTGS WIPRO BILL/2406/964 FY24 - it services exp,WIPRO,True,18%,TRUE,IT Services,0,52411.320814149214,1
TXN0000965,2024-06-11,37882.63,INR,card wip.ro bill/2406/965 subs - it services exp,WIP.ro,True,18%,TRUE,IT Services,0,37542.687589552384,1
TXN0000966,2024-06-11,150068.55,INR,UPI INDIQUBE INV/2406/966 FY25 - rent exp,INDIQUBE,True,18%,TRUE,Rent,0,171680.18023525397,1
TXN0000967,2024-06-11,1995.72,INR,RTGS SWIGGY INV/2406/967 TDS - meals exp  ref 6420,SWIGGY,True,18%,FALSE,Meals,1,1860.7310354934275,1
TXN0000968,2024-06-11,4429.94,INR,NEFT IKE.a INV/2406/968 ADV - office supplies exp* ref 5166,IKE.a,True,12%,TRUE,Office Supplies,0,5227.745806136893,1
TXN0000969,2024-06-11,13887.03,INR,#NEFT KSEB RCPT/2406/969 SUBS - utilities exp,KSEB,True,18%,TRUE,Utilities,0,13831.262533466348,1
TXN0000970,2024-06-11,33045.74,INR,IMPS TCS TAXINV/2406/970 RENT - it services exp,TCS,True,18%,TRUE,IT Services,0,28317.63779769335,1
TXN0000971,2024-06-11,4836.87,INR,#imps stamp duty taxinv/2406/971 fy24 - exempt services exp  ref 5487,Stamp Duty,False,exempt,FALSE,Exempt Services,0,4898.8324401349555,1
TXN0000972,2024-06-11,14084.04,INR, / IMPS SIM.plilearn BILL/2406/972 RENT - training exp,SIM.plilearn,True,18%,unknown,Training,0,13124.84412140575,1
TXN0000973,2024-06-11,4185.68,INR,*AUTO-DEBIT OFF.ice depot RCPT/2406/973 ADV - office supplies exp,OFF.ice depot,True,12%,TRUE,Office Supplies,0,4537.5464890131125,1
TXN0000974,2024-06-12,16142.83,INR, AUTO-DEBIT Coursera TAXINV/2406/974 FY24 - training exp,Coursera,True,18%,unknown,Training,0,15089.310204819798,2
TXN0000975,2024-06-12,37909.76,INR, / neft techm inv/2406/975 subs - it services exp,Techm,True,18%,TRUE,IT Services,0,36218.289313085166,2
TXN0000976,2024-06-12,13239.17,INR, / AUTO-DEBIT UPGRAD INDIA PVT LTD RCPT/2406/976 RENT - training exp* ref 7492,UPGRAD INDIA PVT LTD,True,18%,unknown,Training,0,10737.574904108786,2
TXN0000977,2024-06-12,33548.13,INR,-upi wipro taxinv/2406/977 rent - it services exp,WIPRO,True,18%,TRUE,IT Services,0,32030.726880201048,2
TXN0000978,2024-06-12,7313.88,INR,*RTGS BES.com BILL/2406/978 RENT - utilities exp,BES.com,True,18%,TRUE,Utilities,0,5541.083747055501,2
TXN0000979,2024-06-12,115037.36,INR,*AUTO-DEBIT INDIQUBE Pvt Ltd BILL/2406/979 Q2 - rent exp,INDIQUBE Pvt Ltd,True,18%,TRUE,Rent,0,96816.56006896564,2
TXN0000980,2024-06-12,4114.39,INR,neft stamp duty pvt ltd bill/2406/980 fy25 - exempt services exp,STAMP DUTY Pvt Ltd,False,exempt,unknown,Exempt Services,1,4427.254245709354,2
TXN0000981,2024-06-12,6885.3,INR,AUTO-DEBIT MICROSOFT BILL/2406/981 FY25 - software exp,MICROSOFT,True,18%,TRUE,Software,0,7426.346983235857,2
TXN0000982,2024-06-12,17804.5,INR, / RTGS SIMPLILEARN Pvt Ltd TAXINV/2406/982 Q2 - training exp,SIMPLILEARN Pvt Ltd,True,18%,unknown,Training,0,18562.005915880043,2
TXN0000983,2024-06-12,3486.74,INR,rtgs rap.ido inv/2406/983 q1 - travel exp,RAP.ido,True,5%,FALSE,Travel,0,3149.5805602705645,2
TXN0000984,2024-06-12,87474.49,INR,CARD AWFIS INV/2406/984 TDS - rent exp! ref 4922,AWFIS,True,18%,TRUE,Rent,0,87057.1373454272,2
TXN0000985,2024-06-12,85990.0,INR,RTGS AWFIS TAXINV/2406/985 ADV - rent exp,AWFIS,True,18%,TRUE,Rent,0,85959.02176636021,2
TXN0000986,2024-06-12,4544.89,INR,auto-debit ola rcpt/2406/986 adv - travel exp,OLA,True,5%,FALSE,Travel,0,4018.425990773571,2
TXN0000987,2024-06-13,42329.5,INR,card wework india pvt ltd bill/2406/987 rent - rent exp /  ref 1581,WEWORK INDIA PVT LTD,True,18%,TRUE,Rent,0,48693.30984146526,3
TXN0000988,2024-06-13,7761.49,INR, / RTGS IKE.a TAXINV/2406/988 Q2 - office supplies exp,IKE.a,True,12%,TRUE,Office Supplies,0,8442.453864468016,3
TXN0000989,2024-06-13,72363.6,INR, / AUTO-DEBIT BESCOM INDIA PVT LTD TAXINV/2406/989 ADV - utilities exp  ref 3164,BESCOM INDIA PVT LTD,True,18%,TRUE,Utilities,1,70764.62369106598,3
TXN0000990,2024-06-13,102176.63,INR,card ind.iqube inv/2406/990 tds - rent exp,IND.iqube,True,18%,TRUE,Rent,0,102451.34044231837,3
TXN0000991,2024-06-13,78488.29,INR,rtgs awfis inv/2406/991 q1 - rent exp,AWFIS,True,18%,TRUE,Rent,0,80123.85102612019,3
TXN0000992,2024-06-13,30539.06,INR, card coursera inv/2406/992 q1 - training exp# ref 7790,COURSERA,True,18%,unknown,Training,0,24303.79363490985,3
TXN0000993,2024-06-13,101427.0,INR,IMPS AWFIS INV/2406/993 SUBS - rent exp,AWFIS,True,18%,TRUE,Rent,0,98919.95396230834,3
TXN0000994,2024-06-13,5029.88,INR,IMPS RAPIDO Pvt Ltd INV/2406/994 Q2 - travel exp,RAPIDO Pvt Ltd,True,5%,FALSE,Travel,0,4686.850107068083,3
TXN0000995,2024-06-13,4612.96,INR,-NEFT INDIGO INV/2406/995 GST - travel exp /  ref 1843,INDIGO,True,5%,FALSE,Travel,0,4150.9166959155145,3
TXN0000996,2024-06-13,3348.81,INR,#AUTO-DEBIT STAPLES BILL/2406/996 RENT - office supplies exp,STAPLES,True,12%,TRUE,Office Supplies,0,3254.6748528180583,3
TXN0000997,2024-06-13,14325.12,INR,CARD ADOBE RCPT/2406/997 RENT - software exp,ADOBE,True,18%,TRUE,Software,0,16900.327521950265,3
TXN0000998,2024-06-13,34086.95,INR,*card infy india pvt ltd taxinv/2406/998 q1 - it services exp,INFY INDIA PVT LTD,True,18%,TRUE,IT Services,0,36271.38785698655,3
TXN0000999,2024-06-13,4623.57,INR,#IMPS Ola INV/2406/999 Q1 - travel exp /  ref 5058,Ola,True,5%,FALSE,Travel,0,4359.481395820995,3
TXN0001000,2024-06-13,25170.54,INR,!neft wip.ro taxinv/2406/000 q1 - it services exp,WIP.ro,True,18%,TRUE,IT Services,0,26611.761780143646,3
TXN0001001,2024-06-13,14291.72,INR,*NEFT SIMPLILEARN Pvt Ltd RCPT/2406/001 TDS - training exp,SIMPLILEARN Pvt Ltd,True,18%,unknown,Training,0,16291.63960801649,3
TXN0001002,2024-06-14,33704.66,INR, UPI TECHM Pvt Ltd INV/2406/002 RENT - it services exp,TECHM Pvt Ltd,True,18%,TRUE,IT Services,0,36821.10639071227,4
TXN0001003,2024-06-14,10125.52,INR,AUTO-DEBIT BES.com RCPT/2406/003 Q2 - utilities exp,BES.com,True,18%,TRUE,Utilities,0,10185.898850323412,4
TXN0001004,2024-06-14,19879.58,INR,#CARD Upgrad RCPT/2406/004 FY25 - training exp  ref 5710,Upgrad,True,18%,unknown,Training,0,18593.496857265985,4
TXN0001005,2024-06-14,54732.34,INR,upi awf.is rcpt/2406/005 q2 - rent exp# ref 1723,AWF.is,True,18%,TRUE,Rent,0,58553.87957966256,4
TXN0001006,2024-06-14,6042.97,INR,rtgs rapido inv/2406/006 tds - travel exp,RAPIDO,True,5%,FALSE,Travel,0,6280.7520379542075,4
TXN0001007,2024-06-14,4389.25,INR, / AUTO-DEBIT KFC RCPT/2406/007 GST - meals exp,KFC,True,5%,FALSE,Meals,0,4782.172684100672,4
TXN0001008,2024-06-14,56504.47,INR,CARD TCS TAXINV/2406/008 SUBS - it services exp,TCS,True,18%,TRUE,IT Services,0,60093.474601298476,4
TXN0001009,2024-06-14,3974.24,INR,AUTO-DEBIT ZOMATO Pvt Ltd BILL/2406/009 FY24 - meals exp# ref 3402,ZOMATO Pvt Ltd,True,5%,FALSE,Meals,0,4391.3574383330715,4
TXN0001010,2024-06-14,5236.19,INR,CARD STAPLES Pvt Ltd TAXINV/2406/010 Q2 - office supplies exp,STAPLES Pvt Ltd,True,12%,TRUE,Office Supplies,0,4955.930673757867,4
TXN0001011,2024-06-14,11052.61,INR,#UPI ADOBE INV/2406/011 Q1 - software exp,ADOBE,True,18%,TRUE,Software,0,12508.67428237706,4
TXN0001012,2024-06-14,9352.48,INR,UPI KFC INV/2406/012 TDS - meals exp,KFC,True,5%,FALSE,Meals,0,9537.284635089358,4
TXN0001013,2024-06-14,13763.71,INR,AUTO-DEBIT AIRTEL INV/2406/013 Q2 - utilities exp,AIRTEL,True,18%,TRUE,Utilities,0,16620.03888251611,4
TXN0001014,2024-06-15,8785.51,INR,neft jio.fiber taxinv/2406/014 subs - utilities exp,JIO.fiber,True,18%,TRUE,Utilities,0,6544.018682583674,5
TXN0001015,2024-06-15,2646.16,INR,NEFT ZOMATO INV/2406/015 RENT - meals exp* ref 6171,ZOMATO,True,5%,FALSE,Meals,0,2484.419038190701,5
TXN0001016,2024-06-15,35632.23,INR,CARD WIPRO INV/2406/016 Q1 - it services exp,WIPRO,True,18%,TRUE,IT Services,0,29069.944204465704,5
TXN0001017,2024-06-15,5945.63,INR,*RTGS FIGMA INDIA PVT LTD RCPT/2406/017 Q2 - software exp,FIGMA INDIA PVT LTD,True,18%,TRUE,Software,0,4446.656766013587,5
TXN0001018,2024-06-15,82526.13,INR,rtgs techm india pvt ltd bill/2406/018 gst - it services exp,TECHM INDIA PVT LTD,True,18%,TRUE,IT Services,0,62826.24598029397,5
TXN0001019,2024-06-15,9910.42,INR,-UPI ADOBE INV/2406/019 Q1 - software exp /  ref 5826,ADOBE,True,18%,TRUE,Software,0,7674.353890393989,5
TXN0001020,2024-06-15,13545.47,INR,IMPS BESCOM TAXINV/2406/020 ADV - utilities exp- ref 2252,BESCOM,True,18%,TRUE,Utilities,0,11296.0181681607,5
TXN0001021,2024-06-15,66608.59,INR,!card indiqube inv/2406/021 adv - rent exp,Indiqube,True,18%,TRUE,Rent,0,56072.898772800516,5
TXN0001022,2024-06-15,10571.99,INR,#CARD STAPLES Pvt Ltd INV/2406/022 GST - office supplies exp,STAPLES Pvt Ltd,True,12%,TRUE,Office Supplies,0,7972.379943628911,5
TXN0001023,2024-06-15,61271.89,INR, / AUTO-DEBIT WEW.ork TAXINV/2406/023 TDS - rent exp# ref 6963,WEW.ork,True,18%,TRUE,Rent,0,48898.13184815922,5
TXN0001024,2024-06-15,3237.08,INR,!IMPS SWIGGY INDIA PVT LTD RCPT/2406/024 RENT - meals exp,SWIGGY INDIA PVT LTD,True,5%,FALSE,Meals,0,3144.4400425964236,5
TXN0001025,2024-06-15,73261.61,INR,UPI Wework INV/2406/025 TDS - rent exp,Wework,True,18%,TRUE,Rent,0,68734.29551888656,5
TXN0001026,2024-06-15,9424.76,INR,*RTGS OFF.ice depot RCPT/2406/026 SUBS - office supplies exp,OFF.ice depot,True,28%,TRUE,Office Supplies,1,7868.787669519763,5
TXN0001027,2024-06-15,5421.25,INR,IMPS Indigo INV/2406/027 RENT - travel exp,Indigo,True,5%,FALSE,Travel,0,4353.4821084815485,5
TXN0001028,2024-06-15,9095.73,INR, rtgs staples bill/2406/028 fy25 - office supplies exp,STAPLES,True,12%,TRUE,Office Supplies,0,7363.9258031496865,5
TXN0001029,2024-06-15,10280.65,INR,AUTO-DEBIT IKEA TAXINV/2406/029 RENT - office supplies exp* ref 4247,IKEA,True,12%,TRUE,Office Supplies,0,8729.109083708077,5
TXN0001030,2024-06-15,43406.98,INR,*imps hcl inv/2406/030 gst - it services exp# ref 2612,HCL,True,18%,TRUE,IT Services,0,31173.87708626273,5
TXN0001031,2024-06-15,80019.94,INR,UPI INDIQUBE INDIA PVT LTD TAXINV/2406/031 Q2 - rent exp,INDIQUBE INDIA PVT LTD,True,18%,TRUE,Rent,0,62368.3315934381,5
TXN0001032,2024-06-15,54743.05,INR,*IMPS WIPRO INDIA PVT LTD INV/2406/032 FY24 - it services exp,WIPRO INDIA PVT LTD,True,18%,TRUE,IT Services,0,36486.96948916124,5
TXN0001033,2024-06-16,6236.95,INR,-CARD FIGMA TAXINV/2406/033 RENT - software exp,FIGMA,True,18%,TRUE,Software,0,5188.754772362639,6
TXN0001034,2024-06-16,41022.68,INR,UPI Infy BILL/2406/034 FY25 - it services exp,Infy,True,18%,TRUE,IT Services,0,34942.12095453799,6
TXN0001035,2024-06-16,43056.55,INR,AUTO-DEBIT TCS TAXINV/2406/035 RENT - it services exp /  ref 3228,TCS,True,12%,TRUE,IT Services,1,32780.89263413471,6
TXN0001036,2024-06-16,129528.84,INR, / NEFT AWFIS INDIA PVT LTD RCPT/2406/036 TDS - rent exp,AWFIS INDIA PVT LTD,True,18%,TRUE,Rent,0,119933.206369945,6
TXN0001037,2024-06-16,5442.15,INR,!CARD Ikea RCPT/2406/037 ADV - office supplies exp,Ikea,True,12%,TRUE,Office Supplies,0,3820.0559517673446,6
TXN0001038,2024-06-16,32198.37,INR,*imps infy taxinv/2406/038 q2 - it services exp /  ref 4765,Infy,True,18%,TRUE,IT Services,0,21986.657263063884,6
TXN0001039,2024-06-16,23945.13,INR,imps tcs inv/2406/039 fy25 - it services exp,Tcs,True,18%,TRUE,IT Services,0,19586.0662379324,6
TXN0001040,2024-06-16,12783.79,INR,rtgs jiofiber bill/2406/040 adv - utilities exp,JIOFIBER,True,18%,TRUE,Utilities,0,11297.90278479602,6
TXN0001041,2024-06-16,6402.48,INR,IMPS OFFICE DEPOT INDIA PVT LTD RCPT/2406/041 SUBS - office supplies exp,OFFICE DEPOT INDIA PVT LTD,True,12%,TRUE,Office Supplies,0,5984.489069280415,6
TXN0001042,2024-06-16,2447.83,INR,AUTO-DEBIT SWI.ggy BILL/2406/042 SUBS - meals exp,SWI.ggy,True,5%,FALSE,Meals,0,1868.4023467857216,6
TXN0001043,2024-06-16,11338.08,INR,NEFT Canva TAXINV/2406/043 RENT - software exp,Canva,True,18%,TRUE,Software,0,10048.877566712858,6
TXN0001044,2024-06-17,4977.6,INR,CARD DOMINOS Pvt Ltd INV/2406/044 SUBS - meals exp,DOMINOS Pvt Ltd,True,5%,FALSE,Meals,0,4958.432024221328,0
TXN0001045,2024-06-17,12545.49,INR,RTGS Airtel BILL/2406/045 RENT - utilities exp! ref 1260,Airtel,True,18%,TRUE,Utilities,0,12328.920593486544,0
TXN0001046,2024-06-17,60499.01,INR,UPI AWFIS RCPT/2406/046 ADV - rent exp,AWFIS,True,18%,TRUE,Rent,0,65845.06513946055,0
TXN0001047,2024-06-17,113046.4,INR,#CARD AWFIS TAXINV/2406/047 Q2 - rent exp  ref 8410,AWFIS,True,18%,TRUE,Rent,0,120420.67530422748,0
TXN0001048,2024-06-17,3622.4,INR,CARD IKEA TAXINV/2406/048 TDS - office supplies exp,IKEA,True,12%,TRUE,Office Supplies,0,3051.3677050540255,0
TXN0001049,2024-06-17,32179.36,INR,card hcl rcpt/2406/049 adv - it services exp,HCL,True,18%,TRUE,IT Services,0,36930.772346835554,0
TXN0001050,2024-06-17,97555.4,INR,rtgs awfis taxinv/2406/050 q1 - rent exp- ref 4514,AWFIS,True,18%,TRUE,Rent,0,111018.93640903963,0
TXN0001051,2024-06-17,6323.78,INR,AUTO-DEBIT OFFICE DEPOT Pvt Ltd TAXINV/2406/051 Q2 - office supplies exp- ref 9109,OFFICE DEPOT Pvt Ltd,True,12%,TRUE,Office Supplies,0,5928.187909944806,0
TXN0001052,2024-06-17,164359.01,INR, imps awfis india pvt ltd taxinv/2406/052 adv - rent exp* ref 7270,AWFIS INDIA PVT LTD,True,18%,TRUE,Rent,0,170864.39769102747,0
TXN0001053,2024-06-17,26522.26,INR,-IMPS TCS INV/2406/053 FY24 - it services exp,TCS,True,18%,TRUE,IT Services,0,27832.539704843923,0
TXN0001054,2024-06-17,7253.25,INR,RTGS CAN.va BILL/2406/054 SUBS - software exp,CAN.va,True,18%,TRUE,Software,0,7442.323199196225,0
TXN0001055,2024-06-17,3080.57,INR, / rtgs indigo rcpt/2406/055 rent - travel exp* ref 4313,Indigo,True,5%,FALSE,Travel,0,2911.0446452218416,0
TXN0001056,2024-06-17,24508.93,INR,RTGS UPG.rad RCPT/2406/056 Q1 - training exp,UPG.rad,True,18%,unknown,Training,0,22862.852988884206,0
TXN0001057,2024-06-18,5389.59,INR,RTGS STAPLES Pvt Ltd BILL/2406/057 Q2 - office supplies exp,STAPLES Pvt Ltd,True,12%,TRUE,Office Supplies,0,5375.817403452522,1
TXN0001058,2024-06-18,8048.53,INR,neft office depot taxinv/2406/058 q1 - office supplies exp,OFFICE DEPOT,True,12%,TRUE,Office Supplies,0,8992.404469337956,1
TXN0001059,2024-06-18,42963.31,INR,-RTGS Infy INV/2406/059 TDS - it services exp,Infy,True,18%,TRUE,IT Services,0,45298.79619578885,1
TXN0001060,2024-06-18,5376.27,INR,-UPI CANVA Pvt Ltd BILL/2406/060 Q1 - software exp! ref 3118,CANVA Pvt Ltd,True,18%,TRUE,Software,0,5177.017728483544,1
TXN0001061,2024-06-18,5242.29,INR,-AUTO-DEBIT UBER INV/2406/061 RENT - travel exp,UBER,True,5%,FALSE,Travel,0,5646.836843384472,1
TXN0001062,2024-06-18,7850.62,INR,AUTO-DEBIT OLA INV/2406/062 FY24 - travel exp,OLA,True,5%,FALSE,Travel,0,5614.337433162911,1
TXN0001063,2024-06-18,13085.74,INR,!NEFT BESCOM RCPT/2406/063 FY24 - utilities exp,BESCOM,True,18%,TRUE,Utilities,0,14588.984927598724,1
TXN0001064,2024-06-18,5616.13,INR, neft ikea taxinv/2406/064 adv - office supplies exp! ref 8947,IKEA,True,12%,TRUE,Office Supplies,0,4639.084125559095,1
TXN0001065,2024-06-18,8727.53,INR,#IMPS OFFICE DEPOT Pvt Ltd RCPT/2406/065 ADV - office supplies exp,OFFICE DEPOT Pvt Ltd,True,12%,TRUE,Office Supplies,0,8411.208581067593,1
TXN0001066,2024-06-18,11406.21,INR,*auto-debit jiofiber bill/2406/066 rent - utilities exp /  ref 5797,JIOFIBER,True,18%,TRUE,Utilities,0,10129.091005121632,1
TXN0001067,2024-06-19,20365.05,INR,#auto-debit tec.hm rcpt/2406/067 adv - it services exp,TEC.hm,True,18%,TRUE,IT Services,0,17728.424701286996,2
TXN0001068,2024-06-19,5190.81,INR,#CARD Staples INV/2406/068 TDS - office supplies exp,Staples,True,12%,TRUE,Office Supplies,0,5793.37312961923,2
TXN0001069,2024-06-19,8249.54,INR,-NEFT STA.ples TAXINV/2406/069 FY25 - office supplies exp,STA.ples,True,12%,TRUE,Office Supplies,0,7863.708023172951,2
TXN0001070,2024-06-19,12405.54,INR,upi jiofiber india pvt ltd rcpt/2406/070 gst - utilities exp,JIOFIBER INDIA PVT LTD,True,18%,TRUE,Utilities,0,12835.396776496567,2
TXN0001071,2024-06-19,2489.88,INR,NEFT DOMINOS INDIA PVT LTD BILL/2406/071 ADV - meals exp,DOMINOS INDIA PVT LTD,True,5%,FALSE,Meals,0,2478.19733890603,2
TXN0001072,2024-06-19,10593.17,INR,-neft kseb bill/2406/072 gst - utilities exp* ref 7846,KSEB,True,exempt,TRUE,Utilities,1,11098.507457971515,2
TXN0001073,2024-06-19,5238.19,INR,card ola taxinv/2406/073 gst - travel exp,OLA,True,5%,FALSE,Travel,0,5278.430766153291,2
TXN0001074,2024-06-19,10906.49,INR,RTGS ADOBE INDIA PVT LTD RCPT/2406/074 FY25 - software exp,ADOBE INDIA PVT LTD,True,18%,TRUE,Software,0,9507.19581368096,2
TXN0001075,2024-06-19,30010.37,INR, imps techm bill/2406/075 adv - it services exp,Techm,True,18%,TRUE,IT Services,0,33000.20358703319,2
TXN0001076,2024-06-19,4897.28,INR,AUTO-DEBIT IKE.a INV/2406/076 ADV - office supplies exp,IKE.a,True,12%,TRUE,Office Supplies,0,4655.473576041577,2
TXN0001077,2024-06-19,98199.98,INR,#auto-debit wework taxinv/2406/077 fy24 - rent exp,WEWORK,True,18%,TRUE,Rent,0,82914.34886832503,2
TXN0001078,2024-06-19,8191.25,INR,#UPI MICROSOFT Pvt Ltd RCPT/2406/078 ADV - software exp# ref 4429,MICROSOFT Pvt Ltd,True,18%,TRUE,Software,0,7840.5701687737965,2
TXN0001079,2024-06-19,4280.2,INR,*AUTO-DEBIT DOMINOS RCPT/2406/079 ADV - meals exp,DOMINOS,True,5%,FALSE,Meals,0,4922.555205587298,2
TXN0001080,2024-06-19,10234.05,INR,auto-debit adobe india pvt ltd rcpt/2406/080 adv - software exp# ref 2752,ADOBE INDIA PVT LTD,True,18%,TRUE,Software,0,11104.171181987658,2
TXN0001081,2024-06-20,7421.63,INR,#imps figma inv/2406/081 tds - software exp,FIGMA,True,5%,TRUE,Software,1,7162.87328597146,3
TXN0001082,2024-06-20,73474.87,INR,*card indiqube taxinv/2406/082 q1 - rent exp,Indiqube,True,18%,TRUE,Rent,0,70908.7035578705,3
TXN0001083,2024-06-20,174151.14,INR,CARD AWFIS INDIA PVT LTD BILL/2406/083 GST - rent exp,AWFIS INDIA PVT LTD,True,18%,TRUE,Rent,0,168549.82891665347,3
TXN0001084,2024-06-20,14732.15,INR, IMPS AIRTEL INDIA PVT LTD INV/2406/084 FY25 - utilities exp /  ref 8528,AIRTEL INDIA PVT LTD,True,18%,TRUE,Utilities,0,17791.646280601584,3
TXN0001085,2024-06-20,59763.32,INR,CARD WEWORK INDIA PVT LTD BILL/2406/085 GST - rent exp* ref 1334,WEWORK INDIA PVT LTD,True,18%,TRUE,Rent,0,62045.89306510591,3
TXN0001086,2024-06-20,5933.03,INR,imps office depot inv/2406/086 gst - office supplies exp,Office Depot,True,12%,TRUE,Office Supplies,0,6188.1749994034035,3
TXN0001087,2024-06-20,5169.21,INR, / auto-debit stamp duty bill/2406/087 tds - exempt services exp,STAMP DUTY,False,exempt,FALSE,Exempt Services,0,5701.785153341593,3
TXN0001088,2024-06-20,40290.49,INR,-imps hcl inv/2406/088 tds - it services exp- ref 4346,HCL,True,18%,TRUE,IT Services,0,41252.58322238662,3
TXN0001089,2024-06-20,81772.98,INR, NEFT WEWORK Pvt Ltd INV/2406/089 TDS - rent exp- ref 9484,WEWORK Pvt Ltd,True,18%,TRUE,Rent,0,79654.71517906466,3
TXN0001090,2024-06-20,15088.89,INR,imps coursera india pvt ltd bill/2406/090 subs - training exp# ref 5337,COURSERA INDIA PVT LTD,True,18%,unknown,Training,0,14792.619872564015,3
TXN0001091,2024-06-20,50912.31,INR,imps wework taxinv/2406/091 fy24 - rent exp,WEWORK,True,18%,TRUE,Rent,0,50547.771448432075,3
TXN0001092,2024-06-20,14924.15,INR,*upi jiofiber rcpt/2406/092 subs - utilities exp! ref 6308,JIOFIBER,True,18%,TRUE,Utilities,0,14868.598975899164,3
TXN0001093,2024-06-20,30349.01,INR, / rtgs techm india pvt ltd taxinv/2406/093 subs - it services exp,TECHM INDIA PVT LTD,True,18%,TRUE,IT Services,0,32557.293629613414,3
TXN0001094,2024-06-20,37953.18,INR,*IMPS TECHM BILL/2406/094 Q1 - it services exp,TECHM,True,18%,TRUE,IT Services,0,38150.33115543039,3
TXN0001095,2024-06-21,577636.4,INR,-UPI WEW.ork TAXINV/2406/095 GST - rent exp,WEW.ork,True,18%,TRUE,Rent,1,619956.3576698529,4
TXN0001096,2024-06-21,3105.8,INR,!imps zomato bill/2406/096 q2 - meals exp! ref 9771,ZOMATO,True,5%,FALSE,Meals,0,3080.731044549877,4
TXN0001097,2024-06-21,3576.7,INR, neft indigo pvt ltd rcpt/2406/097 rent - travel exp,INDIGO Pvt Ltd,True,5%,FALSE,Travel,0,3604.8254485203556,4
TXN0001098,2024-06-21,71546.01,INR,*RTGS AWFIS INDIA PVT LTD INV/2406/098 Q1 - rent exp* ref 3437,AWFIS INDIA PVT LTD,True,18%,TRUE,Rent,0,57249.681384245894,4
TXN0001099,2024-06-21,34279.46,INR, AUTO-DEBIT HCL INDIA PVT LTD BILL/2406/099 Q1 - it services exp! ref 4434,HCL INDIA PVT LTD,True,18%,TRUE,IT Services,0,37420.58178718567,4
TXN0001100,2024-06-21,6231.69,INR,imps sta.ples taxinv/2406/100 adv - office supplies exp,STA.ples,True,12%,TRUE,Office Supplies,0,6447.6108770368755,4
TXN0001101,2024-06-21,47981.31,INR,UPI Awfis BILL/2406/101 Q1 - rent exp,Awfis,True,18%,TRUE,Rent,0,52769.893246431006,4
TXN0001102,2024-06-21,10854.85,INR,NEFT JIOFIBER RCPT/2406/102 ADV - utilities exp /  ref 6351,JIOFIBER,True,18%,TRUE,Utilities,0,7711.008230801423,4
TXN0001103,2024-06-21,62089.91,INR, neft wework bill/2406/103 gst - rent exp# ref 5368,Wework,True,18%,TRUE,Rent,0,75056.60974661121,4
TXN0001104,2024-06-21,9331.61,INR, / IMPS Figma INV/2406/104 SUBS - software exp,Figma,True,18%,TRUE,Software,0,9201.35040300109,4
TXN0001105,2024-06-21,16668.94,INR,auto-debit airtel taxinv/2406/105 rent - utilities exp,AIRTEL,True,18%,TRUE,Utilities,0,18516.163288122865,4
TXN0001106,2024-06-21,5837.23,INR,NEFT OFFICE DEPOT INDIA PVT LTD BILL/2406/106 FY24 - office supplies exp# ref 7447,OFFICE DEPOT INDIA PVT LTD,True,12%,TRUE,Office Supplies,0,5230.212992500504,4
TXN0001107,2024-06-21,35553.97,INR,*neft hcl inv/2406/107 q2 - it services exp,HCL,True,18%,TRUE,IT Services,0,37732.624503737745,4
TXN0001108,2024-06-21,7080.43,INR,!IMPS BESCOM INDIA PVT LTD RCPT/2406/108 ADV - utilities exp,BESCOM INDIA PVT LTD,True,18%,TRUE,Utilities,0,6334.566484403835,4
TXN0001109,2024-06-21,52221.83,INR,rtgs tcs bill/2406/109 q2 - it services exp  ref 8140,TCS,True,18%,TRUE,IT Services,0,48964.3943375267,4
TXN0001110,2024-06-21,84471.84,INR,card indiqube india pvt ltd inv/2406/110 gst - rent exp! ref 9738,INDIQUBE INDIA PVT LTD,True,18%,TRUE,Rent,0,100640.01502788185,4
TXN0001111,2024-06-21,3861.71,INR,auto-debit dominos india pvt ltd rcpt/2406/111 rent - meals exp,DOMINOS INDIA PVT LTD,True,5%,FALSE,Meals,0,3788.073986614818,4
TXN0001112,2024-06-21,108221.67,INR,*UPI WEW.ork INV/2406/112 SUBS - rent exp,WEW.ork,True,18%,TRUE,Rent,0,110574.76486484079,4
TXN0001113,2024-06-21,9194.12,INR,upi office depot taxinv/2406/113 fy25 - office supplies exp,OFFICE DEPOT,True,12%,TRUE,Office Supplies,0,9994.07071240801,4
TXN0001114,2024-06-22,6545.63,INR, / IMPS CANVA RCPT/2406/114 ADV - software exp,CANVA,True,18%,TRUE,Software,0,5496.06801890961,5
TXN0001115,2024-06-22,28559.1,INR,card techm rcpt/2406/115 subs - it services exp,TECHM,True,18%,TRUE,IT Services,0,23190.946284310874,5
TXN0001116,2024-06-22,18448.63,INR,!CARD UPGRAD Pvt Ltd INV/2406/116 TDS - training exp,UPGRAD Pvt Ltd,True,18%,unknown,Training,0,15297.54643991428,5
TXN0001117,2024-06-22,9101.48,INR,AUTO-DEBIT OLA BILL/2406/117 TDS - travel exp,OLA,True,5%,FALSE,Travel,0,9031.155110458756,5
TXN0001118,2024-06-22,28631.81,INR,!AUTO-DEBIT INFY INDIA PVT LTD RCPT/2406/118 SUBS - it services exp,INFY INDIA PVT LTD,True,18%,TRUE,IT Services,0,22773.469564072468,5
TXN0001119,2024-06-22,5406.37,INR,rtgs office depot india pvt ltd inv/2406/119 adv - office supplies exp,OFFICE DEPOT INDIA PVT LTD,True,12%,TRUE,Office Supplies,0,4412.073268255072,5
TXN0001120,2024-06-22,3025.61,INR,!auto-debit swiggy taxinv/2406/120 gst - meals exp,SWIGGY,True,5%,FALSE,Meals,0,2674.797635768368,5
TXN0001121,2024-06-22,6283.36,INR,*card mic.rosoft bill/2406/121 adv - software exp,MIC.rosoft,True,18%,TRUE,Software,0,5582.401394088871,5
TXN0001122,2024-06-22,16531.38,INR, AUTO-DEBIT TCS INDIA PVT LTD INV/2406/122 TDS - it services exp* ref 9957,TCS INDIA PVT LTD,True,18%,TRUE,IT Services,0,14794.963924218782,5
TXN0001123,2024-06-22,26109.26,INR,AUTO-DEBIT TECHM Pvt Ltd RCPT/2406/123 FY24 - it services exp,TECHM Pvt Ltd,True,18%,TRUE,IT Services,0,22221.549874945416,5
TXN0001124,2024-06-22,42731.44,INR,neft techm india pvt ltd rcpt/2406/124 fy25 - it services exp,TECHM INDIA PVT LTD,True,18%,TRUE,IT Services,0,30277.77233215617,5
TXN0001125,2024-06-22,11449.54,INR,-neft kse.b taxinv/2406/125 fy25 - utilities exp,KSE.b,True,18%,TRUE,Utilities,0,10655.795173307417,5
TXN0001126,2024-06-22,5473.41,INR, / auto-debit figma india pvt ltd rcpt/2406/126 fy24 - software exp,FIGMA INDIA PVT LTD,True,18%,TRUE,Software,0,3876.7745329918066,5
TXN0001127,2024-06-23,5525.44,INR,#UPI FIGMA INDIA PVT LTD INV/2406/127 FY25 - software exp,FIGMA INDIA PVT LTD,True,18%,TRUE,Software,0,4554.127528404029,6
TXN0001128,2024-06-23,19984.43,INR,*UPI KSEB INDIA PVT LTD RCPT/2406/128 Q1 - utilities exp,KSEB INDIA PVT LTD,True,18%,TRUE,Utilities,0,14781.64216596781,6
TXN0001129,2024-06-23,4780.36,INR,rtgs microsoft india pvt ltd inv/2406/129 rent - software exp,MICROSOFT INDIA PVT LTD,True,18%,TRUE,Software,0,3799.759649078458,6
TXN0001130,2024-06-23,12338.74,INR,NEFT AIRTEL BILL/2406/130 Q2 - utilities exp,AIRTEL,True,18%,TRUE,Utilities,0,10195.513112200637,6
TXN0001131,2024-06-23,7719.4,INR,RTGS MICROSOFT INDIA PVT LTD BILL/2406/131 GST - software exp,MICROSOFT INDIA PVT LTD,True,exempt,TRUE,Software,1,6373.9747911157465,6
TXN0001132,2024-06-23,11906.69,INR,!upi kseb taxinv/2406/132 q1 - utilities exp /  ref 5619,KSEB,True,18%,TRUE,Utilities,0,9927.24637001966,6
TXN0001133,2024-06-23,249537.04,INR,IMPS INF.y RCPT/2406/133 RENT - it services exp# ref 1623,INF.y,True,18%,TRUE,IT Services,1,231844.0906796431,6
TXN0001134,2024-06-23,3627.34,INR,-neft indigo inv/2406/134 q1 - travel exp,INDIGO,True,5%,FALSE,Travel,0,3033.481849060298,6
TXN0001135,2024-06-23,9150.29,INR,rtgs jiofiber india pvt ltd rcpt/2406/135 rent - utilities exp! ref 9300,JIOFIBER INDIA PVT LTD,True,18%,TRUE,Utilities,0,7141.503678533307,6
TXN0001136,2024-06-23,124645.2,INR,AUTO-DEBIT INDIQUBE TAXINV/2406/136 SUBS - rent exp* ref 5087,INDIQUBE,True,18%,TRUE,Rent,0,109329.66703269887,6
TXN0001137,2024-06-23,7029.66,INR,*RTGS STAPLES INDIA PVT LTD BILL/2406/137 Q2 - office supplies exp! ref 3608,STAPLES INDIA PVT LTD,True,12%,TRUE,Office Supplies,0,6292.653849373919,6
TXN0001138,2024-06-23,1800.65,INR,RTGS ZOMATO INDIA PVT LTD TAXINV/2406/138 Q1 - meals exp  ref 1727,ZOMATO INDIA PVT LTD,True,5%,FALSE,Meals,0,1263.680639013886,6
TXN0001139,2024-06-23,3618.72,INR,imps uber bill/2406/139 q1 - travel exp,Uber,True,5%,FALSE,Travel,0,3067.9218864613663,6
TXN0001140,2024-06-23,38860.71,INR,!NEFT WIPRO Pvt Ltd INV/2406/140 FY25 - it services exp,WIPRO Pvt Ltd,True,18%,TRUE,IT Services,0,33268.41364790789,6
TXN0001141,2024-06-23,3677.87,INR,IMPS INDIGO INV/2406/141 RENT - travel exp /  ref 9292,INDIGO,True,5%,FALSE,Travel,0,2854.744009431791,6
TXN0001142,2024-06-24,7213.57,INR,auto-debit indigo india pvt ltd inv/2406/142 fy24 - travel exp,INDIGO INDIA PVT LTD,True,5%,FALSE,Travel,0,8205.945739730028,0
TXN0001143,2024-06-24,5676.38,INR,auto-debit sta.ples inv/2406/143 q2 - office supplies exp,STA.ples,True,12%,TRUE,Office Supplies,0,5591.202746688031,0
TXN0001144,2024-06-24,37865.29,INR,imps techm rcpt/2406/144 fy25 - it services exp,TECHM,True,18%,TRUE,IT Services,0,38340.78888278715,0
TXN0001145,2024-06-24,70162.47,INR,UPI AWFIS RCPT/2406/145 RENT - rent exp,AWFIS,True,18%,TRUE,Rent,0,68948.15533208377,0
TXN0001146,2024-06-24,17783.79,INR, UPI JIOFIBER Pvt Ltd INV/2406/146 Q1 - utilities exp /  ref 2397,JIOFIBER Pvt Ltd,True,18%,TRUE,Utilities,0,17811.495451058883,0
TXN0001147,2024-06-24,17763.64,INR,imps jiofiber india pvt ltd bill/2406/147 subs - utilities exp,JIOFIBER INDIA PVT LTD,True,18%,TRUE,Utilities,0,15816.25640154249,0
TXN0001148,2024-06-24,11962.2,INR, / IMPS JIOFIBER RCPT/2406/148 Q1 - utilities exp,JIOFIBER,True,18%,TRUE,Utilities,0,10239.582333223054,0
TXN0001149,2024-06-24,25859.57,INR,!CARD WIPRO INDIA PVT LTD BILL/2406/149 FY25 - it services exp  ref 1438,WIPRO INDIA PVT LTD,True,18%,TRUE,IT Services,0,29982.891529782064,0
TXN0001150,2024-06-24,54613.04,INR,!UPI TEC.hm BILL/2406/150 GST - it services exp,TEC.hm,True,18%,TRUE,IT Services,0,49987.526600583726,0
TXN0001151,2024-06-24,4455.91,INR,!UPI RAPIDO RCPT/2406/151 FY25 - travel exp,RAPIDO,True,5%,FALSE,Travel,0,4014.1544916134144,0
TXN0001152,2024-06-24,5257.49,INR,#IMPS Indigo BILL/2406/152 ADV - travel exp# ref 5031,Indigo,True,5%,FALSE,Travel,0,4125.34730116296,0
TXN0001153,2024-06-24,43134.73,INR,auto-debit tcs india pvt ltd inv/2406/153 q2 - it services exp,TCS INDIA PVT LTD,True,18%,TRUE,IT Services,0,40378.58575330852,0
TXN0001154,2024-06-24,94338.25,INR,#RTGS WEWORK INDIA PVT LTD BILL/2406/154 ADV - rent exp,WEWORK INDIA PVT LTD,True,18%,TRUE,Rent,0,81856.45242970751,0
TXN0001155,2024-06-24,8451.03,INR,AUTO-DEBIT STAPLES BILL/2406/155 FY24 - office supplies exp,STAPLES,True,12%,TRUE,Office Supplies,0,9838.701937876727,0
TXN0001156,2024-06-25,7217.96,INR,card microsoft taxinv/2406/156 subs - software exp,Microsoft,True,18%,TRUE,Software,0,7946.841935819157,1
TXN0001157,2024-06-25,4067.58,INR,!rtgs canva taxinv/2406/157 q1 - software exp,CANVA,True,18%,TRUE,Software,0,3787.6693418961995,1
TXN0001158,2024-06-25,6955.89,INR,!NEFT ADOBE INV/2406/158 ADV - software exp# ref 6202,ADOBE,True,18%,TRUE,Software,0,8522.659569403642,1
TXN0001159,2024-06-25,17127.8,INR,CARD IKEA INDIA PVT LTD INV/2406/159 FY25 - office supplies exp,IKEA INDIA PVT LTD,True,12%,TRUE,Office Supplies,0,18809.348290809463,1
TXN0001160,2024-06-25,6136.71,INR,upi stamp duty pvt ltd taxinv/2406/160 gst - exempt services exp,STAMP DUTY Pvt Ltd,False,exempt,FALSE,Exempt Services,0,5937.370400050881,1
TXN0001161,2024-06-25,2966.57,INR,rtgs kfc taxinv/2406/161 gst - meals exp,KFC,True,5%,FALSE,Meals,0,2225.1037988427506,1
TXN0001162,2024-06-25,1868.84,INR,imps kfc rcpt/2406/162 tds - meals exp,KFC,True,5%,FALSE,Meals,0,2296.980511736048,1
TXN0001163,2024-06-25,20700.45,INR, IMPS Infy BILL/2406/163 TDS - it services exp,Infy,True,18%,TRUE,IT Services,0,17823.972463038353,1
TXN0001164,2024-06-25,4519.2,INR, CARD IKE.a INV/2406/164 FY25 - office supplies exp! ref 7480,IKE.a,True,12%,TRUE,Office Supplies,0,3775.6113982752413,1
TXN0001165,2024-06-25,26121.15,INR,neft hcl taxinv/2406/165 q2 - it services exp,Hcl,True,18%,TRUE,IT Services,0,28792.22156400886,1
TXN0001166,2024-06-25,34589.09,INR, neft infy india pvt ltd rcpt/2406/166 adv - it services exp! ref 4413,INFY INDIA PVT LTD,True,18%,TRUE,IT Services,0,43027.97155605856,1
TXN0001167,2024-06-25,2705.87,INR, neft zomato rcpt/2406/167 fy24 - meals exp,ZOMATO,True,5%,FALSE,Meals,0,3080.436229142306,1
TXN0001168,2024-06-25,52289.85,INR, / AUTO-DEBIT INDIQUBE Pvt Ltd TAXINV/2406/168 Q2 - rent exp,INDIQUBE Pvt Ltd,True,18%,TRUE,Rent,0,55238.52233011698,1
TXN0001169,2024-06-25,13568.13,INR,NEFT AIRTEL Pvt Ltd INV/2406/169 FY24 - utilities exp,AIRTEL Pvt Ltd,True,18%,TRUE,Utilities,0,14375.100422577902,1
TXN0001170,2024-06-25,4233.48,INR,-card zom.ato inv/2406/170 adv - meals exp  ref 1925,ZOM.ato,True,5%,FALSE,Meals,0,4594.771769978525,1
TXN0001171,2024-06-25,57207.78,INR,!UPI Wework RCPT/2406/171 GST - rent exp,Wework,True,18%,TRUE,Rent,0,61549.44198002315,1
TXN0001172,2024-06-26,5508.43,INR,AUTO-DEBIT FIGMA INDIA PVT LTD INV/2406/172 Q2 - software exp  ref 7940,FIGMA INDIA PVT LTD,True,18%,TRUE,Software,0,5663.322327553563,2
TXN0001173,2024-06-26,11192.31,INR, / AUTO-DEBIT ADOBE Pvt Ltd BILL/2406/173 TDS - software exp,ADOBE Pvt Ltd,True,18%,TRUE,Software,0,11308.93510577716,2
TXN0001174,2024-06-26,61156.71,INR,*RTGS AWF.is RCPT/2406/174 TDS - rent exp,AWF.is,True,18%,TRUE,Rent,0,60773.911022905595,2
TXN0001175,2024-06-26,26003.16,INR,AUTO-DEBIT HCL INDIA PVT LTD TAXINV/2406/175 FY24 - it services exp,HCL INDIA PVT LTD,True,18%,TRUE,IT Services,0,24042.61381613656,2
TXN0001176,2024-06-26,26474.34,INR, CARD Infy BILL/2406/176 FY24 - it services exp,Infy,True,18%,TRUE,IT Services,0,25731.27125855029,2
TXN0001177,2024-06-26,10784.5,INR,*RTGS AIR.tel RCPT/2406/177 TDS - utilities exp,AIR.tel,True,18%,TRUE,Utilities,0,8958.730723730987,2
TXN0001178,2024-06-26,85371.28,INR, / RTGS AWFIS RCPT/2406/178 RENT - rent exp,AWFIS,True,18%,TRUE,Rent,0,84531.74201858099,2
TXN0001179,2024-06-26,6508.4,INR,*UPI RAPIDO Pvt Ltd INV/2406/179 FY25 - travel exp,RAPIDO Pvt Ltd,True,5%,FALSE,Travel,0,5864.9853638218965,2
TXN0001180,2024-06-26,76243.68,INR,*NEFT Adobe TAXINV/2406/180 Q2 - software exp,Adobe,True,18%,TRUE,Software,1,67829.50892467822,2
TXN0001181,2024-06-26,23277.37,INR, / NEFT INFY INDIA PVT LTD INV/2406/181 Q2 - it services exp,INFY INDIA PVT LTD,True,18%,TRUE,IT Services,0,23696.116271723546,2
TXN0001182,2024-06-26,12357.7,INR,*CARD JIOFIBER RCPT/2406/182 GST - utilities exp,JIOFIBER,True,18%,TRUE,Utilities,0,14077.894665396067,2
TXN0001183,2024-06-26,5549.77,INR,AUTO-DEBIT STA.ples INV/2406/183 Q2 - office supplies exp* ref 6885,STA.ples,True,12%,TRUE,Office Supplies,0,6059.414595049347,2
TXN0001184,2024-06-26,48605.05,INR,!card hcl india pvt ltd rcpt/2406/184 subs - it services exp,HCL INDIA PVT LTD,True,18%,TRUE,IT Services,0,40971.623963586535,2
TXN0001185,2024-06-27,5457.57,INR,CARD Microsoft BILL/2406/185 ADV - software exp,Microsoft,True,18%,TRUE,Software,0,4917.473517069782,3
TXN0001186,2024-06-27,52698.88,INR,UPI AIRTEL Pvt Ltd INV/2406/186 TDS - utilities exp,AIRTEL Pvt Ltd,True,18%,TRUE,Utilities,1,57656.63879432484,3
TXN0001187,2024-06-27,5081.28,INR,RTGS STAPLES INDIA PVT LTD INV/2406/187 Q2 - office supplies exp,STAPLES INDIA PVT LTD,True,12%,TRUE,Office Supplies,0,4582.050645696166,3
TXN0001188,2024-06-27,9325.95,INR,!card canva taxinv/2406/188 q1 - software exp  ref 5410,Canva,True,18%,TRUE,Software,0,9116.458247478526,3
TXN0001189,2024-06-27,3085.98,INR,-auto-debit office depot pvt ltd taxinv/2406/189 gst - office supplies exp,OFFICE DEPOT Pvt Ltd,True,12%,TRUE,Office Supplies,0,3255.7249776547787,3
TXN0001190,2024-06-27,3020.78,INR,card zomato pvt ltd bill/2406/190 gst - meals exp,ZOMATO Pvt Ltd,True,5%,FALSE,Meals,0,2728.2644437637027,3
TXN0001191,2024-06-27,44824.17,INR,UPI INF.y TAXINV/2406/191 FY24 - it services exp /  ref 6758,INF.y,True,18%,TRUE,IT Services,0,45296.506960132254,3
TXN0001192,2024-06-27,4438.23,INR,#upi dominos inv/2406/192 subs - meals exp# ref 3851,DOMINOS,True,5%,FALSE,Meals,0,3846.158802768917,3
TXN0001193,2024-06-27,6505.01,INR,!upi ola pvt ltd inv/2406/193 q2 - travel exp,OLA Pvt Ltd,True,5%,FALSE,Travel,0,6113.819746242091,3
TXN0001194,2024-06-28,2754.55,INR,UPI SWI.ggy RCPT/2406/194 ADV - meals exp,SWI.ggy,True,5%,FALSE,Meals,0,2842.635532669233,4
TXN0001195,2024-06-28,4913.39,INR,#NEFT GOVT FEES INDIA PVT LTD INV/2406/195 SUBS - exempt services exp! ref 6450,GOVT FEES INDIA PVT LTD,False,exempt,FALSE,Exempt Services,0,4130.690051960283,4
TXN0001196,2024-06-28,139628.93,INR,upi indiqube inv/2406/196 q1 - rent exp,Indiqube,True,18%,TRUE,Rent,0,145779.23163534407,4
TXN0001197,2024-06-28,116061.89,INR,UPI AWFIS INDIA PVT LTD RCPT/2406/197 FY24 - rent exp,AWFIS INDIA PVT LTD,True,18%,TRUE,Rent,0,115833.96999411294,4
TXN0001198,2024-06-28,17727.68,INR,rtgs coursera pvt ltd bill/2406/198 fy24 - training exp,COURSERA Pvt Ltd,True,18%,unknown,Training,0,18707.11651151218,4
TXN0001199,2024-06-28,9658.45,INR,NEFT Airtel BILL/2406/199 RENT - utilities exp,Airtel,True,18%,TRUE,Utilities,0,9874.716346815685,4
TXN0001200,2024-06-28,9125.82,INR,IMPS IKEA INDIA PVT LTD RCPT/2406/200 RENT - office supplies exp,IKEA INDIA PVT LTD,True,12%,TRUE,Office Supplies,0,10370.71000186639,4
TXN0001201,2024-06-28,5608.7,INR,!AUTO-DEBIT MICROSOFT BILL/2406/201 Q1 - software exp,MICROSOFT,True,18%,TRUE,Software,0,5678.934666800132,4
TXN0001202,2024-06-28,5520.07,INR, IMPS Ikea BILL/2406/202 Q1 - office supplies exp,Ikea,True,12%,TRUE,Office Supplies,0,5283.0351354600725,4
TXN0001203,2024-06-28,41789.7,INR,CARD Infy TAXINV/2406/203 TDS - it services exp,Infy,True,5%,TRUE,IT Services,1,42300.77759624682,4
TXN0001204,2024-06-28,6287.51,INR,neft figma india pvt ltd inv/2406/204 adv - software exp,FIGMA INDIA PVT LTD,True,18%,TRUE,Software,0,6629.109179054658,4
TXN0001205,2024-06-28,90988.09,INR,upi awfis bill/2406/205 tds - rent exp,AWFIS,True,18%,TRUE,Rent,0,91432.65844762015,4
TXN0001206,2024-06-28,3628.17,INR,#AUTO-DEBIT SWIGGY INV/2406/206 Q1 - meals exp,SWIGGY,True,5%,FALSE,Meals,0,3642.8973556275187,4
TXN0001207,2024-06-28,12913.24,INR, / NEFT Bescom TAXINV/2406/207 FY24 - utilities exp,Bescom,True,18%,TRUE,Utilities,0,12006.74128573463,4
TXN0001208,2024-06-28,4371.11,INR,#card staples pvt ltd rcpt/2406/208 adv - office supplies exp  ref 7467,STAPLES Pvt Ltd,True,12%,TRUE,Office Supplies,0,4081.348717028387,4
TXN0001209,2024-06-28,19038.08,INR,*AUTO-DEBIT TCS INDIA PVT LTD TAXINV/2406/209 Q1 - it services exp /  ref 4263,TCS INDIA PVT LTD,True,18%,TRUE,IT Services,0,16367.788862705569,4
TXN0001210,2024-06-28,19902.49,INR,upi upgrad inv/2406/210 gst - training exp,UPGRAD,True,18%,unknown,Training,0,23384.583363551068,4
TXN0001211,2024-06-28,22863.38,INR,UPI INFY RCPT/2406/211 TDS - it services exp,INFY,True,18%,TRUE,IT Services,0,20019.488218121962,4
TXN0001212,2024-06-28,17930.13,INR,card air.tel taxinv/2406/212 subs - utilities exp,AIR.tel,True,18%,TRUE,Utilities,0,16687.74197258437,4
TXN0001213,2024-06-28,4596.79,INR,NEFT RAPIDO Pvt Ltd TAXINV/2406/213 Q1 - travel exp* ref 9571,RAPIDO Pvt Ltd,True,5%,FALSE,Travel,0,4266.553266570417,4
TXN0001214,2024-06-28,121028.96,INR,-IMPS KSEB Pvt Ltd TAXINV/2406/214 FY25 - utilities exp,KSEB Pvt Ltd,True,18%,TRUE,Utilities,1,131860.13666202337,4
TXN0001215,2024-06-28,6070.88,INR,IMPS Office Depot RCPT/2406/215 RENT - office supplies exp  ref 4012,Office Depot,True,12%,TRUE,Office Supplies,0,5891.819589705049,4
TXN0001216,2024-06-28,5871.71,INR,#UPI STAPLES RCPT/2406/216 Q2 - office supplies exp- ref 3072,STAPLES,True,12%,TRUE,Office Supplies,0,6604.34796055391,4
TXN0001217,2024-06-29,28745.84,INR,!auto-debit ola pvt ltd inv/2406/217 tds - travel exp,OLA Pvt Ltd,True,5%,FALSE,Travel,1,21447.86770191885,5
TXN0001218,2024-06-29,7384.23,INR,#neft can.va taxinv/2406/218 fy25 - software exp /  ref 5842,CAN.va,True,18%,TRUE,Software,0,6072.196565001429,5
TXN0001219,2024-06-29,11695.6,INR,!NEFT Bescom RCPT/2406/219 ADV - utilities exp,Bescom,True,18%,TRUE,Utilities,0,8574.889200311616,5
TXN0001220,2024-06-29,29307.7,INR,-UPI WIPRO BILL/2406/220 FY24 - it services exp,WIPRO,True,18%,TRUE,IT Services,0,28475.710967363535,5
TXN0001221,2024-06-29,8002.64,INR,NEFT IKEA TAXINV/2406/221 Q1 - office supplies exp,IKEA,True,12%,TRUE,Office Supplies,0,5641.798191035014,5
TXN0001222,2024-06-29,112803.27,INR,-RTGS AWFIS INDIA PVT LTD TAXINV/2406/222 TDS - rent exp,AWFIS INDIA PVT LTD,True,18%,TRUE,Rent,0,93038.51913818649,5
TXN0001223,2024-06-29,3682.3,INR,IMPS IND.igo TAXINV/2406/223 SUBS - travel exp,IND.igo,True,5%,FALSE,Travel,0,3132.5405286925015,5
TXN0001224,2024-06-29,22256.49,INR,AUTO-DEBIT WIPRO INDIA PVT LTD RCPT/2406/224 FY25 - it services exp,WIPRO INDIA PVT LTD,True,18%,TRUE,IT Services,0,18541.969237955065,5
TXN0001225,2024-06-29,10132.57,INR,neft jiofiber taxinv/2406/225 adv - utilities exp,JIOFIBER,True,18%,TRUE,Utilities,0,7955.8607861028395,5
TXN0001226,2024-06-29,63926.44,INR,card wework taxinv/2406/226 fy25 - rent exp,Wework,True,18%,TRUE,Rent,0,50477.233986218656,5
TXN0001227,2024-06-29,32750.47,INR,!neft infy rcpt/2406/227 q1 - it services exp,Infy,True,18%,TRUE,IT Services,0,26315.163703896615,5
TXN0001228,2024-06-29,12649.39,INR,upi airtel taxinv/2406/228 gst - utilities exp,AIRTEL,True,18%,TRUE,Utilities,0,9970.75314804965,5
TXN0001229,2024-06-29,60740.78,INR,!IMPS WIP.ro TAXINV/2406/229 RENT - it services exp- ref 8128,WIP.ro,True,18%,TRUE,IT Services,0,53276.36555038672,5
TXN0001230,2024-06-29,5120.12,INR,UPI IKE.a BILL/2406/230 Q2 - office supplies exp  ref 6206,IKE.a,True,12%,TRUE,Office Supplies,0,5001.5474424726335,5
TXN0001231,2024-06-30,59413.98,INR,#auto-debit tcs pvt ltd inv/2406/231 subs - it services exp,TCS Pvt Ltd,True,18%,TRUE,IT Services,0,44881.35953883043,6
TXN0001232,2024-06-30,5995.64,INR,!NEFT ROC FEES BILL/2406/232 Q2 - exempt services exp,ROC FEES,False,exempt,FALSE,Exempt Services,0,4139.48435708132,6
TXN0001233,2024-06-30,6228.68,INR, rtgs bescom bill/2406/233 adv - utilities exp,BESCOM,True,18%,TRUE,Utilities,0,4938.953549686041,6
TXN0001234,2024-06-30,98251.43,INR,!NEFT AWFIS BILL/2406/234 Q2 - rent exp,AWFIS,True,18%,TRUE,Rent,1,98877.95451271118,6
TXN0001235,2024-06-30,11724.48,INR,#CARD JIOFIBER INDIA PVT LTD RCPT/2406/235 FY25 - utilities exp /  ref 3871,JIOFIBER INDIA PVT LTD,True,18%,TRUE,Utilities,0,8625.77068810642,6
TXN0001236,2024-06-30,6049.0,INR,-card ike.a rcpt/2406/236 q2 - office supplies exp,IKE.a,True,12%,TRUE,Office Supplies,0,5632.401404490493,6
TXN0001237,2024-06-30,96361.39,INR,IMPS AWFIS Pvt Ltd INV/2406/237 TDS - rent exp! ref 8890,AWFIS Pvt Ltd,True,18%,TRUE,Rent,0,90022.35859588301,6
TXN0001238,2024-06-30,57231.23,INR,upi infy rcpt/2406/238 rent - it services exp- ref 7560,INFY,True,18%,TRUE,IT Services,0,43250.38112108114,6
TXN0001239,2024-06-30,30820.26,INR,RTGS TECHM RCPT/2406/239 ADV - it services exp# ref 3404,TECHM,True,18%,TRUE,IT Services,0,26059.10451488726,6
TXN0001240,2024-06-30,75084.69,INR,imps awfis inv/2406/240 gst - rent exp! ref 5159,Awfis,True,18%,TRUE,Rent,0,69849.16445157226,6
TXN0001241,2024-06-30,7613.32,INR,NEFT UBE.r BILL/2406/241 GST - travel exp! ref 2654,UBE.r,True,5%,FALSE,Travel,0,5859.742334958812,6
TXN0001242,2024-06-30,6194.13,INR, / NEFT Canva TAXINV/2406/242 RENT - software exp,Canva,True,18%,TRUE,Software,0,4854.423742726332,6
TXN0001243,2024-07-01,6741.51,INR,*card can.va inv/2407/243 tds - software exp  ref 9923,CAN.va,True,18%,TRUE,Software,0,6349.369230180609,0
TXN0001244,2024-07-01,101785.17,INR,CARD WEWORK Pvt Ltd BILL/2407/244 FY25 - rent exp,WEWORK Pvt Ltd,True,18%,TRUE,Rent,0,91456.45136577822,0
TXN0001245,2024-07-01,127117.77,INR, AUTO-DEBIT AWFIS INDIA PVT LTD RCPT/2407/245 Q2 - rent exp,AWFIS INDIA PVT LTD,True,18%,TRUE,Rent,0,118864.29863601347,0
TXN0001246,2024-07-01,4746.52,INR,rtgs rapido pvt ltd bill/2407/246 fy24 - travel exp,RAPIDO Pvt Ltd,True,5%,FALSE,Travel,0,4165.574304500762,0
TXN0001247,2024-07-01,3949.8,INR,AUTO-DEBIT Roc Fees INV/2407/247 FY25 - exempt services exp,Roc Fees,False,exempt,FALSE,Exempt Services,0,3963.262288293029,0
TXN0001248,2024-07-01,8494.7,INR,NEFT UBER INV/2407/248 TDS - travel exp,UBER,True,5%,FALSE,Travel,0,7840.630839412616,0
TXN0001249,2024-07-01,27935.35,INR,AUTO-DEBIT HCL Pvt Ltd TAXINV/2407/249 RENT - it services exp* ref 6502,HCL Pvt Ltd,True,18%,TRUE,IT Services,0,28588.439127094363,0
TXN0001250,2024-07-01,4076.79,INR,*neft swiggy inv/2407/250 rent - meals exp,SWIGGY,True,5%,FALSE,Meals,0,3442.4840188513513,0
TXN0001251,2024-07-01,11855.49,INR,AUTO-DEBIT Bescom RCPT/2407/251 TDS - utilities exp,Bescom,True,18%,TRUE,Utilities,0,12247.764728421616,0
TXN0001252,2024-07-01,9150.11,INR,imps kseb india pvt ltd inv/2407/252 subs - utilities exp,KSEB INDIA PVT LTD,True,18%,TRUE,Utilities,0,9912.798168690744,0
TXN0001253,2024-07-01,27038.2,INR,auto-debit infy india pvt ltd bill/2407/253 q1 - it services exp  ref 9522,INFY INDIA PVT LTD,True,18%,TRUE,IT Services,0,21647.497694902446,0
TXN0001254,2024-07-01,6375.52,INR, IMPS FIGMA RCPT/2407/254 FY25 - software exp* ref 1571,FIGMA,True,18%,TRUE,Software,0,6614.00051421946,0
TXN0001255,2024-07-02,2767.64,INR, rtgs office depot india pvt ltd taxinv/2407/255 fy25 - office supplies exp,OFFICE DEPOT INDIA PVT LTD,True,12%,TRUE,Office Supplies,0,3107.4145810328782,1
TXN0001256,2024-07-02,47861.15,INR,AUTO-DEBIT WIPRO Pvt Ltd BILL/2407/256 RENT - it services exp# ref 3114,WIPRO Pvt Ltd,True,18%,TRUE,IT Services,0,42071.668975826746,1
TXN0001257,2024-07-02,13514.4,INR,CARD KSEB BILL/2407/257 SUBS - utilities exp,KSEB,True,18%,TRUE,Utilities,0,15774.781226467945,1
TXN0001258,2024-07-02,8359.69,INR, / CARD STA.ples RCPT/2407/258 Q1 - office supplies exp,STA.ples,True,12%,TRUE,Office Supplies,0,8709.976902240725,1
TXN0001259,2024-07-02,7456.19,INR,CARD CANVA BILL/2407/259 SUBS - software exp,CANVA,True,18%,TRUE,Software,0,6930.519765121271,1
TXN0001260,2024-07-02,14731.69,INR,!rtgs upg.rad inv/2407/260 q1 - training exp,UPG.rad,True,18%,unknown,Training,0,14649.532723636075,1
TXN0001261,2024-07-02,3941.43,INR,-rtgs rap.ido rcpt/2407/261 fy25 - travel exp,RAP.ido,True,5%,FALSE,Travel,0,4161.490644282049,1
TXN0001262,2024-07-02,10429.5,INR,IMPS ADOBE Pvt Ltd TAXINV/2407/262 Q2 - software exp,ADOBE Pvt Ltd,True,18%,TRUE,Software,0,10508.769822973576,1
TXN0001263,2024-07-02,4324.41,INR,RTGS Office Depot BILL/2407/263 ADV - office supplies exp,Office Depot,True,12%,TRUE,Office Supplies,0,4557.390180129501,1
TXN0001264,2024-07-02,4598.28,INR,#card ola rcpt/2407/264 adv - travel exp,Ola,True,5%,FALSE,Travel,0,4174.928503041501,1
TXN0001265,2024-07-02,7343.99,INR,AUTO-DEBIT Canva RCPT/2407/265 RENT - software exp,Canva,True,18%,TRUE,Software,0,7468.368419811271,1
TXN0001266,2024-07-02,2420.86,INR,#CARD ZOMATO RCPT/2407/266 SUBS - meals exp,ZOMATO,True,5%,FALSE,Meals,0,2078.619512302261,1
TXN0001267,2024-07-02,10580.87,INR,upi ikea rcpt/2407/267 rent - office supplies exp,Ikea,True,12%,TRUE,Office Supplies,0,10463.183150425739,1
TXN0001268,2024-07-03,8030.27,INR, RTGS OFF.ice depot BILL/2407/268 FY24 - office supplies exp  ref 2993,OFF.ice depot,True,12%,TRUE,Office Supplies,0,7304.407758397455,2
TXN0001269,2024-07-03,112982.73,INR, auto-debit awfis bill/2407/269 gst - rent exp,Awfis,True,18%,TRUE,Rent,0,104672.51190894649,2
TXN0001270,2024-07-03,5672.4,INR,neft ikea taxinv/2407/270 gst - office supplies exp,Ikea,True,12%,TRUE,Office Supplies,0,6373.561492706368,2
TXN0001271,2024-07-03,5824.65,INR, card ikea rcpt/2407/271 q1 - office supplies exp,Ikea,True,12%,TRUE,Office Supplies,0,6460.299949391941,2
TXN0001272,2024-07-03,88578.37,INR,CARD TECHM RCPT/2407/272 FY25 - it services exp# ref 8221,TECHM,True,18%,TRUE,IT Services,0,93974.01618548206,2
TXN0001273,2024-07-03,13618.19,INR,AUTO-DEBIT AIRTEL INDIA PVT LTD TAXINV/2407/273 GST - utilities exp,AIRTEL INDIA PVT LTD,True,18%,TRUE,Utilities,0,12130.657723126353,2
TXN0001274,2024-07-03,36720.59,INR,-CARD Tcs TAXINV/2407/274 ADV - it services exp,Tcs,True,18%,TRUE,IT Services,0,35558.71950462215,2
TXN0001275,2024-07-03,18072.24,INR,CARD KSE.b RCPT/2407/275 TDS - utilities exp,KSE.b,True,18%,TRUE,Utilities,0,20264.579277747183,2
TXN0001276,2024-07-03,2393.66,INR, NEFT ZOMATO BILL/2407/276 SUBS - meals exp- ref 2256,ZOMATO,True,5%,FALSE,Meals,0,2427.582210750329,2
TXN0001277,2024-07-03,77050.18,INR,-card awfis pvt ltd rcpt/2407/277 rent - rent exp,AWFIS Pvt Ltd,True,18%,TRUE,Rent,0,94920.65585349067,2
TXN0001278,2024-07-03,1631.27,INR,imps kfc rcpt/2407/278 tds - meals exp,KFC,True,5%,FALSE,Meals,0,1695.4307591868856,2
TXN0001279,2024-07-03,28717.38,INR,AUTO-DEBIT TCS INDIA PVT LTD INV/2407/279 TDS - it services exp,TCS INDIA PVT LTD,True,18%,TRUE,IT Services,0,29268.894745690854,2
TXN0001280,2024-07-04,5156.48,INR,IMPS Staples RCPT/2407/280 FY25 - office supplies exp,Staples,True,12%,TRUE,Office Supplies,0,4997.084713466908,3
TXN0001281,2024-07-04,20607.0,INR,#imps techm india pvt ltd taxinv/2407/281 q1 - it services exp,TECHM INDIA PVT LTD,True,18%,TRUE,IT Services,0,20882.18774248485,3
TXN0001282,2024-07-04,51022.15,INR,IMPS AWFIS Pvt Ltd INV/2407/282 GST - rent exp* ref 3022,AWFIS Pvt Ltd,True,18%,TRUE,Rent,0,50244.21611377164,3
TXN0001283,2024-07-04,3009.98,INR, neft kfc inv/2407/283 fy25 - meals exp  ref 5239,KFC,True,5%,FALSE,Meals,0,3223.1192954659123,3
TXN0001284,2024-07-04,79341.8,INR,CARD AWFIS INDIA PVT LTD RCPT/2407/284 FY24 - rent exp,AWFIS INDIA PVT LTD,True,18%,TRUE,Rent,0,86932.44838786525,3
TXN0001285,2024-07-04,5319.22,INR,rtgs office depot taxinv/2407/285 adv - office supplies exp /  ref 2966,OFFICE DEPOT,True,12%,TRUE,Office Supplies,0,4901.134914187691,3
TXN0001286,2024-07-04,7836.05,INR,UPI MICROSOFT BILL/2407/286 ADV - software exp,MICROSOFT,True,18%,TRUE,Software,0,6792.889201427357,3
TXN0001287,2024-07-04,4236.01,INR, AUTO-DEBIT IKEA TAXINV/2407/287 RENT - office supplies exp,IKEA,True,12%,TRUE,Office Supplies,0,3458.1915677480706,3
TXN0001288,2024-07-04,7709.66,INR,!rtgs microsoft pvt ltd inv/2407/288 fy24 - software exp,MICROSOFT Pvt Ltd,True,18%,TRUE,Software,0,8101.304041344457,3
TXN0001289,2024-07-04,6020.1,INR,!imps figma taxinv/2407/289 tds - software exp,FIGMA,True,18%,TRUE,Software,0,5355.862269417266,3
TXN0001290,2024-07-04,17340.4,INR, card kse.b bill/2407/290 tds - utilities exp# ref 8789,KSE.b,True,18%,TRUE,Utilities,0,13607.201596196677,3
TXN0001291,2024-07-04,11143.02,INR, RTGS Adobe RCPT/2407/291 Q1 - software exp  ref 6099,Adobe,True,18%,TRUE,Software,0,11576.013916186064,3
TXN0001292,2024-07-04,2689.2,INR,-upi swi.ggy taxinv/2407/292 subs - meals exp,SWI.ggy,True,5%,FALSE,Meals,0,3359.6174302280256,3
TXN0001293,2024-07-04,35209.83,INR,*CARD TCS RCPT/2407/293 Q1 - it services exp# ref 3121,TCS,True,18%,TRUE,IT Services,0,35188.45442367353,3
TXN0001294,2024-07-05,1603.29,INR,#AUTO-DEBIT SWIGGY INV/2407/294 Q2 - meals exp  ref 1316,SWIGGY,True,5%,FALSE,Meals,0,1737.7243873770572,4
TXN0001295,2024-07-05,2496.69,INR, / IMPS Kfc BILL/2407/295 Q1 - meals exp  ref 6378,Kfc,True,5%,FALSE,Meals,0,2517.120254119212,4
TXN0001296,2024-07-05,17409.07,INR,AUTO-DEBIT UPGRAD TAXINV/2407/296 TDS - training exp,UPGRAD,True,18%,unknown,Training,0,17236.912310531967,4
TXN0001297,2024-07-05,15529.8,INR, / NEFT JIOFIBER TAXINV/2407/297 Q2 - utilities exp,JIOFIBER,True,18%,TRUE,Utilities,0,16957.107396550346,4
TXN0001298,2024-07-05,8517.64,INR,IMPS MICROSOFT INDIA PVT LTD RCPT/2407/298 Q1 - software exp,MICROSOFT INDIA PVT LTD,True,18%,TRUE,Software,0,8270.394593143697,4
TXN0001299,2024-07-05,25246.04,INR, / IMPS INFY Pvt Ltd BILL/2407/299 FY24 - it services exp,INFY Pvt Ltd,True,18%,TRUE,IT Services,0,25921.099705675184,4
TXN0001300,2024-07-05,19346.35,INR,*AUTO-DEBIT TCS RCPT/2407/300 FY25 - it services exp,TCS,True,18%,TRUE,IT Services,0,19968.717835290023,4
TXN0001301,2024-07-05,12612.56,INR,-imps canva india pvt ltd taxinv/2407/301 fy24 - software exp,CANVA INDIA PVT LTD,True,18%,TRUE,Software,0,11769.926906799983,4
TXN0001302,2024-07-05,4213.24,INR,!NEFT ZOM.ato TAXINV/2407/302 FY25 - meals exp,ZOM.ato,True,5%,FALSE,Meals,0,4631.2112508761265,4
TXN0001303,2024-07-05,93710.89,INR,*AUTO-DEBIT WEWORK INDIA PVT LTD TAXINV/2407/303 FY25 - rent exp  ref 9529,WEWORK INDIA PVT LTD,True,18%,TRUE,Rent,0,92071.32654858899,4
TXN0001304,2024-07-05,5246.26,INR,*rtgs ube.r taxinv/2407/304 subs - travel exp# ref 6902,UBE.r,True,5%,FALSE,Travel,0,4849.776439955907,4
TXN0001305,2024-07-05,14479.5,INR,UPI KSEB INV/2407/305 GST - utilities exp,KSEB,True,18%,TRUE,Utilities,0,15256.339427997766,4
TXN0001306,2024-07-05,102896.03,INR,IMPS AWF.is INV/2407/306 SUBS - rent exp,AWF.is,True,18%,TRUE,Rent,0,93651.151159159,4
TXN0001307,2024-07-06,35173.57,INR, / NEFT Infy INV/2407/307 Q1 - it services exp,Infy,True,18%,TRUE,IT Services,0,28218.15455291233,5
TXN0001308,2024-07-06,7896.54,INR,CARD CANVA RCPT/2407/308 ADV - software exp,CANVA,True,18%,TRUE,Software,0,6311.471318259134,5
TXN0001309,2024-07-06,46995.81,INR,imps tec.hm bill/2407/309 q1 - it services exp! ref 9208,TEC.hm,True,18%,TRUE,IT Services,0,41679.25133533307,5
TXN0001310,2024-07-06,31181.95,INR, / auto-debit tcs inv/2407/310 tds - it services exp* ref 3441,TCS,True,18%,TRUE,IT Services,0,26129.721325020088,5
TXN0001311,2024-07-06,80942.65,INR,RTGS INDIQUBE RCPT/2407/311 ADV - rent exp,INDIQUBE,True,18%,TRUE,Rent,0,64592.060131018196,5
TXN0001312,2024-07-06,3932.51,INR,card staples india pvt ltd taxinv/2407/312 adv - office supplies exp,STAPLES INDIA PVT LTD,True,12%,TRUE,Office Supplies,0,3403.27793194145,5
TXN0001313,2024-07-06,8912.39,INR,UPI KSE.b BILL/2407/313 ADV - utilities exp,KSE.b,True,18%,TRUE,Utilities,0,8121.117748622913,5
TXN0001314,2024-07-06,9196.33,INR,*IMPS MICROSOFT INDIA PVT LTD BILL/2407/314 SUBS - software exp,MICROSOFT INDIA PVT LTD,True,18%,TRUE,Software,0,7767.448612369027,5
TXN0001315,2024-07-06,6211.8,INR,-neft adobe inv/2407/315 fy24 - software exp# ref 2117,Adobe,True,18%,TRUE,Software,0,4974.58467231545,5
TXN0001316,2024-07-06,39977.25,INR, / rtgs tcs pvt ltd inv/2407/316 fy25 - it services exp,TCS Pvt Ltd,True,18%,TRUE,IT Services,0,27786.31159842237,5
TXN0001317,2024-07-06,42731.69,INR,CARD TCS INV/2407/317 Q1 - it services exp,TCS,True,18%,TRUE,IT Services,0,30544.223450775906,5
TXN0001318,2024-07-06,4756.49,INR,#NEFT OFFICE DEPOT INDIA PVT LTD TAXINV/2407/318 ADV - office supplies exp,OFFICE DEPOT INDIA PVT LTD,True,12%,TRUE,Office Supplies,0,3689.0481396787254,5
TXN0001319,2024-07-06,8024.57,INR,#IMPS FIGMA INDIA PVT LTD INV/2407/319 FY24 - software exp,FIGMA INDIA PVT LTD,True,18%,TRUE,Software,0,6028.370133433495,5
TXN0001320,2024-07-06,9407.46,INR,#RTGS STAPLES INDIA PVT LTD INV/2407/320 RENT - office supplies exp- ref 4354,STAPLES INDIA PVT LTD,True,12%,TRUE,Office Supplies,0,7385.253995681323,5
TXN0001321,2024-07-06,118395.17,INR,!UPI IND.iqube TAXINV/2407/321 GST - rent exp,IND.iqube,True,18%,TRUE,Rent,0,95252.70219909442,5
TXN0001322,2024-07-07,77492.92,INR,NEFT WEWORK INDIA PVT LTD TAXINV/2407/322 TDS - rent exp,WEWORK INDIA PVT LTD,True,18%,TRUE,Rent,0,65278.13105903566,6
TXN0001323,2024-07-07,31971.66,INR,-auto-debit techm india pvt ltd rcpt/2407/323 subs - it services exp /  ref 6076,TECHM INDIA PVT LTD,True,18%,TRUE,IT Services,0,25397.01096299834,6
TXN0001324,2024-07-07,3852.67,INR,-CARD STAPLES RCPT/2407/324 FY25 - office supplies exp,STAPLES,True,12%,TRUE,Office Supplies,0,3232.082423049592,6
TXN0001325,2024-07-07,4576.05,INR, / NEFT OLA Pvt Ltd INV/2407/325 TDS - travel exp,OLA Pvt Ltd,True,5%,FALSE,Travel,0,3684.4430516713483,6
TXN0001326,2024-07-07,10749.81,INR,-UPI Kseb TAXINV/2407/326 ADV - utilities exp,Kseb,True,18%,TRUE,Utilities,0,6900.9767800274785,6
TXN0001327,2024-07-07,32964.72,INR,#NEFT WIPRO Pvt Ltd RCPT/2407/327 GST - it services exp /  ref 9912,WIPRO Pvt Ltd,True,18%,TRUE,IT Services,0,23894.581740534006,6
TXN0001328,2024-07-07,3790.97,INR, / rtgs rap.ido rcpt/2407/328 gst - travel exp /  ref 3304,RAP.ido,True,5%,FALSE,Travel,0,2989.077471910882,6
TXN0001329,2024-07-07,3490.56,INR,IMPS Stamp Duty BILL/2407/329 FY25 - exempt services exp,Stamp Duty,False,exempt,FALSE,Exempt Services,0,2454.6470334742835,6
TXN0001330,2024-07-08,28563.96,INR, CARD WIP.ro RCPT/2407/330 SUBS - it services exp# ref 1289,WIP.ro,True,18%,TRUE,IT Services,0,30277.594024646238,0
TXN0001331,2024-07-08,10000.5,INR, neft fig.ma inv/2407/331 q1 - software exp,FIG.ma,True,18%,TRUE,Software,0,11531.327369885314,0
TXN0001332,2024-07-08,3441.89,INR,!AUTO-DEBIT ZOMATO INDIA PVT LTD RCPT/2407/332 SUBS - meals exp* ref 1580,ZOMATO INDIA PVT LTD,True,5%,FALSE,Meals,0,3861.3744229738477,0
TXN0001333,2024-07-08,46798.13,INR,-RTGS WIPRO TAXINV/2407/333 Q1 - it services exp,WIPRO,True,18%,TRUE,IT Services,0,45799.257277863486,0
TXN0001334,2024-07-08,40192.68,INR,card hcl bill/2407/334 fy25 - it services exp,HCL,True,18%,TRUE,IT Services,0,46184.30785860463,0
TXN0001335,2024-07-08,120487.54,INR,UPI AWFIS INDIA PVT LTD TAXINV/2407/335 Q2 - rent exp* ref 6850,AWFIS INDIA PVT LTD,True,18%,TRUE,Rent,0,122278.79761963377,0
TXN0001336,2024-07-08,5955.08,INR,-IMPS RAPIDO Pvt Ltd RCPT/2407/336 ADV - travel exp,RAPIDO Pvt Ltd,True,5%,FALSE,Travel,0,5754.3426075114385,0
TXN0001337,2024-07-08,4957.23,INR, IMPS STAMP DUTY INDIA PVT LTD RCPT/2407/337 FY24 - exempt services exp# ref 2754,STAMP DUTY INDIA PVT LTD,False,exempt,FALSE,Exempt Services,0,4653.1521914214945,0
TXN0001338,2024-07-08,7330.36,INR,auto-debit adobe taxinv/2407/338 q2 - software exp,ADOBE,True,18%,TRUE,Software,0,7108.638830895488,0
TXN0001339,2024-07-08,6116.44,INR,rtgs adobe india pvt ltd inv/2407/339 tds - software exp,ADOBE INDIA PVT LTD,True,18%,TRUE,Software,0,5879.013978000168,0
TXN0001340,2024-07-08,94158.71,INR,#neft awfis taxinv/2407/340 q1 - rent exp,AWFIS,True,18%,TRUE,Rent,0,95763.32716619491,0
TXN0001341,2024-07-08,3334.25,INR,AUTO-DEBIT RAP.ido TAXINV/2407/341 Q1 - travel exp! ref 3208,RAP.ido,True,5%,FALSE,Travel,0,3387.789379631551,0
TXN0001342,2024-07-08,5702.37,INR,!CARD IKEA TAXINV/2407/342 TDS - office supplies exp,IKEA,True,12%,TRUE,Office Supplies,0,5704.106953394223,0
TXN0001343,2024-07-09,15842.93,INR,AUTO-DEBIT KSEB INDIA PVT LTD INV/2407/343 TDS - utilities exp,KSEB INDIA PVT LTD,True,18%,TRUE,Utilities,0,16535.168083761953,1
TXN0001344,2024-07-09,10230.71,INR,-card kseb pvt ltd bill/2407/344 tds - utilities exp,KSEB Pvt Ltd,True,18%,TRUE,Utilities,0,11448.825674991936,1
TXN0001345,2024-07-09,10540.97,INR,*auto-debit bescom rcpt/2407/345 subs - utilities exp,BESCOM,True,18%,TRUE,Utilities,0,11541.892165506293,1
TXN0001346,2024-07-09,25510.58,INR, UPI TECHM TAXINV/2407/346 ADV - it services exp# ref 3347,TECHM,True,18%,TRUE,IT Services,0,21722.51915840213,1
TXN0001347,2024-07-09,42025.56,INR,imps hcl pvt ltd rcpt/2407/347 gst - it services exp /  ref 6591,HCL Pvt Ltd,True,18%,TRUE,IT Services,0,31292.563410990977,1
TXN0001348,2024-07-09,22978.18,INR,!RTGS HCL TAXINV/2407/348 RENT - it services exp! ref 2771,HCL,True,18%,TRUE,IT Services,0,25125.077109804006,1
TXN0001349,2024-07-09,14014.13,INR,neft kseb pvt ltd bill/2407/349 fy25 - utilities exp,KSEB Pvt Ltd,True,18%,TRUE,Utilities,0,12098.568422617549,1
TXN0001350,2024-07-09,15290.44,INR,CARD SIMPLILEARN INV/2407/350 Q1 - training exp- ref 3199,SIMPLILEARN,True,18%,unknown,Training,0,14946.763810828405,1
TXN0001351,2024-07-09,71201.08,INR,!IMPS AWFIS RCPT/2407/351 GST - rent exp,AWFIS,True,18%,TRUE,Rent,0,62869.74888225055,1
TXN0001352,2024-07-09,3271.58,INR, / RTGS RAPIDO Pvt Ltd RCPT/2407/352 ADV - travel exp,RAPIDO Pvt Ltd,True,5%,FALSE,Travel,0,2682.0476840021956,1
TXN0001353,2024-07-09,4181.86,INR,UPI Office Depot TAXINV/2407/353 FY24 - office supplies exp /  ref 4275,Office Depot,True,12%,TRUE,Office Supplies,0,4408.292132457048,1
TXN0001354,2024-07-09,106624.35,INR,auto-debit wework rcpt/2407/354 subs - rent exp,Wework,True,18%,TRUE,Rent,0,114718.79255164156,1
TXN0001355,2024-07-09,30461.91,INR,*AUTO-DEBIT HCL INV/2407/355 FY25 - it services exp- ref 6698,HCL,True,18%,TRUE,IT Services,0,28705.749205899872,1
TXN0001356,2024-07-09,761798.32,INR,upi indiqube india pvt ltd inv/2407/356 q2 - rent exp,INDIQUBE INDIA PVT LTD,True,18%,TRUE,Rent,1,564413.1534795058,1
TXN0001357,2024-07-10,69922.28,INR,UPI Awfis INV/2407/357 RENT - rent exp,Awfis,True,18%,TRUE,Rent,0,66102.81427408443,2
TXN0001358,2024-07-10,3193.34,INR,*UPI DOM.inos INV/2407/358 RENT - meals exp* ref 9871,DOM.inos,True,5%,FALSE,Meals,0,3318.456340261217,2
TXN0001359,2024-07-10,113043.86,INR,*NEFT INDIQUBE RCPT/2407/359 TDS - rent exp /  ref 1672,INDIQUBE,True,18%,TRUE,Rent,0,96325.67276671171,2
TXN0001360,2024-07-10,3788.51,INR,#UPI Dominos BILL/2407/360 Q1 - meals exp- ref 8705,Dominos,True,5%,FALSE,Meals,0,3857.976088968253,2
TXN0001361,2024-07-10,31872.6,INR,auto-debit tcs india pvt ltd rcpt/2407/361 q1 - it services exp,TCS INDIA PVT LTD,True,18%,TRUE,IT Services,0,31823.80353012488,2
TXN0001362,2024-07-10,10335.89,INR,RTGS Adobe RCPT/2407/362 ADV - software exp,Adobe,True,18%,TRUE,Software,0,10934.63932178119,2
TXN0001363,2024-07-10,16982.4,INR, / neft airtel bill/2407/363 q2 - utilities exp,AIRTEL,True,18%,TRUE,Utilities,0,17185.476164855656,2
TXN0001364,2024-07-10,31971.39,INR,rtgs infy bill/2407/364 fy24 - it services exp* ref 3673,INFY,True,18%,TRUE,IT Services,0,28860.353339418885,2
TXN0001365,2024-07-10,42823.75,INR,AUTO-DEBIT Wipro INV/2407/365 TDS - it services exp! ref 8280,Wipro,True,18%,TRUE,IT Services,0,47947.91788444048,2
TXN0001366,2024-07-10,126303.77,INR,CARD INDIQUBE INV/2407/366 ADV - rent exp,INDIQUBE,True,18%,TRUE,Rent,0,124301.48172702035,2
TXN0001367,2024-07-10,3078.12,INR, UPI RAPIDO INDIA PVT LTD TAXINV/2407/367 RENT - travel exp,RAPIDO INDIA PVT LTD,True,5%,FALSE,Travel,0,3069.7153350843687,2
TXN0001368,2024-07-10,29691.68,INR,#AUTO-DEBIT HCL INDIA PVT LTD RCPT/2407/368 Q2 - it services exp,HCL INDIA PVT LTD,True,18%,TRUE,IT Services,0,26920.650640494558,2
TXN0001369,2024-07-11,10442.23,INR,RTGS Adobe INV/2407/369 SUBS - software exp# ref 1637,Adobe,True,18%,TRUE,Software,0,9979.344477814047,3
TXN0001370,2024-07-11,11378.08,INR,CARD BESCOM Pvt Ltd RCPT/2407/370 GST - utilities exp,BESCOM Pvt Ltd,True,18%,TRUE,Utilities,0,10371.34439355848,3
TXN0001371,2024-07-11,8217.25,INR,AUTO-DEBIT JIOFIBER Pvt Ltd RCPT/2407/371 FY24 - utilities exp- ref 7647,JIOFIBER Pvt Ltd,True,18%,TRUE,Utilities,0,8075.135898909425,3
TXN0001372,2024-07-11,4201.83,INR,CARD Adobe RCPT/2407/372 FY24 - software exp,Adobe,True,18%,TRUE,Software,0,4921.060804311651,3
TXN0001373,2024-07-11,36460.66,INR,*IMPS TCS INV/2407/373 ADV - it services exp,TCS,True,18%,TRUE,IT Services,0,31458.617887396842,3
TXN0001374,2024-07-11,37053.67,INR,CARD Tcs INV/2407/374 Q1 - it services exp,Tcs,True,18%,TRUE,IT Services,0,31074.83284383365,3
TXN0001375,2024-07-11,2815.11,INR,!UPI ZOM.ato TAXINV/2407/375 TDS - meals exp,ZOM.ato,True,5%,FALSE,Meals,0,3229.2606300630537,3
TXN0001376,2024-07-11,61727.1,INR,RTGS WEWORK BILL/2407/376 FY24 - rent exp! ref 2583,WEWORK,True,18%,TRUE,Rent,0,60435.005644807905,3
TXN0001377,2024-07-11,17594.5,INR,card airtel taxinv/2407/377 adv - utilities exp,AIRTEL,True,18%,unknown,Utilities,1,16417.29996996481,3
TXN0001378,2024-07-12,7587.9,INR,UPI AIRTEL INDIA PVT LTD INV/2407/378 GST - utilities exp,AIRTEL INDIA PVT LTD,True,18%,TRUE,Utilities,0,8376.969277749267,4
TXN0001379,2024-07-12,3275.58,INR,imps kfc bill/2407/379 q2 - meals exp,Kfc,True,5%,FALSE,Meals,0,3077.205785034872,4
TXN0001380,2024-07-12,9693.82,INR,#IMPS CANVA INDIA PVT LTD RCPT/2407/380 Q1 - software exp,CANVA INDIA PVT LTD,True,18%,TRUE,Software,0,11463.920948137556,4
TXN0001381,2024-07-12,4287.48,INR,upi ikea pvt ltd taxinv/2407/381 adv - office supplies exp,IKEA Pvt Ltd,True,12%,TRUE,Office Supplies,0,4578.1393614849685,4
TXN0001382,2024-07-12,3727.39,INR, / NEFT OFFICE DEPOT Pvt Ltd BILL/2407/382 ADV - office supplies exp,OFFICE DEPOT Pvt Ltd,True,12%,TRUE,Office Supplies,0,3545.526389639179,4
TXN0001383,2024-07-12,7700.05,INR, / auto-debit ola pvt ltd inv/2407/383 fy25 - travel exp,OLA Pvt Ltd,True,5%,FALSE,Travel,0,9361.188110755504,4
TXN0001384,2024-07-12,23335.91,INR,!AUTO-DEBIT Wipro INV/2407/384 ADV - it services exp  ref 8875,Wipro,True,18%,TRUE,IT Services,0,21922.419107113714,4
TXN0001385,2024-07-12,4356.89,INR,!neft govt fees rcpt/2407/385 tds - exempt services exp,GOVT FEES,False,exempt,FALSE,Exempt Services,0,4680.212790535363,4
TXN0001386,2024-07-12,64316.78,INR,RTGS Wework RCPT/2407/386 Q1 - rent exp /  ref 2271,Wework,True,18%,TRUE,Rent,0,66241.73350496366,4
TXN0001387,2024-07-12,142748.92,INR,card wew.ork rcpt/2407/387 subs - rent exp  ref 3737,WEW.ork,True,18%,TRUE,Rent,0,161331.13631810862,4
TXN0001388,2024-07-12,128848.65,INR,neft wework rcpt/2407/388 fy25 - rent exp,WEWORK,True,18%,TRUE,Rent,0,148968.51096581394,4
TXN0001389,2024-07-12,38968.18,INR,!UPI Infy TAXINV/2407/389 SUBS - it services exp,Infy,True,18%,TRUE,IT Services,0,39092.89434415416,4
TXN0001390,2024-07-12,5386.88,INR,#auto-debit uber india pvt ltd bill/2407/390 gst - travel exp! ref 6643,UBER INDIA PVT LTD,True,5%,FALSE,Travel,0,4981.022834258955,4
TXN0001391,2024-07-12,22510.32,INR,-IMPS INFY INV/2407/391 Q2 - it services exp  ref 8603,INFY,True,18%,TRUE,IT Services,0,23545.732012864522,4
TXN0001392,2024-07-12,8721.58,INR,CARD IKE.a INV/2407/392 GST - office supplies exp,IKE.a,True,12%,TRUE,Office Supplies,0,8130.505118547742,4
TXN0001393,2024-07-13,9705.71,INR,*upi kseb bill/2407/393 subs - utilities exp,KSEB,True,18%,TRUE,Utilities,0,9327.87621937533,5
TXN0001394,2024-07-13,5947.52,INR,neft kfc bill/2407/394 q2 - meals exp,KFC,True,5%,FALSE,Meals,0,4822.979728985697,5
TXN0001395,2024-07-13,1723.15,INR,imps dominos taxinv/2407/395 fy24 - meals exp,DOMINOS,True,5%,FALSE,Meals,0,1328.1596935085233,5
TXN0001396,2024-07-13,102073.06,INR,*upi ind.iqube inv/2407/396 gst - rent exp,IND.iqube,True,18%,TRUE,Rent,0,83166.51871530937,5
TXN0001397,2024-07-13,5148.98,INR,IMPS Ikea TAXINV/2407/397 FY24 - office supplies exp,Ikea,True,12%,TRUE,Office Supplies,0,3564.2778942189907,5
TXN0001398,2024-07-13,36877.27,INR,-neft hcl pvt ltd taxinv/2407/398 tds - it services exp  ref 3913,HCL Pvt Ltd,True,18%,TRUE,IT Services,0,26635.37814128418,5
TXN0001399,2024-07-13,3844.8,INR, CARD SWIGGY BILL/2407/399 TDS - meals exp* ref 9320,SWIGGY,True,5%,FALSE,Meals,0,3445.0681114611784,5
TXN0001400,2024-07-13,73608.5,INR,IMPS AWF.is TAXINV/2407/400 FY24 - rent exp,AWF.is,True,18%,TRUE,Rent,0,55018.55979730672,5
TXN0001401,2024-07-13,25139.24,INR,*upi simplilearn taxinv/2407/401 tds - training exp# ref 6254,SIMPLILEARN,True,18%,unknown,Training,0,18005.90828381783,5
TXN0001402,2024-07-13,5960.17,INR,-imps staples india pvt ltd rcpt/2407/402 subs - office supplies exp* ref 4100,STAPLES INDIA PVT LTD,True,12%,TRUE,Office Supplies,0,5024.0193308824455,5
TXN0001403,2024-07-14,2813.12,INR, UPI SWIGGY BILL/2407/403 FY25 - meals exp,SWIGGY,True,5%,FALSE,Meals,0,2517.3382457252455,6
TXN0001404,2024-07-14,13492.53,INR,#card canva pvt ltd inv/2407/404 tds - software exp* ref 7857,CANVA Pvt Ltd,True,18%,TRUE,Software,0,11570.06392901982,6
TXN0001405,2024-07-14,15732.51,INR,rtgs upgrad india pvt ltd bill/2407/405 subs - training exp,UPGRAD INDIA PVT LTD,True,18%,unknown,Training,0,13839.63441419335,6
TXN0001406,2024-07-14,125634.39,INR, IMPS Indiqube TAXINV/2407/406 GST - rent exp! ref 7829,Indiqube,True,18%,TRUE,Rent,0,92901.1528554064,6
TXN0001407,2024-07-14,108005.89,INR,IMPS INDIQUBE TAXINV/2407/407 GST - rent exp,INDIQUBE,True,18%,TRUE,Rent,0,74119.59788216431,6
TXN0001408,2024-07-14,26093.81,INR, / AUTO-DEBIT HCL INDIA PVT LTD BILL/2407/408 TDS - it services exp,HCL INDIA PVT LTD,True,18%,TRUE,IT Services,0,24009.08920485861,6
TXN0001409,2024-07-14,14824.06,INR,UPI COURSERA INDIA PVT LTD RCPT/2407/409 RENT - training exp,COURSERA INDIA PVT LTD,True,18%,unknown,Training,0,11476.573976657108,6
TXN0001410,2024-07-14,8513.69,INR,IMPS OFFICE DEPOT INV/2407/410 ADV - office supplies exp,OFFICE DEPOT,True,12%,TRUE,Office Supplies,0,6640.110836490947,6
TXN0001411,2024-07-14,13360.34,INR,-upi sim.plilearn bill/2407/411 tds - training exp,SIM.plilearn,True,18%,unknown,Training,0,12107.88202568893,6
TXN0001412,2024-07-14,8883.06,INR,IMPS ADOBE INDIA PVT LTD TAXINV/2407/412 Q2 - software exp,ADOBE INDIA PVT LTD,True,18%,TRUE,Software,0,7501.72996378453,6
TXN0001413,2024-07-14,849735.76,INR,#RTGS AWFIS INDIA PVT LTD TAXINV/2407/413 ADV - rent exp,AWFIS INDIA PVT LTD,True,18%,TRUE,Rent,1,710779.3393987577,6
TXN0001414,2024-07-14,7333.66,INR,UPI Office Depot BILL/2407/414 GST - office supplies exp,Office Depot,True,12%,TRUE,Office Supplies,0,7137.119287736583,6
TXN0001415,2024-07-14,12344.94,INR,#UPI JIOFIBER INDIA PVT LTD TAXINV/2407/415 SUBS - utilities exp,JIOFIBER INDIA PVT LTD,True,18%,TRUE,Utilities,0,9240.416484564077,6
TXN0001416,2024-07-14,6179.33,INR,*auto-debit office depot rcpt/2407/416 tds - office supplies exp,Office Depot,True,12%,TRUE,Office Supplies,0,5402.138427092498,6
TXN0001417,2024-07-14,36546.72,INR,*AUTO-DEBIT Hcl RCPT/2407/417 Q1 - it services exp,Hcl,True,18%,TRUE,IT Services,0,29404.067416955106,6
TXN0001418,2024-07-15,33207.33,INR,CARD Wipro TAXINV/2407/418 RENT - it services exp# ref 1480,Wipro,True,18%,TRUE,IT Services,0,34099.25324396642,0
TXN0001419,2024-07-15,16594.43,INR,neft upgrad pvt ltd inv/2407/419 subs - training exp,UPGRAD Pvt Ltd,True,18%,unknown,Training,0,19130.836230931294,0
TXN0001420,2024-07-15,77147.01,INR, card awfis inv/2407/420 rent - rent exp,AWFIS,True,18%,TRUE,Rent,0,81064.81101688331,0
TXN0001421,2024-07-15,6556.07,INR,card uber taxinv/2407/421 tds - travel exp,UBER,True,12%,FALSE,Travel,1,6908.980677497493,0
TXN0001422,2024-07-15,27763.36,INR,!NEFT TECHM Pvt Ltd RCPT/2407/422 Q1 - it services exp,TECHM Pvt Ltd,True,18%,TRUE,IT Services,0,30741.00073083735,0
TXN0001423,2024-07-15,27917.75,INR, NEFT TCS Pvt Ltd INV/2407/423 ADV - it services exp,TCS Pvt Ltd,True,18%,TRUE,IT Services,0,26898.88409348041,0
TXN0001424,2024-07-15,74447.72,INR,!upi awfis india pvt ltd bill/2407/424 rent - rent exp,AWFIS INDIA PVT LTD,True,18%,TRUE,Rent,0,68199.99536646524,0
TXN0001425,2024-07-15,12077.86,INR,*RTGS JIOFIBER BILL/2407/425 Q1 - utilities exp,JIOFIBER,True,18%,TRUE,Utilities,0,10815.954082790113,0
TXN0001426,2024-07-15,25411.23,INR,upi infy taxinv/2407/426 q1 - it services exp,Infy,True,18%,TRUE,IT Services,0,20414.476044535088,0
TXN0001427,2024-07-15,2131.04,INR,NEFT Zomato TAXINV/2407/427 FY25 - meals exp,Zomato,True,5%,FALSE,Meals,0,2569.2259642188023,0
TXN0001428,2024-07-15,108605.72,INR, AUTO-DEBIT AWF.is BILL/2407/428 SUBS - rent exp,AWF.is,True,18%,TRUE,Rent,0,96624.24611307733,0
TXN0001429,2024-07-15,96430.55,INR,#AUTO-DEBIT AWFIS TAXINV/2407/429 SUBS - rent exp,AWFIS,True,28%,TRUE,Rent,1,94296.9891388131,0
TXN0001430,2024-07-15,41184.24,INR, / imps hcl pvt ltd taxinv/2407/430 q2 - it services exp,HCL Pvt Ltd,True,18%,TRUE,IT Services,0,40044.20546221827,0
TXN0001431,2024-07-15,92782.04,INR, / UPI INDIQUBE INDIA PVT LTD TAXINV/2407/431 TDS - rent exp /  ref 6551,INDIQUBE INDIA PVT LTD,True,18%,TRUE,Rent,0,95634.22205323918,0
TXN0001432,2024-07-15,4244.66,INR,CARD ZOMATO RCPT/2407/432 FY25 - meals exp,ZOMATO,True,5%,FALSE,Meals,0,4590.912711657705,0
TXN0001433,2024-07-15,60197.82,INR,UPI Infy TAXINV/2407/433 Q1 - it services exp# ref 2378,Infy,True,18%,TRUE,IT Services,0,65377.6828167052,0
TXN0001434,2024-07-15,69794.47,INR, / UPI WEWORK TAXINV/2407/434 SUBS - rent exp,WEWORK,True,18%,TRUE,Rent,0,65724.91192061234,0
TXN0001435,2024-07-15,10380.94,INR, / imps ike.a bill/2407/435 adv - office supplies exp,IKE.a,True,12%,TRUE,Office Supplies,0,10207.451951648609,0
TXN0001436,2024-07-15,50254.03,INR,UPI INFY TAXINV/2407/436 Q1 - it services exp,INFY,True,18%,TRUE,IT Services,0,51674.10813092375,0
TXN0001437,2024-07-15,2859.79,INR, / RTGS INDIGO TAXINV/2407/437 FY24 - travel exp,INDIGO,True,5%,FALSE,Travel,0,2788.6695604251554,0
TXN0001438,2024-07-16,8847.66,INR,*neft ola rcpt/2407/438 q1 - travel exp,OLA,True,5%,FALSE,Travel,0,10269.784715912905,1
TXN0001439,2024-07-16,51311.53,INR,#AUTO-DEBIT INDIQUBE INDIA PVT LTD INV/2407/439 Q1 - rent exp,INDIQUBE INDIA PVT LTD,True,18%,TRUE,Rent,0,53830.79759602347,1
TXN0001440,2024-07-16,4768.94,INR,AUTO-DEBIT OLA Pvt Ltd BILL/2407/440 FY24 - travel exp,OLA Pvt Ltd,True,5%,FALSE,Travel,0,5119.398806900441,1
TXN0001441,2024-07-16,8412.47,INR, RTGS FIGMA INDIA PVT LTD RCPT/2407/441 ADV - software exp,FIGMA INDIA PVT LTD,True,exempt,TRUE,Software,1,8970.116878622654,1
TXN0001442,2024-07-16,67968.56,INR,!rtgs uber taxinv/2407/442 q1 - travel exp,UBER,True,5%,FALSE,Travel,1,75944.49282909228,1
TXN0001443,2024-07-16,134353.91,INR,NEFT AWF.is BILL/2407/443 ADV - rent exp,AWF.is,True,18%,TRUE,Rent,0,136786.00542061374,1
TXN0001444,2024-07-16,42095.46,INR,IMPS TECHM BILL/2407/444 SUBS - it services exp,TECHM,True,18%,TRUE,IT Services,0,36636.38626081026,1
TXN0001445,2024-07-16,4693.95,INR, / NEFT Office Depot BILL/2407/445 GST - office supplies exp,Office Depot,True,12%,TRUE,Office Supplies,0,4881.561526112931,1
TXN0001446,2024-07-16,15156.76,INR,-RTGS AIR.tel RCPT/2407/446 FY25 - utilities exp,AIR.tel,True,18%,TRUE,Utilities,0,14169.513988645176,1
TXN0001447,2024-07-16,5459.34,INR,imps office depot rcpt/2407/447 q1 - office supplies exp,OFFICE DEPOT,True,12%,TRUE,Office Supplies,0,5170.750180465629,1
TXN0001448,2024-07-16,6945.04,INR,CARD OFFICE DEPOT Pvt Ltd RCPT/2407/448 ADV - office supplies exp,OFFICE DEPOT Pvt Ltd,True,12%,TRUE,Office Supplies,0,7352.2721564814865,1
TXN0001449,2024-07-16,8593.07,INR,-UPI JIOFIBER Pvt Ltd TAXINV/2407/449 FY25 - utilities exp# ref 1664,JIOFIBER Pvt Ltd,True,18%,TRUE,Utilities,0,9657.135311264425,1
TXN0001450,2024-07-17,127554.79,INR,#IMPS AWF.is BILL/2407/450 FY25 - rent exp,AWF.is,True,18%,TRUE,Rent,0,127826.11915035371,2
TXN0001451,2024-07-17,8750.59,INR,*CARD Adobe INV/2407/451 TDS - software exp,Adobe,True,18%,TRUE,Software,0,9020.837107171837,2
TXN0001452,2024-07-17,68551.73,INR,!IMPS INDIQUBE INDIA PVT LTD BILL/2407/452 TDS - rent exp,INDIQUBE INDIA PVT LTD,True,18%,TRUE,Rent,0,80220.70792865998,2
TXN0001453,2024-07-17,10110.91,INR,card kseb pvt ltd bill/2407/453 q2 - utilities exp,KSEB Pvt Ltd,True,18%,TRUE,Utilities,0,10354.333373002277,2
TXN0001454,2024-07-17,595262.48,INR,UPI WEWORK INDIA PVT LTD RCPT/2407/454 Q1 - rent exp,WEWORK INDIA PVT LTD,True,18%,TRUE,Rent,1,750130.9142721145,2
TXN0001455,2024-07-17,90822.96,INR,CARD INDIQUBE BILL/2407/455 Q1 - rent exp,INDIQUBE,True,18%,TRUE,Rent,0,95959.08599248079,2
TXN0001456,2024-07-17,20208.09,INR,NEFT Airtel INV/2407/456 GST - utilities exp  ref 4944,Airtel,True,18%,TRUE,Utilities,0,16649.92476943309,2
TXN0001457,2024-07-17,14813.29,INR,auto-debit airtel pvt ltd inv/2407/457 fy25 - utilities exp# ref 8503,AIRTEL Pvt Ltd,True,18%,unknown,Utilities,1,15929.236790249157,2
TXN0001458,2024-07-17,10642.26,INR,auto-debit airtel pvt ltd inv/2407/458 fy25 - utilities exp,AIRTEL Pvt Ltd,True,18%,TRUE,Utilities,0,11047.89866331026,2
TXN0001459,2024-07-17,10734.23,INR,imps kseb pvt ltd inv/2407/459 rent - utilities exp,KSEB Pvt Ltd,True,18%,TRUE,Utilities,0,12118.680270545761,2
TXN0001460,2024-07-17,23422.71,INR,#upi wipro inv/2407/460 q1 - it services exp,Wipro,True,18%,TRUE,IT Services,0,24999.483156820435,2
TXN0001461,2024-07-18,30208.46,INR,NEFT WIPRO RCPT/2407/461 FY25 - it services exp# ref 7240,WIPRO,True,18%,TRUE,IT Services,0,29790.20579460655,3
TXN0001462,2024-07-18,22245.06,INR,IMPS TCS RCPT/2407/462 TDS - it services exp,TCS,True,18%,TRUE,IT Services,0,19521.601227584888,3
TXN0001463,2024-07-18,9481.89,INR,UPI ADOBE INDIA PVT LTD RCPT/2407/463 SUBS - software exp- ref 2018,ADOBE INDIA PVT LTD,True,18%,TRUE,Software,0,9283.69644669722,3
TXN0001464,2024-07-18,80937.5,INR,IMPS INDIQUBE INV/2407/464 GST - rent exp,INDIQUBE,True,18%,TRUE,Rent,0,74053.60007374348,3
TXN0001465,2024-07-18,51273.0,INR,NEFT INFY RCPT/2407/465 GST - it services exp- ref 3830,INFY,True,18%,TRUE,IT Services,0,48296.482115816245,3
TXN0001466,2024-07-18,22975.42,INR,#IMPS Simplilearn BILL/2407/466 Q1 - training exp,Simplilearn,True,18%,unknown,Training,0,24327.703604449336,3
TXN0001467,2024-07-18,30348.1,INR,imps infy india pvt ltd bill/2407/467 tds - it services exp# ref 4325,INFY INDIA PVT LTD,True,18%,TRUE,IT Services,0,35415.942888850695,3
TXN0001468,2024-07-18,11460.08,INR, neft bes.com taxinv/2407/468 q1 - utilities exp,BES.com,True,18%,TRUE,Utilities,0,11912.376730549375,3
TXN0001469,2024-07-18,29183.03,INR,#UPI Tcs INV/2407/469 ADV - it services exp,Tcs,True,18%,TRUE,IT Services,0,25693.080872413535,3
TXN0001470,2024-07-18,10989.3,INR,#UPI Figma BILL/2407/470 ADV - software exp,Figma,True,18%,TRUE,Software,0,11477.887210187157,3
TXN0001471,2024-07-18,32601.59,INR, / IMPS TCS RCPT/2407/471 ADV - it services exp,TCS,True,18%,TRUE,IT Services,0,36502.7989108712,3
TXN0001472,2024-07-18,18136.08,INR,imps hcl rcpt/2407/472 rent - it services exp,Hcl,True,28%,TRUE,IT Services,1,17030.172846463134,3
TXN0001473,2024-07-19,20626.58,INR, NEFT HCL RCPT/2407/473 FY24 - it services exp,HCL,True,18%,TRUE,IT Services,0,20350.148419024776,4
TXN0001474,2024-07-19,96655.55,INR,-NEFT Wework INV/2407/474 FY25 - rent exp,Wework,True,18%,TRUE,Rent,0,96797.51955400578,4
TXN0001475,2024-07-19,7529.15,INR,-upi ikea rcpt/2407/475 q2 - office supplies exp,IKEA,True,12%,TRUE,Office Supplies,0,6938.188286605685,4
TXN0001476,2024-07-19,7511.99,INR,IMPS CANVA BILL/2407/476 FY25 - software exp,CANVA,True,18%,TRUE,Software,0,7998.977613623073,4
TXN0001477,2024-07-19,97069.93,INR,neft indiqube india pvt ltd taxinv/2407/477 adv - rent exp,INDIQUBE INDIA PVT LTD,True,18%,TRUE,Rent,0,95895.8871681013,4
TXN0001478,2024-07-19,25951.13,INR,NEFT SIMPLILEARN INDIA PVT LTD INV/2407/478 RENT - training exp  ref 4758,SIMPLILEARN INDIA PVT LTD,True,18%,unknown,Training,0,27039.864099104896,4
TXN0001479,2024-07-19,2977.55,INR,!auto-debit kfc bill/2407/479 subs - meals exp,KFC,True,5%,FALSE,Meals,0,2713.2947665985357,4
TXN0001480,2024-07-19,4147.74,INR,CARD INDIGO Pvt Ltd BILL/2407/480 RENT - travel exp /  ref 8406,INDIGO Pvt Ltd,True,5%,FALSE,Travel,0,3966.2936709416576,4
TXN0001481,2024-07-19,12514.09,INR,CARD CANVA INV/2407/481 Q1 - software exp,CANVA,True,18%,TRUE,Software,0,13418.084532617893,4
TXN0001482,2024-07-19,5546.34,INR,CARD CAN.va INV/2407/482 RENT - software exp! ref 3086,CAN.va,True,18%,TRUE,Software,0,5339.554057522735,4
TXN0001483,2024-07-19,63743.07,INR, IMPS Tcs INV/2407/483 TDS - it services exp,Tcs,True,18%,TRUE,IT Services,0,74751.26776566406,4
TXN0001484,2024-07-19,14375.73,INR,UPI STAPLES INV/2407/484 SUBS - office supplies exp,STAPLES,True,12%,TRUE,Office Supplies,0,13801.22380973746,4
TXN0001485,2024-07-19,10877.69,INR,CARD BESCOM INV/2407/485 TDS - utilities exp,BESCOM,True,18%,TRUE,Utilities,0,11122.095079446404,4
TXN0001486,2024-07-19,40641.95,INR,*IMPS TECHM INDIA PVT LTD TAXINV/2407/486 Q1 - it services exp,TECHM INDIA PVT LTD,True,18%,TRUE,IT Services,0,44432.18099594445,4
TXN0001487,2024-07-19,7676.51,INR,imps sta.ples rcpt/2407/487 subs - office supplies exp,STA.ples,True,12%,TRUE,Office Supplies,0,6587.700126748226,4
TXN0001488,2024-07-19,14769.12,INR,!UPI KSEB Pvt Ltd RCPT/2407/488 TDS - utilities exp,KSEB Pvt Ltd,True,18%,TRUE,Utilities,0,12168.560335879849,4
TXN0001489,2024-07-20,14364.27,INR,UPI COU.rsera TAXINV/2407/489 FY24 - training exp,COU.rsera,True,18%,unknown,Training,0,9738.220861624817,5
TXN0001490,2024-07-20,33175.27,INR,CARD WIP.ro RCPT/2407/490 ADV - it services exp,WIP.ro,True,18%,TRUE,IT Services,0,29891.141482312374,5
TXN0001491,2024-07-20,9410.23,INR, / upi bescom rcpt/2407/491 fy24 - utilities exp,BESCOM,True,18%,TRUE,Utilities,0,7112.735033582282,5
TXN0001492,2024-07-20,24060.96,INR,rtgs wipro bill/2407/492 rent - it services exp* ref 5744,WIPRO,True,18%,TRUE,IT Services,0,24172.98645475939,5
TXN0001493,2024-07-20,81901.09,INR,neft wework bill/2407/493 tds - rent exp# ref 2944,Wework,True,18%,TRUE,Rent,0,61823.87253120619,5
TXN0001494,2024-07-20,77051.11,INR,#upi awfis bill/2407/494 q1 - rent exp /  ref 7222,Awfis,True,18%,TRUE,Rent,0,62778.47862106227,5
TXN0001495,2024-07-20,5885.2,INR,neft staples inv/2407/495 tds - office supplies exp,STAPLES,True,12%,TRUE,Office Supplies,0,5434.210039428198,5
TXN0001496,2024-07-20,4842.24,INR,*upi staples inv/2407/496 tds - office supplies exp,STAPLES,True,12%,TRUE,Office Supplies,0,4650.9106581407705,5
TXN0001497,2024-07-20,94831.65,INR, rtgs wework india pvt ltd bill/2407/497 gst - rent exp,WEWORK INDIA PVT LTD,True,18%,TRUE,Rent,0,91504.98285226649,5
TXN0001498,2024-07-21,27970.45,INR,upi inf.y inv/2407/498 fy24 - it services exp,INF.y,True,18%,TRUE,IT Services,0,108809.35981211973,6
TXN0001499,2024-07-21,10301.7,INR, / auto-debit kseb india pvt ltd taxinv/2407/499 tds - utilities exp,KSEB INDIA PVT LTD,True,18%,TRUE,Utilities,0,39080.643638712376,6
TXN0001500,2024-07-21,68946.86,INR,IMPS INDIQUBE Pvt Ltd TAXINV/2407/500 Q1 - rent exp,INDIQUBE Pvt Ltd,True,18%,TRUE,Rent,0,287341.54970740754,6
TXN0001501,2024-07-21,5350.47,INR,*card staples bill/2407/501 q2 - office supplies exp,STAPLES,True,12%,TRUE,Office Supplies,0,13183.313749725748,6
TXN0001502,2024-07-21,82658.59,INR,card wew.ork taxinv/2407/502 subs - rent exp,WEW.ork,True,18%,TRUE,Rent,0,138293.53571334755,6
TXN0001503,2024-07-21,84745.22,INR, / RTGS WEWORK Pvt Ltd RCPT/2407/503 ADV - rent exp,WEWORK Pvt Ltd,True,18%,TRUE,Rent,0,189048.70080428955,6
TXN0001504,2024-07-21,18615.8,INR,IMPS JIOFIBER INDIA PVT LTD RCPT/2407/504 ADV - utilities exp! ref 2806,JIOFIBER INDIA PVT LTD,True,18%,TRUE,Utilities,0,62972.873999249416,6
TXN0001505,2024-07-21,41438.87,INR,AUTO-DEBIT Tcs TAXINV/2407/505 TDS - it services exp  ref 3687,Tcs,True,18%,TRUE,IT Services,0,108003.95247235513,6
TXN0001506,2024-07-21,6742.02,INR,!IMPS MICROSOFT Pvt Ltd BILL/2407/506 Q2 - software exp,MICROSOFT Pvt Ltd,True,18%,TRUE,Software,0,22931.100197112733,6
TXN0001507,2024-07-21,43431.97,INR,upi techm pvt ltd bill/2407/507 subs - it services exp,TECHM Pvt Ltd,True,18%,TRUE,IT Services,0,135577.9248414232,6
TXN0001508,2024-07-21,67729.53,INR, CARD WEW.ork INV/2407/508 TDS - rent exp,WEW.ork,True,18%,TRUE,Rent,0,284296.41829282773,6
TXN0001509,2024-07-21,26479.89,INR,*neft wip.ro rcpt/2407/509 fy24 - it services exp,WIP.ro,True,18%,TRUE,IT Services,0,103513.30061806696,6
TXN0001510,2024-07-21,7899.58,INR, / imps ado.be rcpt/2407/510 fy25 - software exp,ADO.be,True,18%,TRUE,Software,0,16014.909423318617,6
TXN0001511,2024-07-21,18364.81,INR,-rtgs cou.rsera bill/2407/511 q1 - training exp,COU.rsera,True,18%,unknown,Training,0,43848.96366990213,6
TXN0001512,2024-07-21,11042.67,INR,neft coursera india pvt ltd inv/2407/512 fy25 - training exp* ref 2878,COURSERA INDIA PVT LTD,True,18%,unknown,Training,0,33171.418079514326,6
TXN0001513,2024-07-22,42276.25,INR, NEFT INFY Pvt Ltd RCPT/2407/513 Q1 - it services exp,INFY Pvt Ltd,True,18%,TRUE,IT Services,0,39245.79403686157,0
TXN0001514,2024-07-22,200307.2,INR,neft techm bill/2407/514 q1 - it services exp,TECHM,True,18%,TRUE,IT Services,1,162919.12765366232,0
TXN0001515,2024-07-22,96540.83,INR,UPI INDIQUBE Pvt Ltd BILL/2407/515 Q2 - rent exp,INDIQUBE Pvt Ltd,True,18%,TRUE,Rent,0,95742.62379637767,0
TXN0001516,2024-07-22,7563.82,INR,rtgs figma india pvt ltd bill/2407/516 adv - software exp,FIGMA INDIA PVT LTD,True,18%,TRUE,Software,0,7471.732376114035,0
TXN0001517,2024-07-22,6369.15,INR, / IMPS MICROSOFT BILL/2407/517 SUBS - software exp,MICROSOFT,True,18%,TRUE,Software,0,7333.088843217062,0
TXN0001518,2024-07-22,33779.08,INR,#NEFT INFY Pvt Ltd BILL/2407/518 TDS - it services exp,INFY Pvt Ltd,True,18%,TRUE,IT Services,0,35909.90383575106,0
TXN0001519,2024-07-22,9437.8,INR,AUTO-DEBIT CANVA INDIA PVT LTD TAXINV/2407/519 RENT - software exp# ref 9252,CANVA INDIA PVT LTD,True,18%,TRUE,Software,0,8471.192958934582,0
TXN0001520,2024-07-22,6178.54,INR,AUTO-DEBIT Staples TAXINV/2407/520 GST - office supplies exp! ref 3735,Staples,True,12%,TRUE,Office Supplies,0,7324.098508479844,0
TXN0001521,2024-07-22,6085.22,INR,UPI OLA Pvt Ltd INV/2407/521 SUBS - travel exp,OLA Pvt Ltd,True,5%,FALSE,Travel,0,6828.245866468479,0
TXN0001522,2024-07-22,5859.01,INR,UPI STAPLES INDIA PVT LTD BILL/2407/522 FY24 - office supplies exp,STAPLES INDIA PVT LTD,True,12%,TRUE,Office Supplies,0,6200.061626559966,0
TXN0001523,2024-07-23,5872.35,INR,AUTO-DEBIT STAMP DUTY INV/2407/523 SUBS - exempt services exp- ref 1766,STAMP DUTY,False,exempt,unknown,Exempt Services,1,5739.350610211919,1
TXN0001524,2024-07-23,2613.3,INR,-neft swiggy rcpt/2407/524 q2 - meals exp,SWIGGY,True,5%,FALSE,Meals,0,2362.5697442670535,1
TXN0001525,2024-07-23,9850.0,INR,UPI ADO.be RCPT/2407/525 Q2 - software exp,ADO.be,True,18%,TRUE,Software,0,9483.376325570012,1
TXN0001526,2024-07-23,8210.52,INR, IMPS STAPLES TAXINV/2407/526 Q1 - office supplies exp  ref 8491,STAPLES,True,12%,TRUE,Office Supplies,0,9104.43923170536,1
TXN0001527,2024-07-23,4034.42,INR,upi ike.a inv/2407/527 q1 - office supplies exp# ref 6254,IKE.a,True,12%,TRUE,Office Supplies,0,4794.74126843887,1
TXN0001528,2024-07-23,4235.55,INR, upi govt fees india pvt ltd rcpt/2407/528 q2 - exempt services exp /  ref 1843,GOVT FEES INDIA PVT LTD,False,exempt,FALSE,Exempt Services,0,4889.198512617328,1
TXN0001529,2024-07-23,4717.06,INR,upi zomato india pvt ltd bill/2407/529 tds - meals exp,ZOMATO INDIA PVT LTD,True,5%,FALSE,Meals,0,4486.466794646884,1
TXN0001530,2024-07-23,12132.15,INR,auto-debit kse.b inv/2407/530 fy24 - utilities exp,KSE.b,True,18%,TRUE,Utilities,0,10773.813335672272,1
TXN0001531,2024-07-23,9708.87,INR,upi fig.ma rcpt/2407/531 gst - software exp,FIG.ma,True,18%,TRUE,Software,0,9845.65462560488,1
TXN0001532,2024-07-23,40701.89,INR,rtgs inf.y taxinv/2407/532 rent - it services exp,INF.y,True,18%,TRUE,IT Services,0,33504.0075471191,1
TXN0001533,2024-07-23,8629.06,INR,upi adobe india pvt ltd inv/2407/533 adv - software exp,ADOBE INDIA PVT LTD,True,18%,TRUE,Software,0,8907.923359576333,1
TXN0001534,2024-07-23,3926.74,INR,NEFT KFC INV/2407/534 FY25 - meals exp,KFC,True,5%,FALSE,Meals,0,3868.7803020277565,1
TXN0001535,2024-07-24,2120.7,INR,!AUTO-DEBIT DOMINOS RCPT/2407/535 FY24 - meals exp* ref 2862,DOMINOS,True,5%,FALSE,Meals,0,2021.8676390488017,2
TXN0001536,2024-07-24,10709.68,INR, / upi airtel india pvt ltd taxinv/2407/536 adv - utilities exp,AIRTEL INDIA PVT LTD,True,18%,TRUE,Utilities,0,9001.804045455414,2
TXN0001537,2024-07-24,4958.16,INR, / UPI STAPLES INDIA PVT LTD INV/2407/537 Q1 - office supplies exp,STAPLES INDIA PVT LTD,True,12%,TRUE,Office Supplies,0,5212.81115043897,2
TXN0001538,2024-07-24,64726.3,INR,!card indiqube taxinv/2407/538 subs - rent exp,Indiqube,True,18%,TRUE,Rent,0,61278.32456417912,2
TXN0001539,2024-07-24,30019.9,INR,IMPS COURSERA Pvt Ltd RCPT/2407/539 Q2 - training exp# ref 3340,COURSERA Pvt Ltd,True,18%,unknown,Training,0,26507.821358366073,2
TXN0001540,2024-07-24,35829.63,INR,upi infy pvt ltd taxinv/2407/540 subs - it services exp,INFY Pvt Ltd,True,18%,TRUE,IT Services,0,25538.420763513743,2
TXN0001541,2024-07-24,5211.79,INR,NEFT OFFICE DEPOT TAXINV/2407/541 ADV - office supplies exp,OFFICE DEPOT,True,12%,TRUE,Office Supplies,0,5197.449809300614,2
TXN0001542,2024-07-24,9556.92,INR,CARD KSEB Pvt Ltd BILL/2407/542 Q2 - utilities exp,KSEB Pvt Ltd,True,18%,TRUE,Utilities,0,11250.646672924502,2
TXN0001543,2024-07-24,73487.59,INR,UPI AWFIS INDIA PVT LTD TAXINV/2407/543 RENT - rent exp /  ref 1433,AWFIS INDIA PVT LTD,True,18%,TRUE,Rent,0,85695.78360424159,2
TXN0001544,2024-07-24,23589.36,INR,CARD Infy TAXINV/2407/544 SUBS - it services exp,Infy,True,18%,TRUE,IT Services,0,22511.09918487341,2
TXN0001545,2024-07-24,51560.29,INR,-neft hcl bill/2407/545 gst - it services exp,Hcl,True,18%,TRUE,IT Services,0,48455.26715262491,2
TXN0001546,2024-07-24,6749.94,INR,-AUTO-DEBIT OFFICE DEPOT TAXINV/2407/546 ADV - office supplies exp,OFFICE DEPOT,True,12%,TRUE,Office Supplies,0,7066.359810205105,2
TXN0001547,2024-07-24,73565.12,INR,!auto-debit airtel india pvt ltd inv/2407/547 fy25 - utilities exp! ref 3888,AIRTEL INDIA PVT LTD,True,18%,TRUE,Utilities,1,66220.48553598605,2
TXN0001548,2024-07-24,13973.77,INR,CARD AIRTEL INDIA PVT LTD RCPT/2407/548 SUBS - utilities exp,AIRTEL INDIA PVT LTD,True,18%,TRUE,Utilities,0,14395.487059594027,2
TXN0001549,2024-07-25,9705.4,INR,#card kseb india pvt ltd bill/2407/549 fy25 - utilities exp,KSEB INDIA PVT LTD,True,18%,TRUE,Utilities,0,10448.911553383477,3
TXN0001550,2024-07-25,7329.92,INR,CARD STAPLES INDIA PVT LTD INV/2407/550 GST - office supplies exp,STAPLES INDIA PVT LTD,True,12%,TRUE,Office Supplies,0,8229.252237641407,3
TXN0001551,2024-07-25,8510.63,INR,AUTO-DEBIT IKEA INV/2407/551 Q1 - office supplies exp,IKEA,True,12%,TRUE,Office Supplies,0,8425.392571208742,3
TXN0001552,2024-07-25,5523.41,INR,RTGS OFFICE DEPOT Pvt Ltd BILL/2407/552 Q2 - office supplies exp,OFFICE DEPOT Pvt Ltd,True,12%,TRUE,Office Supplies,0,5410.912637153504,3
TXN0001553,2024-07-25,5113.02,INR,#RTGS STAMP DUTY BILL/2407/553 Q1 - exempt services exp* ref 5698,STAMP DUTY,False,exempt,FALSE,Exempt Services,0,4664.105747426198,3
TXN0001554,2024-07-25,14970.12,INR, / auto-debit bescom pvt ltd inv/2407/554 rent - utilities exp  ref 7230,BESCOM Pvt Ltd,True,18%,TRUE,Utilities,0,13732.270187438082,3
TXN0001555,2024-07-25,79650.3,INR,-UPI AWF.is RCPT/2407/555 TDS - rent exp,AWF.is,True,28%,TRUE,Rent,1,77846.38883163758,3
TXN0001556,2024-07-25,14839.9,INR,#AUTO-DEBIT JIOFIBER INDIA PVT LTD RCPT/2407/556 TDS - utilities exp,JIOFIBER INDIA PVT LTD,True,18%,TRUE,Utilities,0,15385.066738460138,3
TXN0001557,2024-07-25,5033.86,INR, CARD AIRTEL INDIA PVT LTD BILL/2407/557 RENT - utilities exp,AIRTEL INDIA PVT LTD,True,18%,TRUE,Utilities,0,5493.745710661051,3
TXN0001558,2024-07-25,1905.07,INR,rtgs zomato bill/2407/558 fy25 - meals exp,ZOMATO,True,5%,FALSE,Meals,0,1752.0587876427394,3
TXN0001559,2024-07-25,12025.63,INR,-upi jiofiber inv/2407/559 adv - utilities exp,JIOFIBER,True,18%,TRUE,Utilities,0,13820.682043553668,3
TXN0001560,2024-07-25,2135.18,INR, AUTO-DEBIT ZOMATO INDIA PVT LTD RCPT/2407/560 RENT - meals exp,ZOMATO INDIA PVT LTD,True,5%,FALSE,Meals,0,2077.2902309525925,3
TXN0001561,2024-07-26,16485.85,INR,!CARD KSEB INV/2407/561 GST - utilities exp# ref 1826,KSEB,True,18%,TRUE,Utilities,0,16450.624199046582,4
TXN0001562,2024-07-26,8350.96,INR, / neft canva bill/2407/562 tds - software exp,CANVA,True,18%,TRUE,Software,0,7726.9665155903685,4
TXN0001563,2024-07-26,56348.84,INR,#upi wework rcpt/2407/563 subs - rent exp,Wework,True,18%,TRUE,Rent,0,42688.52734523216,4
TXN0001564,2024-07-26,7428.03,INR,upi microsoft inv/2407/564 fy24 - software exp,MICROSOFT,True,18%,TRUE,Software,0,8084.701572553177,4
TXN0001565,2024-07-26,4159.98,INR,imps staples rcpt/2407/565 fy25 - office supplies exp,Staples,True,12%,TRUE,Office Supplies,0,4466.505587502658,4
TXN0001566,2024-07-26,9030.85,INR,#NEFT CANVA Pvt Ltd RCPT/2407/566 Q1 - software exp,CANVA Pvt Ltd,True,18%,TRUE,Software,0,8776.787303079898,4
TXN0001567,2024-07-26,17573.18,INR,upi simplilearn india pvt ltd rcpt/2407/567 fy24 - training exp! ref 4599,SIMPLILEARN INDIA PVT LTD,True,18%,unknown,Training,0,17690.903993212178,4
TXN0001568,2024-07-26,4797.1,INR, / IMPS OFFICE DEPOT TAXINV/2407/568 FY25 - office supplies exp,OFFICE DEPOT,True,12%,TRUE,Office Supplies,0,5044.601202124834,4
TXN0001569,2024-07-26,6116.48,INR,auto-debit uber pvt ltd taxinv/2407/569 rent - travel exp,UBER Pvt Ltd,True,5%,FALSE,Travel,0,5160.751951727059,4
TXN0001570,2024-07-26,129441.0,INR,#IMPS AWFIS BILL/2407/570 SUBS - rent exp,AWFIS,True,18%,TRUE,Rent,1,122592.88923916183,4
TXN0001571,2024-07-26,19717.09,INR,IMPS AIR.tel TAXINV/2407/571 SUBS - utilities exp,AIR.tel,True,18%,TRUE,Utilities,0,21283.148817192476,4
TXN0001572,2024-07-26,10064.28,INR,#imps jiofiber inv/2407/572 fy25 - utilities exp  ref 1953,JIOFIBER,True,18%,TRUE,Utilities,0,8801.92800441862,4
TXN0001573,2024-07-26,11917.76,INR,IMPS Staples INV/2407/573 SUBS - office supplies exp,Staples,True,12%,TRUE,Office Supplies,0,12267.615298165816,4
TXN0001574,2024-07-26,14597.75,INR,NEFT KSEB INV/2407/574 FY24 - utilities exp- ref 7316,KSEB,True,18%,TRUE,Utilities,0,12617.44579615587,4
TXN0001575,2024-07-27,14602.64,INR, / neft simplilearn inv/2407/575 fy24 - training exp,Simplilearn,True,18%,unknown,Training,0,12227.00072949465,5
TXN0001576,2024-07-27,70493.04,INR,upi awfis india pvt ltd taxinv/2407/576 fy25 - rent exp,AWFIS INDIA PVT LTD,True,28%,TRUE,Rent,1,56193.433885019535,5
TXN0001577,2024-07-27,5992.96,INR,AUTO-DEBIT UBER BILL/2407/577 FY24 - travel exp,UBER,True,5%,FALSE,Travel,0,4020.0143706040735,5
TXN0001578,2024-07-27,71832.09,INR, AUTO-DEBIT Indiqube INV/2407/578 Q1 - rent exp,Indiqube,True,18%,TRUE,Rent,0,64158.92497087276,5
TXN0001579,2024-07-27,3828.53,INR, neft zomato rcpt/2407/579 q1 - meals exp,ZOMATO,True,5%,FALSE,Meals,0,2837.8315288385093,5
TXN0001580,2024-07-27,3073.2,INR, / RTGS ZOMATO INV/2407/580 GST - meals exp! ref 8357,ZOMATO,True,5%,FALSE,Meals,0,2259.354576845393,5
TXN0001581,2024-07-27,27281.7,INR, CARD INFY Pvt Ltd INV/2407/581 Q2 - it services exp! ref 8049,INFY Pvt Ltd,True,18%,TRUE,IT Services,0,22263.10949344763,5
TXN0001582,2024-07-27,69948.67,INR,*UPI Wework INV/2407/582 RENT - rent exp,Wework,True,18%,TRUE,Rent,0,62386.588392389116,5
TXN0001583,2024-07-27,7482.09,INR,neft canva pvt ltd taxinv/2407/583 gst - software exp  ref 2058,CANVA Pvt Ltd,True,18%,TRUE,Software,0,5377.6343781151945,5
TXN0001584,2024-07-28,5313.87,INR,CARD Rapido INV/2407/584 Q2 - travel exp,Rapido,True,exempt,FALSE,Travel,1,4277.316696296931,6
TXN0001585,2024-07-28,116401.85,INR,upi wework inv/2407/585 fy25 - rent exp,WEWORK,True,18%,TRUE,Rent,0,97114.68271592035,6
TXN0001586,2024-07-28,9154.35,INR, AUTO-DEBIT AIR.tel INV/2407/586 Q1 - utilities exp# ref 2399,AIR.tel,True,18%,TRUE,Utilities,0,7831.07450526795,6
TXN0001587,2024-07-28,101423.15,INR,*card wework inv/2407/587 fy24 - rent exp,WEWORK,True,18%,TRUE,Rent,0,82570.14066616923,6
TXN0001588,2024-07-28,9788.69,INR, UPI Jiofiber TAXINV/2407/588 FY25 - utilities exp,Jiofiber,True,18%,TRUE,Utilities,0,7543.534260947479,6
TXN0001589,2024-07-28,54485.74,INR,-imps hcl pvt ltd rcpt/2407/589 subs - it services exp,HCL Pvt Ltd,True,18%,TRUE,IT Services,0,39981.2427528953,6
TXN0001590,2024-07-28,13882.61,INR,!AUTO-DEBIT BES.com INV/2407/590 Q1 - utilities exp- ref 2722,BES.com,True,18%,TRUE,Utilities,0,11201.760154577474,6
TXN0001591,2024-07-28,4352.61,INR,rtgs uber inv/2407/591 tds - travel exp,UBER,True,5%,FALSE,Travel,0,3108.759761203306,6
TXN0001592,2024-07-28,7123.5,INR,#neft office depot taxinv/2407/592 tds - office supplies exp,Office Depot,True,12%,TRUE,Office Supplies,0,4033.980786466094,6
TXN0001593,2024-07-28,18430.93,INR,card coursera india pvt ltd rcpt/2407/593 tds - training exp,COURSERA INDIA PVT LTD,True,18%,unknown,Training,0,15388.440255299496,6
TXN0001594,2024-07-28,39423.96,INR,card hcl bill/2407/594 tds - it services exp /  ref 1745,HCL,True,18%,TRUE,IT Services,0,34390.103281407086,6
TXN0001595,2024-07-28,29928.35,INR,*AUTO-DEBIT SIM.plilearn BILL/2407/595 GST - training exp,SIM.plilearn,True,18%,unknown,Training,0,18285.186483420115,6
TXN0001596,2024-07-28,25657.63,INR,CARD TEC.hm RCPT/2407/596 TDS - it services exp,TEC.hm,True,18%,TRUE,IT Services,0,18453.520254313054,6
TXN0001597,2024-07-28,10571.54,INR,RTGS FIGMA Pvt Ltd RCPT/2407/597 Q1 - software exp! ref 2996,FIGMA Pvt Ltd,True,18%,TRUE,Software,0,8980.865122910951,6
TXN0001598,2024-07-28,11709.46,INR,IMPS KSEB INV/2407/598 Q1 - utilities exp,KSEB,True,18%,TRUE,Utilities,0,11294.940872221627,6
TXN0001599,2024-07-29,3312.74,INR,NEFT IKEA Pvt Ltd RCPT/2407/599 ADV - office supplies exp* ref 8376,IKEA Pvt Ltd,True,12%,TRUE,Office Supplies,0,3319.628414716463,0
TXN0001600,2024-07-29,11986.73,INR,rtgs figma pvt ltd rcpt/2407/600 subs - software exp,FIGMA Pvt Ltd,True,18%,TRUE,Software,0,11114.09253042805,0
TXN0001601,2024-07-29,11571.89,INR, / rtgs bescom bill/2407/601 fy24 - utilities exp,Bescom,True,18%,TRUE,Utilities,0,11360.24425021433,0
TXN0001602,2024-07-29,58623.24,INR, / AUTO-DEBIT Indiqube TAXINV/2407/602 ADV - rent exp,Indiqube,True,18%,TRUE,Rent,0,66683.21102900646,0
TXN0001603,2024-07-29,9858.37,INR,*NEFT IKEA Pvt Ltd BILL/2407/603 FY25 - office supplies exp,IKEA Pvt Ltd,True,12%,TRUE,Office Supplies,0,9221.554611544407,0
TXN0001604,2024-07-29,2825.6,INR,NEFT ZOMATO BILL/2407/604 FY24 - meals exp,ZOMATO,True,5%,FALSE,Meals,0,2599.780306600904,0
TXN0001605,2024-07-29,12824.87,INR,AUTO-DEBIT Bescom TAXINV/2407/605 SUBS - utilities exp,Bescom,True,18%,TRUE,Utilities,0,12205.757708467334,0
TXN0001606,2024-07-29,1762.79,INR, UPI DOMINOS TAXINV/2407/606 RENT - meals exp,DOMINOS,True,5%,FALSE,Meals,0,1594.7381862647624,0
TXN0001607,2024-07-29,4922.1,INR,UPI INDIGO Pvt Ltd BILL/2407/607 ADV - travel exp,INDIGO Pvt Ltd,True,5%,FALSE,Travel,0,4982.479556235799,0
TXN0001608,2024-07-29,31474.56,INR,IMPS HCL Pvt Ltd BILL/2407/608 Q2 - it services exp /  ref 9215,HCL Pvt Ltd,True,18%,TRUE,IT Services,0,36588.16396218077,0
TXN0001609,2024-07-29,10230.71,INR,#NEFT UBER BILL/2407/609 ADV - travel exp,UBER,True,5%,FALSE,Travel,0,10561.243035026087,0
TXN0001610,2024-07-29,35045.71,INR,upi wipro india pvt ltd rcpt/2407/610 gst - it services exp,WIPRO INDIA PVT LTD,True,18%,TRUE,IT Services,0,34161.319234699775,0
TXN0001611,2024-07-30,2983.46,INR,NEFT RAPIDO Pvt Ltd RCPT/2407/611 TDS - travel exp /  ref 3192,RAPIDO Pvt Ltd,True,5%,FALSE,Travel,0,2896.399275164123,1
TXN0001612,2024-07-30,93469.79,INR,UPI WEW.ork BILL/2407/612 GST - rent exp! ref 2700,WEW.ork,True,18%,TRUE,Rent,0,78858.67833811932,1
TXN0001613,2024-07-30,6352.97,INR,rtgs swiggy taxinv/2407/613 q1 - meals exp,Swiggy,True,5%,FALSE,Meals,0,6914.00699209226,1
TXN0001614,2024-07-30,6911.59,INR, UPI MICROSOFT TAXINV/2407/614 SUBS - software exp- ref 4811,MICROSOFT,True,18%,TRUE,Software,0,6857.792120749828,1
TXN0001615,2024-07-30,53543.6,INR,#UPI INDIQUBE INDIA PVT LTD TAXINV/2407/615 RENT - rent exp- ref 2597,INDIQUBE INDIA PVT LTD,True,18%,TRUE,Rent,0,52577.2455698669,1
TXN0001616,2024-07-30,6114.34,INR,#imps staples pvt ltd inv/2407/616 tds - office supplies exp- ref 4209,STAPLES Pvt Ltd,True,12%,TRUE,Office Supplies,0,8066.714532637656,1
TXN0001617,2024-07-30,4439.86,INR,imps rapido india pvt ltd rcpt/2407/617 gst - travel exp,RAPIDO INDIA PVT LTD,True,5%,FALSE,Travel,0,4572.502108773648,1
TXN0001618,2024-07-30,7620.13,INR,card sta.ples rcpt/2407/618 q2 - office supplies exp,STA.ples,True,12%,TRUE,Office Supplies,0,7047.255446543819,1
TXN0001619,2024-07-30,2879.19,INR,-imps roc fees india pvt ltd bill/2407/619 gst - exempt services exp,ROC FEES INDIA PVT LTD,False,exempt,FALSE,Exempt Services,0,2756.433547258096,1
TXN0001620,2024-07-30,8584.61,INR,!upi canva pvt ltd taxinv/2407/620 fy24 - software exp* ref 2825,CANVA Pvt Ltd,True,18%,TRUE,Software,0,9570.505851962756,1
TXN0001621,2024-07-30,9719.85,INR, neft kseb india pvt ltd bill/2407/621 subs - utilities exp,KSEB INDIA PVT LTD,True,18%,TRUE,Utilities,0,9829.947139986549,1
TXN0001622,2024-07-31,35425.36,INR,CARD IKEA INV/2407/622 SUBS - office supplies exp  ref 9643,IKEA,True,12%,TRUE,Office Supplies,1,30330.208483803508,2
TXN0001623,2024-07-31,31689.35,INR,CARD Techm RCPT/2407/623 GST - it services exp,Techm,True,18%,TRUE,IT Services,0,34602.32674378807,2
TXN0001624,2024-07-31,55275.1,INR,card wework inv/2407/624 q2 - rent exp,Wework,True,18%,TRUE,Rent,0,51581.92688574235,2
TXN0001625,2024-07-31,6333.53,INR,CARD STA.ples TAXINV/2407/625 Q2 - office supplies exp,STA.ples,True,12%,TRUE,Office Supplies,0,7519.988766460711,2
TXN0001626,2024-07-31,14537.02,INR,card kseb pvt ltd inv/2407/626 subs - utilities exp,KSEB Pvt Ltd,True,18%,TRUE,Utilities,0,16107.088033225518,2
TXN0001627,2024-07-31,121328.98,INR,AUTO-DEBIT AWFIS BILL/2407/627 SUBS - rent exp! ref 9147,AWFIS,True,18%,TRUE,Rent,0,115901.66906680573,2
TXN0001628,2024-07-31,74163.2,INR, RTGS AWFIS BILL/2407/628 Q2 - rent exp! ref 5845,AWFIS,True,18%,TRUE,Rent,0,83663.62726386334,2
TXN0001629,2024-07-31,9785.65,INR,IMPS OFFICE DEPOT Pvt Ltd INV/2407/629 RENT - office supplies exp,OFFICE DEPOT Pvt Ltd,True,12%,TRUE,Office Supplies,0,9852.051027659249,2
TXN0001630,2024-07-31,36926.2,INR,RTGS TCS INV/2407/630 Q1 - it services exp- ref 2839,TCS,True,18%,TRUE,IT Services,0,40075.16912822981,2
TXN0001631,2024-07-31,7643.34,INR,UPI ADOBE INDIA PVT LTD RCPT/2407/631 SUBS - software exp# ref 3287,ADOBE INDIA PVT LTD,True,18%,TRUE,Software,0,8013.837773173956,2
TXN0001632,2024-07-31,62831.46,INR,auto-debit tcs bill/2407/632 q2 - it services exp,TCS,True,18%,TRUE,IT Services,0,57513.67756862071,2
TXN0001633,2024-07-31,42997.44,INR,NEFT HCL TAXINV/2407/633 FY24 - it services exp,HCL,True,18%,TRUE,IT Services,0,40230.34046979199,2
TXN0001634,2024-07-31,6823.02,INR,*UPI OFFICE DEPOT RCPT/2407/634 Q1 - office supplies exp* ref 6209,OFFICE DEPOT,True,12%,TRUE,Office Supplies,0,7525.764325757262,2
TXN0001635,2024-07-31,5670.51,INR,*RTGS STAPLES Pvt Ltd TAXINV/2407/635 RENT - office supplies exp,STAPLES Pvt Ltd,True,12%,TRUE,Office Supplies,0,5480.675313153654,2
TXN0001636,2024-07-31,4829.83,INR,rtgs kfc india pvt ltd taxinv/2407/636 adv - meals exp,KFC INDIA PVT LTD,True,exempt,FALSE,Meals,1,4634.874654277991,2
TXN0001637,2024-08-01,50157.31,INR,#imps infy pvt ltd taxinv/2408/637 q1 - it services exp,INFY Pvt Ltd,True,18%,TRUE,IT Services,0,45366.67206995749,3
TXN0001638,2024-08-01,46848.92,INR,AUTO-DEBIT HCL INV/2408/638 ADV - it services exp,HCL,True,18%,TRUE,IT Services,0,48833.43587360628,3
TXN0001639,2024-08-01,11154.47,INR,-card staples pvt ltd taxinv/2408/639 tds - office supplies exp,STAPLES Pvt Ltd,True,12%,TRUE,Office Supplies,0,13455.107233595007,3
TXN0001640,2024-08-01,4230.77,INR,!neft zomato taxinv/2408/640 q1 - meals exp /  ref 7825,ZOMATO,True,5%,FALSE,Meals,0,3779.121377236045,3
TXN0001641,2024-08-01,3891.93,INR,CARD GOVT FEES RCPT/2408/641 Q2 - exempt services exp,GOVT FEES,False,exempt,FALSE,Exempt Services,0,3901.3560430008406,3
TXN0001642,2024-08-01,9757.52,INR,RTGS JIOFIBER TAXINV/2408/642 FY24 - utilities exp,JIOFIBER,True,18%,TRUE,Utilities,0,11135.497031387717,3
TXN0001643,2024-08-01,30624.98,INR,card tcs india pvt ltd taxinv/2408/643 q1 - it services exp,TCS INDIA PVT LTD,True,18%,TRUE,IT Services,0,30381.07839859278,3
TXN0001644,2024-08-01,43387.9,INR,AUTO-DEBIT WIP.ro INV/2408/644 SUBS - it services exp /  ref 7305,WIP.ro,True,18%,TRUE,IT Services,0,45350.64622585038,3
TXN0001645,2024-08-01,8092.27,INR, / NEFT UBER RCPT/2408/645 TDS - travel exp,UBER,True,5%,FALSE,Travel,0,7232.552472398285,3
TXN0001646,2024-08-01,33733.58,INR,card inf.y inv/2408/646 fy25 - it services exp,INF.y,True,18%,TRUE,IT Services,0,35178.4131728222,3
TXN0001647,2024-08-01,3637.21,INR,*neft office depot rcpt/2408/647 fy25 - office supplies exp,OFFICE DEPOT,True,12%,TRUE,Office Supplies,0,3569.1417007882806,3
TXN0001648,2024-08-01,21780.54,INR, / imps coursera pvt ltd bill/2408/648 adv - training exp,COURSERA Pvt Ltd,True,18%,unknown,Training,0,23927.51316001051,3
TXN0001649,2024-08-01,109125.22,INR,RTGS AWF.is BILL/2408/649 TDS - rent exp,AWF.is,True,18%,TRUE,Rent,0,122082.5964101935,3
TXN0001650,2024-08-01,7612.06,INR,CARD Ikea BILL/2408/650 SUBS - office supplies exp,Ikea,True,12%,TRUE,Office Supplies,0,9583.251381686423,3
TXN0001651,2024-08-01,11912.01,INR,AUTO-DEBIT KSEB INV/2408/651 FY24 - utilities exp,KSEB,True,18%,TRUE,Utilities,0,12602.469615565185,3
TXN0001652,2024-08-01,98178.48,INR,!IMPS Wework RCPT/2408/652 ADV - rent exp,Wework,True,18%,TRUE,Rent,0,101377.09871516358,3
TXN0001653,2024-08-01,96401.87,INR, NEFT INDIQUBE BILL/2408/653 GST - rent exp,INDIQUBE,True,18%,TRUE,Rent,0,98275.7710170699,3
TXN0001654,2024-08-01,2375.29,INR,#auto-debit dominos india pvt ltd inv/2408/654 fy24 - meals exp,DOMINOS INDIA PVT LTD,True,5%,FALSE,Meals,0,2291.40276363497,3
TXN0001655,2024-08-01,16332.6,INR,!IMPS Adobe TAXINV/2408/655 ADV - software exp,Adobe,True,18%,TRUE,Software,0,16885.432122172242,3
TXN0001656,2024-08-01,14612.09,INR, auto-debit bescom pvt ltd inv/2408/656 q2 - utilities exp  ref 3977,BESCOM Pvt Ltd,True,18%,TRUE,Utilities,0,14180.44680089216,3
TXN0001657,2024-08-01,30915.24,INR,UPI TCS BILL/2408/657 RENT - it services exp,TCS,True,18%,TRUE,IT Services,0,31436.04115120094,3
TXN0001658,2024-08-02,68713.21,INR,!NEFT INDIQUBE INDIA PVT LTD TAXINV/2408/658 TDS - rent exp,INDIQUBE INDIA PVT LTD,True,18%,TRUE,Rent,0,77766.84561597122,4
TXN0001659,2024-08-02,9199.71,INR,UPI STAPLES INDIA PVT LTD RCPT/2408/659 ADV - office supplies exp- ref 1095,STAPLES INDIA PVT LTD,True,12%,TRUE,Office Supplies,0,8273.720029677123,4
TXN0001660,2024-08-02,95857.22,INR,neft indiqube bill/2408/660 tds - rent exp- ref 6875,INDIQUBE,True,18%,TRUE,Rent,0,106783.77900074304,4
TXN0001661,2024-08-02,41871.52,INR,NEFT OFFICE DEPOT BILL/2408/661 RENT - office supplies exp,OFFICE DEPOT,True,12%,TRUE,Office Supplies,1,47386.48098844224,4
TXN0001662,2024-08-02,7342.6,INR,RTGS IKEA RCPT/2408/662 FY25 - office supplies exp- ref 9825,IKEA,True,12%,TRUE,Office Supplies,0,7255.907003371531,4
TXN0001663,2024-08-02,9117.94,INR,UPI BESCOM Pvt Ltd TAXINV/2408/663 TDS - utilities exp! ref 6625,BESCOM Pvt Ltd,True,18%,TRUE,Utilities,0,7183.245434213358,4
TXN0001664,2024-08-02,36235.78,INR,RTGS HCL INDIA PVT LTD RCPT/2408/664 SUBS - it services exp,HCL INDIA PVT LTD,True,18%,TRUE,IT Services,0,34033.28961964833,4
TXN0001665,2024-08-02,3977.56,INR,rtgs indigo rcpt/2408/665 fy24 - travel exp,INDIGO,True,12%,FALSE,Travel,1,4493.447362861961,4
TXN0001666,2024-08-02,6111.49,INR,RTGS IKEA Pvt Ltd BILL/2408/666 SUBS - office supplies exp,IKEA Pvt Ltd,True,12%,TRUE,Office Supplies,0,6097.5142065941,4
TXN0001667,2024-08-02,1754.31,INR,-upi stamp duty inv/2408/667 tds - exempt services exp- ref 4623,Stamp Duty,False,exempt,FALSE,Exempt Services,0,1579.0014100862716,4
TXN0001668,2024-08-02,8268.84,INR,#auto-debit jiofiber inv/2408/668 fy25 - utilities exp,JIOFIBER,True,18%,TRUE,Utilities,0,7851.449694035127,4
TXN0001669,2024-08-02,7267.01,INR,NEFT FIGMA RCPT/2408/669 ADV - software exp,FIGMA,True,18%,TRUE,Software,0,7877.8894138808855,4
TXN0001670,2024-08-02,79895.82,INR,IMPS INDIQUBE BILL/2408/670 RENT - rent exp,INDIQUBE,True,18%,TRUE,Rent,0,84263.99267529752,4
TXN0001671,2024-08-02,8084.49,INR,!rtgs office depot inv/2408/671 q1 - office supplies exp,Office Depot,True,12%,TRUE,Office Supplies,0,7891.32558335836,4
TXN0001672,2024-08-03,117694.36,INR,CARD WEWORK INDIA PVT LTD BILL/2408/672 FY24 - rent exp,WEWORK INDIA PVT LTD,True,18%,TRUE,Rent,0,90701.63484952752,5
TXN0001673,2024-08-03,2979.49,INR,CARD Zomato RCPT/2408/673 RENT - meals exp# ref 3542,Zomato,True,5%,FALSE,Meals,0,2290.212841000434,5
TXN0001674,2024-08-03,11923.26,INR, imps coursera rcpt/2408/674 subs - training exp,Coursera,True,18%,unknown,Training,0,8658.75708348611,5
TXN0001675,2024-08-03,35160.35,INR,*AUTO-DEBIT TCS INDIA PVT LTD TAXINV/2408/675 TDS - it services exp,TCS INDIA PVT LTD,True,18%,TRUE,IT Services,0,32672.053969858956,5
TXN0001676,2024-08-03,2590.76,INR,*IMPS Zomato TAXINV/2408/676 TDS - meals exp,Zomato,True,5%,FALSE,Meals,0,2005.8036016948824,5
TXN0001677,2024-08-03,61186.9,INR,rtgs techm inv/2408/677 fy24 - it services exp,Techm,True,18%,TRUE,IT Services,0,54907.45253583181,5
TXN0001678,2024-08-03,30976.3,INR,CARD TECHM INV/2408/678 Q1 - it services exp- ref 2354,TECHM,True,18%,TRUE,IT Services,0,28551.019393533235,5
TXN0001679,2024-08-03,97928.67,INR,upi indiqube pvt ltd bill/2408/679 q2 - rent exp,INDIQUBE Pvt Ltd,True,18%,TRUE,Rent,0,86163.99668017082,5
TXN0001680,2024-08-03,13652.8,INR,*NEFT ADOBE INV/2408/680 ADV - software exp,ADOBE,True,18%,TRUE,Software,0,10450.813935561842,5
TXN0001681,2024-08-03,6920.37,INR,*UPI CAN.va BILL/2408/681 SUBS - software exp# ref 1756,CAN.va,True,18%,TRUE,Software,0,5759.812928421021,5
TXN0001682,2024-08-03,64453.71,INR,card indiqube rcpt/2408/682 rent - rent exp  ref 6505,INDIQUBE,True,18%,TRUE,Rent,0,51438.20827219246,5
TXN0001683,2024-08-03,37116.73,INR,!upi hcl bill/2408/683 tds - it services exp,HCL,True,18%,TRUE,IT Services,0,27009.987362782584,5
TXN0001684,2024-08-03,3568.05,INR,NEFT OFFICE DEPOT INDIA PVT LTD TAXINV/2408/684 Q2 - office supplies exp! ref 9142,OFFICE DEPOT INDIA PVT LTD,True,12%,TRUE,Office Supplies,0,2947.0264108117412,5
TXN0001685,2024-08-03,23940.86,INR,AUTO-DEBIT TECHM INDIA PVT LTD BILL/2408/685 RENT - it services exp,TECHM INDIA PVT LTD,True,18%,TRUE,IT Services,0,16894.509874033112,5
TXN0001686,2024-08-03,78218.32,INR,NEFT WEWORK INDIA PVT LTD INV/2408/686 FY25 - rent exp,WEWORK INDIA PVT LTD,True,18%,TRUE,Rent,0,70006.51891712728,5
TXN0001687,2024-08-03,24830.64,INR,-IMPS INFY Pvt Ltd BILL/2408/687 FY24 - it services exp,INFY Pvt Ltd,True,18%,TRUE,IT Services,0,18941.57241224085,5
TXN0001688,2024-08-03,12595.69,INR,neft kseb pvt ltd inv/2408/688 q1 - utilities exp /  ref 6856,KSEB Pvt Ltd,True,18%,TRUE,Utilities,0,10279.251573270478,5
TXN0001689,2024-08-03,8887.74,INR, AUTO-DEBIT BESCOM TAXINV/2408/689 Q1 - utilities exp,BESCOM,True,18%,TRUE,Utilities,0,7311.615115796441,5
TXN0001690,2024-08-03,28019.78,INR,IMPS TECHM RCPT/2408/690 ADV - it services exp,TECHM,True,18%,TRUE,IT Services,0,21835.46716767248,5
TXN0001691,2024-08-03,4498.77,INR, / AUTO-DEBIT ZOMATO RCPT/2408/691 SUBS - meals exp,ZOMATO,True,5%,FALSE,Meals,0,3810.1680378610345,5
TXN0001692,2024-08-03,3432.83,INR,IMPS GOV.t fees TAXINV/2408/692 SUBS - exempt services exp,GOV.t fees,False,exempt,FALSE,Exempt Services,0,2615.84291843492,5
TXN0001693,2024-08-03,11552.2,INR, / UPI FIGMA BILL/2408/693 FY25 - software exp,FIGMA,True,18%,TRUE,Software,0,10046.992051174846,5
TXN0001694,2024-08-03,4377.57,INR,RTGS IKE.a BILL/2408/694 SUBS - office supplies exp,IKE.a,True,12%,TRUE,Office Supplies,0,3030.6863784913794,5
TXN0001695,2024-08-04,5717.92,INR,AUTO-DEBIT OFFICE DEPOT Pvt Ltd TAXINV/2408/695 ADV - office supplies exp,OFFICE DEPOT Pvt Ltd,True,12%,TRUE,Office Supplies,0,4632.146266038401,6
TXN0001696,2024-08-04,10823.77,INR,neft airtel india pvt ltd inv/2408/696 q2 - utilities exp,AIRTEL INDIA PVT LTD,True,18%,TRUE,Utilities,0,10337.937722570969,6
TXN0001697,2024-08-04,109309.04,INR,card wework rcpt/2408/697 adv - rent exp,Wework,True,18%,TRUE,Rent,0,78699.6114580349,6
TXN0001698,2024-08-04,129029.18,INR,#IMPS WEWORK Pvt Ltd TAXINV/2408/698 GST - rent exp /  ref 4815,WEWORK Pvt Ltd,True,18%,TRUE,Rent,0,96227.43377632434,6
TXN0001699,2024-08-04,46878.59,INR,*UPI TECHM INDIA PVT LTD BILL/2408/699 TDS - it services exp- ref 8907,TECHM INDIA PVT LTD,True,18%,TRUE,IT Services,0,39430.174030555354,6
TXN0001700,2024-08-04,10672.11,INR,-upi jiofiber rcpt/2408/700 tds - utilities exp,Jiofiber,True,18%,TRUE,Utilities,0,8691.009322468431,6
TXN0001701,2024-08-04,85179.36,INR,RTGS IND.iqube TAXINV/2408/701 FY24 - rent exp,IND.iqube,True,18%,TRUE,Rent,0,70532.80379622866,6
TXN0001702,2024-08-04,43741.96,INR,!RTGS TECHM TAXINV/2408/702 Q2 - it services exp# ref 8097,TECHM,True,18%,TRUE,IT Services,0,36705.40831035471,6
TXN0001703,2024-08-04,11808.12,INR, RTGS BESCOM Pvt Ltd INV/2408/703 SUBS - utilities exp,BESCOM Pvt Ltd,True,18%,TRUE,Utilities,0,10046.08538138829,6
TXN0001704,2024-08-04,44052.62,INR,AUTO-DEBIT TCS RCPT/2408/704 SUBS - it services exp,TCS,True,18%,TRUE,IT Services,0,39152.9108361406,6
TXN0001705,2024-08-04,4648.69,INR,IMPS Figma BILL/2408/705 TDS - software exp /  ref 9024,Figma,True,18%,TRUE,Software,0,3871.3615913821604,6
TXN0001706,2024-08-04,13689.49,INR,rtgs jiofiber inv/2408/706 subs - utilities exp,JIOFIBER,True,18%,TRUE,Utilities,0,10687.37645997408,6
TXN0001707,2024-08-04,33573.64,INR,neft techm india pvt ltd bill/2408/707 fy25 - it services exp,TECHM INDIA PVT LTD,True,18%,TRUE,IT Services,0,28665.37178541185,6
TXN0001708,2024-08-04,12670.51,INR,CARD BES.com BILL/2408/708 RENT - utilities exp,BES.com,True,18%,TRUE,Utilities,0,12062.205844392736,6
TXN0001709,2024-08-05,7631.11,INR,!RTGS IKEA INDIA PVT LTD TAXINV/2408/709 ADV - office supplies exp,IKEA INDIA PVT LTD,True,12%,TRUE,Office Supplies,0,7529.895729164248,0
TXN0001710,2024-08-05,5746.35,INR,-rtgs rapido taxinv/2408/710 fy25 - travel exp,RAPIDO,True,5%,FALSE,Travel,0,5186.3513530105865,0
TXN0001711,2024-08-05,6757.05,INR,imps govt fees taxinv/2408/711 rent - exempt services exp /  ref 3425,Govt Fees,False,exempt,FALSE,Exempt Services,0,7505.109943640554,0
TXN0001712,2024-08-05,77389.09,INR,auto-debit awf.is inv/2408/712 q2 - rent exp,AWF.is,True,18%,TRUE,Rent,0,76457.47112684902,0
TXN0001713,2024-08-05,6283.53,INR,CARD STA.ples BILL/2408/713 ADV - office supplies exp,STA.ples,True,12%,TRUE,Office Supplies,0,4918.326572753442,0
TXN0001714,2024-08-05,65525.5,INR,!upi wework pvt ltd inv/2408/714 subs - rent exp,WEWORK Pvt Ltd,True,18%,TRUE,Rent,0,71078.272910612,0
TXN0001715,2024-08-05,4485.74,INR,upi sta.ples rcpt/2408/715 subs - office supplies exp,STA.ples,True,12%,TRUE,Office Supplies,0,4245.605694313905,0
TXN0001716,2024-08-05,113021.11,INR,#CARD AWFIS RCPT/2408/716 Q1 - rent exp,AWFIS,True,18%,TRUE,Rent,0,111997.89279420405,0
TXN0001717,2024-08-05,11316.0,INR,neft ikea bill/2408/717 q2 - office supplies exp,Ikea,True,12%,TRUE,Office Supplies,0,11691.668942071898,0
TXN0001718,2024-08-05,5618.32,INR, imps microsoft rcpt/2408/718 gst - software exp,MICROSOFT,True,18%,TRUE,Software,0,5725.348816089632,0
TXN0001719,2024-08-05,6011.53,INR,neft office depot rcpt/2408/719 fy24 - office supplies exp* ref 1481,Office Depot,True,12%,TRUE,Office Supplies,0,6438.019088228585,0
TXN0001720,2024-08-05,10214.58,INR,CARD KSE.b BILL/2408/720 Q2 - utilities exp,KSE.b,True,18%,TRUE,Utilities,0,9769.74896289047,0
TXN0001721,2024-08-05,3097.3,INR,!UPI OLA TAXINV/2408/721 FY24 - travel exp  ref 8407,OLA,True,5%,FALSE,Travel,0,3256.2242588690783,0
TXN0001722,2024-08-05,13589.99,INR,-auto-debit uber rcpt/2408/722 subs - travel exp,Uber,True,5%,FALSE,Travel,0,13237.266324710134,0
TXN0001723,2024-08-06,17784.17,INR,upi air.tel rcpt/2408/723 tds - utilities exp,AIR.tel,True,18%,TRUE,Utilities,0,19098.08311898851,1
TXN0001724,2024-08-06,7276.09,INR,neft ind.igo rcpt/2408/724 gst - travel exp,IND.igo,True,28%,FALSE,Travel,1,7723.836919675255,1
TXN0001725,2024-08-06,966612.48,INR,imps awf.is taxinv/2408/725 fy24 - rent exp /  ref 6105,AWF.is,True,18%,TRUE,Rent,1,876191.8076328692,1
TXN0001726,2024-08-06,5594.92,INR,*NEFT STAPLES BILL/2408/726 Q1 - office supplies exp /  ref 5473,STAPLES,True,12%,TRUE,Office Supplies,0,6202.518306143002,1
TXN0001727,2024-08-06,9977.75,INR, NEFT KSEB BILL/2408/727 ADV - utilities exp  ref 1079,KSEB,True,18%,TRUE,Utilities,0,9442.97907355133,1
TXN0001728,2024-08-06,5661.59,INR,RTGS OLA INDIA PVT LTD TAXINV/2408/728 FY25 - travel exp,OLA INDIA PVT LTD,True,5%,FALSE,Travel,0,6119.079195017055,1
TXN0001729,2024-08-06,8539.42,INR,!card jiofiber rcpt/2408/729 tds - utilities exp,Jiofiber,True,18%,TRUE,Utilities,0,8853.062062980567,1
TXN0001730,2024-08-06,25061.24,INR, / AUTO-DEBIT HCL Pvt Ltd TAXINV/2408/730 ADV - it services exp,HCL Pvt Ltd,True,18%,TRUE,IT Services,0,29667.9562288245,1
TXN0001731,2024-08-06,82514.85,INR,auto-debit wework india pvt ltd bill/2408/731 fy24 - rent exp,WEWORK INDIA PVT LTD,True,18%,TRUE,Rent,0,80670.9237984484,1
TXN0001732,2024-08-06,36024.96,INR,RTGS TECHM Pvt Ltd RCPT/2408/732 FY25 - it services exp,TECHM Pvt Ltd,True,18%,TRUE,IT Services,0,34766.547639251374,1
TXN0001733,2024-08-06,13041.53,INR,auto-debit jiofiber bill/2408/733 adv - utilities exp- ref 7282,JIOFIBER,True,18%,TRUE,Utilities,0,13016.203862722696,1
TXN0001734,2024-08-06,7137.96,INR,-CARD Indigo TAXINV/2408/734 GST - travel exp  ref 5824,Indigo,True,5%,FALSE,Travel,0,6921.551483732026,1
TXN0001735,2024-08-07,10813.41,INR,UPI JIOFIBER INDIA PVT LTD RCPT/2408/735 RENT - utilities exp,JIOFIBER INDIA PVT LTD,True,18%,TRUE,Utilities,0,11678.419976187917,2
TXN0001736,2024-08-07,3682.7,INR,CARD RAP.ido TAXINV/2408/736 FY25 - travel exp,RAP.ido,True,5%,FALSE,Travel,0,3087.4612922310575,2
TXN0001737,2024-08-07,8075.51,INR, IMPS Figma INV/2408/737 Q1 - software exp,Figma,True,18%,TRUE,Software,0,7224.607708735943,2
TXN0001738,2024-08-07,14612.45,INR,*AUTO-DEBIT TEC.hm BILL/2408/738 TDS - it services exp,TEC.hm,True,18%,TRUE,IT Services,0,13052.128319857013,2
TXN0001739,2024-08-07,7291.04,INR,#AUTO-DEBIT IKEA Pvt Ltd BILL/2408/739 Q2 - office supplies exp,IKEA Pvt Ltd,True,12%,TRUE,Office Supplies,0,7983.913066538302,2
TXN0001740,2024-08-07,6878.11,INR,AUTO-DEBIT OLA TAXINV/2408/740 RENT - travel exp,OLA,True,5%,FALSE,Travel,0,8054.6886944089465,2
TXN0001741,2024-08-07,2981.8,INR,upi zomato pvt ltd bill/2408/741 tds - meals exp,ZOMATO Pvt Ltd,True,5%,FALSE,Meals,0,2950.655332016497,2
TXN0001742,2024-08-07,97035.29,INR,imps indiqube bill/2408/742 rent - rent exp /  ref 9166,INDIQUBE,True,18%,TRUE,Rent,0,95397.12351319575,2
TXN0001743,2024-08-07,5255.35,INR,-NEFT OLA INDIA PVT LTD INV/2408/743 ADV - travel exp* ref 3761,OLA INDIA PVT LTD,True,5%,FALSE,Travel,0,5292.164863541686,2
TXN0001744,2024-08-07,3120.07,INR,-imps office depot inv/2408/744 fy24 - office supplies exp,Office Depot,True,12%,TRUE,Office Supplies,0,3482.584163561874,2
TXN0001745,2024-08-07,9930.62,INR,card fig.ma taxinv/2408/745 adv - software exp,FIG.ma,True,18%,TRUE,Software,0,9009.700841854441,2
TXN0001746,2024-08-07,11461.12,INR,CARD BESCOM TAXINV/2408/746 RENT - utilities exp,BESCOM,True,18%,TRUE,Utilities,0,11734.31755154013,2
TXN0001747,2024-08-07,11923.19,INR,AUTO-DEBIT KSEB Pvt Ltd INV/2408/747 SUBS - utilities exp /  ref 4856,KSEB Pvt Ltd,True,18%,TRUE,Utilities,0,13085.936662744558,2
TXN0001748,2024-08-07,6714.15,INR, NEFT OFFICE DEPOT RCPT/2408/748 Q1 - office supplies exp,OFFICE DEPOT,True,12%,TRUE,Office Supplies,0,7050.592142110161,2
TXN0001749,2024-08-07,17405.03,INR,UPI AIRTEL INV/2408/749 RENT - utilities exp,AIRTEL,True,18%,TRUE,Utilities,0,17734.997372434962,2
TXN0001750,2024-08-07,33313.08,INR,imps tcs india pvt ltd bill/2408/750 adv - it services exp# ref 1391,TCS INDIA PVT LTD,True,18%,TRUE,IT Services,0,36647.87285653766,2
TXN0001751,2024-08-07,5351.68,INR,#card ola inv/2408/751 fy25 - travel exp,OLA,True,5%,FALSE,Travel,0,3904.996580220184,2
TXN0001752,2024-08-08,12322.4,INR, AUTO-DEBIT SIMPLILEARN BILL/2408/752 SUBS - training exp,SIMPLILEARN,True,18%,unknown,Training,0,13157.705083738765,3
TXN0001753,2024-08-08,19567.21,INR,#RTGS TECHM INDIA PVT LTD BILL/2408/753 SUBS - it services exp,TECHM INDIA PVT LTD,True,12%,TRUE,IT Services,1,18287.366375235222,3
TXN0001754,2024-08-08,4460.61,INR, rtgs can.va bill/2408/754 tds - software exp,CAN.va,True,18%,TRUE,Software,0,3644.036059395312,3
TXN0001755,2024-08-08,70624.25,INR,UPI AWFIS Pvt Ltd RCPT/2408/755 ADV - rent exp /  ref 7073,AWFIS Pvt Ltd,True,18%,TRUE,Rent,0,74234.5800189502,3
TXN0001756,2024-08-08,8056.76,INR,-rtgs adobe rcpt/2408/756 rent - software exp- ref 2934,ADOBE,True,18%,TRUE,Software,0,9163.48372203271,3
TXN0001757,2024-08-08,7609.0,INR, / IMPS IKEA INV/2408/757 SUBS - office supplies exp,IKEA,True,12%,TRUE,Office Supplies,0,7504.4154252197895,3
TXN0001758,2024-08-08,40717.22,INR,!card hcl inv/2408/758 q2 - it services exp,Hcl,True,18%,TRUE,IT Services,0,44597.06025708625,3
TXN0001759,2024-08-08,72250.61,INR,IMPS IND.iqube RCPT/2408/759 GST - rent exp,IND.iqube,True,18%,TRUE,Rent,0,83899.41876294171,3
TXN0001760,2024-08-08,19122.4,INR,AUTO-DEBIT Wipro TAXINV/2408/760 Q2 - it services exp,Wipro,True,18%,TRUE,IT Services,0,21636.832014721564,3
TXN0001761,2024-08-08,22496.48,INR,UPI SIMPLILEARN INV/2408/761 RENT - training exp,SIMPLILEARN,True,18%,unknown,Training,0,26185.822923571297,3
TXN0001762,2024-08-08,33180.17,INR, / RTGS TCS BILL/2408/762 FY24 - it services exp,TCS,True,18%,TRUE,IT Services,0,35642.56163154389,3
TXN0001763,2024-08-08,75085.79,INR,rtgs techm taxinv/2408/763 q2 - it services exp,TECHM,True,18%,TRUE,IT Services,0,75652.18943695007,3
TXN0001764,2024-08-08,5447.82,INR,!NEFT STAPLES INDIA PVT LTD RCPT/2408/764 FY24 - office supplies exp- ref 3475,STAPLES INDIA PVT LTD,True,12%,TRUE,Office Supplies,0,4575.097861063036,3
TXN0001765,2024-08-08,17263.53,INR, card upgrad bill/2408/765 fy24 - training exp,UPGRAD,True,18%,unknown,Training,0,16838.739285429398,3
TXN0001766,2024-08-08,19288.17,INR,UPI JIOFIBER Pvt Ltd BILL/2408/766 Q1 - utilities exp,JIOFIBER Pvt Ltd,True,18%,TRUE,Utilities,0,17661.701631762007,3
TXN0001767,2024-08-08,28593.82,INR,imps wip.ro bill/2408/767 fy24 - it services exp- ref 9024,WIP.ro,True,18%,TRUE,IT Services,0,34801.374529444336,3
TXN0001768,2024-08-08,30220.5,INR,AUTO-DEBIT Wipro TAXINV/2408/768 Q1 - it services exp,Wipro,True,18%,TRUE,IT Services,0,29688.964280538858,3
TXN0001769,2024-08-08,65762.04,INR,imps awfis pvt ltd bill/2408/769 tds - rent exp,AWFIS Pvt Ltd,True,18%,TRUE,Rent,0,66572.25994319536,3
TXN0001770,2024-08-08,35358.35,INR,imps hcl bill/2408/770 fy24 - it services exp- ref 9685,HCL,True,18%,TRUE,IT Services,0,37308.311294592044,3
TXN0001771,2024-08-09,15833.72,INR,IMPS MICROSOFT TAXINV/2408/771 SUBS - software exp,MICROSOFT,True,18%,TRUE,Software,0,15902.758892717642,4
TXN0001772,2024-08-09,7044.4,INR,IMPS AIRTEL Pvt Ltd BILL/2408/772 ADV - utilities exp,AIRTEL Pvt Ltd,True,18%,TRUE,Utilities,0,8238.46175492104,4
TXN0001773,2024-08-09,26007.68,INR,*auto-debit stamp duty rcpt/2408/773 gst - exempt services exp,STAMP DUTY,False,exempt,FALSE,Exempt Services,1,24388.313464780615,4
TXN0001774,2024-08-09,22846.67,INR,CARD HCL INDIA PVT LTD INV/2408/774 RENT - it services exp /  ref 4140,HCL INDIA PVT LTD,True,18%,TRUE,IT Services,0,23291.283230934507,4
TXN0001775,2024-08-09,9813.04,INR,rtgs figma india pvt ltd rcpt/2408/775 subs - software exp- ref 9926,FIGMA INDIA PVT LTD,True,18%,TRUE,Software,0,9084.450644372164,4
TXN0001776,2024-08-09,4018.26,INR, card stamp duty rcpt/2408/776 fy24 - exempt services exp# ref 2130,STAMP DUTY,False,exempt,FALSE,Exempt Services,0,3487.8406344062287,4
TXN0001777,2024-08-09,69387.77,INR, card wew.ork taxinv/2408/777 adv - rent exp,WEW.ork,True,18%,TRUE,Rent,0,65142.840702715504,4
TXN0001778,2024-08-09,7886.93,INR,CARD IKE.a TAXINV/2408/778 Q2 - office supplies exp,IKE.a,True,12%,TRUE,Office Supplies,0,7857.719337425497,4
TXN0001779,2024-08-09,135739.23,INR, / RTGS INDIQUBE INDIA PVT LTD TAXINV/2408/779 FY25 - rent exp,INDIQUBE INDIA PVT LTD,True,28%,TRUE,Rent,1,129911.91466067401,4
TXN0001780,2024-08-09,38787.04,INR,#imps tcs rcpt/2408/780 fy24 - it services exp /  ref 3677,TCS,True,18%,TRUE,IT Services,0,36101.34397567936,4
TXN0001781,2024-08-09,15970.98,INR,IMPS Jiofiber INV/2408/781 Q2 - utilities exp* ref 8373,Jiofiber,True,18%,TRUE,Utilities,0,13724.953191404642,4
TXN0001782,2024-08-10,61741.22,INR,CARD INFY INDIA PVT LTD TAXINV/2408/782 GST - it services exp /  ref 9366,INFY INDIA PVT LTD,True,18%,TRUE,IT Services,0,48982.49284456847,5
TXN0001783,2024-08-10,11781.27,INR,AUTO-DEBIT JIOFIBER RCPT/2408/783 TDS - utilities exp* ref 1634,JIOFIBER,True,18%,TRUE,Utilities,0,8006.814639923182,5
TXN0001784,2024-08-10,5269.57,INR,-UPI INDIGO RCPT/2408/784 TDS - travel exp,INDIGO,True,5%,FALSE,Travel,0,4536.069448366386,5
TXN0001785,2024-08-10,6199.97,INR, / RTGS MIC.rosoft INV/2408/785 FY24 - software exp,MIC.rosoft,True,18%,TRUE,Software,0,5000.865919600106,5
TXN0001786,2024-08-10,19965.35,INR,upi airtel india pvt ltd bill/2408/786 subs - utilities exp,AIRTEL INDIA PVT LTD,True,18%,TRUE,Utilities,0,13644.237933612627,5
TXN0001787,2024-08-10,8662.34,INR,neft ado.be taxinv/2408/787 q1 - software exp,ADO.be,True,18%,TRUE,Software,0,6715.594067480631,5
TXN0001788,2024-08-10,36118.13,INR,!upi wipro rcpt/2408/788 adv - it services exp,WIPRO,True,18%,TRUE,IT Services,0,26721.18537300373,5
TXN0001789,2024-08-10,19353.09,INR,CARD Kseb TAXINV/2408/789 SUBS - utilities exp,Kseb,True,18%,TRUE,Utilities,0,15976.633042067866,5
TXN0001790,2024-08-10,3067.89,INR, / AUTO-DEBIT Uber RCPT/2408/790 SUBS - travel exp,Uber,True,5%,FALSE,Travel,0,2783.300361507996,5
TXN0001791,2024-08-10,12421.89,INR,!UPI BESCOM INDIA PVT LTD RCPT/2408/791 GST - utilities exp,BESCOM INDIA PVT LTD,True,18%,TRUE,Utilities,0,8074.0571080825775,5
TXN0001792,2024-08-10,5257.44,INR, auto-debit office depot taxinv/2408/792 q2 - office supplies exp,Office Depot,True,12%,TRUE,Office Supplies,0,4254.331416764224,5
TXN0001793,2024-08-10,15739.12,INR,-IMPS BESCOM INDIA PVT LTD TAXINV/2408/793 Q2 - utilities exp,BESCOM INDIA PVT LTD,True,18%,TRUE,Utilities,0,12389.668057171295,5
TXN0001794,2024-08-10,5192.25,INR,CARD FIG.ma BILL/2408/794 FY24 - software exp! ref 2493,FIG.ma,True,18%,TRUE,Software,0,4432.661240955995,5
TXN0001795,2024-08-10,2669.38,INR, / UPI ZOM.ato BILL/2408/795 FY25 - meals exp,ZOM.ato,True,5%,FALSE,Meals,0,2181.03222523881,5
TXN0001796,2024-08-11,25404.2,INR, / IMPS HCL INDIA PVT LTD RCPT/2408/796 SUBS - it services exp,HCL INDIA PVT LTD,True,18%,TRUE,IT Services,0,18795.105656211257,6
TXN0001797,2024-08-11,16176.46,INR,!auto-debit kse.b inv/2408/797 gst - utilities exp,KSE.b,True,18%,TRUE,Utilities,0,12528.27494174771,6
TXN0001798,2024-08-11,11394.47,INR,AUTO-DEBIT MICROSOFT TAXINV/2408/798 Q1 - software exp! ref 8089,MICROSOFT,True,18%,TRUE,Software,0,8389.952580434268,6
TXN0001799,2024-08-11,123665.68,INR,UPI AWFIS RCPT/2408/799 GST - rent exp,AWFIS,True,18%,TRUE,Rent,0,109577.75635837199,6
TXN0001800,2024-08-11,12069.8,INR, RTGS BESCOM Pvt Ltd RCPT/2408/800 TDS - utilities exp,BESCOM Pvt Ltd,True,18%,TRUE,Utilities,0,9676.418186971248,6
TXN0001801,2024-08-11,67596.44,INR,IMPS WEWORK RCPT/2408/801 Q1 - rent exp  ref 2256,WEWORK,True,18%,TRUE,Rent,0,64358.24976944496,6
TXN0001802,2024-08-11,9314.47,INR,*CARD Bescom BILL/2408/802 Q2 - utilities exp* ref 3414,Bescom,True,18%,TRUE,Utilities,0,7406.3741335638515,6
TXN0001803,2024-08-11,46093.86,INR,*NEFT INDIQUBE Pvt Ltd BILL/2408/803 FY24 - rent exp,INDIQUBE Pvt Ltd,True,18%,TRUE,Rent,0,34262.831813038116,6
TXN0001804,2024-08-11,37769.57,INR,AUTO-DEBIT Wipro TAXINV/2408/804 FY25 - it services exp,Wipro,True,18%,TRUE,IT Services,0,25641.868663056186,6
TXN0001805,2024-08-11,29227.65,INR,neft wipro bill/2408/805 tds - it services exp,WIPRO,True,18%,TRUE,IT Services,0,19165.997171302235,6
TXN0001806,2024-08-11,13503.9,INR,upi airtel taxinv/2408/806 tds - utilities exp,AIRTEL,True,18%,TRUE,Utilities,0,9091.758931139853,6
TXN0001807,2024-08-12,8491.74,INR,IMPS Uber RCPT/2408/807 ADV - travel exp,Uber,True,5%,FALSE,Travel,0,8718.577006746025,0
TXN0001808,2024-08-12,78048.38,INR,IMPS INDIQUBE INDIA PVT LTD RCPT/2408/808 FY25 - rent exp,INDIQUBE INDIA PVT LTD,True,18%,TRUE,Rent,0,82018.89639285588,0
TXN0001809,2024-08-12,20942.75,INR,*neft coursera pvt ltd bill/2408/809 adv - training exp,COURSERA Pvt Ltd,True,18%,unknown,Training,0,17631.301842501653,0
TXN0001810,2024-08-12,33801.48,INR,auto-debit wip.ro rcpt/2408/810 rent - it services exp,WIP.ro,True,18%,TRUE,IT Services,0,36826.841967247754,0
TXN0001811,2024-08-12,12075.31,INR,RTGS MICROSOFT BILL/2408/811 FY24 - software exp* ref 3317,MICROSOFT,True,18%,TRUE,Software,0,11491.998805199644,0
TXN0001812,2024-08-12,6237.97,INR,RTGS UBER TAXINV/2408/812 RENT - travel exp- ref 4559,UBER,True,5%,FALSE,Travel,0,6329.53904049755,0
TXN0001813,2024-08-12,80530.71,INR,-rtgs tcs rcpt/2408/813 fy25 - it services exp# ref 7164,TCS,True,18%,TRUE,IT Services,0,93514.03718700555,0
TXN0001814,2024-08-12,7763.04,INR,*UPI IKEA RCPT/2408/814 Q2 - office supplies exp,IKEA,True,12%,TRUE,Office Supplies,0,8459.259948263676,0
TXN0001815,2024-08-12,71395.02,INR,RTGS INFY Pvt Ltd RCPT/2408/815 FY25 - it services exp,INFY Pvt Ltd,True,18%,TRUE,IT Services,0,69477.84490221502,0
TXN0001816,2024-08-12,11923.83,INR,!IMPS BESCOM Pvt Ltd RCPT/2408/816 FY25 - utilities exp! ref 7170,BESCOM Pvt Ltd,True,18%,TRUE,Utilities,0,10861.187540682644,0
TXN0001817,2024-08-12,64800.11,INR,!IMPS WEWORK INV/2408/817 RENT - rent exp,WEWORK,True,18%,TRUE,Rent,0,50856.32252941669,0
TXN0001818,2024-08-12,12624.94,INR,upi jiofiber india pvt ltd inv/2408/818 fy24 - utilities exp,JIOFIBER INDIA PVT LTD,True,18%,TRUE,Utilities,0,11717.01324937636,0
TXN0001819,2024-08-12,12912.18,INR,*rtgs canva rcpt/2408/819 adv - software exp,CANVA,True,18%,TRUE,Software,0,12639.564835281382,0
TXN0001820,2024-08-13,44753.77,INR,IMPS TCS INDIA PVT LTD TAXINV/2408/820 GST - it services exp,TCS INDIA PVT LTD,True,18%,TRUE,IT Services,0,40335.769449316715,1
TXN0001821,2024-08-13,92791.63,INR,RTGS INDIQUBE INDIA PVT LTD BILL/2408/821 RENT - rent exp- ref 3632,INDIQUBE INDIA PVT LTD,True,18%,TRUE,Rent,0,91573.67520746487,1
TXN0001822,2024-08-13,27522.37,INR, / IMPS TECHM Pvt Ltd BILL/2408/822 GST - it services exp  ref 3187,TECHM Pvt Ltd,True,18%,TRUE,IT Services,0,27733.88459579879,1
TXN0001823,2024-08-13,104118.64,INR,IMPS AWFIS INDIA PVT LTD RCPT/2408/823 TDS - rent exp,AWFIS INDIA PVT LTD,True,18%,TRUE,Rent,0,101777.47009782781,1
TXN0001824,2024-08-13,7689.61,INR,rtgs sta.ples taxinv/2408/824 fy25 - office supplies exp,STA.ples,True,12%,TRUE,Office Supplies,0,7189.783365447411,1
TXN0001825,2024-08-13,8877.93,INR,#rtgs canva pvt ltd rcpt/2408/825 fy24 - software exp,CANVA Pvt Ltd,True,18%,TRUE,Software,0,9027.660437189357,1
TXN0001826,2024-08-13,13721.09,INR,neft jiofiber inv/2408/826 tds - utilities exp,Jiofiber,True,18%,TRUE,Utilities,0,14327.480742740034,1
TXN0001827,2024-08-13,7028.74,INR,neft canva pvt ltd inv/2408/827 fy24 - software exp,CANVA Pvt Ltd,True,18%,TRUE,Software,0,6262.326838841436,1
TXN0001828,2024-08-13,91852.37,INR,-RTGS INDIQUBE BILL/2408/828 Q1 - rent exp,INDIQUBE,True,18%,TRUE,Rent,0,104812.11829894349,1
TXN0001829,2024-08-13,3961.42,INR,AUTO-DEBIT Ikea INV/2408/829 FY25 - office supplies exp  ref 2115,Ikea,True,12%,TRUE,Office Supplies,0,3922.365100100648,1
TXN0001830,2024-08-13,11083.17,INR,AUTO-DEBIT BES.com INV/2408/830 TDS - utilities exp,BES.com,True,18%,TRUE,Utilities,0,11104.061357553364,1
TXN0001831,2024-08-13,15613.64,INR,RTGS JIO.fiber INV/2408/831 TDS - utilities exp /  ref 6030,JIO.fiber,True,18%,TRUE,Utilities,0,16719.42050475355,1
TXN0001832,2024-08-13,65593.88,INR,CARD TCS INDIA PVT LTD RCPT/2408/832 FY24 - it services exp,TCS INDIA PVT LTD,True,18%,TRUE,IT Services,0,67123.63509281623,1
TXN0001833,2024-08-13,7775.65,INR,#imps bescom pvt ltd taxinv/2408/833 adv - utilities exp* ref 3746,BESCOM Pvt Ltd,True,18%,TRUE,Utilities,0,8516.775686748751,1
TXN0001834,2024-08-13,154110.67,INR,*UPI INDIQUBE Pvt Ltd BILL/2408/834 SUBS - rent exp,INDIQUBE Pvt Ltd,True,18%,TRUE,Rent,0,158535.5597472444,1
TXN0001835,2024-08-13,2714.89,INR,CARD SWIGGY INDIA PVT LTD INV/2408/835 Q2 - meals exp,SWIGGY INDIA PVT LTD,True,5%,FALSE,Meals,0,2548.6199895962422,1
TXN0001836,2024-08-13,64414.96,INR,UPI Wework BILL/2408/836 TDS - rent exp,Wework,True,18%,TRUE,Rent,0,66743.583511601,1
TXN0001837,2024-08-13,9217.1,INR,RTGS Ola INV/2408/837 RENT - travel exp,Ola,True,5%,FALSE,Travel,0,8162.9161174504725,1
TXN0001838,2024-08-13,34382.47,INR, AUTO-DEBIT INFY INDIA PVT LTD TAXINV/2408/838 Q2 - it services exp,INFY INDIA PVT LTD,True,18%,TRUE,IT Services,0,34755.72508270702,1
TXN0001839,2024-08-14,46191.49,INR,CARD HCL RCPT/2408/839 TDS - it services exp,HCL,True,18%,TRUE,IT Services,0,46037.99572194463,2
TXN0001840,2024-08-14,15676.16,INR,*RTGS KSEB INV/2408/840 Q1 - utilities exp,KSEB,True,18%,TRUE,Utilities,0,15349.91268466985,2
TXN0001841,2024-08-14,11132.43,INR,*CARD CANVA INDIA PVT LTD BILL/2408/841 FY25 - software exp /  ref 8745,CANVA INDIA PVT LTD,True,18%,TRUE,Software,0,10989.33651515319,2
TXN0001842,2024-08-14,4054.98,INR,!upi rapido taxinv/2408/842 fy25 - travel exp,RAPIDO,True,5%,FALSE,Travel,0,3291.8939757487983,2
TXN0001843,2024-08-14,94339.0,INR,-NEFT WEWORK TAXINV/2408/843 ADV - rent exp,WEWORK,True,18%,TRUE,Rent,0,89162.38409286254,2
TXN0001844,2024-08-14,176063.23,INR,rtgs wework pvt ltd inv/2408/844 rent - rent exp  ref 2400,WEWORK Pvt Ltd,True,18%,TRUE,Rent,0,177697.88731839354,2
TXN0001845,2024-08-14,24041.0,INR,!neft wipro inv/2408/845 fy25 - it services exp* ref 4226,Wipro,True,18%,TRUE,IT Services,0,24425.310752000947,2
TXN0001846,2024-08-14,6659.88,INR,RTGS MIC.rosoft INV/2408/846 ADV - software exp  ref 1595,MIC.rosoft,True,18%,TRUE,Software,0,5975.4606882450025,2
TXN0001847,2024-08-14,9906.25,INR,upi canva india pvt ltd taxinv/2408/847 fy24 - software exp* ref 8879,CANVA INDIA PVT LTD,True,18%,TRUE,Software,0,11160.091829856594,2
TXN0001848,2024-08-14,11182.73,INR,AUTO-DEBIT FIGMA INDIA PVT LTD TAXINV/2408/848 Q2 - software exp,FIGMA INDIA PVT LTD,True,18%,TRUE,Software,0,10214.110053962626,2
TXN0001849,2024-08-14,22154.45,INR,auto-debit cou.rsera bill/2408/849 tds - training exp,COU.rsera,True,18%,unknown,Training,0,24302.22910762096,2
TXN0001850,2024-08-15,11324.82,INR,CARD Kseb RCPT/2408/850 Q1 - utilities exp,Kseb,True,18%,TRUE,Utilities,0,11808.60992532117,3
TXN0001851,2024-08-15,9890.68,INR, / UPI AIRTEL INV/2408/851 FY25 - utilities exp,AIRTEL,True,18%,TRUE,Utilities,0,9251.51724710741,3
TXN0001852,2024-08-15,6409.05,INR,-UPI RAPIDO INDIA PVT LTD TAXINV/2408/852 SUBS - travel exp,RAPIDO INDIA PVT LTD,True,5%,FALSE,Travel,0,7546.8556276279,3
TXN0001853,2024-08-15,118347.28,INR,UPI COURSERA BILL/2408/853 Q2 - training exp,COURSERA,True,18%,unknown,Training,1,104220.91276538029,3
TXN0001854,2024-08-15,4648.81,INR,IMPS STA.ples RCPT/2408/854 Q1 - office supplies exp,STA.ples,True,12%,TRUE,Office Supplies,0,5076.107311381992,3
TXN0001855,2024-08-15,6584.01,INR,!RTGS OLA BILL/2408/855 GST - travel exp  ref 1714,OLA,True,5%,FALSE,Travel,0,7242.794398781814,3
TXN0001856,2024-08-15,26794.83,INR,IMPS INFY INDIA PVT LTD RCPT/2408/856 FY24 - it services exp* ref 3700,INFY INDIA PVT LTD,True,18%,TRUE,IT Services,0,24997.914550322686,3
TXN0001857,2024-08-15,42973.86,INR,NEFT TECHM RCPT/2408/857 FY25 - it services exp,TECHM,True,18%,TRUE,IT Services,0,48957.82088598225,3
TXN0001858,2024-08-15,5612.35,INR,AUTO-DEBIT Office Depot BILL/2408/858 Q2 - office supplies exp* ref 4834,Office Depot,True,12%,TRUE,Office Supplies,0,5472.015144379057,3
TXN0001859,2024-08-15,91530.97,INR,*UPI WEW.ork INV/2408/859 Q2 - rent exp,WEW.ork,True,18%,TRUE,Rent,0,94173.41079208057,3
TXN0001860,2024-08-15,4108.75,INR,neft staples taxinv/2408/860 fy24 - office supplies exp# ref 3154,STAPLES,True,12%,TRUE,Office Supplies,0,4215.7097355051255,3
TXN0001861,2024-08-15,14360.03,INR,IMPS AIR.tel TAXINV/2408/861 Q2 - utilities exp,AIR.tel,True,18%,TRUE,Utilities,0,14167.16224432207,3
TXN0001862,2024-08-15,35773.26,INR,imps infy pvt ltd bill/2408/862 adv - it services exp,INFY Pvt Ltd,True,18%,TRUE,IT Services,0,38673.785516589596,3
TXN0001863,2024-08-15,89474.72,INR,upi wework bill/2408/863 subs - rent exp! ref 6849,WEWORK,True,18%,TRUE,Rent,0,96574.43810945675,3
TXN0001864,2024-08-15,8604.11,INR,#CARD Uber RCPT/2408/864 ADV - travel exp,Uber,True,5%,FALSE,Travel,0,7099.653856374164,3
TXN0001865,2024-08-16,77365.19,INR,UPI WEWORK BILL/2408/865 SUBS - rent exp# ref 7573,WEWORK,True,18%,TRUE,Rent,0,87456.24307149144,4
TXN0001866,2024-08-16,234856.96,INR,#NEFT TCS INDIA PVT LTD RCPT/2408/866 Q2 - it services exp,TCS INDIA PVT LTD,True,18%,TRUE,IT Services,1,195812.1785665585,4
TXN0001867,2024-08-16,25077.47,INR,imps simplilearn india pvt ltd taxinv/2408/867 gst - training exp,SIMPLILEARN INDIA PVT LTD,True,18%,unknown,Training,0,27666.83464629918,4
TXN0001868,2024-08-16,4771.25,INR,!card govt fees inv/2408/868 q2 - exempt services exp! ref 4562,GOVT FEES,False,exempt,FALSE,Exempt Services,0,5308.829188408861,4
TXN0001869,2024-08-16,14296.52,INR,RTGS Bescom TAXINV/2408/869 SUBS - utilities exp /  ref 2363,Bescom,True,18%,TRUE,Utilities,0,12736.81766110998,4
TXN0001870,2024-08-16,11506.04,INR,#RTGS AIRTEL TAXINV/2408/870 SUBS - utilities exp,AIRTEL,True,18%,TRUE,Utilities,0,11033.355437022303,4
TXN0001871,2024-08-16,11855.17,INR,CARD KSEB INDIA PVT LTD RCPT/2408/871 FY25 - utilities exp! ref 2268,KSEB INDIA PVT LTD,True,18%,TRUE,Utilities,0,10544.33831853056,4
TXN0001872,2024-08-16,27342.91,INR,auto-debit kseb india pvt ltd taxinv/2408/872 gst - utilities exp* ref 3486,KSEB INDIA PVT LTD,True,18%,TRUE,Utilities,0,26755.253361170784,4
TXN0001873,2024-08-16,86611.5,INR,card wework inv/2408/873 fy25 - rent exp,WEWORK,True,18%,TRUE,Rent,0,83943.56885952468,4
TXN0001874,2024-08-16,27299.38,INR,UPI TCS TAXINV/2408/874 GST - it services exp,TCS,True,18%,TRUE,IT Services,0,29427.804914142296,4
TXN0001875,2024-08-16,39162.25,INR,CARD WIPRO TAXINV/2408/875 TDS - it services exp# ref 1259,WIPRO,True,18%,TRUE,IT Services,0,44293.713869272266,4
TXN0001876,2024-08-16,151289.8,INR,RTGS WEWORK Pvt Ltd BILL/2408/876 TDS - rent exp,WEWORK Pvt Ltd,True,18%,TRUE,Rent,0,172405.072459765,4
TXN0001877,2024-08-17,28148.58,INR,!IMPS HCL BILL/2408/877 Q2 - it services exp,HCL,True,18%,TRUE,IT Services,0,21252.925466433488,5
TXN0001878,2024-08-17,12311.45,INR,!RTGS BESCOM INDIA PVT LTD TAXINV/2408/878 RENT - utilities exp,BESCOM INDIA PVT LTD,True,18%,TRUE,Utilities,0,9643.094028999036,5
TXN0001879,2024-08-17,71818.56,INR,card wework pvt ltd taxinv/2408/879 subs - rent exp,WEWORK Pvt Ltd,True,18%,TRUE,Rent,0,47782.67945485505,5
TXN0001880,2024-08-17,14196.37,INR,NEFT JIO.fiber RCPT/2408/880 FY24 - utilities exp,JIO.fiber,True,18%,TRUE,Utilities,0,10441.861629127641,5
TXN0001881,2024-08-17,10673.3,INR,IMPS MICROSOFT INDIA PVT LTD INV/2408/881 ADV - software exp# ref 4396,MICROSOFT INDIA PVT LTD,True,18%,TRUE,Software,0,9362.492074843127,5
TXN0001882,2024-08-17,3183.16,INR,#CARD KFC RCPT/2408/882 SUBS - meals exp,KFC,True,5%,FALSE,Meals,0,2957.9406896484634,5
TXN0001883,2024-08-17,102835.72,INR,!imps wework bill/2408/883 q2 - rent exp,WEWORK,True,18%,TRUE,Rent,0,72113.76360232323,5
TXN0001884,2024-08-17,7436.52,INR,CARD Ikea BILL/2408/884 ADV - office supplies exp,Ikea,True,12%,TRUE,Office Supplies,0,5596.746215001946,5
TXN0001885,2024-08-17,33822.76,INR,!NEFT WIP.ro INV/2408/885 SUBS - it services exp,WIP.ro,True,18%,TRUE,IT Services,0,26986.758753580794,5
TXN0001886,2024-08-17,24049.56,INR,!RTGS INFY INDIA PVT LTD RCPT/2408/886 FY24 - it services exp,INFY INDIA PVT LTD,True,18%,TRUE,IT Services,0,19778.668207896135,5
TXN0001887,2024-08-17,4002.63,INR,upi indigo bill/2408/887 subs - travel exp,INDIGO,True,5%,FALSE,Travel,0,2942.860533044482,5
TXN0001888,2024-08-18,10421.02,INR,rtgs figma inv/2408/888 adv - software exp,Figma,True,18%,TRUE,Software,0,8690.347890046494,6
TXN0001889,2024-08-18,67258.93,INR,-UPI IND.iqube RCPT/2408/889 FY25 - rent exp# ref 6396,IND.iqube,True,18%,TRUE,Rent,0,51257.54980192892,6
TXN0001890,2024-08-18,7091.28,INR,AUTO-DEBIT OFFICE DEPOT INDIA PVT LTD RCPT/2408/890 TDS - office supplies exp  ref 3239,OFFICE DEPOT INDIA PVT LTD,True,12%,TRUE,Office Supplies,0,5664.825192045302,6
TXN0001891,2024-08-18,39335.55,INR,-NEFT TECHM INDIA PVT LTD BILL/2408/891 ADV - it services exp,TECHM INDIA PVT LTD,True,18%,TRUE,IT Services,0,33187.51130812495,6
TXN0001892,2024-08-18,7442.15,INR,-IMPS INDIGO Pvt Ltd RCPT/2408/892 Q1 - travel exp  ref 3969,INDIGO Pvt Ltd,True,5%,FALSE,Travel,0,5957.543639621877,6
TXN0001893,2024-08-18,9557.05,INR,UPI ADOBE TAXINV/2408/893 FY24 - software exp,ADOBE,True,18%,TRUE,Software,0,7311.995057995445,6
TXN0001894,2024-08-18,51831.48,INR,*RTGS WIPRO Pvt Ltd RCPT/2408/894 ADV - it services exp,WIPRO Pvt Ltd,True,18%,TRUE,IT Services,0,41010.684931201155,6
TXN0001895,2024-08-18,84831.2,INR,NEFT WEWORK INV/2408/895 GST - rent exp,WEWORK,True,18%,TRUE,Rent,0,67265.28513080484,6
TXN0001896,2024-08-18,6956.84,INR,#imps figma inv/2408/896 q2 - software exp,FIGMA,True,18%,TRUE,Software,0,5359.543397349986,6
TXN0001897,2024-08-18,63679.87,INR,-card awfis inv/2408/897 q2 - rent exp,AWFIS,True,18%,TRUE,Rent,0,49625.48802982777,6
TXN0001898,2024-08-18,9362.04,INR,-UPI AIRTEL INV/2408/898 FY24 - utilities exp  ref 7447,AIRTEL,True,18%,TRUE,Utilities,0,8686.95990049216,6
TXN0001899,2024-08-18,14258.21,INR,-IMPS BESCOM INDIA PVT LTD INV/2408/899 FY25 - utilities exp,BESCOM INDIA PVT LTD,True,18%,TRUE,Utilities,0,12046.384582546421,6
TXN0001900,2024-08-18,70374.01,INR, / NEFT AWFIS BILL/2408/900 RENT - rent exp! ref 9527,AWFIS,True,18%,TRUE,Rent,0,54635.67721153702,6
TXN0001901,2024-08-18,39228.38,INR,#auto-debit inf.y taxinv/2408/901 tds - it services exp,INF.y,True,18%,TRUE,IT Services,0,33569.93537782567,6
TXN0001902,2024-08-19,7875.74,INR,AUTO-DEBIT FIGMA INV/2408/902 FY25 - software exp,FIGMA,True,18%,TRUE,Software,0,7612.8324491749,0
TXN0001903,2024-08-19,11364.91,INR,!UPI Rapido RCPT/2408/903 RENT - travel exp,Rapido,True,5%,FALSE,Travel,0,12698.155592495481,0
TXN0001904,2024-08-19,5459.41,INR,neft fig.ma rcpt/2408/904 fy24 - software exp,FIG.ma,True,18%,TRUE,Software,0,5661.21282805082,0
TXN0001905,2024-08-19,24540.36,INR,!NEFT UPGRAD INDIA PVT LTD INV/2408/905 SUBS - training exp* ref 5554,UPGRAD INDIA PVT LTD,True,18%,unknown,Training,0,24277.03667573644,0
TXN0001906,2024-08-19,7646.78,INR,*IMPS JIOFIBER INV/2408/906 ADV - utilities exp  ref 8353,JIOFIBER,True,18%,TRUE,Utilities,0,7989.139283394751,0
TXN0001907,2024-08-19,67352.64,INR,IMPS INDIQUBE INDIA PVT LTD RCPT/2408/907 SUBS - rent exp,INDIQUBE INDIA PVT LTD,True,18%,TRUE,Rent,0,56772.374404514514,0
TXN0001908,2024-08-19,7347.43,INR, auto-debit ikea pvt ltd rcpt/2408/908 rent - office supplies exp,IKEA Pvt Ltd,True,12%,TRUE,Office Supplies,0,6519.545489590803,0
TXN0001909,2024-08-19,39350.4,INR,RTGS Hcl RCPT/2408/909 Q2 - it services exp,Hcl,True,18%,TRUE,IT Services,0,34652.25734281946,0
TXN0001910,2024-08-19,63372.79,INR,-rtgs wework inv/2408/910 gst - rent exp# ref 1470,WEWORK,True,18%,TRUE,Rent,0,64278.66027264106,0
TXN0001911,2024-08-19,2977.95,INR,rtgs swi.ggy rcpt/2408/911 subs - meals exp  ref 7130,SWI.ggy,True,5%,FALSE,Meals,0,3493.884304271663,0
TXN0001912,2024-08-20,4891.92,INR,neft rapido inv/2408/912 q2 - travel exp,Rapido,True,5%,FALSE,Travel,0,5983.454181116266,1
TXN0001913,2024-08-20,21994.56,INR,RTGS KSEB INDIA PVT LTD RCPT/2408/913 ADV - utilities exp,KSEB INDIA PVT LTD,True,18%,TRUE,Utilities,0,23397.925323370484,1
TXN0001914,2024-08-20,49077.29,INR,auto-debit wip.ro inv/2408/914 q1 - it services exp,WIP.ro,True,18%,TRUE,IT Services,0,51535.29895417469,1
TXN0001915,2024-08-20,5694.05,INR,CARD Uber INV/2408/915 Q1 - travel exp,Uber,True,5%,FALSE,Travel,0,4668.51872088476,1
TXN0001916,2024-08-20,5034.44,INR,UPI IND.igo INV/2408/916 RENT - travel exp,IND.igo,True,5%,FALSE,Travel,0,4761.234131566705,1
TXN0001917,2024-08-20,2987.59,INR,upi swiggy pvt ltd taxinv/2408/917 subs - meals exp,SWIGGY Pvt Ltd,True,28%,FALSE,Meals,1,2752.2325140636467,1
TXN0001918,2024-08-20,12699.84,INR,#CARD FIGMA INDIA PVT LTD BILL/2408/918 TDS - software exp* ref 2856,FIGMA INDIA PVT LTD,True,18%,TRUE,Software,0,11911.373483782654,1
TXN0001919,2024-08-20,2899.24,INR,AUTO-DEBIT STA.mp duty BILL/2408/919 RENT - exempt services exp,STA.mp duty,False,12%,FALSE,Exempt Services,1,2850.491071540623,1
TXN0001920,2024-08-20,3800.1,INR,CARD STAPLES INV/2408/920 RENT - office supplies exp,STAPLES,True,12%,TRUE,Office Supplies,0,3620.7008595693146,1
TXN0001921,2024-08-20,37833.93,INR,-AUTO-DEBIT TECHM Pvt Ltd BILL/2408/921 GST - it services exp /  ref 3027,TECHM Pvt Ltd,True,18%,TRUE,IT Services,0,30345.460952522917,1
TXN0001922,2024-08-20,64824.14,INR,imps wework taxinv/2408/922 q1 - rent exp,WEWORK,True,18%,TRUE,Rent,0,69672.40391499989,1
TXN0001923,2024-08-20,4275.59,INR,card ola india pvt ltd taxinv/2408/923 adv - travel exp# ref 3257,OLA INDIA PVT LTD,True,5%,FALSE,Travel,0,3816.929064657714,1
TXN0001924,2024-08-20,19582.32,INR,*neft upg.rad rcpt/2408/924 q2 - training exp! ref 3987,UPG.rad,True,18%,unknown,Training,0,20050.820865202102,1
TXN0001925,2024-08-21,6589.83,INR,*NEFT ADOBE INV/2408/925 RENT - software exp,ADOBE,True,18%,TRUE,Software,0,7956.615219959846,2
TXN0001926,2024-08-21,122070.84,INR,NEFT AWF.is RCPT/2408/926 ADV - rent exp,AWF.is,True,18%,TRUE,Rent,0,110847.83506219884,2
TXN0001927,2024-08-21,15671.34,INR,*auto-debit bescom pvt ltd bill/2408/927 q1 - utilities exp,BESCOM Pvt Ltd,True,18%,TRUE,Utilities,0,11706.040393328452,2
TXN0001928,2024-08-21,6085.89,INR,auto-debit staples pvt ltd bill/2408/928 tds - office supplies exp,STAPLES Pvt Ltd,True,12%,TRUE,Office Supplies,0,5911.830976610206,2
TXN0001929,2024-08-21,31577.42,INR,NEFT WIPRO RCPT/2408/929 FY24 - it services exp /  ref 4415,WIPRO,True,18%,TRUE,IT Services,0,35053.966479739654,2
TXN0001930,2024-08-21,5978.49,INR,card microsoft inv/2408/930 rent - software exp,Microsoft,True,18%,TRUE,Software,0,7149.2860671583285,2
TXN0001931,2024-08-21,7372.15,INR,RTGS KSEB RCPT/2408/931 FY25 - utilities exp,KSEB,True,18%,TRUE,Utilities,0,6465.707595725761,2
TXN0001932,2024-08-21,108784.35,INR,upi indiqube bill/2408/932 tds - rent exp /  ref 6545,INDIQUBE,True,18%,TRUE,Rent,1,114187.660214529,2
TXN0001933,2024-08-21,4984.62,INR,AUTO-DEBIT OFFICE DEPOT BILL/2408/933 FY25 - office supplies exp,OFFICE DEPOT,True,12%,TRUE,Office Supplies,0,4752.6804190925,2
TXN0001934,2024-08-22,8680.29,INR,imps figma pvt ltd inv/2408/934 rent - software exp /  ref 6353,FIGMA Pvt Ltd,True,18%,TRUE,Software,0,8588.323755961736,3
TXN0001935,2024-08-22,100430.81,INR,-IMPS INDIQUBE INV/2408/935 Q1 - rent exp,INDIQUBE,True,18%,TRUE,Rent,0,126988.16442590319,3
TXN0001936,2024-08-22,6555.27,INR,*imps staples inv/2408/936 adv - office supplies exp,STAPLES,True,12%,TRUE,Office Supplies,0,5570.03236953811,3
TXN0001937,2024-08-22,4724.33,INR,!AUTO-DEBIT KFC BILL/2408/937 SUBS - meals exp,KFC,True,5%,FALSE,Meals,0,4844.204989498866,3
TXN0001938,2024-08-22,9498.19,INR,#UPI MICROSOFT INDIA PVT LTD TAXINV/2408/938 GST - software exp,MICROSOFT INDIA PVT LTD,True,18%,TRUE,Software,0,9942.413860713072,3
TXN0001939,2024-08-22,22123.52,INR,IMPS UPGRAD Pvt Ltd BILL/2408/939 TDS - training exp,UPGRAD Pvt Ltd,True,18%,unknown,Training,0,24525.661547552212,3
TXN0001940,2024-08-22,86476.98,INR,IMPS AWFIS INDIA PVT LTD TAXINV/2408/940 ADV - rent exp,AWFIS INDIA PVT LTD,True,18%,TRUE,Rent,0,87324.30872030395,3
TXN0001941,2024-08-22,3420.38,INR,CARD IND.igo TAXINV/2408/941 Q2 - travel exp,IND.igo,True,5%,FALSE,Travel,0,3525.7449904309046,3
TXN0001942,2024-08-22,2955.01,INR,auto-debit zomato inv/2408/942 fy25 - meals exp /  ref 4682,ZOMATO,True,5%,FALSE,Meals,0,2839.2774566782937,3
TXN0001943,2024-08-22,38855.7,INR,NEFT Indiqube RCPT/2408/943 GST - rent exp,Indiqube,True,18%,TRUE,Rent,0,39901.411569093754,3
TXN0001944,2024-08-23,6872.38,INR,!NEFT OFFICE DEPOT BILL/2408/944 GST - office supplies exp,OFFICE DEPOT,True,12%,TRUE,Office Supplies,0,6636.525226971711,4
TXN0001945,2024-08-23,5679.64,INR,*IMPS Govt Fees RCPT/2408/945 RENT - exempt services exp# ref 4241,Govt Fees,False,exempt,FALSE,Exempt Services,0,6032.670456850203,4
TXN0001946,2024-08-23,6506.75,INR,!upi adobe rcpt/2408/946 fy24 - software exp,ADOBE,True,18%,TRUE,Software,0,6266.253794594808,4
TXN0001947,2024-08-23,6656.71,INR,-IMPS OLA Pvt Ltd TAXINV/2408/947 Q2 - travel exp,OLA Pvt Ltd,True,5%,FALSE,Travel,0,6907.734796309262,4
TXN0001948,2024-08-23,3262.33,INR,neft ola inv/2408/948 rent - travel exp /  ref 7898,Ola,True,5%,FALSE,Travel,0,3252.7835045031084,4
TXN0001949,2024-08-23,29512.28,INR,neft infy taxinv/2408/949 gst - it services exp,INFY,True,18%,TRUE,IT Services,0,32835.511029485846,4
TXN0001950,2024-08-23,5359.86,INR,#neft ike.a bill/2408/950 fy25 - office supplies exp,IKE.a,True,12%,TRUE,Office Supplies,0,5332.313683668701,4
TXN0001951,2024-08-23,86150.8,INR,!CARD Indiqube INV/2408/951 Q1 - rent exp* ref 1835,Indiqube,True,18%,TRUE,Rent,0,70875.98344380027,4
TXN0001952,2024-08-23,20592.65,INR,IMPS BESCOM INV/2408/952 FY24 - utilities exp,BESCOM,True,18%,TRUE,Utilities,0,23191.2807791678,4
TXN0001953,2024-08-23,25490.01,INR,imps infy pvt ltd bill/2408/953 q2 - it services exp,INFY Pvt Ltd,True,18%,TRUE,IT Services,0,23181.297459368885,4
TXN0001954,2024-08-23,8133.63,INR,!UPI Ikea INV/2408/954 FY24 - office supplies exp,Ikea,True,12%,TRUE,Office Supplies,0,7601.88064949758,4
TXN0001955,2024-08-23,69100.84,INR,NEFT WEWORK TAXINV/2408/955 FY24 - rent exp- ref 2831,WEWORK,True,18%,TRUE,Rent,0,64984.77042261077,4
TXN0001956,2024-08-23,11053.0,INR,imps jiofiber taxinv/2408/956 adv - utilities exp,JIOFIBER,True,18%,TRUE,Utilities,0,12572.166424381705,4
TXN0001957,2024-08-23,111553.8,INR,-imps indiqube pvt ltd taxinv/2408/957 fy25 - rent exp /  ref 5716,INDIQUBE Pvt Ltd,True,18%,TRUE,Rent,0,87729.54258686634,4
TXN0001958,2024-08-23,94050.94,INR,RTGS Awfis TAXINV/2408/958 GST - rent exp! ref 6284,Awfis,True,18%,TRUE,Rent,0,123561.75990743442,4
TXN0001959,2024-08-23,2424.63,INR, / imps zomato pvt ltd taxinv/2408/959 q1 - meals exp,ZOMATO Pvt Ltd,True,5%,FALSE,Meals,0,2680.6847020965824,4
TXN0001960,2024-08-23,9754.8,INR,IMPS Jiofiber TAXINV/2408/960 RENT - utilities exp,Jiofiber,True,18%,TRUE,Utilities,0,9972.565095954713,4
TXN0001961,2024-08-24,46955.23,INR,-RTGS TCS RCPT/2408/961 RENT - it services exp,TCS,True,18%,TRUE,IT Services,0,37357.97916603537,5
TXN0001962,2024-08-24,2746.69,INR,imps kfc inv/2408/962 tds - meals exp,KFC,True,5%,FALSE,Meals,0,2260.0982817496624,5
TXN0001963,2024-08-24,3080.0,INR, / imps kfc taxinv/2408/963 q1 - meals exp  ref 3742,KFC,True,5%,FALSE,Meals,0,2592.4045663526695,5
TXN0001964,2024-08-24,5895.74,INR, / CARD ADO.be BILL/2408/964 RENT - software exp,ADO.be,True,18%,TRUE,Software,0,5020.913867096735,5
TXN0001965,2024-08-24,6413.59,INR,UPI AIRTEL Pvt Ltd RCPT/2408/965 Q2 - utilities exp- ref 5067,AIRTEL Pvt Ltd,True,18%,TRUE,Utilities,0,5415.9455397692045,5
TXN0001966,2024-08-24,7989.46,INR, RTGS FIGMA INDIA PVT LTD RCPT/2408/966 TDS - software exp! ref 4921,FIGMA INDIA PVT LTD,True,18%,TRUE,Software,0,6448.8241015729245,5
TXN0001967,2024-08-24,2688.52,INR,*CARD SWIGGY Pvt Ltd TAXINV/2408/967 FY25 - meals exp- ref 9229,SWIGGY Pvt Ltd,True,5%,FALSE,Meals,0,2108.372136818828,5
TXN0001968,2024-08-24,7486.46,INR,IMPS CANVA INV/2408/968 FY25 - software exp,CANVA,True,18%,TRUE,Software,0,5898.567889028747,5
TXN0001969,2024-08-24,9146.46,INR,upi jiofiber taxinv/2408/969 rent - utilities exp,Jiofiber,True,18%,TRUE,Utilities,0,7174.550336806833,5
TXN0001970,2024-08-24,3461.14,INR,CARD Ikea INV/2408/970 RENT - office supplies exp,Ikea,True,12%,TRUE,Office Supplies,0,3082.8429626456377,5
TXN0001971,2024-08-24,51562.69,INR,UPI Wipro RCPT/2408/971 SUBS - it services exp /  ref 4449,Wipro,True,18%,TRUE,IT Services,0,43698.58250147074,5
TXN0001972,2024-08-24,6949.19,INR,imps figma rcpt/2408/972 fy25 - software exp# ref 5356,Figma,True,18%,TRUE,Software,0,3924.6864563101863,5
TXN0001973,2024-08-24,2551.78,INR,card zomato rcpt/2408/973 q1 - meals exp,ZOMATO,True,5%,FALSE,Meals,0,2175.321158682649,5
TXN0001974,2024-08-24,3728.24,INR, / IMPS Kfc BILL/2408/974 FY25 - meals exp* ref 4196,Kfc,True,5%,FALSE,Meals,0,3040.6738616478656,5
TXN0001975,2024-08-25,38289.68,INR,*NEFT WIPRO RCPT/2408/975 ADV - it services exp,WIPRO,True,18%,TRUE,IT Services,0,30574.435816199097,6
TXN0001976,2024-08-25,7238.9,INR,UPI IKE.a INV/2408/976 ADV - office supplies exp  ref 1493,IKE.a,True,12%,TRUE,Office Supplies,0,5566.124301594788,6
TXN0001977,2024-08-25,2564.9,INR, / rtgs kfc pvt ltd inv/2408/977 subs - meals exp,KFC Pvt Ltd,True,5%,FALSE,Meals,0,2282.5789372393697,6
TXN0001978,2024-08-25,68038.67,INR,upi awfis bill/2408/978 tds - rent exp,Awfis,True,18%,TRUE,Rent,0,59588.41122181158,6
TXN0001979,2024-08-25,3108.51,INR,neft stamp duty india pvt ltd inv/2408/979 gst - exempt services exp /  ref 6173,STAMP DUTY INDIA PVT LTD,False,exempt,FALSE,Exempt Services,0,2294.608163263491,6
TXN0001980,2024-08-25,5451.95,INR,neft uber india pvt ltd bill/2408/980 fy25 - travel exp,UBER INDIA PVT LTD,True,5%,FALSE,Travel,0,4539.098297343088,6
TXN0001981,2024-08-25,6821.43,INR,!RTGS OFFICE DEPOT INDIA PVT LTD INV/2408/981 Q1 - office supplies exp- ref 3371,OFFICE DEPOT INDIA PVT LTD,True,12%,TRUE,Office Supplies,0,4926.8969281038435,6
TXN0001982,2024-08-25,4038.19,INR,neft indigo taxinv/2408/982 rent - travel exp,INDIGO,True,5%,FALSE,Travel,0,2784.859177850479,6
TXN0001983,2024-08-25,3723.08,INR,#NEFT STAPLES Pvt Ltd TAXINV/2408/983 RENT - office supplies exp,STAPLES Pvt Ltd,True,12%,TRUE,Office Supplies,0,2791.7985308378875,6
TXN0001984,2024-08-25,9478.07,INR, upi canva pvt ltd bill/2408/984 tds - software exp,CANVA Pvt Ltd,True,18%,TRUE,Software,0,8236.36205590295,6
TXN0001985,2024-08-25,7173.58,INR,CARD KSEB INDIA PVT LTD INV/2408/985 TDS - utilities exp,KSEB INDIA PVT LTD,True,18%,TRUE,Utilities,0,6285.84950104072,6
TXN0001986,2024-08-25,99527.55,INR,AUTO-DEBIT AWF.is TAXINV/2408/986 GST - rent exp,AWF.is,True,18%,TRUE,Rent,0,83707.33078424034,6
TXN0001987,2024-08-25,90119.03,INR, AUTO-DEBIT WEWORK TAXINV/2408/987 GST - rent exp,WEWORK,True,18%,TRUE,Rent,0,77322.81831742627,6
TXN0001988,2024-08-25,5059.44,INR,*rtgs rapido india pvt ltd rcpt/2408/988 rent - travel exp,RAPIDO INDIA PVT LTD,True,5%,FALSE,Travel,0,4256.477845836873,6
TXN0001989,2024-08-26,33388.11,INR,!RTGS TCS INV/2408/989 GST - it services exp,TCS,True,18%,TRUE,IT Services,0,31246.324193572058,0
TXN0001990,2024-08-26,6685.05,INR,UPI Rapido INV/2408/990 TDS - travel exp- ref 8287,Rapido,True,5%,FALSE,Travel,0,6973.792380727254,0
TXN0001991,2024-08-26,7512.75,INR,*RTGS Ola INV/2408/991 TDS - travel exp,Ola,True,5%,FALSE,Travel,0,8114.077666065427,0
TXN0001992,2024-08-26,3316.9,INR,*IMPS ZOMATO INDIA PVT LTD INV/2408/992 ADV - meals exp,ZOMATO INDIA PVT LTD,True,5%,FALSE,Meals,0,3567.0908911858646,0
TXN0001993,2024-08-26,4525.04,INR,*auto-debit sta.ples inv/2408/993 fy24 - office supplies exp,STA.ples,True,12%,TRUE,Office Supplies,0,5063.028056245762,0
TXN0001994,2024-08-26,26165.19,INR,!upi techm india pvt ltd rcpt/2408/994 adv - it services exp,TECHM INDIA PVT LTD,True,18%,TRUE,IT Services,0,28018.48047397468,0
TXN0001995,2024-08-26,12579.71,INR,*imps upgrad taxinv/2408/995 q2 - training exp- ref 3757,UPGRAD,True,18%,unknown,Training,0,13021.821653089291,0
TXN0001996,2024-08-26,2999.65,INR,RTGS OFF.ice depot BILL/2408/996 RENT - office supplies exp,OFF.ice depot,True,12%,TRUE,Office Supplies,0,3320.6576162365873,0
TXN0001997,2024-08-26,88627.91,INR,CARD AWFIS INV/2408/997 FY25 - rent exp /  ref 7342,AWFIS,True,18%,TRUE,Rent,0,88392.85762221877,0
TXN0001998,2024-08-26,2526.2,INR,AUTO-DEBIT STAMP DUTY Pvt Ltd TAXINV/2408/998 Q2 - exempt services exp# ref 6740,STAMP DUTY Pvt Ltd,False,exempt,FALSE,Exempt Services,0,2303.4208256068537,0
TXN0001999,2024-08-26,20567.02,INR,#UPI SIMPLILEARN RCPT/2408/999 RENT - training exp,SIMPLILEARN,True,18%,unknown,Training,0,20231.639849122934,0
TXN0002000,2024-08-26,61475.25,INR,NEFT HCL RCPT/2408/000 ADV - it services exp,HCL,True,18%,TRUE,IT Services,0,56895.942368486234,0
TXN0002001,2024-08-27,133899.68,INR, / upi kseb rcpt/2408/001 adv - utilities exp,KSEB,True,18%,TRUE,Utilities,1,124859.06450379782,1
TXN0002002,2024-08-27,94660.72,INR, neft wework india pvt ltd rcpt/2408/002 fy25 - rent exp,WEWORK INDIA PVT LTD,True,18%,TRUE,Rent,0,93292.69585766262,1
TXN0002003,2024-08-27,14977.48,INR, UPI JIOFIBER Pvt Ltd RCPT/2408/003 Q2 - utilities exp# ref 5091,JIOFIBER Pvt Ltd,True,18%,TRUE,Utilities,0,13790.63464816215,1
TXN0002004,2024-08-27,18704.26,INR,AUTO-DEBIT HCL RCPT/2408/004 TDS - it services exp,HCL,True,18%,TRUE,IT Services,0,18128.240747963366,1
TXN0002005,2024-08-27,144839.63,INR,AUTO-DEBIT AWFIS INDIA PVT LTD INV/2408/005 SUBS - rent exp,AWFIS INDIA PVT LTD,True,18%,TRUE,Rent,0,117412.58522758404,1
TXN0002006,2024-08-27,64819.08,INR,*NEFT INFY BILL/2408/006 Q1 - it services exp,INFY,True,18%,TRUE,IT Services,0,66201.63018817031,1
TXN0002007,2024-08-27,13224.61,INR,neft airtel inv/2408/007 q2 - utilities exp,AIRTEL,True,18%,TRUE,Utilities,0,13226.204194153004,1
TXN0002008,2024-08-27,19265.68,INR,UPI Jiofiber TAXINV/2408/008 ADV - utilities exp,Jiofiber,True,18%,TRUE,Utilities,0,17691.50319022022,1
TXN0002009,2024-08-27,36760.47,INR,AUTO-DEBIT WIPRO INDIA PVT LTD TAXINV/2408/009 FY24 - it services exp* ref 6125,WIPRO INDIA PVT LTD,True,18%,TRUE,IT Services,0,39183.88806170394,1
TXN0002010,2024-08-27,29558.12,INR,CARD HCL INV/2408/010 FY24 - it services exp,HCL,True,18%,TRUE,IT Services,0,32329.40106363823,1
TXN0002011,2024-08-27,4324.78,INR,#RTGS ROC FEES RCPT/2408/011 GST - exempt services exp,ROC FEES,False,exempt,FALSE,Exempt Services,0,3629.5457249774345,1
TXN0002012,2024-08-27,39590.22,INR,auto-debit infy taxinv/2408/012 fy25 - it services exp  ref 4160,Infy,True,18%,TRUE,IT Services,0,36570.57582171123,1
TXN0002013,2024-08-28,12901.74,INR,-imps canva bill/2408/013 fy24 - software exp# ref 8614,CANVA,True,18%,TRUE,Software,0,11909.412538005521,2
TXN0002014,2024-08-28,5579.57,INR,*NEFT Staples INV/2408/014 RENT - office supplies exp,Staples,True,12%,TRUE,Office Supplies,0,5055.144485414601,2
TXN0002015,2024-08-28,5576.16,INR,imps adobe taxinv/2408/015 fy24 - software exp,Adobe,True,18%,TRUE,Software,0,6038.688443458614,2
TXN0002016,2024-08-28,9030.66,INR,#RTGS MIC.rosoft TAXINV/2408/016 Q1 - software exp /  ref 9647,MIC.rosoft,True,18%,TRUE,Software,0,8855.622204162999,2
TXN0002017,2024-08-28,27063.41,INR, RTGS TCS INDIA PVT LTD TAXINV/2408/017 Q2 - it services exp,TCS INDIA PVT LTD,True,18%,TRUE,IT Services,0,26347.542639852603,2
TXN0002018,2024-08-28,29601.79,INR,-RTGS TECHM RCPT/2408/018 SUBS - it services exp /  ref 4499,TECHM,True,18%,TRUE,IT Services,0,23669.998709992782,2
TXN0002019,2024-08-28,6083.08,INR, RTGS RAPIDO INDIA PVT LTD BILL/2408/019 SUBS - travel exp,RAPIDO INDIA PVT LTD,True,5%,FALSE,Travel,0,6469.609871120514,2
TXN0002020,2024-08-28,43561.27,INR,AUTO-DEBIT TECHM BILL/2408/020 FY25 - it services exp,TECHM,True,18%,TRUE,IT Services,0,38162.903046202126,2
TXN0002021,2024-08-28,3059.33,INR,AUTO-DEBIT SWIGGY BILL/2408/021 FY24 - meals exp /  ref 6426,SWIGGY,True,5%,FALSE,Meals,0,3077.6653693752687,2
TXN0002022,2024-08-28,5017.7,INR, CARD Staples BILL/2408/022 GST - office supplies exp  ref 9709,Staples,True,12%,TRUE,Office Supplies,0,5156.879426159281,2
TXN0002023,2024-08-28,6155.31,INR, / imps roc fees bill/2408/023 fy24 - exempt services exp,ROC FEES,False,exempt,FALSE,Exempt Services,0,6992.837546155161,2
TXN0002024,2024-08-28,10995.76,INR,UPI JIOFIBER RCPT/2408/024 GST - utilities exp,JIOFIBER,True,18%,TRUE,Utilities,0,9556.612500818203,2
TXN0002025,2024-08-28,3283.69,INR, imps swiggy taxinv/2408/025 subs - meals exp,SWIGGY,True,5%,FALSE,Meals,0,2292.1758129052714,2
TXN0002026,2024-08-28,2979.44,INR,RTGS INDIGO Pvt Ltd INV/2408/026 RENT - travel exp- ref 8932,INDIGO Pvt Ltd,True,5%,FALSE,Travel,0,3034.216868762095,2
TXN0002027,2024-08-28,5116.82,INR, / auto-debit staples rcpt/2408/027 adv - office supplies exp,STAPLES,True,12%,TRUE,Office Supplies,0,6038.109162377836,2
TXN0002028,2024-08-28,19420.27,INR,#AUTO-DEBIT UPGRAD Pvt Ltd INV/2408/028 Q1 - training exp,UPGRAD Pvt Ltd,True,18%,unknown,Training,0,21826.337268959916,2
TXN0002029,2024-08-28,7290.49,INR,#auto-debit ind.igo rcpt/2408/029 adv - travel exp! ref 8962,IND.igo,True,5%,FALSE,Travel,0,7443.3419870465505,2
TXN0002030,2024-08-29,30919.6,INR,upi tcs india pvt ltd bill/2408/030 rent - it services exp  ref 2731,TCS INDIA PVT LTD,True,18%,TRUE,IT Services,0,29399.480579473133,3
TXN0002031,2024-08-29,14424.79,INR, RTGS JIOFIBER INV/2408/031 TDS - utilities exp  ref 7576,JIOFIBER,True,18%,TRUE,Utilities,0,15589.047396074793,3
TXN0002032,2024-08-29,8134.41,INR,upi airtel bill/2408/032 adv - utilities exp,AIRTEL,True,18%,TRUE,Utilities,0,7342.487605766197,3
TXN0002033,2024-08-29,1247.39,INR, IMPS KFC INDIA PVT LTD RCPT/2408/033 RENT - meals exp! ref 8706,KFC INDIA PVT LTD,True,5%,FALSE,Meals,0,1306.8103917917256,3
TXN0002034,2024-08-29,9271.19,INR,NEFT JIOFIBER Pvt Ltd RCPT/2408/034 FY25 - utilities exp,JIOFIBER Pvt Ltd,True,18%,TRUE,Utilities,0,9739.820988496405,3
TXN0002035,2024-08-29,4057.52,INR,neft indigo inv/2408/035 q1 - travel exp,Indigo,True,5%,FALSE,Travel,0,4487.702290387485,3
TXN0002036,2024-08-29,4854.13,INR,upi ikea pvt ltd inv/2408/036 subs - office supplies exp,IKEA Pvt Ltd,True,12%,TRUE,Office Supplies,0,6193.704858467943,3
TXN0002037,2024-08-29,47336.08,INR,AUTO-DEBIT WIPRO TAXINV/2408/037 TDS - it services exp,WIPRO,True,18%,TRUE,IT Services,0,49193.62336156515,3
TXN0002038,2024-08-29,8716.63,INR,!IMPS JIOFIBER Pvt Ltd TAXINV/2408/038 TDS - utilities exp,JIOFIBER Pvt Ltd,True,18%,TRUE,Utilities,0,8272.985239124924,3
TXN0002039,2024-08-29,107030.79,INR,UPI WEWORK INV/2408/039 RENT - rent exp,WEWORK,True,18%,TRUE,Rent,0,106757.0661162384,3
TXN0002040,2024-08-29,5149.62,INR,-card ikea india pvt ltd rcpt/2408/040 tds - office supplies exp* ref 6581,IKEA INDIA PVT LTD,True,12%,TRUE,Office Supplies,0,4238.61313386649,3
TXN0002041,2024-08-29,67719.19,INR,CARD INDIQUBE INV/2408/041 Q2 - rent exp,INDIQUBE,True,18%,TRUE,Rent,0,63014.648948028516,3
TXN0002042,2024-08-29,60950.26,INR,!UPI Hcl RCPT/2408/042 SUBS - it services exp,Hcl,True,18%,TRUE,IT Services,0,58455.67289835724,3
TXN0002043,2024-08-29,50177.44,INR,imps hcl india pvt ltd bill/2408/043 fy24 - it services exp- ref 8916,HCL INDIA PVT LTD,True,18%,TRUE,IT Services,0,47547.69858579409,3
TXN0002044,2024-08-29,7807.6,INR,-auto-debit bescom rcpt/2408/044 subs - utilities exp,Bescom,True,18%,TRUE,Utilities,0,7926.552589889049,3
TXN0002045,2024-08-29,20141.66,INR,IMPS TCS TAXINV/2408/045 Q2 - it services exp,TCS,True,18%,TRUE,IT Services,0,18485.16973447347,3
TXN0002046,2024-08-29,17826.07,INR,AUTO-DEBIT BESCOM INV/2408/046 GST - utilities exp- ref 5030,BESCOM,True,18%,TRUE,Utilities,0,19824.427114787275,3
TXN0002047,2024-08-29,3415.12,INR, UPI STAMP DUTY BILL/2408/047 FY25 - exempt services exp# ref 8919,STAMP DUTY,False,exempt,FALSE,Exempt Services,0,3415.190715154343,3
TXN0002048,2024-08-29,131802.76,INR,auto-debit awfis india pvt ltd bill/2408/048 q1 - rent exp,AWFIS INDIA PVT LTD,True,18%,TRUE,Rent,0,131680.17920050444,3
TXN0002049,2024-08-29,2758.83,INR,-CARD ROC FEES Pvt Ltd BILL/2408/049 GST - exempt services exp,ROC FEES Pvt Ltd,False,exempt,FALSE,Exempt Services,0,2668.3694219242666,3
TXN0002050,2024-08-29,11508.46,INR,neft microsoft rcpt/2408/050 tds - software exp,MICROSOFT,True,18%,TRUE,Software,0,11687.060577756369,3
TXN0002051,2024-08-30,7896.54,INR,rtgs ado.be rcpt/2408/051 gst - software exp,ADO.be,True,18%,TRUE,Software,0,8548.082145087856,4
TXN0002052,2024-08-30,15720.19,INR,NEFT Upgrad RCPT/2408/052 FY24 - training exp* ref 8074,Upgrad,True,18%,unknown,Training,0,14357.044825428366,4
TXN0002053,2024-08-30,85226.54,INR, / IMPS Indiqube RCPT/2408/053 RENT - rent exp,Indiqube,True,18%,TRUE,Rent,0,79617.6408719168,4
TXN0002054,2024-08-30,7814.73,INR,*UPI IKEA INDIA PVT LTD BILL/2408/054 RENT - office supplies exp* ref 8109,IKEA INDIA PVT LTD,True,12%,TRUE,Office Supplies,0,7577.376309113813,4
TXN0002055,2024-08-30,70076.2,INR,CARD AWFIS Pvt Ltd BILL/2408/055 GST - rent exp,AWFIS Pvt Ltd,True,18%,TRUE,Rent,0,60644.847999250625,4
TXN0002056,2024-08-30,3353.2,INR, NEFT RAPIDO TAXINV/2408/056 FY24 - travel exp,RAPIDO,True,5%,FALSE,Travel,0,3078.486454478187,4
TXN0002057,2024-08-30,4543.65,INR,-IMPS SWI.ggy BILL/2408/057 GST - meals exp,SWI.ggy,True,5%,FALSE,Meals,0,4327.27190279188,4
TXN0002058,2024-08-30,10304.8,INR,*upi adobe bill/2408/058 adv - software exp,ADOBE,True,18%,TRUE,Software,0,11205.84056294085,4
TXN0002059,2024-08-30,33702.43,INR, CARD HCL INV/2408/059 RENT - it services exp,HCL,True,18%,TRUE,IT Services,0,34587.325481139436,4
TXN0002060,2024-08-30,3896.24,INR,#card kfc inv/2408/060 q1 - meals exp,KFC,True,5%,FALSE,Meals,0,3971.667275626668,4
TXN0002061,2024-08-30,8241.35,INR,*auto-debit ikea pvt ltd inv/2408/061 fy24 - office supplies exp- ref 1445,IKEA Pvt Ltd,True,12%,TRUE,Office Supplies,0,8942.604792051301,4
TXN0002062,2024-08-30,90229.08,INR, / NEFT INDIQUBE BILL/2408/062 FY25 - rent exp,INDIQUBE,True,18%,TRUE,Rent,0,88989.58699147678,4
TXN0002063,2024-08-31,7807.82,INR,!neft indigo bill/2408/063 q1 - travel exp /  ref 1320,Indigo,True,5%,FALSE,Travel,0,6490.150341165742,5
TXN0002064,2024-08-31,16888.59,INR, / UPI SIMPLILEARN INDIA PVT LTD TAXINV/2408/064 ADV - training exp,SIMPLILEARN INDIA PVT LTD,True,18%,unknown,Training,0,13371.410410851342,5
TXN0002065,2024-08-31,13537.35,INR,rtgs upgrad india pvt ltd inv/2408/065 tds - training exp,UPGRAD INDIA PVT LTD,True,18%,unknown,Training,0,11117.264240051607,5
TXN0002066,2024-08-31,10111.92,INR, / RTGS Canva BILL/2408/066 Q2 - software exp,Canva,True,18%,TRUE,Software,0,7618.111285993945,5
TXN0002067,2024-08-31,101953.19,INR,imps wework bill/2408/067 adv - rent exp,WEWORK,True,18%,TRUE,Rent,0,61670.93687095865,5
TXN0002068,2024-08-31,4365.47,INR,IMPS Office Depot BILL/2408/068 SUBS - office supplies exp,Office Depot,True,12%,TRUE,Office Supplies,0,3445.480667668045,5
TXN0002069,2024-08-31,83300.68,INR,NEFT INDIQUBE INDIA PVT LTD INV/2408/069 TDS - rent exp,INDIQUBE INDIA PVT LTD,True,18%,TRUE,Rent,0,76121.81497646861,5
TXN0002070,2024-08-31,2792.74,INR,!upi roc fees india pvt ltd rcpt/2408/070 fy25 - exempt services exp  ref 7732,ROC FEES INDIA PVT LTD,False,exempt,FALSE,Exempt Services,0,2441.126304196495,5
TXN0002071,2024-08-31,4449.62,INR, / IMPS IKEA INV/2408/071 RENT - office supplies exp,IKEA,True,12%,TRUE,Office Supplies,0,3903.3481564309254,5
TXN0002072,2024-08-31,4502.22,INR, imps govt fees bill/2408/072 q1 - exempt services exp,GOVT FEES,False,exempt,FALSE,Exempt Services,0,4047.002596666431,5
TXN0002073,2024-08-31,10939.23,INR,CARD KSEB INDIA PVT LTD BILL/2408/073 FY24 - utilities exp,KSEB INDIA PVT LTD,True,18%,TRUE,Utilities,0,8828.971662301847,5
TXN0002074,2024-08-31,48254.96,INR,RTGS WIPRO BILL/2408/074 TDS - it services exp,WIPRO,True,18%,TRUE,IT Services,0,39365.68492545831,5
TXN0002075,2024-08-31,10742.15,INR,card figma pvt ltd inv/2408/075 subs - software exp,FIGMA Pvt Ltd,True,18%,TRUE,Software,0,8062.927255316792,5
TXN0002076,2024-08-31,18781.55,INR,*imps simplilearn rcpt/2408/076 rent - training exp,SIMPLILEARN,True,18%,unknown,Training,0,14550.332948070813,5
TXN0002077,2024-08-31,2383.45,INR,#IMPS DOMINOS Pvt Ltd TAXINV/2408/077 TDS - meals exp,DOMINOS Pvt Ltd,True,5%,FALSE,Meals,0,2024.1727797537624,5
TXN0002078,2024-08-31,34752.32,INR, UPI TECHM RCPT/2408/078 FY25 - it services exp,TECHM,True,18%,TRUE,IT Services,0,31148.878176280847,5
TXN0002079,2024-08-31,4647.43,INR,!IMPS IKEA Pvt Ltd RCPT/2408/079 GST - office supplies exp,IKEA Pvt Ltd,True,12%,TRUE,Office Supplies,0,3666.0986556009484,5
TXN0002080,2024-08-31,36272.89,INR, NEFT TEC.hm RCPT/2408/080 GST - it services exp,TEC.hm,True,5%,TRUE,IT Services,1,27711.93874534911,5
TXN0002081,2024-09-01,43584.12,INR,#UPI TEC.hm TAXINV/2409/081 ADV - it services exp# ref 7840,TEC.hm,True,18%,TRUE,IT Services,0,34869.13684977288,6
TXN0002082,2024-09-01,77688.39,INR,AUTO-DEBIT WEWORK RCPT/2409/082 Q1 - rent exp,WEWORK,True,18%,TRUE,Rent,0,65887.25475051497,6
TXN0002083,2024-09-01,9208.83,INR,*rtgs mic.rosoft taxinv/2409/083 subs - software exp,MIC.rosoft,True,18%,TRUE,Software,0,6303.366916283597,6
TXN0002084,2024-09-01,7473.64,INR,IMPS UBER INV/2409/084 TDS - travel exp* ref 7733,UBER,True,5%,FALSE,Travel,0,4606.045614511633,6
TXN0002085,2024-09-01,11142.47,INR,NEFT ADO.be RCPT/2409/085 SUBS - software exp  ref 4522,ADO.be,True,18%,TRUE,Software,0,8423.228773651643,6
TXN0002086,2024-09-01,6944.97,INR,AUTO-DEBIT Staples BILL/2409/086 SUBS - office supplies exp,Staples,True,12%,TRUE,Office Supplies,0,4877.7511058719165,6
TXN0002087,2024-09-01,10219.13,INR,#imps adobe rcpt/2409/087 q2 - software exp,ADOBE,True,18%,TRUE,Software,0,7759.883940961314,6
TXN0002088,2024-09-01,42307.12,INR, IMPS Tcs RCPT/2409/088 Q1 - it services exp,Tcs,True,18%,TRUE,IT Services,0,33345.523225452074,6
TXN0002089,2024-09-01,25450.63,INR,!AUTO-DEBIT HCL RCPT/2409/089 FY24 - it services exp,HCL,True,18%,TRUE,IT Services,0,19437.667395509332,6
TXN0002090,2024-09-01,3117.87,INR,-upi roc fees pvt ltd taxinv/2409/090 fy24 - exempt services exp* ref 8942,ROC FEES Pvt Ltd,False,exempt,FALSE,Exempt Services,0,2856.584396136024,6
TXN0002091,2024-09-01,15887.97,INR,!UPI Jiofiber INV/2409/091 Q1 - utilities exp /  ref 2113,Jiofiber,True,18%,TRUE,Utilities,0,13125.680881412698,6
TXN0002092,2024-09-01,4475.94,INR, CARD OFFICE DEPOT INV/2409/092 Q2 - office supplies exp,OFFICE DEPOT,True,12%,TRUE,Office Supplies,0,3688.3444164125194,6
TXN0002093,2024-09-01,109829.26,INR,!NEFT Wework RCPT/2409/093 Q1 - rent exp  ref 4722,Wework,True,18%,TRUE,Rent,0,93330.33201576002,6
TXN0002094,2024-09-01,20070.83,INR,IMPS UPGRAD INV/2409/094 GST - training exp,UPGRAD,True,18%,unknown,Training,0,14228.07792757218,6
TXN0002095,2024-09-01,2852.39,INR,AUTO-DEBIT Zomato BILL/2409/095 FY25 - meals exp,Zomato,True,5%,FALSE,Meals,0,2519.028165705576,6
TXN0002096,2024-09-01,13511.77,INR,RTGS KSE.b TAXINV/2409/096 GST - utilities exp,KSE.b,True,18%,TRUE,Utilities,0,10727.519230889502,6
TXN0002097,2024-09-02,8390.11,INR,!CARD RAPIDO INDIA PVT LTD RCPT/2409/097 RENT - travel exp,RAPIDO INDIA PVT LTD,True,5%,TRUE,Travel,1,8952.650613152167,0
TXN0002098,2024-09-02,24226.78,INR,neft hcl pvt ltd bill/2409/098 q1 - it services exp,HCL Pvt Ltd,True,18%,TRUE,IT Services,0,21630.015062372742,0
TXN0002099,2024-09-02,17881.53,INR,!auto-debit adobe bill/2409/099 q1 - software exp,ADOBE,True,18%,TRUE,Software,0,15103.171601272075,0
TXN0002100,2024-09-02,2114.57,INR, / RTGS DOMINOS INV/2409/100 GST - meals exp,DOMINOS,True,5%,FALSE,Meals,0,2287.518493416999,0
TXN0002101,2024-09-02,4700.62,INR, IMPS RAPIDO TAXINV/2409/101 Q2 - travel exp,RAPIDO,True,5%,FALSE,Travel,0,4877.555814656451,0
TXN0002102,2024-09-02,13775.92,INR,*RTGS AIRTEL BILL/2409/102 Q2 - utilities exp,AIRTEL,True,18%,TRUE,Utilities,0,12533.260995129529,0
TXN0002103,2024-09-02,12275.69,INR, RTGS Coursera RCPT/2409/103 FY25 - training exp,Coursera,True,18%,unknown,Training,0,11208.118560982706,0
TXN0002104,2024-09-02,34335.54,INR,!RTGS HCL Pvt Ltd RCPT/2409/104 FY24 - it services exp,HCL Pvt Ltd,True,18%,TRUE,IT Services,0,38199.78110576647,0
TXN0002105,2024-09-02,43309.95,INR,auto-debit wipro india pvt ltd rcpt/2409/105 q1 - it services exp,WIPRO INDIA PVT LTD,True,18%,TRUE,IT Services,0,38158.613039051066,0
TXN0002106,2024-09-02,4914.47,INR,upi indigo inv/2409/106 fy24 - travel exp,INDIGO,True,5%,FALSE,Travel,0,5721.756694858784,0
TXN0002107,2024-09-02,29107.54,INR,-IMPS INFY Pvt Ltd INV/2409/107 GST - it services exp,INFY Pvt Ltd,True,18%,TRUE,IT Services,0,26486.054594140776,0
TXN0002108,2024-09-02,16212.41,INR,-AUTO-DEBIT BESCOM Pvt Ltd TAXINV/2409/108 ADV - utilities exp* ref 8820,BESCOM Pvt Ltd,True,18%,TRUE,Utilities,0,17247.397163865262,0
TXN0002109,2024-09-02,1922.34,INR,!rtgs swi.ggy rcpt/2409/109 adv - meals exp,SWI.ggy,True,5%,FALSE,Meals,0,1859.1683559328694,0
TXN0002110,2024-09-02,6891.27,INR, NEFT FIG.ma TAXINV/2409/110 Q1 - software exp,FIG.ma,True,18%,TRUE,Software,0,7306.942744819483,0
TXN0002111,2024-09-03,39313.72,INR,-UPI Techm RCPT/2409/111 FY24 - it services exp,Techm,True,18%,TRUE,IT Services,0,37174.60544728032,1
TXN0002112,2024-09-03,7062.52,INR,#UPI STAPLES Pvt Ltd BILL/2409/112 FY25 - office supplies exp,STAPLES Pvt Ltd,True,12%,TRUE,Office Supplies,0,6947.5471845006305,1
TXN0002113,2024-09-03,9278.29,INR,-neft figma bill/2409/113 fy25 - software exp,FIGMA,True,18%,TRUE,Software,0,9316.255997588238,1
TXN0002114,2024-09-03,33782.43,INR,NEFT INFY INDIA PVT LTD BILL/2409/114 Q2 - it services exp,INFY INDIA PVT LTD,True,18%,TRUE,IT Services,0,30396.797242818433,1
TXN0002115,2024-09-03,84530.1,INR, / upi wework inv/2409/115 tds - rent exp,WEWORK,True,18%,TRUE,Rent,0,90792.29560007979,1
TXN0002116,2024-09-03,3739.16,INR,AUTO-DEBIT RAPIDO Pvt Ltd TAXINV/2409/116 RENT - travel exp,RAPIDO Pvt Ltd,True,5%,FALSE,Travel,0,3547.2612360792104,1
TXN0002117,2024-09-03,40029.12,INR,RTGS TECHM RCPT/2409/117 FY25 - it services exp,TECHM,True,18%,TRUE,IT Services,0,39114.05465568646,1
TXN0002118,2024-09-03,11785.79,INR,*UPI RAP.ido INV/2409/118 GST - travel exp# ref 7084,RAP.ido,True,5%,FALSE,Travel,0,10613.870708423276,1
TXN0002119,2024-09-03,8001.16,INR,NEFT CANVA BILL/2409/119 ADV - software exp* ref 7276,CANVA,True,18%,TRUE,Software,0,5950.995842259331,1
TXN0002120,2024-09-03,53043.98,INR,*card techm bill/2409/120 subs - it services exp,TECHM,True,18%,TRUE,IT Services,0,52030.69271811919,1
TXN0002121,2024-09-04,5114.73,INR, AUTO-DEBIT GOVT FEES BILL/2409/121 RENT - exempt services exp,GOVT FEES,False,exempt,TRUE,Exempt Services,1,6348.717647538622,2
TXN0002122,2024-09-04,17438.77,INR,*imps coursera inv/2409/122 gst - training exp /  ref 3747,Coursera,True,18%,unknown,Training,0,18807.02337176674,2
TXN0002123,2024-09-04,38624.46,INR,AUTO-DEBIT COURSERA Pvt Ltd TAXINV/2409/123 GST - training exp,COURSERA Pvt Ltd,True,18%,unknown,Training,0,38550.0678233364,2
TXN0002124,2024-09-04,7623.86,INR,IMPS FIGMA RCPT/2409/124 FY24 - software exp,FIGMA,True,18%,TRUE,Software,0,7423.435712283225,2
TXN0002125,2024-09-04,4677.97,INR, NEFT IKE.a RCPT/2409/125 GST - office supplies exp,IKE.a,True,12%,TRUE,Office Supplies,0,4688.479477259797,2
TXN0002126,2024-09-04,32567.8,INR,neft inf.y bill/2409/126 q1 - it services exp /  ref 8066,INF.y,True,18%,TRUE,IT Services,0,34349.64659192032,2
TXN0002127,2024-09-04,3907.38,INR,RTGS Stamp Duty BILL/2409/127 TDS - exempt services exp,Stamp Duty,False,exempt,FALSE,Exempt Services,0,3445.991562171853,2
TXN0002128,2024-09-04,9241.38,INR,RTGS BESCOM INDIA PVT LTD BILL/2409/128 Q2 - utilities exp* ref 4420,BESCOM INDIA PVT LTD,True,18%,TRUE,Utilities,0,10271.1670222679,2
TXN0002129,2024-09-04,26993.52,INR,*RTGS WIPRO Pvt Ltd TAXINV/2409/129 FY25 - it services exp,WIPRO Pvt Ltd,True,18%,TRUE,IT Services,0,28924.58598459895,2
TXN0002130,2024-09-04,12193.81,INR,*RTGS AIRTEL INDIA PVT LTD INV/2409/130 TDS - utilities exp,AIRTEL INDIA PVT LTD,True,18%,TRUE,Utilities,0,13069.552028399465,2
TXN0002131,2024-09-04,6234.51,INR,AUTO-DEBIT Ola BILL/2409/131 Q1 - travel exp  ref 9872,Ola,True,5%,FALSE,Travel,0,6507.878137836663,2
TXN0002132,2024-09-04,97260.13,INR,!upi awfis bill/2409/132 fy24 - rent exp,AWFIS,True,18%,TRUE,Rent,0,97450.9218677483,2
TXN0002133,2024-09-04,5517.02,INR,#IMPS Office Depot BILL/2409/133 TDS - office supplies exp,Office Depot,True,12%,TRUE,Office Supplies,0,5888.238889605367,2
TXN0002134,2024-09-04,48987.88,INR,#neft tcs rcpt/2409/134 tds - it services exp,TCS,True,18%,TRUE,IT Services,0,51887.05197660265,2
TXN0002135,2024-09-05,95785.22,INR,AUTO-DEBIT AWFIS RCPT/2409/135 FY25 - rent exp,AWFIS,True,18%,TRUE,Rent,0,92394.03326135577,3
TXN0002136,2024-09-05,8323.22,INR,IMPS JIOFIBER Pvt Ltd TAXINV/2409/136 GST - utilities exp,JIOFIBER Pvt Ltd,True,18%,TRUE,Utilities,0,7845.798625178905,3
TXN0002137,2024-09-05,2577.04,INR,!card dominos india pvt ltd taxinv/2409/137 rent - meals exp,DOMINOS INDIA PVT LTD,True,5%,FALSE,Meals,0,2603.288774714195,3
TXN0002138,2024-09-05,43293.15,INR,UPI WIP.ro INV/2409/138 GST - it services exp,WIP.ro,True,18%,TRUE,IT Services,0,49999.346177170395,3
TXN0002139,2024-09-05,8666.36,INR,IMPS CANVA TAXINV/2409/139 Q1 - software exp,CANVA,True,18%,TRUE,Software,0,7592.505200383606,3
TXN0002140,2024-09-05,3676.08,INR, / UPI INDIGO INDIA PVT LTD RCPT/2409/140 FY25 - travel exp# ref 2688,INDIGO INDIA PVT LTD,True,5%,FALSE,Travel,0,3136.6059721072766,3
TXN0002141,2024-09-06,9260.63,INR,NEFT CANVA Pvt Ltd RCPT/2409/141 Q2 - software exp  ref 1747,CANVA Pvt Ltd,True,18%,TRUE,Software,0,9413.208918918011,4
TXN0002142,2024-09-06,36781.97,INR,#imps techm inv/2409/142 fy25 - it services exp,TECHM,True,18%,TRUE,IT Services,0,36969.1449923037,4
TXN0002143,2024-09-06,82221.98,INR,UPI INDIQUBE RCPT/2409/143 FY25 - rent exp,INDIQUBE,True,18%,TRUE,Rent,0,83647.22948610304,4
TXN0002144,2024-09-06,6305.23,INR,NEFT CANVA Pvt Ltd RCPT/2409/144 ADV - software exp! ref 6526,CANVA Pvt Ltd,True,18%,TRUE,Software,0,6459.048102204861,4
TXN0002145,2024-09-06,6239.72,INR, auto-debit rapido india pvt ltd taxinv/2409/145 fy24 - travel exp,RAPIDO INDIA PVT LTD,True,5%,FALSE,Travel,0,6100.448042771011,4
TXN0002146,2024-09-06,5985.24,INR, card ikea inv/2409/146 gst - office supplies exp# ref 6690,IKEA,True,12%,TRUE,Office Supplies,0,6876.959024725872,4
TXN0002147,2024-09-06,15598.45,INR,rtgs kseb india pvt ltd bill/2409/147 tds - utilities exp,KSEB INDIA PVT LTD,True,18%,TRUE,Utilities,0,13101.2879336933,4
TXN0002148,2024-09-06,39348.65,INR,#IMPS TCS TAXINV/2409/148 FY25 - it services exp,TCS,True,18%,TRUE,IT Services,0,36088.62605458808,4
TXN0002149,2024-09-06,4934.48,INR,CARD STA.ples INV/2409/149 ADV - office supplies exp,STA.ples,True,12%,TRUE,Office Supplies,0,4883.529145113973,4
TXN0002150,2024-09-06,37589.49,INR,RTGS INFY BILL/2409/150 FY24 - it services exp* ref 4077,INFY,True,18%,TRUE,IT Services,0,31412.827061500855,4
TXN0002151,2024-09-06,43248.78,INR,RTGS HCL Pvt Ltd TAXINV/2409/151 GST - it services exp,HCL Pvt Ltd,True,18%,TRUE,IT Services,0,42488.231155068635,4
TXN0002152,2024-09-06,9669.62,INR,*AUTO-DEBIT FIG.ma TAXINV/2409/152 FY25 - software exp,FIG.ma,True,18%,TRUE,Software,0,11276.198514392698,4
TXN0002153,2024-09-06,20910.93,INR,CARD COURSERA TAXINV/2409/153 TDS - training exp,COURSERA,True,18%,unknown,Training,0,20954.605589470266,4
TXN0002154,2024-09-07,25671.1,INR,AUTO-DEBIT COU.rsera TAXINV/2409/154 GST - training exp,COU.rsera,True,18%,unknown,Training,0,21010.66768166359,5
TXN0002155,2024-09-07,10516.35,INR,RTGS ADOBE BILL/2409/155 TDS - software exp,ADOBE,True,18%,TRUE,Software,0,7352.893301742188,5
TXN0002156,2024-09-07,25584.6,INR,NEFT UPGRAD RCPT/2409/156 FY25 - training exp- ref 1383,UPGRAD,True,18%,unknown,Training,0,19206.131193589852,5
TXN0002157,2024-09-07,45825.57,INR,card awfis india pvt ltd rcpt/2409/157 adv - rent exp /  ref 9654,AWFIS INDIA PVT LTD,True,18%,TRUE,Rent,0,35284.96896077751,5
TXN0002158,2024-09-07,10327.74,INR,upi jiofiber india pvt ltd rcpt/2409/158 tds - utilities exp# ref 2757,JIOFIBER INDIA PVT LTD,True,18%,TRUE,Utilities,0,7999.689686930142,5
TXN0002159,2024-09-07,120731.0,INR,-AUTO-DEBIT AWFIS RCPT/2409/159 FY24 - rent exp,AWFIS,True,18%,TRUE,Rent,0,108963.530961168,5
TXN0002160,2024-09-07,55871.24,INR,!auto-debit awfis india pvt ltd rcpt/2409/160 adv - rent exp,AWFIS INDIA PVT LTD,True,18%,TRUE,Rent,0,47189.703287970246,5
TXN0002161,2024-09-07,6789.64,INR,*neft ikea india pvt ltd rcpt/2409/161 fy24 - office supplies exp,IKEA INDIA PVT LTD,True,12%,TRUE,Office Supplies,0,4828.000047780964,5
TXN0002162,2024-09-07,53549.62,INR,IMPS WIPRO TAXINV/2409/162 Q2 - it services exp,WIPRO,True,18%,TRUE,IT Services,0,43895.71497705745,5
TXN0002163,2024-09-08,7747.59,INR,NEFT ADOBE INV/2409/163 ADV - software exp,ADOBE,True,18%,TRUE,Software,0,6506.873426914897,6
TXN0002164,2024-09-08,3850.19,INR,card stamp duty rcpt/2409/164 subs - exempt services exp,STAMP DUTY,False,exempt,FALSE,Exempt Services,0,3431.3352341299355,6
TXN0002165,2024-09-08,4031.25,INR,UPI Staples INV/2409/165 FY24 - office supplies exp,Staples,True,12%,TRUE,Office Supplies,0,3734.724371418301,6
TXN0002166,2024-09-08,4501.5,INR,CARD OLA INDIA PVT LTD TAXINV/2409/166 TDS - travel exp,OLA INDIA PVT LTD,True,5%,FALSE,Travel,0,3235.644279638948,6
TXN0002167,2024-09-08,16807.86,INR,*UPI TCS TAXINV/2409/167 GST - it services exp# ref 1005,TCS,True,18%,TRUE,IT Services,0,12355.985637730257,6
TXN0002168,2024-09-08,26149.71,INR,auto-debit hcl pvt ltd inv/2409/168 subs - it services exp,HCL Pvt Ltd,True,18%,TRUE,IT Services,0,18288.94429495695,6
TXN0002169,2024-09-08,5208.58,INR,upi ikea taxinv/2409/169 tds - office supplies exp,IKEA,True,12%,TRUE,Office Supplies,0,4069.3511073802056,6
TXN0002170,2024-09-08,147527.24,INR,NEFT AWFIS INDIA PVT LTD TAXINV/2409/170 GST - rent exp- ref 8943,AWFIS INDIA PVT LTD,True,18%,TRUE,Rent,0,123525.83710663633,6
TXN0002171,2024-09-08,9691.51,INR,!neft kseb rcpt/2409/171 tds - utilities exp! ref 1539,KSEB,True,18%,TRUE,Utilities,0,8518.708987269476,6
TXN0002172,2024-09-08,26146.78,INR,*UPI TCS RCPT/2409/172 ADV - it services exp- ref 1551,TCS,True,18%,TRUE,IT Services,0,20758.55402352353,6
TXN0002173,2024-09-08,5906.26,INR, / NEFT STAPLES TAXINV/2409/173 FY25 - office supplies exp /  ref 2659,STAPLES,True,12%,TRUE,Office Supplies,0,4573.879789384068,6
TXN0002174,2024-09-08,28117.16,INR, auto-debit infy bill/2409/174 fy25 - it services exp,INFY,True,18%,TRUE,IT Services,0,22835.08829994693,6
TXN0002175,2024-09-08,31372.51,INR,RTGS Wipro INV/2409/175 TDS - it services exp,Wipro,True,18%,TRUE,IT Services,0,23001.96567737465,6
TXN0002176,2024-09-08,19582.82,INR, auto-debit coursera taxinv/2409/176 subs - training exp,Coursera,True,18%,unknown,Training,0,18939.780853598306,6
TXN0002177,2024-09-08,4263.47,INR,NEFT INDIGO TAXINV/2409/177 RENT - travel exp! ref 2244,INDIGO,True,5%,FALSE,Travel,0,2862.4388352570377,6
TXN0002178,2024-09-08,6137.01,INR, / AUTO-DEBIT STA.ples TAXINV/2409/178 Q1 - office supplies exp,STA.ples,True,12%,TRUE,Office Supplies,0,5000.308382407108,6
TXN0002179,2024-09-08,10954.74,INR,*neft bescom rcpt/2409/179 q2 - utilities exp,Bescom,True,18%,TRUE,Utilities,0,10537.238399523496,6
TXN0002180,2024-09-08,2878.41,INR,CARD Govt Fees RCPT/2409/180 Q2 - exempt services exp,Govt Fees,False,exempt,FALSE,Exempt Services,0,2304.2938192463953,6
TXN0002181,2024-09-08,6354.45,INR,card office depot rcpt/2409/181 subs - office supplies exp,OFFICE DEPOT,True,12%,TRUE,Office Supplies,0,4986.952516322781,6
TXN0002182,2024-09-08,48800.64,INR,-auto-debit uber taxinv/2409/182 tds - travel exp,Uber,True,5%,FALSE,Travel,1,37645.026768142445,6
TXN0002183,2024-09-08,7535.96,INR,!IMPS OFFICE DEPOT RCPT/2409/183 FY24 - office supplies exp /  ref 8959,OFFICE DEPOT,True,12%,TRUE,Office Supplies,0,5920.014040152462,6
TXN0002184,2024-09-09,15994.27,INR,card coursera pvt ltd bill/2409/184 fy25 - training exp,COURSERA Pvt Ltd,True,18%,unknown,Training,0,18190.04091730646,0
TXN0002185,2024-09-09,97478.5,INR,!CARD INDIQUBE INDIA PVT LTD TAXINV/2409/185 TDS - rent exp# ref 4238,INDIQUBE INDIA PVT LTD,True,18%,TRUE,Rent,0,75917.60186764666,0
TXN0002186,2024-09-09,28419.37,INR,CARD HCL INV/2409/186 SUBS - it services exp,HCL,True,18%,TRUE,IT Services,0,32777.29197276097,0
TXN0002187,2024-09-09,11786.56,INR, / UPI BESCOM INV/2409/187 SUBS - utilities exp /  ref 5700,BESCOM,True,18%,TRUE,Utilities,0,10108.204358521722,0
TXN0002188,2024-09-09,79186.48,INR,IMPS AWFIS INDIA PVT LTD INV/2409/188 ADV - rent exp,AWFIS INDIA PVT LTD,True,18%,TRUE,Rent,0,77074.95406641255,0
TXN0002189,2024-09-09,86986.62,INR,UPI INDIQUBE Pvt Ltd RCPT/2409/189 Q2 - rent exp,INDIQUBE Pvt Ltd,True,18%,TRUE,Rent,0,83252.76787243599,0
TXN0002190,2024-09-09,18975.62,INR, RTGS COURSERA INV/2409/190 FY25 - training exp- ref 5529,COURSERA,True,18%,unknown,Training,0,20092.436319692664,0
TXN0002191,2024-09-09,28101.16,INR,neft upgrad india pvt ltd rcpt/2409/191 fy25 - training exp,UPGRAD INDIA PVT LTD,True,18%,unknown,Training,0,23610.24518878185,0
TXN0002192,2024-09-09,24311.23,INR,upi infy bill/2409/192 gst - it services exp,Infy,True,18%,TRUE,IT Services,0,25434.82859848313,0
TXN0002193,2024-09-09,28067.85,INR,-auto-debit wipro pvt ltd inv/2409/193 q1 - it services exp,WIPRO Pvt Ltd,True,18%,TRUE,IT Services,0,33749.65188599719,0
TXN0002194,2024-09-09,9488.17,INR, / auto-debit kseb rcpt/2409/194 q1 - utilities exp,Kseb,True,18%,TRUE,Utilities,0,8194.767330484263,0
TXN0002195,2024-09-09,46696.54,INR,IMPS TECHM RCPT/2409/195 FY24 - it services exp,TECHM,True,18%,TRUE,IT Services,0,47582.40216440655,0
TXN0002196,2024-09-09,37593.33,INR,IMPS HCL RCPT/2409/196 GST - it services exp,HCL,True,18%,TRUE,IT Services,0,35104.71855359734,0
TXN0002197,2024-09-10,17249.55,INR,card simplilearn rcpt/2409/197 tds - training exp /  ref 6436,SIMPLILEARN,True,18%,unknown,Training,0,17984.186265758708,1
TXN0002198,2024-09-10,66874.29,INR,rtgs infy taxinv/2409/198 gst - it services exp,Infy,True,18%,TRUE,IT Services,0,67002.33940197564,1
TXN0002199,2024-09-10,18521.98,INR,-upi tec.hm rcpt/2409/199 fy24 - it services exp,TEC.hm,True,18%,TRUE,IT Services,0,17333.819230041947,1
TXN0002200,2024-09-10,4613.35,INR,imps staples inv/2409/200 gst - office supplies exp,Staples,True,12%,TRUE,Office Supplies,0,4838.422560540997,1
TXN0002201,2024-09-10,34095.62,INR, NEFT HCL Pvt Ltd BILL/2409/201 ADV - it services exp,HCL Pvt Ltd,True,18%,TRUE,IT Services,0,40247.656749900714,1
TXN0002202,2024-09-10,11443.52,INR,imps airtel bill/2409/202 tds - utilities exp- ref 5508,Airtel,True,18%,TRUE,Utilities,0,11225.058864129283,1
TXN0002203,2024-09-10,3563.52,INR,CARD Zomato INV/2409/203 FY24 - meals exp,Zomato,True,5%,FALSE,Meals,0,3820.0071822003893,1
TXN0002204,2024-09-10,13783.01,INR,CARD BESCOM TAXINV/2409/204 Q1 - utilities exp,BESCOM,True,18%,TRUE,Utilities,0,12000.490588893217,1
TXN0002205,2024-09-10,56224.1,INR,!card awfis taxinv/2409/205 q1 - rent exp,Awfis,True,18%,TRUE,Rent,0,50846.62255061466,1
TXN0002206,2024-09-10,72897.08,INR,-RTGS Indiqube RCPT/2409/206 Q2 - rent exp,Indiqube,True,18%,TRUE,Rent,0,76340.7838231148,1
TXN0002207,2024-09-10,118005.53,INR,#AUTO-DEBIT WEWORK RCPT/2409/207 GST - rent exp,WEWORK,True,18%,TRUE,Rent,0,135518.91985288815,1
TXN0002208,2024-09-11,9824.9,INR,!auto-debit jiofiber india pvt ltd bill/2409/208 fy25 - utilities exp,JIOFIBER INDIA PVT LTD,True,18%,TRUE,Utilities,0,10174.286559048422,2
TXN0002209,2024-09-11,37348.17,INR,!IMPS TECHM INDIA PVT LTD INV/2409/209 SUBS - it services exp,TECHM INDIA PVT LTD,True,18%,TRUE,IT Services,0,36178.9555456156,2
TXN0002210,2024-09-11,12133.2,INR,UPI CANVA RCPT/2409/210 ADV - software exp,CANVA,True,18%,TRUE,Software,0,12132.340248028264,2
TXN0002211,2024-09-11,26986.05,INR, NEFT COURSERA BILL/2409/211 SUBS - training exp,COURSERA,True,18%,unknown,Training,0,23611.69343707065,2
TXN0002212,2024-09-11,7972.87,INR,#auto-debit ola india pvt ltd rcpt/2409/212 fy25 - travel exp,OLA INDIA PVT LTD,True,5%,FALSE,Travel,0,8454.84221100389,2
TXN0002213,2024-09-11,10089.51,INR,AUTO-DEBIT MICROSOFT Pvt Ltd INV/2409/213 Q2 - software exp,MICROSOFT Pvt Ltd,True,18%,TRUE,Software,0,10979.740825564266,2
TXN0002214,2024-09-11,12811.02,INR,*rtgs bescom bill/2409/214 gst - utilities exp /  ref 8115,Bescom,True,18%,TRUE,Utilities,0,12231.846170426876,2
TXN0002215,2024-09-11,6615.34,INR,-card ikea rcpt/2409/215 q2 - office supplies exp,IKEA,True,12%,TRUE,Office Supplies,0,6304.3911378240655,2
TXN0002216,2024-09-11,4544.0,INR, / NEFT OLA INV/2409/216 ADV - travel exp,OLA,True,5%,FALSE,Travel,0,4664.815067553891,2
TXN0002217,2024-09-11,4012.83,INR,AUTO-DEBIT Rapido INV/2409/217 Q2 - travel exp /  ref 7993,Rapido,True,5%,FALSE,Travel,0,3837.5817941624214,2
TXN0002218,2024-09-12,3665.78,INR,card figma inv/2409/218 gst - software exp,FIGMA,True,18%,TRUE,Software,0,3641.5372383956956,3
TXN0002219,2024-09-12,42287.05,INR,*IMPS Tcs INV/2409/219 SUBS - it services exp,Tcs,True,18%,TRUE,IT Services,0,51166.15402845739,3
TXN0002220,2024-09-12,54875.06,INR,upi awfis bill/2409/220 fy25 - rent exp,AWFIS,True,18%,TRUE,Rent,0,53519.50498500214,3
TXN0002221,2024-09-12,7161.32,INR,card office depot rcpt/2409/221 fy24 - office supplies exp  ref 7795,OFFICE DEPOT,True,12%,TRUE,Office Supplies,0,6904.7011502527375,3
TXN0002222,2024-09-12,38002.32,INR,*neft indiqube pvt ltd rcpt/2409/222 subs - rent exp,INDIQUBE Pvt Ltd,True,18%,TRUE,Rent,0,35541.51090888749,3
TXN0002223,2024-09-12,3910.63,INR,NEFT OLA Pvt Ltd RCPT/2409/223 Q2 - travel exp,OLA Pvt Ltd,True,5%,FALSE,Travel,0,4201.655944950679,3
TXN0002224,2024-09-12,22040.27,INR,CARD Airtel TAXINV/2409/224 TDS - utilities exp,Airtel,True,18%,TRUE,Utilities,0,21640.847029174623,3
TXN0002225,2024-09-12,38814.32,INR,rtgs wipro pvt ltd bill/2409/225 adv - it services exp,WIPRO Pvt Ltd,True,12%,TRUE,IT Services,1,36293.82270912199,3
TXN0002226,2024-09-12,50369.46,INR, CARD HCL BILL/2409/226 FY25 - it services exp- ref 1889,HCL,True,18%,TRUE,IT Services,0,57024.79706014142,3
TXN0002227,2024-09-12,4632.93,INR, auto-debit ikea inv/2409/227 rent - office supplies exp,Ikea,True,12%,TRUE,Office Supplies,0,5290.622134770137,3
TXN0002228,2024-09-12,18082.49,INR, / NEFT INFY TAXINV/2409/228 ADV - it services exp* ref 6942,INFY,True,18%,TRUE,IT Services,0,16996.774687676556,3
TXN0002229,2024-09-12,18112.09,INR, card upgrad taxinv/2409/229 q2 - training exp,Upgrad,True,18%,unknown,Training,0,14731.39604123609,3
TXN0002230,2024-09-12,34316.17,INR,UPI Hcl TAXINV/2409/230 Q1 - it services exp,Hcl,True,18%,TRUE,IT Services,0,37773.57110577711,3
TXN0002231,2024-09-12,5760.55,INR,-AUTO-DEBIT IKEA Pvt Ltd RCPT/2409/231 FY24 - office supplies exp,IKEA Pvt Ltd,True,12%,TRUE,Office Supplies,0,5366.165565721822,3
TXN0002232,2024-09-12,3153.19,INR,imps indigo india pvt ltd inv/2409/232 fy24 - travel exp,INDIGO INDIA PVT LTD,True,5%,FALSE,Travel,0,3402.4892733024053,3
TXN0002233,2024-09-12,13833.0,INR, / upi canva inv/2409/233 fy25 - software exp,Canva,True,18%,TRUE,Software,0,11107.755388959218,3
TXN0002234,2024-09-12,3503.81,INR,RTGS Swiggy RCPT/2409/234 ADV - meals exp,Swiggy,True,5%,FALSE,Meals,0,3816.5591479906507,3
TXN0002235,2024-09-13,90130.25,INR,NEFT IND.iqube RCPT/2409/235 RENT - rent exp,IND.iqube,True,18%,TRUE,Rent,0,79213.92712209409,4
TXN0002236,2024-09-13,19185.35,INR,CARD Tcs TAXINV/2409/236 GST - it services exp* ref 6914,Tcs,True,18%,TRUE,IT Services,0,20587.346539173293,4
TXN0002237,2024-09-13,76292.91,INR,CARD WEWORK INV/2409/237 RENT - rent exp# ref 3291,WEWORK,True,18%,TRUE,Rent,0,76401.8033879869,4
TXN0002238,2024-09-13,13807.48,INR, RTGS SIM.plilearn TAXINV/2409/238 GST - training exp,SIM.plilearn,True,18%,unknown,Training,0,12490.330054546921,4
TXN0002239,2024-09-13,104688.23,INR,!IMPS AWFIS RCPT/2409/239 FY24 - rent exp,AWFIS,True,18%,TRUE,Rent,0,100427.03888539692,4
TXN0002240,2024-09-13,3591.19,INR, / auto-debit kfc rcpt/2409/240 adv - meals exp! ref 6413,KFC,True,5%,FALSE,Meals,0,3837.6599979438333,4
TXN0002241,2024-09-13,5365.15,INR,#CARD STAPLES BILL/2409/241 FY25 - office supplies exp,STAPLES,True,12%,TRUE,Office Supplies,0,5421.963962513119,4
TXN0002242,2024-09-13,10624.15,INR, neft air.tel inv/2409/242 q2 - utilities exp,AIR.tel,True,18%,TRUE,Utilities,0,11245.039116648673,4
TXN0002243,2024-09-13,163007.42,INR,#upi indiqube pvt ltd taxinv/2409/243 fy25 - rent exp,INDIQUBE Pvt Ltd,True,18%,TRUE,Rent,0,195224.86804651615,4
TXN0002244,2024-09-13,4832.29,INR,neft indigo taxinv/2409/244 rent - travel exp,INDIGO,True,5%,FALSE,Travel,0,4076.4030902144805,4
TXN0002245,2024-09-13,72784.9,INR,-UPI AWFIS BILL/2409/245 TDS - rent exp,AWFIS,True,18%,TRUE,Rent,0,84555.76555478339,4
TXN0002246,2024-09-13,16963.86,INR, CARD STAPLES Pvt Ltd BILL/2409/246 TDS - office supplies exp  ref 4179,STAPLES Pvt Ltd,True,12%,TRUE,Office Supplies,0,17140.887951431254,4
TXN0002247,2024-09-13,6057.42,INR,neft office depot rcpt/2409/247 fy25 - office supplies exp,OFFICE DEPOT,True,12%,TRUE,Office Supplies,0,5512.988753000652,4
TXN0002248,2024-09-13,8724.18,INR,!upi airtel india pvt ltd rcpt/2409/248 subs - utilities exp,AIRTEL INDIA PVT LTD,True,12%,TRUE,Utilities,1,7563.590447260041,4
TXN0002249,2024-09-13,7300.56,INR, / CARD Figma INV/2409/249 RENT - software exp,Figma,True,18%,TRUE,Software,0,7162.491523990882,4
TXN0002250,2024-09-13,5004.9,INR,-AUTO-DEBIT OLA INV/2409/250 FY25 - travel exp- ref 8560,OLA,True,5%,FALSE,Travel,0,5466.176664517072,4
TXN0002251,2024-09-14,8473.28,INR,-NEFT KSEB Pvt Ltd TAXINV/2409/251 ADV - utilities exp* ref 7638,KSEB Pvt Ltd,True,18%,TRUE,Utilities,0,6692.163247142996,5
TXN0002252,2024-09-14,2963.55,INR,NEFT GOVT FEES RCPT/2409/252 TDS - exempt services exp,GOVT FEES,False,exempt,FALSE,Exempt Services,0,2729.110655482762,5
TXN0002253,2024-09-14,91518.44,INR,-imps indiqube india pvt ltd rcpt/2409/253 fy25 - rent exp,INDIQUBE INDIA PVT LTD,True,18%,TRUE,Rent,0,62590.00517444463,5
TXN0002254,2024-09-14,33543.98,INR,#auto-debit wipro india pvt ltd rcpt/2409/254 gst - it services exp,WIPRO INDIA PVT LTD,True,18%,TRUE,IT Services,0,26802.743086018472,5
TXN0002255,2024-09-14,11692.54,INR,card airtel rcpt/2409/255 tds - utilities exp* ref 3637,AIRTEL,True,18%,TRUE,Utilities,0,8182.539164436948,5
TXN0002256,2024-09-14,6668.66,INR,-IMPS CANVA RCPT/2409/256 ADV - software exp- ref 6886,CANVA,True,18%,TRUE,Software,0,5528.922991230866,5
TXN0002257,2024-09-14,3589.34,INR, / UPI OFFICE DEPOT TAXINV/2409/257 GST - office supplies exp,OFFICE DEPOT,True,12%,TRUE,Office Supplies,0,3126.1392307817478,5
TXN0002258,2024-09-14,24160.98,INR,*NEFT COURSERA Pvt Ltd RCPT/2409/258 TDS - training exp,COURSERA Pvt Ltd,True,18%,unknown,Training,0,18515.502617448637,5
TXN0002259,2024-09-14,37902.13,INR,!AUTO-DEBIT TCS INV/2409/259 FY24 - it services exp,TCS,True,18%,TRUE,IT Services,0,22425.283828665357,5
TXN0002260,2024-09-14,34470.33,INR,!NEFT HCL INV/2409/260 TDS - it services exp,HCL,True,18%,TRUE,IT Services,0,28124.88866183709,5
TXN0002261,2024-09-15,107183.3,INR,RTGS INDIQUBE RCPT/2409/261 Q2 - rent exp,INDIQUBE,True,18%,TRUE,Rent,0,89491.52633696147,6
TXN0002262,2024-09-15,10881.46,INR, / auto-debit sta.ples inv/2409/262 fy24 - office supplies exp# ref 7925,STA.ples,True,12%,TRUE,Office Supplies,0,9057.113376346042,6
TXN0002263,2024-09-15,4769.33,INR, / AUTO-DEBIT IKEA Pvt Ltd INV/2409/263 ADV - office supplies exp# ref 2550,IKEA Pvt Ltd,True,12%,TRUE,Office Supplies,0,4286.9722464738525,6
TXN0002264,2024-09-15,5169.74,INR,UPI AIRTEL Pvt Ltd BILL/2409/264 RENT - utilities exp,AIRTEL Pvt Ltd,True,18%,TRUE,Utilities,0,3692.8264760136904,6
TXN0002265,2024-09-15,108187.33,INR,!neft indiqube rcpt/2409/265 subs - rent exp,INDIQUBE,True,18%,TRUE,Rent,0,92437.1251417346,6
TXN0002266,2024-09-15,1760.38,INR,UPI DOM.inos INV/2409/266 SUBS - meals exp,DOM.inos,True,5%,FALSE,Meals,0,1576.2453099852783,6
TXN0002267,2024-09-15,6252.67,INR,RTGS IKEA INV/2409/267 GST - office supplies exp,IKEA,True,12%,TRUE,Office Supplies,0,4112.462301688798,6
TXN0002268,2024-09-15,43538.35,INR,CARD TECHM TAXINV/2409/268 TDS - it services exp,TECHM,True,18%,TRUE,IT Services,0,35944.04904599996,6
TXN0002269,2024-09-15,8015.17,INR,imps canva rcpt/2409/269 fy24 - software exp* ref 9108,CANVA,True,18%,TRUE,Software,0,6088.849035512179,6
TXN0002270,2024-09-15,35815.91,INR,-neft infy india pvt ltd bill/2409/270 tds - it services exp,INFY INDIA PVT LTD,True,18%,TRUE,IT Services,0,28419.143302178563,6
TXN0002271,2024-09-15,104525.78,INR,-upi awfis inv/2409/271 subs - rent exp,AWFIS,True,18%,TRUE,Rent,0,86527.91645036015,6
TXN0002272,2024-09-15,11972.98,INR,!auto-debit adobe rcpt/2409/272 gst - software exp,ADOBE,True,18%,TRUE,Software,0,9111.697771715179,6
TXN0002273,2024-09-15,12729.22,INR,-neft jiofiber india pvt ltd bill/2409/273 fy25 - utilities exp! ref 8491,JIOFIBER INDIA PVT LTD,True,18%,TRUE,Utilities,0,9495.277056365954,6
TXN0002274,2024-09-15,8025.4,INR,*imps airtel taxinv/2409/274 fy25 - utilities exp,AIRTEL,True,18%,TRUE,Utilities,0,6442.246944904672,6
TXN0002275,2024-09-15,29572.77,INR,neft wipro rcpt/2409/275 adv - it services exp# ref 6419,Wipro,True,18%,TRUE,IT Services,0,21085.9860733261,6
TXN0002276,2024-09-15,11285.64,INR,CARD KSEB TAXINV/2409/276 FY24 - utilities exp,KSEB,True,18%,TRUE,Utilities,0,8048.173479395857,6
TXN0002277,2024-09-15,6210.72,INR,!UPI Figma INV/2409/277 FY25 - software exp* ref 9405,Figma,True,18%,TRUE,Software,0,5306.12777887389,6
TXN0002278,2024-09-15,5050.34,INR,-NEFT ROC FEES INDIA PVT LTD INV/2409/278 Q1 - exempt services exp- ref 6402,ROC FEES INDIA PVT LTD,False,exempt,FALSE,Exempt Services,0,3576.1279625981474,6
TXN0002279,2024-09-15,46316.54,INR,AUTO-DEBIT WIPRO INDIA PVT LTD INV/2409/279 FY24 - it services exp,WIPRO INDIA PVT LTD,True,12%,TRUE,IT Services,1,39522.135168068926,6
TXN0002280,2024-09-15,3490.15,INR,!RTGS RAP.ido BILL/2409/280 Q1 - travel exp,RAP.ido,True,5%,FALSE,Travel,0,2921.2810400603375,6
TXN0002281,2024-09-15,7239.94,INR,NEFT Office Depot TAXINV/2409/281 FY24 - office supplies exp,Office Depot,True,12%,TRUE,Office Supplies,0,4792.373026556785,6
TXN0002282,2024-09-15,95694.13,INR,#NEFT WEWORK RCPT/2409/282 GST - rent exp* ref 3215,WEWORK,True,18%,TRUE,Rent,0,71368.18720607896,6
TXN0002283,2024-09-16,87076.51,INR,NEFT INDIQUBE INDIA PVT LTD RCPT/2409/283 FY25 - rent exp,INDIQUBE INDIA PVT LTD,True,18%,TRUE,Rent,0,97474.39793755485,0
TXN0002284,2024-09-16,109645.7,INR,imps wework inv/2409/284 subs - rent exp- ref 5845,WEWORK,True,18%,TRUE,Rent,0,98887.64185223178,0
TXN0002285,2024-09-16,31347.6,INR,CARD Hcl RCPT/2409/285 Q2 - it services exp,Hcl,True,18%,TRUE,IT Services,0,29891.804094683022,0
TXN0002286,2024-09-16,75599.75,INR,!rtgs awfis pvt ltd bill/2409/286 tds - rent exp,AWFIS Pvt Ltd,True,18%,TRUE,Rent,0,79092.918801462,0
TXN0002287,2024-09-16,68732.1,INR,!rtgs wipro inv/2409/287 rent - it services exp# ref 8985,WIPRO,True,18%,TRUE,IT Services,0,74116.50748230623,0
TXN0002288,2024-09-16,9815.69,INR,card canva india pvt ltd rcpt/2409/288 rent - software exp,CANVA INDIA PVT LTD,True,18%,TRUE,Software,0,9568.787227164192,0
TXN0002289,2024-09-16,22024.03,INR,#imps wipro bill/2409/289 subs - it services exp! ref 8565,WIPRO,True,18%,TRUE,IT Services,0,20708.071754680543,0
TXN0002290,2024-09-16,37450.27,INR,-card infy inv/2409/290 gst - it services exp! ref 1986,Infy,True,18%,TRUE,IT Services,0,42777.08353604717,0
TXN0002291,2024-09-16,10714.17,INR,!UPI KSEB INV/2409/291 Q2 - utilities exp,KSEB,True,18%,TRUE,Utilities,0,12577.25666108701,0
TXN0002292,2024-09-16,77102.53,INR,#auto-debit awfis bill/2409/292 q2 - rent exp,AWFIS,True,18%,TRUE,Rent,0,84649.77322261449,0
TXN0002293,2024-09-16,27459.89,INR, / AUTO-DEBIT TCS RCPT/2409/293 Q1 - it services exp,TCS,True,18%,TRUE,IT Services,0,27694.17268098399,0
TXN0002294,2024-09-16,86675.14,INR,!neft wew.ork bill/2409/294 subs - rent exp,WEW.ork,True,18%,TRUE,Rent,0,79669.48554195717,0
TXN0002295,2024-09-17,5072.8,INR,UPI IKE.a RCPT/2409/295 TDS - office supplies exp,IKE.a,True,12%,TRUE,Office Supplies,0,4651.532161441985,1
TXN0002296,2024-09-17,26450.89,INR, neft wipro inv/2409/296 adv - it services exp  ref 9681,WIPRO,True,18%,TRUE,IT Services,0,27832.986312183293,1
TXN0002297,2024-09-17,67489.01,INR,!card awfis bill/2409/297 rent - rent exp,Awfis,True,18%,TRUE,Rent,0,70312.73817135385,1
TXN0002298,2024-09-17,18430.46,INR,#AUTO-DEBIT HCL INDIA PVT LTD TAXINV/2409/298 SUBS - it services exp,HCL INDIA PVT LTD,True,18%,TRUE,IT Services,0,21013.670680335545,1
TXN0002299,2024-09-17,34485.85,INR, neft wipro taxinv/2409/299 fy25 - it services exp# ref 2878,WIPRO,True,18%,TRUE,IT Services,0,36728.98243236874,1
TXN0002300,2024-09-17,23441.09,INR, / CARD SIMPLILEARN INV/2409/300 Q2 - training exp- ref 9527,SIMPLILEARN,True,18%,unknown,Training,0,19917.705936922095,1
TXN0002301,2024-09-17,112733.5,INR, rtgs wework bill/2409/301 tds - rent exp,WEWORK,True,18%,TRUE,Rent,0,124592.47367625668,1
TXN0002302,2024-09-17,35490.32,INR,rtgs simplilearn india pvt ltd bill/2409/302 fy25 - training exp,SIMPLILEARN INDIA PVT LTD,True,18%,unknown,Training,0,31948.170895721072,1
TXN0002303,2024-09-17,37454.97,INR,#auto-debit wipro rcpt/2409/303 fy25 - it services exp* ref 3300,Wipro,True,18%,TRUE,IT Services,0,36016.80675281629,1
TXN0002304,2024-09-18,7424.25,INR,IMPS CANVA INDIA PVT LTD TAXINV/2409/304 RENT - software exp,CANVA INDIA PVT LTD,True,18%,TRUE,Software,0,7610.004888126414,2
TXN0002305,2024-09-18,9676.53,INR,#NEFT AIRTEL INDIA PVT LTD TAXINV/2409/305 RENT - utilities exp,AIRTEL INDIA PVT LTD,True,18%,TRUE,Utilities,0,11607.643633491924,2
TXN0002306,2024-09-18,12179.01,INR, RTGS MICROSOFT RCPT/2409/306 GST - software exp* ref 3340,MICROSOFT,True,18%,TRUE,Software,0,15966.582919277487,2
TXN0002307,2024-09-18,4511.31,INR,CARD DOMINOS INV/2409/307 FY25 - meals exp# ref 6071,DOMINOS,True,5%,FALSE,Meals,0,4785.021580391166,2
TXN0002308,2024-09-18,13642.41,INR,AUTO-DEBIT Airtel BILL/2409/308 RENT - utilities exp,Airtel,True,18%,TRUE,Utilities,0,13392.485661680279,2
TXN0002309,2024-09-18,4136.81,INR,imps staples taxinv/2409/309 tds - office supplies exp,Staples,True,12%,TRUE,Office Supplies,0,4357.924831169083,2
TXN0002310,2024-09-18,9307.84,INR,*upi jiofiber india pvt ltd taxinv/2409/310 q2 - utilities exp,JIOFIBER INDIA PVT LTD,True,18%,TRUE,Utilities,0,10134.055467916553,2
TXN0002311,2024-09-18,46087.14,INR, / card simplilearn inv/2409/311 fy25 - training exp,SIMPLILEARN,True,18%,unknown,Training,0,44609.27462474781,2
TXN0002312,2024-09-18,14575.23,INR,*UPI JIOFIBER Pvt Ltd TAXINV/2409/312 ADV - utilities exp# ref 3427,JIOFIBER Pvt Ltd,True,18%,TRUE,Utilities,0,17191.791841103397,2
TXN0002313,2024-09-19,8430.81,INR,UPI BESCOM Pvt Ltd BILL/2409/313 ADV - utilities exp! ref 6756,BESCOM Pvt Ltd,True,18%,TRUE,Utilities,0,8624.778285729846,3
TXN0002314,2024-09-19,42389.1,INR,upi techm india pvt ltd inv/2409/314 fy25 - it services exp,TECHM INDIA PVT LTD,True,18%,TRUE,IT Services,0,44498.9881577804,3
TXN0002315,2024-09-19,32257.68,INR,#card inf.y inv/2409/315 q2 - it services exp- ref 5185,INF.y,True,18%,TRUE,IT Services,0,34405.797142701216,3
TXN0002316,2024-09-19,18156.87,INR,!rtgs wipro pvt ltd inv/2409/316 q2 - it services exp  ref 9788,WIPRO Pvt Ltd,True,18%,TRUE,IT Services,0,18922.339328266728,3
TXN0002317,2024-09-19,33116.27,INR,*AUTO-DEBIT Tcs TAXINV/2409/317 FY24 - it services exp,Tcs,True,18%,TRUE,IT Services,0,35894.52801274868,3
TXN0002318,2024-09-19,9410.54,INR,card figma pvt ltd taxinv/2409/318 fy24 - software exp,FIGMA Pvt Ltd,True,18%,unknown,Software,1,8829.671419787272,3
TXN0002319,2024-09-19,6457.64,INR, / IMPS ADOBE RCPT/2409/319 ADV - software exp,ADOBE,True,18%,TRUE,Software,0,6097.108826164796,3
TXN0002320,2024-09-19,137961.59,INR,!IMPS WEWORK INDIA PVT LTD RCPT/2409/320 FY25 - rent exp,WEWORK INDIA PVT LTD,True,18%,TRUE,Rent,0,122783.68727739945,3
TXN0002321,2024-09-19,8891.77,INR,imps adobe india pvt ltd inv/2409/321 gst - software exp! ref 9529,ADOBE INDIA PVT LTD,True,18%,TRUE,Software,1,9282.564385739202,3
TXN0002322,2024-09-19,58428.33,INR,#NEFT AWFIS Pvt Ltd INV/2409/322 FY25 - rent exp,AWFIS Pvt Ltd,True,18%,TRUE,Rent,0,62979.52590762519,3
TXN0002323,2024-09-19,4125.63,INR,#auto-debit canva inv/2409/323 gst - software exp,CANVA,True,18%,TRUE,Software,0,4314.490146978221,3
TXN0002324,2024-09-19,28075.57,INR, AUTO-DEBIT HCL INV/2409/324 GST - it services exp,HCL,True,18%,TRUE,IT Services,0,32776.802952691905,3
TXN0002325,2024-09-19,2706.89,INR, rtgs kfc taxinv/2409/325 q2 - meals exp /  ref 4213,KFC,True,5%,FALSE,Meals,0,2705.375219259184,3
TXN0002326,2024-09-20,118144.49,INR,UPI INDIQUBE Pvt Ltd RCPT/2409/326 FY24 - rent exp /  ref 9570,INDIQUBE Pvt Ltd,True,18%,TRUE,Rent,0,126045.30418417332,4
TXN0002327,2024-09-20,31484.15,INR,-RTGS TCS INV/2409/327 RENT - it services exp,TCS,True,18%,FALSE,IT Services,1,28047.022586049843,4
TXN0002328,2024-09-20,41251.48,INR,-IMPS HCL INDIA PVT LTD INV/2409/328 Q2 - it services exp,HCL INDIA PVT LTD,True,18%,TRUE,IT Services,0,39654.636436537134,4
TXN0002329,2024-09-20,107293.24,INR, imps awf.is taxinv/2409/329 fy25 - rent exp,AWF.is,True,18%,TRUE,Rent,0,114755.88995515669,4
TXN0002330,2024-09-20,21535.55,INR,CARD Bescom RCPT/2409/330 TDS - utilities exp,Bescom,True,18%,TRUE,Utilities,0,23364.138096101447,4
TXN0002331,2024-09-20,538422.4,INR,*RTGS IND.iqube TAXINV/2409/331 FY25 - rent exp,IND.iqube,True,18%,TRUE,Rent,1,522594.56105179765,4
TXN0002332,2024-09-20,7357.56,INR,CARD ADOBE INV/2409/332 TDS - software exp,ADOBE,True,18%,TRUE,Software,0,7304.880420849917,4
TXN0002333,2024-09-20,13182.77,INR,UPI Adobe TAXINV/2409/333 TDS - software exp,Adobe,True,18%,TRUE,Software,0,11181.791950846864,4
TXN0002334,2024-09-20,21141.7,INR,card tcs bill/2409/334 tds - it services exp,TCS,True,18%,TRUE,IT Services,0,20386.879574530692,4
TXN0002335,2024-09-20,269006.08,INR,*NEFT WIPRO BILL/2409/335 Q2 - it services exp,WIPRO,True,18%,TRUE,IT Services,1,292957.92845164565,4
TXN0002336,2024-09-20,7599.3,INR,card adobe taxinv/2409/336 q2 - software exp,Adobe,True,18%,TRUE,Software,0,8036.415547889863,4
TXN0002337,2024-09-20,33019.4,INR,neft tcs rcpt/2409/337 q1 - it services exp# ref 3583,TCS,True,18%,TRUE,IT Services,0,34672.56817205747,4
TXN0002338,2024-09-20,28802.53,INR,upi wipro pvt ltd bill/2409/338 fy24 - it services exp,WIPRO Pvt Ltd,True,18%,TRUE,IT Services,0,28945.89081182402,4
TXN0002339,2024-09-20,65003.58,INR,!NEFT AWFIS Pvt Ltd BILL/2409/339 ADV - rent exp  ref 2620,AWFIS Pvt Ltd,True,18%,TRUE,Rent,1,65049.49305969393,4
TXN0002340,2024-09-20,5311.04,INR,*card dom.inos bill/2409/340 adv - meals exp,DOM.inos,True,5%,FALSE,Meals,0,4960.340801541094,4
TXN0002341,2024-09-20,40136.51,INR,imps tcs taxinv/2409/341 tds - it services exp,Tcs,True,18%,TRUE,IT Services,0,42941.363387574325,4
TXN0002342,2024-09-20,17483.35,INR,auto-debit upgrad india pvt ltd bill/2409/342 subs - training exp,UPGRAD INDIA PVT LTD,True,18%,unknown,Training,0,18219.351732729025,4
TXN0002343,2024-09-21,6655.81,INR,NEFT ADOBE BILL/2409/343 Q2 - software exp! ref 6460,ADOBE,True,18%,TRUE,Software,0,5586.630717492717,5
TXN0002344,2024-09-21,12500.54,INR, / CARD Bescom BILL/2409/344 FY24 - utilities exp,Bescom,True,18%,TRUE,Utilities,0,9474.374432627219,5
TXN0002345,2024-09-21,5322.92,INR,UPI ROC FEES RCPT/2409/345 Q1 - exempt services exp,ROC FEES,False,exempt,FALSE,Exempt Services,0,3341.3702323967173,5
TXN0002346,2024-09-21,6071.7,INR,#UPI IKEA TAXINV/2409/346 GST - office supplies exp,IKEA,True,12%,TRUE,Office Supplies,0,5390.286569596393,5
TXN0002347,2024-09-21,6655.0,INR,UPI Staples BILL/2409/347 Q2 - office supplies exp- ref 9773,Staples,True,12%,TRUE,Office Supplies,0,5069.066938421126,5
TXN0002348,2024-09-21,17255.26,INR,IMPS JIOFIBER BILL/2409/348 FY24 - utilities exp,JIOFIBER,True,18%,TRUE,Utilities,0,12613.214389578983,5
TXN0002349,2024-09-21,69691.64,INR,UPI Indiqube INV/2409/349 FY25 - rent exp* ref 4038,Indiqube,True,18%,TRUE,Rent,0,59619.686614136146,5
TXN0002350,2024-09-21,15159.97,INR,RTGS BES.com RCPT/2409/350 ADV - utilities exp,BES.com,True,18%,TRUE,Utilities,0,11652.544011136415,5
TXN0002351,2024-09-21,18457.69,INR,*NEFT AIR.tel INV/2409/351 ADV - utilities exp- ref 4670,AIR.tel,True,18%,TRUE,Utilities,0,16331.27017571628,5
TXN0002352,2024-09-21,27197.23,INR, rtgs wipro taxinv/2409/352 subs - it services exp  ref 2544,WIPRO,True,18%,TRUE,IT Services,0,23100.25221776047,5
TXN0002353,2024-09-21,4777.04,INR,!UPI OFFICE DEPOT RCPT/2409/353 FY25 - office supplies exp,OFFICE DEPOT,True,12%,TRUE,Office Supplies,0,4082.8670399761286,5
TXN0002354,2024-09-22,89187.38,INR,!RTGS AWF.is TAXINV/2409/354 Q1 - rent exp,AWF.is,True,18%,TRUE,Rent,0,61603.82311375902,6
TXN0002355,2024-09-22,69320.14,INR,!auto-debit awfis india pvt ltd rcpt/2409/355 rent - rent exp,AWFIS INDIA PVT LTD,True,18%,TRUE,Rent,0,62177.08213913147,6
TXN0002356,2024-09-22,2177.17,INR,neft kfc inv/2409/356 subs - meals exp,Kfc,True,5%,FALSE,Meals,0,1787.2389455269135,6
TXN0002357,2024-09-22,12575.89,INR,auto-debit microsoft inv/2409/357 subs - software exp,MICROSOFT,True,18%,TRUE,Software,0,9689.192905386006,6
TXN0002358,2024-09-22,121496.24,INR,NEFT INDIQUBE Pvt Ltd BILL/2409/358 FY24 - rent exp,INDIQUBE Pvt Ltd,True,18%,TRUE,Rent,0,98590.68477131572,6
TXN0002359,2024-09-22,21449.19,INR,auto-debit upgrad india pvt ltd bill/2409/359 tds - training exp,UPGRAD INDIA PVT LTD,True,18%,unknown,Training,0,14111.447440389573,6
TXN0002360,2024-09-22,4733.55,INR,imps office depot bill/2409/360 q1 - office supplies exp,OFFICE DEPOT,True,12%,TRUE,Office Supplies,0,3941.5902812627473,6
TXN0002361,2024-09-22,5817.55,INR,auto-debit canva taxinv/2409/361 subs - software exp,Canva,True,18%,TRUE,Software,0,4174.966382606031,6
TXN0002362,2024-09-22,8110.24,INR,card office depot pvt ltd taxinv/2409/362 q1 - office supplies exp,OFFICE DEPOT Pvt Ltd,True,12%,TRUE,Office Supplies,0,5610.553547275227,6
TXN0002363,2024-09-22,5065.54,INR,upi office depot inv/2409/363 subs - office supplies exp! ref 8978,Office Depot,True,12%,TRUE,Office Supplies,0,3435.506291827666,6
TXN0002364,2024-09-22,3158.34,INR,*auto-debit indigo rcpt/2409/364 tds - travel exp,INDIGO,True,5%,FALSE,Travel,0,2807.811856181255,6
TXN0002365,2024-09-23,35903.88,INR,neft hcl india pvt ltd bill/2409/365 q2 - it services exp,HCL INDIA PVT LTD,True,18%,TRUE,IT Services,0,33644.580262446136,0
TXN0002366,2024-09-23,9553.02,INR, / card off.ice depot taxinv/2409/366 subs - office supplies exp /  ref 2538,OFF.ice depot,True,12%,TRUE,Office Supplies,0,11018.193148738652,0
TXN0002367,2024-09-23,8588.44,INR,-AUTO-DEBIT KSE.b INV/2409/367 GST - utilities exp,KSE.b,True,18%,TRUE,Utilities,0,8128.270128266313,0
TXN0002368,2024-09-23,44531.89,INR,UPI INFY RCPT/2409/368 RENT - it services exp,INFY,True,18%,TRUE,IT Services,0,36928.702324184625,0
TXN0002369,2024-09-23,3152.95,INR,IMPS ZOM.ato RCPT/2409/369 FY25 - meals exp,ZOM.ato,True,5%,FALSE,Meals,0,2800.9154267063873,0
TXN0002370,2024-09-23,9123.11,INR,#AUTO-DEBIT Jiofiber BILL/2409/370 Q1 - utilities exp,Jiofiber,True,18%,TRUE,Utilities,0,10250.554534860152,0
TXN0002371,2024-09-23,3864.46,INR,*auto-debit stamp duty inv/2409/371 fy24 - exempt services exp,Stamp Duty,False,exempt,FALSE,Exempt Services,0,3804.2137727290865,0
TXN0002372,2024-09-23,7633.12,INR,CARD MICROSOFT Pvt Ltd BILL/2409/372 TDS - software exp- ref 1410,MICROSOFT Pvt Ltd,True,18%,TRUE,Software,0,7214.605727141166,0
TXN0002373,2024-09-23,61644.43,INR,AUTO-DEBIT AWFIS BILL/2409/373 ADV - rent exp,AWFIS,True,18%,TRUE,Rent,0,62630.853232230635,0
TXN0002374,2024-09-23,22343.44,INR,IMPS COURSERA INDIA PVT LTD BILL/2409/374 RENT - training exp,COURSERA INDIA PVT LTD,True,18%,unknown,Training,0,23464.595245859535,0
TXN0002375,2024-09-24,31093.61,INR, / RTGS INFY INDIA PVT LTD INV/2409/375 RENT - it services exp,INFY INDIA PVT LTD,True,18%,TRUE,IT Services,0,34568.0062996133,1
TXN0002376,2024-09-24,50403.65,INR,rtgs awfis inv/2409/376 fy25 - rent exp,AWFIS,True,18%,TRUE,Rent,0,57704.61482087926,1
TXN0002377,2024-09-24,9878.08,INR, / NEFT MICROSOFT Pvt Ltd INV/2409/377 RENT - software exp,MICROSOFT Pvt Ltd,True,18%,TRUE,Software,0,9522.697653540374,1
TXN0002378,2024-09-24,33700.87,INR, RTGS TECHM BILL/2409/378 ADV - it services exp,TECHM,True,18%,TRUE,IT Services,0,29231.973931754845,1
TXN0002379,2024-09-24,5404.02,INR,#RTGS STAPLES Pvt Ltd INV/2409/379 Q2 - office supplies exp,STAPLES Pvt Ltd,True,12%,TRUE,Office Supplies,0,5180.582599998659,1
TXN0002380,2024-09-24,149759.88,INR,NEFT Awfis TAXINV/2409/380 ADV - rent exp,Awfis,True,18%,TRUE,Rent,0,153657.83774321922,1
TXN0002381,2024-09-24,23702.99,INR,IMPS WIPRO RCPT/2409/381 FY24 - it services exp,WIPRO,True,12%,TRUE,IT Services,1,21418.593180961918,1
TXN0002382,2024-09-24,9665.3,INR,NEFT ADO.be RCPT/2409/382 Q1 - software exp /  ref 7523,ADO.be,True,18%,TRUE,Software,0,8740.184926226493,1
TXN0002383,2024-09-24,113626.26,INR,-AUTO-DEBIT INDIQUBE INV/2409/383 FY25 - rent exp- ref 2084,INDIQUBE,True,18%,TRUE,Rent,0,117532.59312138366,1
TXN0002384,2024-09-24,50521.17,INR,upi wework inv/2409/384 q2 - rent exp,WEWORK,True,18%,TRUE,Rent,0,50275.37262754095,1
TXN0002385,2024-09-24,9108.74,INR,imps kseb india pvt ltd rcpt/2409/385 q2 - utilities exp,KSEB INDIA PVT LTD,True,exempt,TRUE,Utilities,1,9138.613930398533,1
TXN0002386,2024-09-24,99245.67,INR,#auto-debit indiqube taxinv/2409/386 tds - rent exp* ref 3962,INDIQUBE,True,18%,TRUE,Rent,0,91717.93223158174,1
TXN0002387,2024-09-24,27127.78,INR,card wipro india pvt ltd taxinv/2409/387 q1 - it services exp,WIPRO INDIA PVT LTD,True,18%,TRUE,IT Services,0,26502.754011318306,1
TXN0002388,2024-09-24,42632.75,INR,imps wework rcpt/2409/388 rent - rent exp,WEWORK,True,18%,TRUE,Rent,0,38692.48994186954,1
TXN0002389,2024-09-24,89303.13,INR,*upi awfis inv/2409/389 rent - rent exp,Awfis,True,18%,TRUE,Rent,0,97252.88044344704,1
TXN0002390,2024-09-24,56688.9,INR, rtgs awfis rcpt/2409/390 fy24 - rent exp,Awfis,True,18%,TRUE,Rent,0,62557.61460112214,1
TXN0002391,2024-09-24,6470.7,INR,!rtgs mic.rosoft rcpt/2409/391 fy25 - software exp,MIC.rosoft,True,18%,TRUE,Software,0,5276.087219981597,1
TXN0002392,2024-09-25,12848.09,INR,-NEFT MICROSOFT TAXINV/2409/392 Q1 - software exp,MICROSOFT,True,12%,TRUE,Software,1,11653.84608122705,2
TXN0002393,2024-09-25,96930.17,INR,CARD AWFIS BILL/2409/393 GST - rent exp,AWFIS,True,18%,TRUE,Rent,0,82424.28648941453,2
TXN0002394,2024-09-25,9789.32,INR,-neft can.va inv/2409/394 fy25 - software exp- ref 7816,CAN.va,True,18%,TRUE,Software,0,9152.990769843185,2
TXN0002395,2024-09-25,29776.41,INR, / RTGS Wipro TAXINV/2409/395 RENT - it services exp,Wipro,True,18%,TRUE,IT Services,0,29527.96168019546,2
TXN0002396,2024-09-25,9979.28,INR,!NEFT FIGMA TAXINV/2409/396 SUBS - software exp,FIGMA,True,18%,TRUE,Software,0,8532.638445196686,2
TXN0002397,2024-09-25,41591.3,INR,card infy bill/2409/397 adv - it services exp  ref 1096,INFY,True,18%,TRUE,IT Services,0,37757.16519543612,2
TXN0002398,2024-09-25,24084.41,INR, IMPS HCL Pvt Ltd TAXINV/2409/398 RENT - it services exp# ref 5586,HCL Pvt Ltd,True,18%,TRUE,IT Services,0,21666.437902826663,2
TXN0002399,2024-09-25,4334.92,INR,auto-debit rapido rcpt/2409/399 q2 - travel exp! ref 6877,RAPIDO,True,5%,FALSE,Travel,0,4424.768729155807,2
TXN0002400,2024-09-25,8428.48,INR,IMPS IKEA TAXINV/2409/400 RENT - office supplies exp,IKEA,True,12%,TRUE,Office Supplies,0,8486.926735782328,2
TXN0002401,2024-09-25,8715.94,INR,IMPS IKE.a INV/2409/401 ADV - office supplies exp,IKE.a,True,12%,TRUE,Office Supplies,0,8086.87787893657,2
TXN0002402,2024-09-26,4960.95,INR,NEFT Ikea BILL/2409/402 Q1 - office supplies exp,Ikea,True,12%,TRUE,Office Supplies,0,5048.6699505639945,3
TXN0002403,2024-09-26,69890.68,INR, upi awfis taxinv/2409/403 subs - rent exp,AWFIS,True,18%,TRUE,Rent,0,66069.89571457384,3
TXN0002404,2024-09-26,1874.51,INR, NEFT SWIGGY INDIA PVT LTD INV/2409/404 Q2 - meals exp,SWIGGY INDIA PVT LTD,True,5%,FALSE,Meals,0,1823.587977914271,3
TXN0002405,2024-09-26,27767.56,INR,RTGS TCS RCPT/2409/405 Q2 - it services exp- ref 2726,TCS,True,18%,TRUE,IT Services,0,32414.328132449005,3
TXN0002406,2024-09-26,10164.72,INR,AUTO-DEBIT RAPIDO BILL/2409/406 RENT - travel exp,RAPIDO,True,5%,FALSE,Travel,0,11527.261126235437,3
TXN0002407,2024-09-26,3976.24,INR,upi rapido rcpt/2409/407 subs - travel exp,Rapido,True,5%,FALSE,Travel,0,3459.4953102479003,3
TXN0002408,2024-09-26,95510.9,INR, AUTO-DEBIT Awfis RCPT/2409/408 FY25 - rent exp,Awfis,True,18%,TRUE,Rent,0,103435.7489990816,3
TXN0002409,2024-09-26,15656.66,INR,*neft kseb india pvt ltd bill/2409/409 gst - utilities exp- ref 3067,KSEB INDIA PVT LTD,True,18%,TRUE,Utilities,0,16927.03599788463,3
TXN0002410,2024-09-26,94748.18,INR,AUTO-DEBIT AWFIS Pvt Ltd RCPT/2409/410 SUBS - rent exp,AWFIS Pvt Ltd,True,18%,TRUE,Rent,0,83868.5943229875,3
TXN0002411,2024-09-26,4146.4,INR,upi stamp duty taxinv/2409/411 rent - exempt services exp,Stamp Duty,False,exempt,FALSE,Exempt Services,0,4485.897962206514,3
TXN0002412,2024-09-26,45846.31,INR,#neft infy pvt ltd inv/2409/412 fy25 - it services exp  ref 4378,INFY Pvt Ltd,True,18%,TRUE,IT Services,0,52897.160349043654,3
TXN0002413,2024-09-26,18983.79,INR,card wipro taxinv/2409/413 rent - it services exp,Wipro,True,18%,TRUE,IT Services,0,16852.774513266537,3
TXN0002414,2024-09-26,3536.44,INR, IMPS Ikea RCPT/2409/414 GST - office supplies exp,Ikea,True,12%,TRUE,Office Supplies,0,3211.9706323652317,3
TXN0002415,2024-09-26,26164.81,INR,*neft wip.ro bill/2409/415 fy24 - it services exp,WIP.ro,True,18%,TRUE,IT Services,0,28827.501892428154,3
TXN0002416,2024-09-26,6607.59,INR, / imps microsoft taxinv/2409/416 rent - software exp# ref 5757,MICROSOFT,True,18%,TRUE,Software,0,6786.982970085845,3
TXN0002417,2024-09-26,506991.52,INR,*RTGS Awfis BILL/2409/417 ADV - rent exp! ref 4306,Awfis,True,18%,TRUE,Rent,1,534950.8995027625,3
TXN0002418,2024-09-26,93623.1,INR,*RTGS INDIQUBE Pvt Ltd TAXINV/2409/418 ADV - rent exp,INDIQUBE Pvt Ltd,True,18%,TRUE,Rent,0,96811.80182659854,3
TXN0002419,2024-09-26,40701.87,INR,-NEFT HCL INV/2409/419 FY24 - it services exp,HCL,True,18%,TRUE,IT Services,0,42292.07545831476,3
TXN0002420,2024-09-26,7506.69,INR,!neft staples bill/2409/420 q2 - office supplies exp,STAPLES,True,12%,TRUE,Office Supplies,0,6510.948493912848,3
TXN0002421,2024-09-26,11405.58,INR, / AUTO-DEBIT BES.com RCPT/2409/421 ADV - utilities exp,BES.com,True,18%,TRUE,Utilities,0,12600.106588828747,3
TXN0002422,2024-09-27,4969.91,INR, / imps indigo rcpt/2409/422 subs - travel exp! ref 7070,INDIGO,True,5%,FALSE,Travel,0,5551.185699926671,4
TXN0002423,2024-09-27,3963.22,INR,#UPI OLA INV/2409/423 SUBS - travel exp,OLA,True,5%,FALSE,Travel,0,3872.307401529471,4
TXN0002424,2024-09-27,48575.56,INR, / RTGS Techm TAXINV/2409/424 GST - it services exp /  ref 7811,Techm,True,18%,TRUE,IT Services,0,48364.36828156997,4
TXN0002425,2024-09-27,4975.58,INR,imps ikea taxinv/2409/425 fy25 - office supplies exp- ref 4469,IKEA,True,12%,TRUE,Office Supplies,0,4213.7652132433805,4
TXN0002426,2024-09-27,25610.13,INR,neft coursera pvt ltd bill/2409/426 tds - training exp,COURSERA Pvt Ltd,True,18%,unknown,Training,0,26927.143115473507,4
TXN0002427,2024-09-27,9911.92,INR,NEFT Canva BILL/2409/427 Q1 - software exp,Canva,True,18%,TRUE,Software,0,10478.938759767527,4
TXN0002428,2024-09-27,78578.22,INR, IMPS INDIQUBE INV/2409/428 FY25 - rent exp,INDIQUBE,True,18%,TRUE,Rent,0,78089.53405842044,4
TXN0002429,2024-09-27,5671.28,INR,AUTO-DEBIT STAPLES TAXINV/2409/429 ADV - office supplies exp,STAPLES,True,12%,TRUE,Office Supplies,0,6308.932272276638,4
TXN0002430,2024-09-27,19307.69,INR,RTGS Wipro BILL/2409/430 Q1 - it services exp  ref 3111,Wipro,True,18%,TRUE,IT Services,0,18662.66403881809,4
TXN0002431,2024-09-27,34102.64,INR,upi hcl rcpt/2409/431 rent - it services exp /  ref 7406,HCL,True,18%,TRUE,IT Services,0,36028.09526326161,4
TXN0002432,2024-09-27,65985.5,INR,NEFT WEWORK Pvt Ltd BILL/2409/432 ADV - rent exp,WEWORK Pvt Ltd,True,18%,TRUE,Rent,0,59257.19387792314,4
TXN0002433,2024-09-27,10393.98,INR,*IMPS MIC.rosoft TAXINV/2409/433 FY25 - software exp,MIC.rosoft,True,18%,TRUE,Software,0,10369.49994148562,4
TXN0002434,2024-09-27,34908.88,INR,NEFT INFY BILL/2409/434 ADV - it services exp,INFY,True,18%,TRUE,IT Services,0,34300.228813338086,4
TXN0002435,2024-09-27,45700.87,INR,UPI WEWORK BILL/2409/435 TDS - rent exp,WEWORK,True,18%,TRUE,Rent,0,46730.54680551633,4
TXN0002436,2024-09-27,96079.11,INR,upi wework inv/2409/436 q1 - rent exp- ref 7448,WEWORK,True,18%,TRUE,Rent,0,92528.72815566575,4
TXN0002437,2024-09-27,29374.29,INR, RTGS TCS BILL/2409/437 Q1 - it services exp- ref 3348,TCS,True,18%,TRUE,IT Services,0,28988.09858476877,4
TXN0002438,2024-09-27,13884.8,INR,#CARD BESCOM RCPT/2409/438 FY24 - utilities exp,BESCOM,True,18%,TRUE,Utilities,0,15031.749976603101,4
TXN0002439,2024-09-28,37264.61,INR, auto-debit wip.ro rcpt/2409/439 tds - it services exp,WIP.ro,True,18%,TRUE,IT Services,0,28509.620082989626,5
TXN0002440,2024-09-28,60736.1,INR,-UPI WEWORK BILL/2409/440 ADV - rent exp,WEWORK,True,18%,TRUE,Rent,0,40782.70180414604,5
TXN0002441,2024-09-28,10290.89,INR,upi air.tel rcpt/2409/441 q1 - utilities exp,AIR.tel,True,18%,TRUE,Utilities,0,9673.09404031588,5
TXN0002442,2024-09-28,8013.09,INR,!neft adobe bill/2409/442 q2 - software exp,ADOBE,True,18%,TRUE,Software,0,7296.049269073116,5
TXN0002443,2024-09-28,16377.62,INR,upi coursera pvt ltd taxinv/2409/443 subs - training exp,COURSERA Pvt Ltd,True,18%,unknown,Training,0,11408.961011150746,5
TXN0002444,2024-09-28,7208.26,INR, / auto-debit rapido taxinv/2409/444 gst - travel exp# ref 3631,RAPIDO,True,5%,FALSE,Travel,0,6164.335454738939,5
TXN0002445,2024-09-28,2306.86,INR, / card govt fees india pvt ltd taxinv/2409/445 fy24 - exempt services exp,GOVT FEES INDIA PVT LTD,False,exempt,FALSE,Exempt Services,0,1752.6646096644745,5
TXN0002446,2024-09-28,34981.14,INR,NEFT INFY INV/2409/446 Q1 - it services exp! ref 1569,INFY,True,18%,TRUE,IT Services,0,28722.278653416477,5
TXN0002447,2024-09-28,98795.94,INR,neft wework india pvt ltd bill/2409/447 tds - rent exp,WEWORK INDIA PVT LTD,True,18%,TRUE,Rent,0,81362.20395172556,5
TXN0002448,2024-09-28,2154.96,INR,auto-debit kfc bill/2409/448 q1 - meals exp,Kfc,True,5%,FALSE,Meals,0,1683.5568453304274,5
TXN0002449,2024-09-28,34659.37,INR,!UPI Tcs BILL/2409/449 SUBS - it services exp,Tcs,True,18%,TRUE,IT Services,0,25554.31006425159,5
TXN0002450,2024-09-28,7054.4,INR,AUTO-DEBIT OFFICE DEPOT INDIA PVT LTD INV/2409/450 Q2 - office supplies exp,OFFICE DEPOT INDIA PVT LTD,True,12%,TRUE,Office Supplies,0,5253.811776043214,5
TXN0002451,2024-09-28,3064.83,INR,*card govt fees taxinv/2409/451 q1 - exempt services exp,Govt Fees,False,exempt,FALSE,Exempt Services,0,2227.2262025340497,5
TXN0002452,2024-09-29,73829.78,INR,auto-debit hcl pvt ltd bill/2409/452 rent - it services exp- ref 8248,HCL Pvt Ltd,True,18%,TRUE,IT Services,0,54150.76394937857,6
TXN0002453,2024-09-29,3832.64,INR,NEFT SWIGGY INDIA PVT LTD INV/2409/453 TDS - meals exp /  ref 4762,SWIGGY INDIA PVT LTD,True,5%,FALSE,Meals,0,3045.514383874019,6
TXN0002454,2024-09-29,8059.81,INR,!IMPS IKE.a RCPT/2409/454 FY24 - office supplies exp,IKE.a,True,12%,TRUE,Office Supplies,0,5986.336838573223,6
TXN0002455,2024-09-29,39481.42,INR,UPI UPGRAD INDIA PVT LTD INV/2409/455 FY25 - training exp,UPGRAD INDIA PVT LTD,True,18%,unknown,Training,0,33739.406725461406,6
TXN0002456,2024-09-29,80198.68,INR,IMPS WEWORK INDIA PVT LTD TAXINV/2409/456 SUBS - rent exp,WEWORK INDIA PVT LTD,True,18%,TRUE,Rent,0,73700.9582794413,6
TXN0002457,2024-09-29,9855.21,INR,AUTO-DEBIT AIR.tel INV/2409/457 Q1 - utilities exp,AIR.tel,True,18%,TRUE,Utilities,0,7426.844279609402,6
TXN0002458,2024-09-29,15048.94,INR,CARD SIMPLILEARN RCPT/2409/458 FY24 - training exp  ref 1977,SIMPLILEARN,True,18%,unknown,Training,0,12327.37471714295,6
TXN0002459,2024-09-29,3792.72,INR,!UPI MICROSOFT RCPT/2409/459 Q1 - software exp,MICROSOFT,True,18%,TRUE,Software,0,3185.7892569238516,6
TXN0002460,2024-09-29,8945.67,INR,CARD FIGMA Pvt Ltd TAXINV/2409/460 Q2 - software exp,FIGMA Pvt Ltd,True,18%,TRUE,Software,0,7494.326124391554,6
TXN0002461,2024-09-30,5405.69,INR,!CARD FIG.ma TAXINV/2409/461 Q2 - software exp# ref 9649,FIG.ma,True,18%,TRUE,Software,0,5446.749063222132,0
TXN0002462,2024-09-30,142344.54,INR,-AUTO-DEBIT AWFIS INDIA PVT LTD INV/2409/462 GST - rent exp! ref 9313,AWFIS INDIA PVT LTD,True,18%,TRUE,Rent,0,152916.2187207502,0
TXN0002463,2024-09-30,32772.94,INR,!CARD HCL INDIA PVT LTD INV/2409/463 Q1 - it services exp,HCL INDIA PVT LTD,True,18%,TRUE,IT Services,0,34353.4115991266,0
TXN0002464,2024-09-30,48298.62,INR, / IMPS Techm INV/2409/464 GST - it services exp- ref 3017,Techm,True,18%,TRUE,IT Services,0,42320.88129757343,0
TXN0002465,2024-09-30,99226.7,INR,#AUTO-DEBIT WEWORK INDIA PVT LTD INV/2409/465 FY24 - rent exp,WEWORK INDIA PVT LTD,True,18%,TRUE,Rent,0,107851.04880543351,0
TXN0002466,2024-09-30,14540.95,INR,#auto-debit bescom bill/2409/466 fy24 - utilities exp* ref 5582,Bescom,True,18%,TRUE,Utilities,0,15831.155170015385,0
TXN0002467,2024-09-30,37664.87,INR,NEFT HCL INDIA PVT LTD INV/2409/467 GST - it services exp,HCL INDIA PVT LTD,True,18%,TRUE,IT Services,0,34789.962811330726,0
TXN0002468,2024-09-30,92150.84,INR,AUTO-DEBIT AWFIS TAXINV/2409/468 FY24 - rent exp,AWFIS,True,18%,TRUE,Rent,0,92500.44034042781,0
TXN0002469,2024-09-30,5020.64,INR,UPI SWIGGY TAXINV/2409/469 Q1 - meals exp  ref 3900,SWIGGY,True,5%,FALSE,Meals,0,5363.7148874466975,0
TXN0002470,2024-09-30,26255.69,INR, UPI UPGRAD RCPT/2409/470 TDS - training exp,UPGRAD,True,18%,unknown,Training,0,25706.122124040834,0
TXN0002471,2024-09-30,19977.52,INR,-imps kseb taxinv/2409/471 fy24 - utilities exp,Kseb,True,18%,TRUE,Utilities,0,22121.064040880643,0
TXN0002472,2024-09-30,6896.07,INR,-upi microsoft rcpt/2409/472 subs - software exp,MICROSOFT,True,18%,TRUE,Software,0,8526.213019396973,0
TXN0002473,2024-09-30,7069.16,INR,!auto-debit uber pvt ltd taxinv/2409/473 fy25 - travel exp,UBER Pvt Ltd,True,5%,FALSE,Travel,0,6513.533897753809,0
TXN0002474,2024-09-30,7312.81,INR,AUTO-DEBIT FIGMA TAXINV/2409/474 SUBS - software exp,FIGMA,True,18%,TRUE,Software,0,6302.878321561105,0
TXN0002475,2024-09-30,6387.33,INR,upi office depot rcpt/2409/475 fy24 - office supplies exp,Office Depot,True,12%,TRUE,Office Supplies,0,6581.388963026489,0
TXN0002476,2024-09-30,19990.05,INR, / RTGS Airtel RCPT/2409/476 FY24 - utilities exp,Airtel,True,18%,TRUE,Utilities,0,21432.457055559684,0
TXN0002477,2024-09-30,15296.74,INR,IMPS Kseb INV/2409/477 TDS - utilities exp /  ref 9884,Kseb,True,18%,TRUE,Utilities,0,14943.589710455377,0
TXN0002478,2024-10-01,91188.99,INR,!IMPS AWFIS Pvt Ltd INV/2410/478 Q1 - rent exp  ref 3869,AWFIS Pvt Ltd,True,18%,TRUE,Rent,0,104441.12720949753,1
TXN0002479,2024-10-01,12444.47,INR, / rtgs airtel taxinv/2410/479 gst - utilities exp,AIRTEL,True,18%,TRUE,Utilities,0,10778.6460283518,1
TXN0002480,2024-10-01,27800.89,INR,#IMPS WIPRO TAXINV/2410/480 Q2 - it services exp! ref 1806,WIPRO,True,18%,TRUE,IT Services,0,29727.265441785326,1
TXN0002481,2024-10-01,50117.17,INR,rtgs indiqube bill/2410/481 subs - rent exp! ref 3139,Indiqube,True,18%,TRUE,Rent,0,47080.7670249687,1
TXN0002482,2024-10-01,4828.89,INR,!CARD DOMINOS RCPT/2410/482 TDS - meals exp /  ref 9672,DOMINOS,True,5%,FALSE,Meals,0,5659.158677750535,1
TXN0002483,2024-10-01,72414.6,INR, / NEFT IND.iqube BILL/2410/483 TDS - rent exp,IND.iqube,True,18%,TRUE,Rent,0,86843.32022935282,1
TXN0002484,2024-10-01,77392.16,INR,AUTO-DEBIT INDIQUBE INDIA PVT LTD TAXINV/2410/484 Q1 - rent exp,INDIQUBE INDIA PVT LTD,True,18%,TRUE,Rent,0,71458.83906932172,1
TXN0002485,2024-10-01,39151.27,INR, / CARD HCL TAXINV/2410/485 Q2 - it services exp,HCL,True,18%,TRUE,IT Services,0,36999.68401916164,1
TXN0002486,2024-10-01,2880.73,INR,*AUTO-DEBIT ZOM.ato INV/2410/486 TDS - meals exp,ZOM.ato,True,5%,FALSE,Meals,0,3128.3540613659325,1
TXN0002487,2024-10-01,49782.6,INR,NEFT WIP.ro TAXINV/2410/487 Q2 - it services exp,WIP.ro,True,18%,TRUE,IT Services,0,47855.362971378854,1
TXN0002488,2024-10-01,8674.97,INR, CARD ADO.be BILL/2410/488 RENT - software exp* ref 4539,ADO.be,True,18%,TRUE,Software,0,8635.575904677436,1
TXN0002489,2024-10-01,20819.19,INR,IMPS UPGRAD INDIA PVT LTD TAXINV/2410/489 ADV - training exp,UPGRAD INDIA PVT LTD,True,18%,unknown,Training,0,20872.046635107232,1
TXN0002490,2024-10-01,7986.13,INR, RTGS OLA INDIA PVT LTD BILL/2410/490 TDS - travel exp,OLA INDIA PVT LTD,True,5%,FALSE,Travel,0,6453.054061709521,1
TXN0002491,2024-10-01,12329.77,INR,!card bescom pvt ltd taxinv/2410/491 fy25 - utilities exp,BESCOM Pvt Ltd,True,18%,TRUE,Utilities,0,12312.708377333965,1
TXN0002492,2024-10-01,4549.69,INR,rtgs microsoft rcpt/2410/492 fy25 - software exp,MICROSOFT,True,18%,TRUE,Software,0,4235.885244361796,1
TXN0002493,2024-10-01,28521.41,INR,UPI UPGRAD BILL/2410/493 ADV - training exp,UPGRAD,True,18%,unknown,Training,0,27114.954180197892,1
TXN0002494,2024-10-02,68832.8,INR,AUTO-DEBIT TCS Pvt Ltd INV/2410/494 GST - it services exp,TCS Pvt Ltd,True,18%,TRUE,IT Services,0,78769.72329683682,2
TXN0002495,2024-10-02,10519.5,INR,IMPS Kseb RCPT/2410/495 GST - utilities exp  ref 5794,Kseb,True,18%,TRUE,Utilities,0,9197.717572562935,2
TXN0002496,2024-10-02,10661.92,INR,auto-debit adobe bill/2410/496 q2 - software exp,ADOBE,True,18%,TRUE,Software,0,11528.952864469198,2
TXN0002497,2024-10-02,3288.31,INR,*NEFT SWIGGY INDIA PVT LTD RCPT/2410/497 Q1 - meals exp  ref 9209,SWIGGY INDIA PVT LTD,True,5%,FALSE,Meals,0,3196.578340656061,2
TXN0002498,2024-10-02,5319.38,INR,CARD BESCOM INDIA PVT LTD RCPT/2410/498 SUBS - utilities exp,BESCOM INDIA PVT LTD,True,18%,TRUE,Utilities,0,5170.564935490664,2
TXN0002499,2024-10-02,31136.81,INR, RTGS TECHM INDIA PVT LTD BILL/2410/499 Q2 - it services exp,TECHM INDIA PVT LTD,True,18%,TRUE,IT Services,0,33597.77595567019,2
TXN0002500,2024-10-02,8493.55,INR,!imps jiofiber bill/2410/500 q2 - utilities exp,JIOFIBER,True,18%,TRUE,Utilities,0,8782.374267298559,2
TXN0002501,2024-10-02,4720.08,INR,-AUTO-DEBIT STAPLES Pvt Ltd INV/2410/501 Q1 - office supplies exp,STAPLES Pvt Ltd,True,12%,TRUE,Office Supplies,0,4989.413899591596,2
TXN0002502,2024-10-02,38373.43,INR, IMPS SIMPLILEARN INV/2410/502 RENT - training exp,SIMPLILEARN,True,18%,unknown,Training,0,42088.686629803145,2
TXN0002503,2024-10-02,3482.45,INR,!imps uber india pvt ltd taxinv/2410/503 gst - travel exp,UBER INDIA PVT LTD,True,5%,FALSE,Travel,0,3367.0735120983236,2
TXN0002504,2024-10-02,1737.26,INR,CARD DOMINOS INDIA PVT LTD INV/2410/504 FY24 - meals exp,DOMINOS INDIA PVT LTD,True,5%,FALSE,Meals,0,1630.8985610609066,2
TXN0002505,2024-10-02,17032.59,INR, / CARD AIRTEL INDIA PVT LTD RCPT/2410/505 TDS - utilities exp,AIRTEL INDIA PVT LTD,True,18%,TRUE,Utilities,0,15184.29759928569,2
TXN0002506,2024-10-02,7458.24,INR,RTGS Figma TAXINV/2410/506 RENT - software exp,Figma,True,18%,TRUE,Software,0,6842.6290168889755,2
TXN0002507,2024-10-02,15085.98,INR,rtgs jiofiber taxinv/2410/507 rent - utilities exp! ref 7206,JIOFIBER,True,18%,TRUE,Utilities,0,19534.97795183189,2
TXN0002508,2024-10-03,33213.84,INR,neft techm india pvt ltd taxinv/2410/508 fy25 - it services exp,TECHM INDIA PVT LTD,True,18%,TRUE,IT Services,0,37347.89884458587,3
TXN0002509,2024-10-03,18600.45,INR,AUTO-DEBIT COURSERA TAXINV/2410/509 TDS - training exp,COURSERA,True,18%,unknown,Training,0,16087.3908805066,3
TXN0002510,2024-10-03,7798.45,INR,NEFT MICROSOFT INDIA PVT LTD TAXINV/2410/510 SUBS - software exp,MICROSOFT INDIA PVT LTD,True,18%,TRUE,Software,0,6767.13777472331,3
TXN0002511,2024-10-03,23588.37,INR,upi tec.hm taxinv/2410/511 fy25 - it services exp,TEC.hm,True,18%,TRUE,IT Services,0,24725.01349542586,3
TXN0002512,2024-10-03,6540.49,INR,RTGS Govt Fees RCPT/2410/512 Q2 - exempt services exp /  ref 5167,Govt Fees,False,exempt,FALSE,Exempt Services,0,6898.427993460261,3
TXN0002513,2024-10-03,11014.68,INR,CARD ADOBE INDIA PVT LTD TAXINV/2410/513 ADV - software exp,ADOBE INDIA PVT LTD,True,18%,TRUE,Software,0,11619.257980319348,3
TXN0002514,2024-10-03,91772.24,INR,rtgs airtel inv/2410/514 tds - utilities exp,AIRTEL,True,18%,TRUE,Utilities,1,89432.45357245996,3
TXN0002515,2024-10-03,49240.48,INR,card wework taxinv/2410/515 subs - rent exp,WEWORK,True,18%,TRUE,Rent,0,48622.73720194124,3
TXN0002516,2024-10-03,10518.71,INR, / neft bescom inv/2410/516 gst - utilities exp,Bescom,True,18%,TRUE,Utilities,0,10863.596962957026,3
TXN0002517,2024-10-03,30378.49,INR, RTGS TCS RCPT/2410/517 Q1 - it services exp,TCS,True,18%,TRUE,IT Services,0,30639.419983275187,3
TXN0002518,2024-10-03,29466.24,INR,*rtgs wipro inv/2410/518 subs - it services exp,WIPRO,True,18%,TRUE,IT Services,0,22926.79625845317,3
TXN0002519,2024-10-03,9974.96,INR, UPI ADOBE INDIA PVT LTD TAXINV/2410/519 GST - software exp# ref 7477,ADOBE INDIA PVT LTD,True,18%,TRUE,Software,0,9745.735787699765,3
TXN0002520,2024-10-03,86735.84,INR,imps indiqube india pvt ltd bill/2410/520 rent - rent exp,INDIQUBE INDIA PVT LTD,True,18%,TRUE,Rent,0,79351.09477430269,3
TXN0002521,2024-10-03,5315.21,INR,auto-debit adobe pvt ltd bill/2410/521 q2 - software exp  ref 9288,ADOBE Pvt Ltd,True,5%,TRUE,Software,1,5408.3385485896715,3
TXN0002522,2024-10-04,7029.41,INR,card ikea inv/2410/522 adv - office supplies exp- ref 9226,Ikea,True,12%,TRUE,Office Supplies,0,9127.870948549044,4
TXN0002523,2024-10-04,5569.48,INR,imps ola pvt ltd rcpt/2410/523 rent - travel exp,OLA Pvt Ltd,True,5%,FALSE,Travel,0,5774.148178622583,4
TXN0002524,2024-10-04,7564.89,INR,rtgs figma rcpt/2410/524 rent - software exp,FIGMA,True,18%,TRUE,Software,0,7327.708241237129,4
TXN0002525,2024-10-04,8368.55,INR,-upi ado.be bill/2410/525 fy24 - software exp,ADO.be,True,18%,TRUE,Software,0,9139.964195937173,4
TXN0002526,2024-10-04,108221.08,INR, / auto-debit awfis rcpt/2410/526 subs - rent exp,AWFIS,True,18%,TRUE,Rent,0,113444.78044566991,4
TXN0002527,2024-10-04,19259.61,INR,RTGS KSEB TAXINV/2410/527 FY25 - utilities exp,KSEB,True,18%,TRUE,Utilities,0,20068.69560492512,4
TXN0002528,2024-10-04,6934.5,INR, / imps ado.be inv/2410/528 fy25 - software exp,ADO.be,True,18%,TRUE,Software,0,7355.320543865407,4
TXN0002529,2024-10-04,3690.19,INR,RTGS GOVT FEES INDIA PVT LTD TAXINV/2410/529 Q2 - exempt services exp,GOVT FEES INDIA PVT LTD,False,exempt,FALSE,Exempt Services,0,4449.093649749833,4
TXN0002530,2024-10-04,19540.77,INR,rtgs bescom inv/2410/530 q2 - utilities exp,BESCOM,True,18%,TRUE,Utilities,0,17330.92691896364,4
TXN0002531,2024-10-04,11717.22,INR,!RTGS AIR.tel BILL/2410/531 Q1 - utilities exp,AIR.tel,True,18%,TRUE,Utilities,0,12272.18512430567,4
TXN0002532,2024-10-04,5732.22,INR,-rtgs office depot pvt ltd inv/2410/532 adv - office supplies exp* ref 1184,OFFICE DEPOT Pvt Ltd,True,12%,TRUE,Office Supplies,0,5201.197955909723,4
TXN0002533,2024-10-04,5714.46,INR,UPI OFF.ice depot INV/2410/533 Q2 - office supplies exp- ref 5874,OFF.ice depot,True,12%,TRUE,Office Supplies,0,6031.9054797016925,4
TXN0002534,2024-10-04,98854.17,INR,AUTO-DEBIT IND.iqube RCPT/2410/534 FY25 - rent exp* ref 2369,IND.iqube,True,18%,TRUE,Rent,0,89772.57074168467,4
TXN0002535,2024-10-04,14208.93,INR,NEFT KSE.b INV/2410/535 ADV - utilities exp,KSE.b,True,18%,TRUE,Utilities,0,13615.896416116231,4
TXN0002536,2024-10-04,23123.22,INR,-RTGS HCL INV/2410/536 FY25 - it services exp- ref 4717,HCL,True,18%,TRUE,IT Services,0,22440.877099329577,4
TXN0002537,2024-10-04,3260.35,INR, / upi kfc inv/2410/537 subs - meals exp,KFC,True,5%,FALSE,Meals,0,3578.500404091552,4
TXN0002538,2024-10-04,3584.72,INR, imps ola bill/2410/538 rent - travel exp,OLA,True,5%,FALSE,Travel,0,3913.960201428925,4
TXN0002539,2024-10-05,11621.79,INR, IMPS JIOFIBER INDIA PVT LTD TAXINV/2410/539 RENT - utilities exp,JIOFIBER INDIA PVT LTD,True,18%,TRUE,Utilities,0,8139.2347401271345,5
TXN0002540,2024-10-05,7169.1,INR,-IMPS OLA RCPT/2410/540 TDS - travel exp,OLA,True,5%,FALSE,Travel,0,5766.786250813522,5
TXN0002541,2024-10-05,8338.61,INR, / neft adobe india pvt ltd inv/2410/541 subs - software exp,ADOBE INDIA PVT LTD,True,18%,TRUE,Software,0,6197.535226191201,5
TXN0002542,2024-10-05,36893.28,INR,!upi simplilearn taxinv/2410/542 q2 - training exp,Simplilearn,True,18%,unknown,Training,0,25800.194075926393,5
TXN0002543,2024-10-05,31835.97,INR, upi inf.y bill/2410/543 subs - it services exp,INF.y,True,18%,TRUE,IT Services,0,24916.060135456104,5
TXN0002544,2024-10-05,5608.09,INR, RTGS Ikea RCPT/2410/544 RENT - office supplies exp,Ikea,True,12%,TRUE,Office Supplies,0,4348.072060711104,5
TXN0002545,2024-10-05,7671.72,INR,*CARD MICROSOFT Pvt Ltd TAXINV/2410/545 RENT - software exp* ref 7577,MICROSOFT Pvt Ltd,True,18%,TRUE,Software,0,7626.743152210136,5
TXN0002546,2024-10-05,4763.42,INR,-upi uber taxinv/2410/546 gst - travel exp,UBER,True,5%,FALSE,Travel,0,3975.7255593055725,5
TXN0002547,2024-10-05,27930.76,INR, / AUTO-DEBIT TCS BILL/2410/547 ADV - it services exp,TCS,True,18%,TRUE,IT Services,0,19266.375697170686,5
TXN0002548,2024-10-05,4508.39,INR,RTGS Indigo BILL/2410/548 FY25 - travel exp,Indigo,True,5%,FALSE,Travel,0,3403.0142821868612,5
TXN0002549,2024-10-05,1812.99,INR,CARD DOMINOS BILL/2410/549 FY24 - meals exp,DOMINOS,True,5%,FALSE,Meals,0,1598.5326160624436,5
TXN0002550,2024-10-05,61871.78,INR,UPI INDIQUBE INDIA PVT LTD BILL/2410/550 FY25 - rent exp! ref 8677,INDIQUBE INDIA PVT LTD,True,18%,TRUE,Rent,0,59834.67774284784,5
TXN0002551,2024-10-06,4540.57,INR,IMPS KFC RCPT/2410/551 FY25 - meals exp,KFC,True,5%,FALSE,Meals,0,3056.354540156135,6
TXN0002552,2024-10-06,3716.01,INR,*AUTO-DEBIT DOMINOS Pvt Ltd TAXINV/2410/552 SUBS - meals exp# ref 9713,DOMINOS Pvt Ltd,True,5%,FALSE,Meals,0,2413.942574846357,6
TXN0002553,2024-10-06,12010.94,INR,!rtgs kseb taxinv/2410/553 subs - utilities exp,KSEB,True,18%,TRUE,Utilities,0,11406.516037078398,6
TXN0002554,2024-10-06,10050.65,INR,!upi adobe pvt ltd taxinv/2410/554 q2 - software exp /  ref 4446,ADOBE Pvt Ltd,True,18%,TRUE,Software,0,8353.790058543429,6
TXN0002555,2024-10-06,37797.86,INR,imps techm bill/2410/555 fy24 - it services exp,Techm,True,18%,TRUE,IT Services,0,27612.719430521567,6
TXN0002556,2024-10-06,111576.46,INR,#NEFT INDIQUBE INDIA PVT LTD BILL/2410/556 TDS - rent exp* ref 4316,INDIQUBE INDIA PVT LTD,True,18%,TRUE,Rent,0,94033.32966740613,6
TXN0002557,2024-10-06,15974.65,INR, neft bescom india pvt ltd taxinv/2410/557 subs - utilities exp,BESCOM INDIA PVT LTD,True,18%,TRUE,Utilities,0,9411.308190473123,6
TXN0002558,2024-10-06,5159.72,INR,*IMPS Zomato INV/2410/558 TDS - meals exp,Zomato,True,5%,FALSE,Meals,0,4129.169333511961,6
TXN0002559,2024-10-06,47843.05,INR,RTGS Tcs BILL/2410/559 ADV - it services exp,Tcs,True,18%,TRUE,IT Services,0,39529.157181071234,6
TXN0002560,2024-10-06,3925.72,INR,AUTO-DEBIT ZOM.ato BILL/2410/560 Q2 - meals exp,ZOM.ato,True,5%,FALSE,Meals,0,3430.850061774916,6
TXN0002561,2024-10-06,22558.25,INR,#AUTO-DEBIT Hcl BILL/2410/561 Q2 - it services exp,Hcl,True,18%,TRUE,IT Services,0,16216.862530735747,6
TXN0002562,2024-10-06,10252.72,INR,RTGS BESCOM INV/2410/562 ADV - utilities exp,BESCOM,True,18%,TRUE,Utilities,0,8272.458117877075,6
TXN0002563,2024-10-06,3537.37,INR,AUTO-DEBIT DOMINOS INV/2410/563 RENT - meals exp,DOMINOS,True,5%,FALSE,Meals,0,2568.0104552412477,6
TXN0002564,2024-10-06,7075.89,INR,-NEFT ADOBE Pvt Ltd INV/2410/564 SUBS - software exp,ADOBE Pvt Ltd,True,18%,FALSE,Software,1,5805.277389035068,6
TXN0002565,2024-10-06,17146.78,INR,*UPI SIMPLILEARN TAXINV/2410/565 Q2 - training exp,SIMPLILEARN,True,18%,unknown,Training,0,12489.239486930572,6
TXN0002566,2024-10-06,63389.41,INR,auto-debit wework inv/2410/566 rent - rent exp,Wework,True,18%,TRUE,Rent,0,48641.98628681031,6
TXN0002567,2024-10-07,42416.1,INR,auto-debit infy pvt ltd rcpt/2410/567 fy25 - it services exp,INFY Pvt Ltd,True,18%,TRUE,IT Services,0,38192.23946330381,0
TXN0002568,2024-10-07,3734.03,INR,AUTO-DEBIT INDIGO INDIA PVT LTD INV/2410/568 Q1 - travel exp,INDIGO INDIA PVT LTD,True,5%,FALSE,Travel,0,3977.1662261056795,0
TXN0002569,2024-10-07,14077.35,INR,-card airtel taxinv/2410/569 tds - utilities exp,Airtel,True,18%,TRUE,Utilities,0,15285.82168270667,0
TXN0002570,2024-10-07,85296.38,INR,IMPS Wework RCPT/2410/570 Q1 - rent exp- ref 8971,Wework,True,18%,TRUE,Rent,0,83295.1514709096,0
TXN0002571,2024-10-07,12613.84,INR,RTGS Canva BILL/2410/571 TDS - software exp,Canva,True,18%,TRUE,Software,0,12662.07279503466,0
TXN0002572,2024-10-07,4251.98,INR,IMPS RAPIDO INDIA PVT LTD BILL/2410/572 GST - travel exp,RAPIDO INDIA PVT LTD,True,5%,FALSE,Travel,0,3636.041827680646,0
TXN0002573,2024-10-07,28871.82,INR, card coursera bill/2410/573 fy25 - training exp,Coursera,True,18%,unknown,Training,0,28006.59897605447,0
TXN0002574,2024-10-07,11404.26,INR,UPI BES.com TAXINV/2410/574 Q1 - utilities exp# ref 5877,BES.com,True,18%,TRUE,Utilities,0,11347.005349405552,0
TXN0002575,2024-10-07,126869.22,INR, / IMPS WEWORK Pvt Ltd INV/2410/575 FY24 - rent exp,WEWORK Pvt Ltd,True,18%,TRUE,Rent,0,160119.0175240362,0
TXN0002576,2024-10-07,50043.87,INR,NEFT AWFIS BILL/2410/576 GST - rent exp,AWFIS,True,18%,TRUE,Rent,0,44479.15667178712,0
TXN0002577,2024-10-07,15869.75,INR, / CARD AIRTEL TAXINV/2410/577 SUBS - utilities exp,AIRTEL,True,18%,TRUE,Utilities,0,18193.36267346915,0
TXN0002578,2024-10-08,4726.57,INR,UPI SWI.ggy RCPT/2410/578 FY25 - meals exp,SWI.ggy,True,18%,FALSE,Meals,1,5197.742277290028,1
TXN0002579,2024-10-08,114301.62,INR,*IMPS WEWORK Pvt Ltd RCPT/2410/579 FY25 - rent exp,WEWORK Pvt Ltd,True,18%,TRUE,Rent,0,117509.33956641977,1
TXN0002580,2024-10-08,5341.48,INR,IMPS OFFICE DEPOT INDIA PVT LTD TAXINV/2410/580 SUBS - office supplies exp,OFFICE DEPOT INDIA PVT LTD,True,12%,TRUE,Office Supplies,0,6280.843614391861,1
TXN0002581,2024-10-08,53725.15,INR,*upi wipro bill/2410/581 tds - it services exp,Wipro,True,18%,TRUE,IT Services,0,55724.292233162465,1
TXN0002582,2024-10-08,66372.89,INR, / NEFT HCL INDIA PVT LTD INV/2410/582 TDS - it services exp,HCL INDIA PVT LTD,True,18%,TRUE,IT Services,0,68955.8520486556,1
TXN0002583,2024-10-08,78583.06,INR,#neft wework bill/2410/583 adv - rent exp  ref 2632,WEWORK,True,18%,TRUE,Rent,0,78165.6216536683,1
TXN0002584,2024-10-08,15058.94,INR,*NEFT SIMPLILEARN INDIA PVT LTD TAXINV/2410/584 FY24 - training exp,SIMPLILEARN INDIA PVT LTD,True,18%,unknown,Training,0,16901.505038620915,1
TXN0002585,2024-10-08,91486.74,INR, / RTGS INDIQUBE TAXINV/2410/585 RENT - rent exp,INDIQUBE,True,18%,TRUE,Rent,1,101517.97957116556,1
TXN0002586,2024-10-08,106289.07,INR, CARD WEWORK Pvt Ltd INV/2410/586 ADV - rent exp- ref 6240,WEWORK Pvt Ltd,True,18%,TRUE,Rent,0,99638.8042991905,1
TXN0002587,2024-10-08,6724.79,INR,CARD JIOFIBER BILL/2410/587 ADV - utilities exp,JIOFIBER,True,18%,TRUE,Utilities,0,5837.623965823415,1
TXN0002588,2024-10-08,16150.29,INR,AUTO-DEBIT BESCOM INDIA PVT LTD TAXINV/2410/588 Q1 - utilities exp,BESCOM INDIA PVT LTD,True,18%,TRUE,Utilities,0,15822.470384167531,1
TXN0002589,2024-10-08,172209.9,INR,*AUTO-DEBIT AWFIS INV/2410/589 FY25 - rent exp,AWFIS,True,18%,TRUE,Rent,0,158432.44388289377,1
TXN0002590,2024-10-08,33685.64,INR,CARD Tcs INV/2410/590 Q2 - it services exp,Tcs,True,18%,TRUE,IT Services,0,33471.6534048354,1
TXN0002591,2024-10-09,35324.03,INR,imps wip.ro bill/2410/591 subs - it services exp* ref 8827,WIP.ro,True,18%,TRUE,IT Services,0,39695.16017927266,2
TXN0002592,2024-10-09,3022.05,INR,NEFT Roc Fees INV/2410/592 SUBS - exempt services exp,Roc Fees,False,exempt,FALSE,Exempt Services,0,2883.851153324497,2
TXN0002593,2024-10-09,84913.58,INR, auto-debit indiqube india pvt ltd taxinv/2410/593 gst - rent exp,INDIQUBE INDIA PVT LTD,True,18%,TRUE,Rent,0,84549.95133851291,2
TXN0002594,2024-10-09,4023.99,INR,*RTGS ZOMATO TAXINV/2410/594 FY24 - meals exp,ZOMATO,True,5%,FALSE,Meals,0,4047.3382904641635,2
TXN0002595,2024-10-09,62438.32,INR,card tcs inv/2410/595 fy25 - it services exp,TCS,True,18%,TRUE,IT Services,0,67735.77989210158,2
TXN0002596,2024-10-09,10627.14,INR,RTGS ADOBE INDIA PVT LTD RCPT/2410/596 ADV - software exp,ADOBE INDIA PVT LTD,True,18%,TRUE,Software,0,8239.339248323884,2
TXN0002597,2024-10-09,51126.47,INR, imps tcs taxinv/2410/597 tds - it services exp,TCS,True,18%,TRUE,IT Services,0,48024.62555806909,2
TXN0002598,2024-10-09,2603.26,INR, upi zom.ato taxinv/2410/598 subs - meals exp,ZOM.ato,True,5%,FALSE,Meals,0,2658.2626384763466,2
TXN0002599,2024-10-09,9388.29,INR,imps kseb inv/2410/599 fy25 - utilities exp,Kseb,True,18%,TRUE,Utilities,0,10514.958926583275,2
TXN0002600,2024-10-09,19570.52,INR,NEFT COURSERA INDIA PVT LTD TAXINV/2410/600 Q2 - training exp  ref 1185,COURSERA INDIA PVT LTD,True,18%,unknown,Training,0,18607.841331303087,2
TXN0002601,2024-10-09,3196.49,INR,AUTO-DEBIT RAP.ido TAXINV/2410/601 RENT - travel exp,RAP.ido,True,5%,FALSE,Travel,0,2596.651804066421,2
TXN0002602,2024-10-09,4913.08,INR,RTGS IKEA INDIA PVT LTD INV/2410/602 SUBS - office supplies exp,IKEA INDIA PVT LTD,True,12%,TRUE,Office Supplies,0,5217.54919109473,2
TXN0002603,2024-10-09,2850.98,INR,UPI DOMINOS BILL/2410/603 FY24 - meals exp,DOMINOS,True,5%,FALSE,Meals,0,2669.839453670591,2
TXN0002604,2024-10-09,8238.2,INR,card ola bill/2410/604 fy25 - travel exp,OLA,True,5%,FALSE,Travel,0,7258.128812908179,2
TXN0002605,2024-10-10,1560.85,INR,#RTGS SWIGGY BILL/2410/605 Q1 - meals exp  ref 1668,SWIGGY,True,5%,FALSE,Meals,0,1463.3990498466112,3
TXN0002606,2024-10-10,78692.11,INR,*neft indiqube india pvt ltd bill/2410/606 rent - rent exp,INDIQUBE INDIA PVT LTD,True,18%,TRUE,Rent,0,77240.04102575567,3
TXN0002607,2024-10-10,45446.32,INR,CARD WEWORK RCPT/2410/607 FY25 - rent exp,WEWORK,True,18%,TRUE,Rent,0,42697.97804571037,3
TXN0002608,2024-10-10,15597.95,INR,rtgs bescom pvt ltd inv/2410/608 q1 - utilities exp  ref 8065,BESCOM Pvt Ltd,True,18%,TRUE,Utilities,0,12157.71909196716,3
TXN0002609,2024-10-10,2999.24,INR,IMPS STAMP DUTY INDIA PVT LTD BILL/2410/609 Q1 - exempt services exp,STAMP DUTY INDIA PVT LTD,False,exempt,FALSE,Exempt Services,0,3268.291682035176,3
TXN0002610,2024-10-10,21101.01,INR,-CARD SIM.plilearn BILL/2410/610 Q1 - training exp! ref 2175,SIM.plilearn,True,18%,unknown,Training,0,23791.12509947727,3
TXN0002611,2024-10-10,7881.01,INR, / NEFT MICROSOFT RCPT/2410/611 GST - software exp,MICROSOFT,True,18%,TRUE,Software,0,8394.475132896656,3
TXN0002612,2024-10-10,8302.32,INR,#NEFT FIGMA RCPT/2410/612 GST - software exp* ref 7277,FIGMA,True,18%,TRUE,Software,0,7357.776950471863,3
TXN0002613,2024-10-10,13836.38,INR,#AUTO-DEBIT Airtel RCPT/2410/613 RENT - utilities exp,Airtel,True,18%,TRUE,Utilities,0,13557.588656951924,3
TXN0002614,2024-10-10,5111.33,INR,imps indigo pvt ltd taxinv/2410/614 adv - travel exp,INDIGO Pvt Ltd,True,5%,FALSE,Travel,0,5107.996740582821,3
TXN0002615,2024-10-10,27429.54,INR,UPI WIPRO BILL/2410/615 ADV - it services exp,WIPRO,True,18%,TRUE,IT Services,0,29072.0054660264,3
TXN0002616,2024-10-10,4355.58,INR,upi office depot bill/2410/616 subs - office supplies exp,Office Depot,True,12%,TRUE,Office Supplies,0,4646.681046585069,3
TXN0002617,2024-10-10,8907.6,INR,!rtgs canva inv/2410/617 adv - software exp,CANVA,True,18%,TRUE,Software,0,8253.627347000067,3
TXN0002618,2024-10-10,21637.61,INR, imps bescom pvt ltd taxinv/2410/618 gst - utilities exp! ref 8748,BESCOM Pvt Ltd,True,18%,TRUE,Utilities,0,21815.028787140964,3
TXN0002619,2024-10-10,52500.53,INR,card hcl taxinv/2410/619 subs - it services exp* ref 9067,HCL,True,18%,TRUE,IT Services,0,54901.27636009146,3
TXN0002620,2024-10-11,69886.11,INR, / imps indiqube inv/2410/620 subs - rent exp! ref 5513,INDIQUBE,True,18%,TRUE,Rent,0,80060.28589460044,4
TXN0002621,2024-10-11,40370.43,INR,*card hcl india pvt ltd taxinv/2410/621 q1 - it services exp,HCL INDIA PVT LTD,True,18%,TRUE,IT Services,0,43214.55319505362,4
TXN0002622,2024-10-11,213198.9,INR, / auto-debit indiqube inv/2410/622 fy24 - rent exp,INDIQUBE,True,18%,TRUE,Rent,0,230021.50177861043,4
TXN0002623,2024-10-11,11874.67,INR,RTGS JIOFIBER TAXINV/2410/623 GST - utilities exp,JIOFIBER,True,18%,TRUE,Utilities,0,11974.211354387397,4
TXN0002624,2024-10-11,10301.29,INR,auto-debit microsoft taxinv/2410/624 fy24 - software exp,Microsoft,True,18%,TRUE,Software,0,11754.244868789341,4
TXN0002625,2024-10-11,57622.16,INR,CARD TCS RCPT/2410/625 SUBS - it services exp- ref 4070,TCS,True,18%,TRUE,IT Services,0,59983.30173908255,4
TXN0002626,2024-10-11,45395.58,INR,NEFT HCL RCPT/2410/626 RENT - it services exp* ref 9857,HCL,True,18%,TRUE,IT Services,0,41486.62148866829,4
TXN0002627,2024-10-11,45657.25,INR, / AUTO-DEBIT TEC.hm RCPT/2410/627 GST - it services exp,TEC.hm,True,18%,TRUE,IT Services,0,52064.651356849834,4
TXN0002628,2024-10-11,12074.69,INR,neft simplilearn rcpt/2410/628 fy25 - training exp,SIMPLILEARN,True,18%,unknown,Training,0,12917.386566589426,4
TXN0002629,2024-10-11,59361.83,INR,#AUTO-DEBIT AWFIS RCPT/2410/629 GST - rent exp,AWFIS,True,18%,TRUE,Rent,0,56731.839613525466,4
TXN0002630,2024-10-11,5615.79,INR,*UPI CANVA INV/2410/630 GST - software exp,CANVA,True,18%,TRUE,Software,0,5346.5168188609005,4
TXN0002631,2024-10-11,34885.29,INR,RTGS COURSERA Pvt Ltd INV/2410/631 RENT - training exp,COURSERA Pvt Ltd,True,18%,unknown,Training,0,35919.90238991436,4
TXN0002632,2024-10-11,7701.84,INR,rtgs ikea inv/2410/632 fy24 - office supplies exp,IKEA,True,12%,TRUE,Office Supplies,0,8058.577518358369,4
TXN0002633,2024-10-11,7561.99,INR,-auto-debit airtel inv/2410/633 subs - utilities exp* ref 3057,Airtel,True,18%,TRUE,Utilities,0,7711.1822139780525,4
TXN0002634,2024-10-11,3743.97,INR,*CARD KFC INDIA PVT LTD BILL/2410/634 SUBS - meals exp,KFC INDIA PVT LTD,True,5%,FALSE,Meals,0,3860.5230334109956,4
TXN0002635,2024-10-11,10691.19,INR,#UPI KSEB BILL/2410/635 TDS - utilities exp! ref 3010,KSEB,True,18%,TRUE,Utilities,0,12508.646728349728,4
TXN0002636,2024-10-11,5058.84,INR,RTGS STAPLES BILL/2410/636 FY24 - office supplies exp# ref 3530,STAPLES,True,12%,TRUE,Office Supplies,0,5600.916536025194,4
TXN0002637,2024-10-12,45590.46,INR, IMPS WEWORK INDIA PVT LTD RCPT/2410/637 Q1 - rent exp /  ref 7119,WEWORK INDIA PVT LTD,True,18%,TRUE,Rent,0,37167.661143851554,5
TXN0002638,2024-10-12,14864.48,INR,card sim.plilearn taxinv/2410/638 rent - training exp  ref 3388,SIM.plilearn,True,18%,unknown,Training,0,13010.95138412853,5
TXN0002639,2024-10-12,33622.95,INR,neft infy pvt ltd inv/2410/639 adv - it services exp,INFY Pvt Ltd,True,18%,TRUE,IT Services,0,24121.040033431094,5
TXN0002640,2024-10-12,6074.95,INR,UPI IKEA INDIA PVT LTD TAXINV/2410/640 TDS - office supplies exp,IKEA INDIA PVT LTD,True,12%,TRUE,Office Supplies,0,5053.35095456595,5
TXN0002641,2024-10-12,10801.27,INR,*rtgs jiofiber pvt ltd rcpt/2410/641 adv - utilities exp,JIOFIBER Pvt Ltd,True,18%,TRUE,Utilities,0,10204.440511694542,5
TXN0002642,2024-10-12,1999.17,INR, / IMPS KFC TAXINV/2410/642 Q2 - meals exp,KFC,True,5%,FALSE,Meals,0,1564.4631349846743,5
TXN0002643,2024-10-12,12282.87,INR,*IMPS SIMPLILEARN Pvt Ltd RCPT/2410/643 RENT - training exp# ref 3566,SIMPLILEARN Pvt Ltd,True,18%,unknown,Training,0,8993.3858117746,5
TXN0002644,2024-10-12,24220.34,INR,#UPI TCS Pvt Ltd RCPT/2410/644 FY25 - it services exp,TCS Pvt Ltd,True,5%,TRUE,IT Services,1,18112.766832644316,5
TXN0002645,2024-10-12,9085.53,INR,-NEFT Microsoft TAXINV/2410/645 SUBS - software exp,Microsoft,True,18%,TRUE,Software,0,6476.43250801877,5
TXN0002646,2024-10-12,52327.86,INR,!auto-debit wework bill/2410/646 tds - rent exp,Wework,True,18%,TRUE,Rent,0,38577.09509905286,5
TXN0002647,2024-10-12,36783.85,INR,CARD TEC.hm RCPT/2410/647 FY24 - it services exp,TEC.hm,True,18%,TRUE,IT Services,0,28336.782854214336,5
TXN0002648,2024-10-12,6062.92,INR, / NEFT STAPLES Pvt Ltd RCPT/2410/648 GST - office supplies exp,STAPLES Pvt Ltd,True,12%,TRUE,Office Supplies,0,4168.588768646515,5
TXN0002649,2024-10-12,5508.24,INR, CARD IND.igo TAXINV/2410/649 TDS - travel exp,IND.igo,True,5%,FALSE,Travel,0,4413.474362543565,5
TXN0002650,2024-10-12,56473.62,INR,upi indiqube india pvt ltd rcpt/2410/650 fy25 - rent exp# ref 9129,INDIQUBE INDIA PVT LTD,True,18%,TRUE,Rent,0,49255.28465976809,5
TXN0002651,2024-10-12,117163.36,INR,AUTO-DEBIT AWFIS INV/2410/651 Q2 - rent exp,AWFIS,True,18%,TRUE,Rent,0,85222.22686985772,5
TXN0002652,2024-10-12,6939.46,INR, imps office depot pvt ltd rcpt/2410/652 fy24 - office supplies exp! ref 9868,OFFICE DEPOT Pvt Ltd,True,12%,TRUE,Office Supplies,0,6395.008801340409,5
TXN0002653,2024-10-12,8741.58,INR,-IMPS Adobe INV/2410/653 SUBS - software exp- ref 4181,Adobe,True,18%,TRUE,Software,0,7350.474392418484,5
TXN0002654,2024-10-12,4845.54,INR,*RTGS RAP.ido TAXINV/2410/654 RENT - travel exp,RAP.ido,True,5%,FALSE,Travel,0,4275.9295560691835,5
TXN0002655,2024-10-13,28162.28,INR,UPI Simplilearn RCPT/2410/655 GST - training exp,Simplilearn,True,18%,unknown,Training,0,21047.734328059283,6
TXN0002656,2024-10-13,5693.64,INR,CARD CANVA RCPT/2410/656 ADV - software exp,CANVA,True,18%,TRUE,Software,0,4944.140721106846,6
TXN0002657,2024-10-13,7233.92,INR,IMPS RAPIDO Pvt Ltd TAXINV/2410/657 FY24 - travel exp,RAPIDO Pvt Ltd,True,28%,FALSE,Travel,1,5155.219001540187,6
TXN0002658,2024-10-13,9605.91,INR,*imps adobe india pvt ltd taxinv/2410/658 fy25 - software exp# ref 4205,ADOBE INDIA PVT LTD,True,18%,TRUE,Software,0,8368.858989660836,6
TXN0002659,2024-10-13,7374.43,INR,#auto-debit adobe taxinv/2410/659 subs - software exp,ADOBE,True,18%,TRUE,Software,0,6000.92137460429,6
TXN0002660,2024-10-13,6147.79,INR,CARD INDIGO INV/2410/660 ADV - travel exp /  ref 8965,INDIGO,True,12%,FALSE,Travel,1,5190.33378541682,6
TXN0002661,2024-10-13,10992.58,INR,auto-debit staples pvt ltd rcpt/2410/661 q2 - office supplies exp- ref 5922,STAPLES Pvt Ltd,True,12%,TRUE,Office Supplies,0,7760.238580008029,6
TXN0002662,2024-10-13,1712.78,INR,#RTGS KFC INV/2410/662 FY24 - meals exp,KFC,True,5%,FALSE,Meals,0,1247.5793820436384,6
TXN0002663,2024-10-13,17080.03,INR, / RTGS JIOFIBER INDIA PVT LTD RCPT/2410/663 ADV - utilities exp- ref 9478,JIOFIBER INDIA PVT LTD,True,18%,TRUE,Utilities,0,14480.078070769148,6
TXN0002664,2024-10-13,8402.61,INR,!imps adobe taxinv/2410/664 subs - software exp  ref 1184,Adobe,True,18%,TRUE,Software,0,6084.600126098056,6
TXN0002665,2024-10-13,9883.19,INR,*UPI BES.com BILL/2410/665 GST - utilities exp,BES.com,True,18%,TRUE,Utilities,0,8272.788463520892,6
TXN0002666,2024-10-13,89624.52,INR,*upi wework rcpt/2410/666 rent - rent exp,WEWORK,True,18%,TRUE,Rent,0,61897.29042577182,6
TXN0002667,2024-10-13,9505.36,INR,!RTGS BESCOM RCPT/2410/667 TDS - utilities exp,BESCOM,True,18%,TRUE,Utilities,0,8249.26409872906,6
TXN0002668,2024-10-13,48879.37,INR,!neft techm rcpt/2410/668 subs - it services exp* ref 9175,TECHM,True,18%,TRUE,IT Services,0,34283.898949104296,6
TXN0002669,2024-10-13,6057.38,INR, RTGS AIR.tel TAXINV/2410/669 ADV - utilities exp,AIR.tel,True,18%,TRUE,Utilities,0,5113.543247720096,6
TXN0002670,2024-10-13,4393.3,INR, / upi roc fees india pvt ltd taxinv/2410/670 fy24 - exempt services exp,ROC FEES INDIA PVT LTD,False,exempt,FALSE,Exempt Services,0,3734.526750462958,6
TXN0002671,2024-10-14,112586.69,INR,card awfis inv/2410/671 rent - rent exp,AWFIS,True,18%,TRUE,Rent,0,104741.96672777332,0
TXN0002672,2024-10-14,28291.31,INR,AUTO-DEBIT TCS TAXINV/2410/672 TDS - it services exp  ref 2943,TCS,True,18%,TRUE,IT Services,0,29937.93940376298,0
TXN0002673,2024-10-14,45327.23,INR,UPI AWFIS INDIA PVT LTD BILL/2410/673 TDS - rent exp* ref 3358,AWFIS INDIA PVT LTD,True,18%,TRUE,Rent,0,46507.74263718407,0
TXN0002674,2024-10-14,81862.38,INR,#imps awfis india pvt ltd taxinv/2410/674 fy25 - rent exp,AWFIS INDIA PVT LTD,True,18%,TRUE,Rent,0,77451.29232084448,0
TXN0002675,2024-10-14,97189.95,INR, upi indiqube india pvt ltd rcpt/2410/675 fy24 - rent exp,INDIQUBE INDIA PVT LTD,True,18%,TRUE,Rent,0,87387.81206823674,0
TXN0002676,2024-10-14,12511.16,INR,CARD KSEB Pvt Ltd RCPT/2410/676 FY25 - utilities exp* ref 3633,KSEB Pvt Ltd,True,18%,TRUE,Utilities,0,10055.68759513737,0
TXN0002677,2024-10-14,15669.7,INR,UPI AIRTEL TAXINV/2410/677 RENT - utilities exp /  ref 5125,AIRTEL,True,18%,TRUE,Utilities,1,16217.591134617203,0
TXN0002678,2024-10-14,65082.34,INR,UPI WEWORK Pvt Ltd RCPT/2410/678 FY24 - rent exp,WEWORK Pvt Ltd,True,18%,TRUE,Rent,0,54898.23740012725,0
TXN0002679,2024-10-14,39263.91,INR,*UPI WIPRO BILL/2410/679 FY24 - it services exp /  ref 4684,WIPRO,True,18%,TRUE,IT Services,0,39638.26860658856,0
TXN0002680,2024-10-14,25219.54,INR, IMPS INF.y RCPT/2410/680 GST - it services exp,INF.y,True,18%,TRUE,IT Services,0,24555.135717658508,0
TXN0002681,2024-10-14,24702.25,INR,card hcl rcpt/2410/681 rent - it services exp* ref 7542,HCL,True,18%,TRUE,IT Services,0,26379.885462456816,0
TXN0002682,2024-10-14,121224.76,INR, / IMPS INDIQUBE INDIA PVT LTD RCPT/2410/682 FY24 - rent exp,INDIQUBE INDIA PVT LTD,True,18%,TRUE,Rent,0,117563.2206815261,0
TXN0002683,2024-10-14,35614.76,INR,#AUTO-DEBIT TCS Pvt Ltd BILL/2410/683 RENT - it services exp,TCS Pvt Ltd,True,18%,TRUE,IT Services,0,34441.43961567171,0
TXN0002684,2024-10-14,5098.25,INR,*NEFT OFFICE DEPOT INDIA PVT LTD BILL/2410/684 TDS - office supplies exp- ref 2921,OFFICE DEPOT INDIA PVT LTD,True,12%,TRUE,Office Supplies,0,5471.3759818137805,0
TXN0002685,2024-10-14,12122.18,INR,auto-debit jiofiber rcpt/2410/685 tds - utilities exp,JIOFIBER,True,18%,TRUE,Utilities,0,12528.34337390029,0
TXN0002686,2024-10-14,113838.83,INR,imps wework bill/2410/686 fy25 - rent exp# ref 2529,Wework,True,18%,TRUE,Rent,0,117437.91242632175,0
TXN0002687,2024-10-14,43708.36,INR,*CARD Techm RCPT/2410/687 FY24 - it services exp /  ref 2302,Techm,True,18%,TRUE,IT Services,0,45759.45167516834,0
TXN0002688,2024-10-14,6291.0,INR,-card uber taxinv/2410/688 rent - travel exp,Uber,True,5%,FALSE,Travel,0,5324.971577290409,0
TXN0002689,2024-10-14,4508.01,INR, auto-debit uber rcpt/2410/689 adv - travel exp,Uber,True,5%,FALSE,Travel,0,4849.171093726812,0
TXN0002690,2024-10-14,4910.23,INR, card staples india pvt ltd rcpt/2410/690 subs - office supplies exp,STAPLES INDIA PVT LTD,True,12%,TRUE,Office Supplies,0,5210.966264642941,0
TXN0002691,2024-10-14,92153.76,INR,RTGS AWFIS RCPT/2410/691 FY24 - rent exp* ref 2435,AWFIS,True,18%,TRUE,Rent,0,82784.64269731122,0
TXN0002692,2024-10-14,3245.85,INR,-rtgs swiggy bill/2410/692 gst - meals exp,SWIGGY,True,5%,FALSE,Meals,0,3166.6251394524593,0
TXN0002693,2024-10-14,37863.48,INR,#rtgs tcs rcpt/2410/693 subs - it services exp,TCS,True,18%,TRUE,IT Services,0,37714.64893010569,0
TXN0002694,2024-10-15,3828.38,INR,imps rapido inv/2410/694 q2 - travel exp# ref 5116,RAPIDO,True,5%,FALSE,Travel,0,3776.8895200532093,1
TXN0002695,2024-10-15,4736.23,INR,!rtgs govt fees rcpt/2410/695 rent - exempt services exp,Govt Fees,False,exempt,FALSE,Exempt Services,0,4894.353758946088,1
TXN0002696,2024-10-15,39417.49,INR,auto-debit techm india pvt ltd inv/2410/696 fy24 - it services exp,TECHM INDIA PVT LTD,True,18%,TRUE,IT Services,0,45059.57858091628,1
TXN0002697,2024-10-15,109866.29,INR,neft awfis pvt ltd inv/2410/697 q1 - rent exp* ref 3630,AWFIS Pvt Ltd,True,18%,TRUE,Rent,0,121751.2597014854,1
TXN0002698,2024-10-15,30000.07,INR,NEFT INFY Pvt Ltd TAXINV/2410/698 RENT - it services exp# ref 3524,INFY Pvt Ltd,True,18%,TRUE,IT Services,0,26063.403234171426,1
TXN0002699,2024-10-15,4357.06,INR,-NEFT GOVT FEES BILL/2410/699 FY24 - exempt services exp,GOVT FEES,False,exempt,FALSE,Exempt Services,0,4628.099627196288,1
TXN0002700,2024-10-15,57685.54,INR,-rtgs wework pvt ltd taxinv/2410/700 q2 - rent exp# ref 2385,WEWORK Pvt Ltd,True,18%,TRUE,Rent,0,65351.56361613927,1
TXN0002701,2024-10-15,12566.0,INR,*imps upgrad rcpt/2410/701 fy24 - training exp /  ref 3694,UPGRAD,True,18%,unknown,Training,0,13052.063587098053,1
TXN0002702,2024-10-15,214792.64,INR,CARD HCL Pvt Ltd INV/2410/702 ADV - it services exp,HCL Pvt Ltd,True,18%,TRUE,IT Services,1,238226.09657140166,1
TXN0002703,2024-10-15,34507.96,INR,imps tcs taxinv/2410/703 gst - it services exp  ref 1083,Tcs,True,18%,TRUE,IT Services,0,41451.89480494242,1
TXN0002704,2024-10-15,7164.45,INR,AUTO-DEBIT ADOBE INV/2410/704 GST - software exp- ref 8358,ADOBE,True,18%,TRUE,Software,0,7897.881585760616,1
TXN0002705,2024-10-15,147202.76,INR,neft ind.iqube taxinv/2410/705 fy24 - rent exp! ref 9318,IND.iqube,True,18%,TRUE,Rent,0,150872.65133701864,1
TXN0002706,2024-10-15,4238.56,INR,upi uber taxinv/2410/706 q1 - travel exp,UBER,True,5%,FALSE,Travel,0,4681.527020271668,1
TXN0002707,2024-10-15,54591.86,INR,CARD TCS TAXINV/2410/707 GST - it services exp! ref 9130,TCS,True,18%,TRUE,IT Services,0,55382.829630012886,1
TXN0002708,2024-10-15,8557.52,INR, rtgs microsoft india pvt ltd taxinv/2410/708 tds - software exp,MICROSOFT INDIA PVT LTD,True,18%,TRUE,Software,0,8577.975077097188,1
TXN0002709,2024-10-16,4494.27,INR,RTGS CANVA INDIA PVT LTD INV/2410/709 RENT - software exp- ref 4365,CANVA INDIA PVT LTD,True,18%,TRUE,Software,0,4336.334954285885,2
TXN0002710,2024-10-16,26515.61,INR,!imps wipro india pvt ltd rcpt/2410/710 q1 - it services exp,WIPRO INDIA PVT LTD,True,18%,TRUE,IT Services,0,30661.095889158227,2
TXN0002711,2024-10-16,3651.15,INR,#CARD Dominos TAXINV/2410/711 RENT - meals exp! ref 7151,Dominos,True,28%,FALSE,Meals,1,3352.329417634586,2
TXN0002712,2024-10-16,12449.32,INR, / AUTO-DEBIT SIMPLILEARN BILL/2410/712 RENT - training exp,SIMPLILEARN,True,18%,unknown,Training,0,14357.013616218977,2
TXN0002713,2024-10-16,16855.66,INR, UPI UPG.rad INV/2410/713 FY24 - training exp,UPG.rad,True,18%,unknown,Training,0,17698.213971596564,2
TXN0002714,2024-10-16,16792.66,INR,upi microsoft rcpt/2410/714 tds - software exp,Microsoft,True,18%,TRUE,Software,0,14442.852717065041,2
TXN0002715,2024-10-16,3918.59,INR,RTGS RAPIDO INDIA PVT LTD RCPT/2410/715 Q2 - travel exp,RAPIDO INDIA PVT LTD,True,5%,FALSE,Travel,0,4062.656684302325,2
TXN0002716,2024-10-16,95471.57,INR, UPI AWFIS BILL/2410/716 RENT - rent exp! ref 1827,AWFIS,True,18%,TRUE,Rent,0,75422.28722728825,2
TXN0002717,2024-10-16,37130.67,INR,-card wipro pvt ltd bill/2410/717 q1 - it services exp,WIPRO Pvt Ltd,True,18%,TRUE,IT Services,0,39453.22317553076,2
TXN0002718,2024-10-16,294418.56,INR,!imps hcl rcpt/2410/718 fy24 - it services exp,Hcl,True,18%,TRUE,IT Services,1,320481.4178488283,2
TXN0002719,2024-10-16,62735.52,INR,RTGS HCL RCPT/2410/719 Q1 - it services exp /  ref 8677,HCL,True,18%,TRUE,IT Services,0,59019.34410970715,2
TXN0002720,2024-10-16,31809.72,INR,auto-debit tcs bill/2410/720 fy24 - it services exp,Tcs,True,18%,TRUE,IT Services,0,32202.72176149922,2
TXN0002721,2024-10-16,6729.05,INR,RTGS INDIGO Pvt Ltd TAXINV/2410/721 SUBS - travel exp,INDIGO Pvt Ltd,True,5%,FALSE,Travel,0,8044.012307957738,2
TXN0002722,2024-10-16,286642.8,INR,#card hcl india pvt ltd rcpt/2410/722 adv - it services exp /  ref 4505,HCL INDIA PVT LTD,True,18%,TRUE,IT Services,1,272145.93485995865,2
TXN0002723,2024-10-16,31111.19,INR,#CARD TCS INV/2410/723 TDS - it services exp,TCS,True,18%,TRUE,IT Services,0,27816.80248666405,2
TXN0002724,2024-10-17,2270.02,INR,-UPI KFC TAXINV/2410/724 TDS - meals exp,KFC,True,5%,FALSE,Meals,0,2606.3605556858147,3
TXN0002725,2024-10-17,3065.92,INR,#RTGS OFFICE DEPOT INDIA PVT LTD BILL/2410/725 Q2 - office supplies exp,OFFICE DEPOT INDIA PVT LTD,True,12%,TRUE,Office Supplies,0,3667.6335319192176,3
TXN0002726,2024-10-17,7839.28,INR,upi canva taxinv/2410/726 fy25 - software exp,CANVA,True,18%,TRUE,Software,0,7842.1771406403395,3
TXN0002727,2024-10-17,33864.5,INR, / card tcs taxinv/2410/727 subs - it services exp,TCS,True,18%,TRUE,IT Services,0,37289.76899625862,3
TXN0002728,2024-10-17,6726.0,INR,IMPS OFFICE DEPOT BILL/2410/728 GST - office supplies exp,OFFICE DEPOT,True,12%,TRUE,Office Supplies,0,7628.27670078607,3
TXN0002729,2024-10-17,11212.57,INR, / card adobe india pvt ltd taxinv/2410/729 gst - software exp,ADOBE INDIA PVT LTD,True,18%,TRUE,Software,0,10380.054356876708,3
TXN0002730,2024-10-17,4555.53,INR,IMPS IKEA Pvt Ltd TAXINV/2410/730 ADV - office supplies exp,IKEA Pvt Ltd,True,12%,TRUE,Office Supplies,0,4334.447470780661,3
TXN0002731,2024-10-17,78165.79,INR,AUTO-DEBIT AWFIS RCPT/2410/731 FY24 - rent exp- ref 5183,AWFIS,True,18%,TRUE,Rent,0,87787.01787116051,3
TXN0002732,2024-10-17,4239.36,INR,-rtgs zomato rcpt/2410/732 q2 - meals exp# ref 7657,ZOMATO,True,5%,FALSE,Meals,0,4953.698213258571,3
TXN0002733,2024-10-18,5583.88,INR,imps indigo taxinv/2410/733 fy25 - travel exp,Indigo,True,5%,FALSE,Travel,0,5898.185917751038,4
TXN0002734,2024-10-18,28575.34,INR,CARD Techm BILL/2410/734 Q1 - it services exp- ref 2359,Techm,True,18%,TRUE,IT Services,0,26061.24057117986,4
TXN0002735,2024-10-18,2954.63,INR,-UPI KFC TAXINV/2410/735 Q2 - meals exp,KFC,True,5%,FALSE,Meals,0,3541.7330372460524,4
TXN0002736,2024-10-18,129698.64,INR,upi jio.fiber bill/2410/736 q2 - utilities exp,JIO.fiber,True,18%,TRUE,Utilities,1,122812.01966742093,4
TXN0002737,2024-10-18,134887.64,INR,AUTO-DEBIT INDIQUBE Pvt Ltd INV/2410/737 Q1 - rent exp,INDIQUBE Pvt Ltd,True,18%,TRUE,Rent,0,130367.04556229466,4
TXN0002738,2024-10-18,15768.83,INR,#CARD SIMPLILEARN Pvt Ltd RCPT/2410/738 TDS - training exp,SIMPLILEARN Pvt Ltd,True,18%,unknown,Training,0,16308.656711463496,4
TXN0002739,2024-10-18,2650.99,INR,#UPI DOMINOS Pvt Ltd TAXINV/2410/739 Q2 - meals exp,DOMINOS Pvt Ltd,True,5%,FALSE,Meals,0,3062.9963733710656,4
TXN0002740,2024-10-18,23261.71,INR,#CARD INF.y TAXINV/2410/740 Q2 - it services exp,INF.y,True,18%,TRUE,IT Services,0,25248.20415135246,4
TXN0002741,2024-10-18,33060.45,INR,UPI HCL INDIA PVT LTD BILL/2410/741 TDS - it services exp! ref 1328,HCL INDIA PVT LTD,True,18%,TRUE,IT Services,0,34432.014013143984,4
TXN0002742,2024-10-18,2119.69,INR,!IMPS DOM.inos TAXINV/2410/742 FY25 - meals exp,DOM.inos,True,5%,FALSE,Meals,0,2217.892806440605,4
TXN0002743,2024-10-19,1679.2,INR,RTGS DOMINOS BILL/2410/743 RENT - meals exp  ref 3248,DOMINOS,True,5%,FALSE,Meals,0,1349.2055865268885,5
TXN0002744,2024-10-19,4371.25,INR,UPI ZOM.ato TAXINV/2410/744 FY24 - meals exp,ZOM.ato,True,5%,FALSE,Meals,0,3692.1813882271217,5
TXN0002745,2024-10-19,7451.44,INR, / RTGS IKEA RCPT/2410/745 RENT - office supplies exp* ref 9277,IKEA,True,12%,TRUE,Office Supplies,0,4453.242788373244,5
TXN0002746,2024-10-19,4735.37,INR,!auto-debit off.ice depot rcpt/2410/746 fy24 - office supplies exp,OFF.ice depot,True,12%,TRUE,Office Supplies,0,3675.9323149235715,5
TXN0002747,2024-10-19,8672.85,INR,neft figma bill/2410/747 fy24 - software exp# ref 9047,FIGMA,True,18%,TRUE,Software,0,7105.715915459441,5
TXN0002748,2024-10-19,6598.52,INR,UPI UBE.r RCPT/2410/748 Q1 - travel exp* ref 4334,UBE.r,True,5%,FALSE,Travel,0,4671.216843916401,5
TXN0002749,2024-10-19,45888.97,INR, / rtgs awfis pvt ltd rcpt/2410/749 adv - rent exp,AWFIS Pvt Ltd,True,18%,TRUE,Rent,0,38129.41433130841,5
TXN0002750,2024-10-19,4837.41,INR,!CARD IKEA RCPT/2410/750 RENT - office supplies exp /  ref 1558,IKEA,True,12%,TRUE,Office Supplies,0,3790.7991096711626,5
TXN0002751,2024-10-19,46222.57,INR,-upi wipro inv/2410/751 gst - it services exp,WIPRO,True,18%,TRUE,IT Services,0,43469.46386789493,5
TXN0002752,2024-10-19,11131.66,INR, / NEFT Office Depot BILL/2410/752 Q1 - office supplies exp,Office Depot,True,12%,TRUE,Office Supplies,0,10306.153660350818,5
TXN0002753,2024-10-19,3291.7,INR,imps microsoft taxinv/2410/753 gst - software exp,Microsoft,True,18%,TRUE,Software,0,2510.6966246506995,5
TXN0002754,2024-10-19,68506.71,INR, IMPS AWFIS INDIA PVT LTD RCPT/2410/754 FY24 - rent exp,AWFIS INDIA PVT LTD,True,18%,TRUE,Rent,0,53978.69637093095,5
TXN0002755,2024-10-19,48826.47,INR, / NEFT TECHM INDIA PVT LTD INV/2410/755 SUBS - it services exp,TECHM INDIA PVT LTD,True,18%,TRUE,IT Services,0,38772.328112499905,5
TXN0002756,2024-10-19,52191.76,INR,imps rapido bill/2410/756 fy24 - travel exp  ref 5973,Rapido,True,5%,FALSE,Travel,1,39867.575761484106,5
TXN0002757,2024-10-20,4256.45,INR,AUTO-DEBIT RAP.ido BILL/2410/757 ADV - travel exp,RAP.ido,True,5%,FALSE,Travel,0,3471.569127461322,6
TXN0002758,2024-10-20,5869.07,INR,AUTO-DEBIT Indigo BILL/2410/758 RENT - travel exp /  ref 6669,Indigo,True,5%,FALSE,Travel,0,4339.2231566363125,6
TXN0002759,2024-10-20,96910.25,INR,!imps awfis taxinv/2410/759 adv - rent exp,Awfis,True,18%,TRUE,Rent,0,68762.74281898966,6
TXN0002760,2024-10-20,101472.33,INR,*IMPS AWFIS TAXINV/2410/760 TDS - rent exp! ref 6875,AWFIS,True,18%,TRUE,Rent,0,86232.90070450498,6
TXN0002761,2024-10-20,5424.09,INR,CARD IKEA INDIA PVT LTD BILL/2410/761 Q2 - office supplies exp* ref 3440,IKEA INDIA PVT LTD,True,12%,TRUE,Office Supplies,0,4612.442009798535,6
TXN0002762,2024-10-20,6559.12,INR,UPI FIGMA RCPT/2410/762 GST - software exp,FIGMA,True,18%,TRUE,Software,0,4825.247713159916,6
TXN0002763,2024-10-20,3124.28,INR,auto-debit office depot india pvt ltd bill/2410/763 fy25 - office supplies exp,OFFICE DEPOT INDIA PVT LTD,True,12%,TRUE,Office Supplies,0,2723.211285217838,6
TXN0002764,2024-10-20,10884.77,INR,UPI BESCOM INDIA PVT LTD TAXINV/2410/764 SUBS - utilities exp,BESCOM INDIA PVT LTD,True,18%,TRUE,Utilities,0,8157.849734473047,6
TXN0002765,2024-10-20,68826.16,INR,auto-debit microsoft india pvt ltd bill/2410/765 q1 - software exp* ref 9355,MICROSOFT INDIA PVT LTD,True,18%,TRUE,Software,1,56454.879294371225,6
TXN0002766,2024-10-20,2905.78,INR,!CARD SWI.ggy RCPT/2410/766 Q1 - meals exp* ref 1291,SWI.ggy,True,5%,FALSE,Meals,0,2515.3231379975223,6
TXN0002767,2024-10-20,63482.28,INR,#AUTO-DEBIT WEWORK Pvt Ltd RCPT/2410/767 Q2 - rent exp,WEWORK Pvt Ltd,True,18%,TRUE,Rent,0,50615.11982047686,6
TXN0002768,2024-10-20,59256.19,INR,RTGS WEWORK RCPT/2410/768 Q2 - rent exp* ref 8416,WEWORK,True,18%,TRUE,Rent,0,49560.64911124867,6
TXN0002769,2024-10-20,153308.85,INR,CARD Awfis RCPT/2410/769 FY24 - rent exp,Awfis,True,18%,TRUE,Rent,0,116313.22121517496,6
TXN0002770,2024-10-20,46856.35,INR,*UPI WIPRO INDIA PVT LTD RCPT/2410/770 FY25 - it services exp,WIPRO INDIA PVT LTD,True,18%,TRUE,IT Services,0,36748.623440287105,6
TXN0002771,2024-10-20,9184.12,INR,neft canva pvt ltd rcpt/2410/771 rent - software exp /  ref 5288,CANVA Pvt Ltd,True,18%,TRUE,Software,0,7196.044982693061,6
TXN0002772,2024-10-20,37998.72,INR, upi infy rcpt/2410/772 fy24 - it services exp,INFY,True,18%,TRUE,IT Services,0,28129.45427614036,6
TXN0002773,2024-10-21,14423.18,INR,card upgrad inv/2410/773 adv - training exp,Upgrad,True,18%,unknown,Training,0,14168.21544260317,0
TXN0002774,2024-10-21,21517.51,INR,RTGS TCS TAXINV/2410/774 Q2 - it services exp,TCS,True,18%,TRUE,IT Services,0,18185.269026801634,0
TXN0002775,2024-10-21,13309.32,INR,AUTO-DEBIT AIRTEL Pvt Ltd BILL/2410/775 SUBS - utilities exp,AIRTEL Pvt Ltd,True,18%,TRUE,Utilities,0,12655.627761008664,0
TXN0002776,2024-10-21,290612.96,INR, / RTGS Infy RCPT/2410/776 TDS - it services exp  ref 9279,Infy,True,18%,TRUE,IT Services,1,282334.10896403797,0
TXN0002777,2024-10-21,6732.85,INR,#auto-debit uber inv/2410/777 q2 - travel exp,Uber,True,5%,FALSE,Travel,0,6560.368015341149,0
TXN0002778,2024-10-21,8667.74,INR,NEFT JIO.fiber BILL/2410/778 Q2 - utilities exp,JIO.fiber,True,18%,TRUE,Utilities,0,8458.416292852802,0
TXN0002779,2024-10-21,132644.57,INR,RTGS INDIQUBE INDIA PVT LTD INV/2410/779 ADV - rent exp  ref 2409,INDIQUBE INDIA PVT LTD,True,18%,TRUE,Rent,0,131825.30142681592,0
TXN0002780,2024-10-21,3298.3,INR,RTGS OLA INV/2410/780 SUBS - travel exp,OLA,True,5%,FALSE,Travel,0,3456.4341959103263,0
TXN0002781,2024-10-21,5511.97,INR,CARD Indigo INV/2410/781 Q1 - travel exp,Indigo,True,5%,FALSE,Travel,0,5994.0011877106235,0
TXN0002782,2024-10-21,10233.89,INR,CARD AIRTEL Pvt Ltd TAXINV/2410/782 TDS - utilities exp,AIRTEL Pvt Ltd,True,28%,TRUE,Utilities,1,9568.92741426098,0
TXN0002783,2024-10-21,2653.82,INR, neft kfc rcpt/2410/783 gst - meals exp! ref 9058,KFC,True,28%,FALSE,Meals,1,2334.512150595118,0
TXN0002784,2024-10-21,4861.37,INR,UPI GOVT FEES INV/2410/784 Q1 - exempt services exp# ref 4613,GOVT FEES,False,exempt,FALSE,Exempt Services,0,4354.793655565375,0
TXN0002785,2024-10-21,8548.72,INR,!auto-debit canva pvt ltd rcpt/2410/785 q1 - software exp,CANVA Pvt Ltd,True,18%,TRUE,Software,0,8132.22386435225,0
TXN0002786,2024-10-21,21014.17,INR,card infy inv/2410/786 q1 - it services exp,INFY,True,18%,TRUE,IT Services,0,20274.636560077983,0
TXN0002787,2024-10-21,26763.83,INR,neft hcl bill/2410/787 gst - it services exp,HCL,True,18%,TRUE,IT Services,0,24703.02561836225,0
TXN0002788,2024-10-22,7194.66,INR, rtgs indigo india pvt ltd rcpt/2410/788 adv - travel exp,INDIGO INDIA PVT LTD,True,5%,FALSE,Travel,0,6262.148128038785,1
TXN0002789,2024-10-22,21328.25,INR,-CARD UPGRAD INV/2410/789 ADV - training exp /  ref 3073,UPGRAD,True,18%,unknown,Training,0,20355.424096142364,1
TXN0002790,2024-10-22,4275.08,INR,#CARD Govt Fees BILL/2410/790 FY24 - exempt services exp# ref 6533,Govt Fees,False,exempt,FALSE,Exempt Services,0,4352.641331511683,1
TXN0002791,2024-10-22,38445.76,INR,AUTO-DEBIT Infy RCPT/2410/791 RENT - it services exp- ref 3733,Infy,True,18%,TRUE,IT Services,0,40733.39600364423,1
TXN0002792,2024-10-22,7704.41,INR, rtgs ado.be taxinv/2410/792 adv - software exp- ref 7137,ADO.be,True,18%,TRUE,Software,0,7274.948425540172,1
TXN0002793,2024-10-22,31229.28,INR,RTGS TECHM RCPT/2410/793 ADV - it services exp- ref 7511,TECHM,True,18%,TRUE,IT Services,0,29939.517537289248,1
TXN0002794,2024-10-22,8767.86,INR,rtgs microsoft pvt ltd inv/2410/794 fy24 - software exp,MICROSOFT Pvt Ltd,True,18%,TRUE,Software,0,7955.343896579002,1
TXN0002795,2024-10-22,6571.55,INR,-neft mic.rosoft bill/2410/795 q2 - software exp,MIC.rosoft,True,18%,TRUE,Software,0,6550.889591992364,1
TXN0002796,2024-10-22,9974.12,INR,UPI KSEB RCPT/2410/796 SUBS - utilities exp,KSEB,True,18%,TRUE,Utilities,0,9127.887099114472,1
TXN0002797,2024-10-22,20541.12,INR,!rtgs jiofiber bill/2410/797 tds - utilities exp,JIOFIBER,True,18%,TRUE,Utilities,0,21718.388718712507,1
TXN0002798,2024-10-22,95407.69,INR,#imps awf.is rcpt/2410/798 q2 - rent exp,AWF.is,True,18%,TRUE,Rent,0,78369.15033561629,1
TXN0002799,2024-10-22,4368.16,INR,IMPS Rapido BILL/2410/799 FY25 - travel exp,Rapido,True,5%,FALSE,Travel,0,4211.068004998005,1
TXN0002800,2024-10-22,16634.16,INR,card sim.plilearn bill/2410/800 q1 - training exp,SIM.plilearn,True,18%,unknown,Training,1,17135.02676572897,1
TXN0002801,2024-10-22,6782.21,INR,*auto-debit office depot taxinv/2410/801 tds - office supplies exp,Office Depot,True,12%,TRUE,Office Supplies,0,6906.890429494766,1
TXN0002802,2024-10-22,18968.37,INR,IMPS BESCOM INV/2410/802 TDS - utilities exp,BESCOM,True,18%,TRUE,Utilities,0,24076.615896083775,1
TXN0002803,2024-10-22,67890.08,INR,NEFT Wipro INV/2410/803 GST - it services exp  ref 2448,Wipro,True,18%,TRUE,IT Services,0,70264.87516519173,1
TXN0002804,2024-10-23,6496.65,INR,RTGS OLA TAXINV/2410/804 TDS - travel exp,OLA,True,5%,FALSE,Travel,0,5844.350870342635,2
TXN0002805,2024-10-23,25492.09,INR,!card infy india pvt ltd inv/2410/805 tds - it services exp,INFY INDIA PVT LTD,True,18%,TRUE,IT Services,0,25248.731682142312,2
TXN0002806,2024-10-23,12703.42,INR, / auto-debit ado.be inv/2410/806 q1 - software exp,ADO.be,True,18%,TRUE,Software,0,10446.979680251561,2
TXN0002807,2024-10-23,5436.6,INR,NEFT UBER TAXINV/2410/807 FY24 - travel exp,UBER,True,5%,FALSE,Travel,0,5392.781140297323,2
TXN0002808,2024-10-23,45323.39,INR,rtgs wipro rcpt/2410/808 fy25 - it services exp,WIPRO,True,18%,TRUE,IT Services,0,41547.69754366924,2
TXN0002809,2024-10-23,11290.64,INR,NEFT KSEB INDIA PVT LTD TAXINV/2410/809 RENT - utilities exp# ref 1256,KSEB INDIA PVT LTD,True,18%,TRUE,Utilities,0,12324.174206085057,2
TXN0002810,2024-10-23,30470.4,INR,IMPS WIPRO RCPT/2410/810 FY24 - it services exp,WIPRO,True,18%,TRUE,IT Services,0,28795.928801696424,2
TXN0002811,2024-10-23,75821.45,INR,*imps wework inv/2410/811 tds - rent exp,WEWORK,True,5%,TRUE,Rent,1,74936.11389538264,2
TXN0002812,2024-10-23,49056.45,INR,*UPI HCL TAXINV/2410/812 RENT - it services exp! ref 4887,HCL,True,18%,TRUE,IT Services,0,45938.62885310369,2
TXN0002813,2024-10-24,32220.03,INR, / RTGS Wipro TAXINV/2410/813 FY24 - it services exp,Wipro,True,18%,TRUE,IT Services,0,37822.61427222549,3
TXN0002814,2024-10-24,53572.9,INR,upi tcs india pvt ltd taxinv/2410/814 fy24 - it services exp,TCS INDIA PVT LTD,True,18%,TRUE,IT Services,0,51851.90934150417,3
TXN0002815,2024-10-24,10529.53,INR,auto-debit adobe taxinv/2410/815 q1 - software exp,Adobe,True,18%,TRUE,Software,0,12459.126436602557,3
TXN0002816,2024-10-24,11962.19,INR,AUTO-DEBIT KSEB INV/2410/816 FY25 - utilities exp /  ref 1576,KSEB,True,18%,TRUE,Utilities,0,12936.093806729352,3
TXN0002817,2024-10-24,54768.59,INR,card infy pvt ltd bill/2410/817 rent - it services exp,INFY Pvt Ltd,True,18%,TRUE,IT Services,0,57408.80149420735,3
TXN0002818,2024-10-24,4108.21,INR,NEFT STAPLES BILL/2410/818 Q1 - office supplies exp,STAPLES,True,12%,TRUE,Office Supplies,0,4259.693320314131,3
TXN0002819,2024-10-24,29741.27,INR, / RTGS TEC.hm INV/2410/819 TDS - it services exp,TEC.hm,True,18%,TRUE,IT Services,0,30912.473177152006,3
TXN0002820,2024-10-24,8722.8,INR,*card ikea taxinv/2410/820 rent - office supplies exp,IKEA,True,12%,TRUE,Office Supplies,0,7041.329762488411,3
TXN0002821,2024-10-24,9097.5,INR,AUTO-DEBIT Jiofiber INV/2410/821 FY24 - utilities exp# ref 4821,Jiofiber,True,18%,TRUE,Utilities,0,8843.78583217135,3
TXN0002822,2024-10-24,13900.07,INR,!RTGS AIRTEL TAXINV/2410/822 Q2 - utilities exp! ref 9502,AIRTEL,True,18%,TRUE,Utilities,0,15074.845496052007,3
TXN0002823,2024-10-24,51125.9,INR, NEFT HCL Pvt Ltd TAXINV/2410/823 FY25 - it services exp,HCL Pvt Ltd,True,18%,TRUE,IT Services,0,50875.90874874212,3
TXN0002824,2024-10-24,5719.18,INR,RTGS OFFICE DEPOT Pvt Ltd BILL/2410/824 Q2 - office supplies exp,OFFICE DEPOT Pvt Ltd,True,12%,TRUE,Office Supplies,0,4915.526633195793,3
TXN0002825,2024-10-24,13413.75,INR,RTGS KSEB RCPT/2410/825 Q2 - utilities exp* ref 9011,KSEB,True,18%,TRUE,Utilities,0,13343.455980106648,3
TXN0002826,2024-10-24,4813.61,INR,IMPS IKEA Pvt Ltd BILL/2410/826 TDS - office supplies exp,IKEA Pvt Ltd,True,12%,TRUE,Office Supplies,0,5633.89993541026,3
TXN0002827,2024-10-24,5072.6,INR,*card office depot pvt ltd bill/2410/827 gst - office supplies exp,OFFICE DEPOT Pvt Ltd,True,12%,TRUE,Office Supplies,0,5705.098291622142,3
TXN0002828,2024-10-24,8168.78,INR,upi fig.ma inv/2410/828 fy25 - software exp  ref 4946,FIG.ma,True,18%,TRUE,Software,0,8118.130288837095,3
TXN0002829,2024-10-24,12829.05,INR,!UPI FIGMA TAXINV/2410/829 FY24 - software exp,FIGMA,True,18%,TRUE,Software,0,14049.669034784205,3
TXN0002830,2024-10-24,4157.88,INR,AUTO-DEBIT STA.mp duty TAXINV/2410/830 Q2 - exempt services exp* ref 1935,STA.mp duty,False,exempt,FALSE,Exempt Services,0,4005.4907790152083,3
TXN0002831,2024-10-24,2415.63,INR,#CARD DOMINOS Pvt Ltd INV/2410/831 Q2 - meals exp  ref 8106,DOMINOS Pvt Ltd,True,5%,FALSE,Meals,0,2004.0376678713772,3
TXN0002832,2024-10-24,19307.06,INR,CARD TCS Pvt Ltd BILL/2410/832 RENT - it services exp,TCS Pvt Ltd,True,18%,TRUE,IT Services,0,17522.187969922343,3
TXN0002833,2024-10-24,64822.89,INR,#card wework bill/2410/833 q1 - rent exp,WEWORK,True,18%,TRUE,Rent,0,74953.98667232423,3
TXN0002834,2024-10-24,10881.96,INR,NEFT KSE.b RCPT/2410/834 Q1 - utilities exp# ref 1352,KSE.b,True,18%,TRUE,Utilities,0,10583.801824325677,3
TXN0002835,2024-10-24,8975.45,INR,!card jiofiber rcpt/2410/835 q1 - utilities exp- ref 1019,JIOFIBER,True,12%,TRUE,Utilities,1,8757.00192623185,3
TXN0002836,2024-10-25,4666.26,INR,#imps zomato india pvt ltd bill/2410/836 tds - meals exp,ZOMATO INDIA PVT LTD,True,5%,FALSE,Meals,1,4526.347701825038,4
TXN0002837,2024-10-25,5799.6,INR,card indigo india pvt ltd bill/2410/837 q1 - travel exp,INDIGO INDIA PVT LTD,True,5%,FALSE,Travel,0,6903.923056488761,4
TXN0002838,2024-10-25,5032.38,INR,AUTO-DEBIT IKE.a BILL/2410/838 ADV - office supplies exp  ref 6202,IKE.a,True,12%,TRUE,Office Supplies,0,5850.6243126489735,4
TXN0002839,2024-10-25,19118.08,INR, RTGS BESCOM BILL/2410/839 ADV - utilities exp,BESCOM,True,18%,TRUE,Utilities,0,23359.96180054801,4
TXN0002840,2024-10-25,8690.09,INR,!AUTO-DEBIT AIRTEL RCPT/2410/840 ADV - utilities exp,AIRTEL,True,18%,TRUE,Utilities,0,8551.878280755462,4
TXN0002841,2024-10-25,7970.67,INR, rtgs staples inv/2410/841 q2 - office supplies exp,STAPLES,True,12%,TRUE,Office Supplies,0,8206.30252437218,4
TXN0002842,2024-10-25,8993.36,INR,#rtgs adobe rcpt/2410/842 subs - software exp* ref 7613,ADOBE,True,18%,TRUE,Software,0,7629.388756174104,4
TXN0002843,2024-10-25,82747.26,INR, CARD INDIQUBE Pvt Ltd BILL/2410/843 GST - rent exp,INDIQUBE Pvt Ltd,True,18%,TRUE,Rent,0,94968.48769609597,4
TXN0002844,2024-10-25,7547.05,INR,CARD IKE.a RCPT/2410/844 RENT - office supplies exp  ref 6508,IKE.a,True,12%,TRUE,Office Supplies,0,6665.720933760333,4
TXN0002845,2024-10-25,5602.03,INR,neft microsoft taxinv/2410/845 rent - software exp# ref 8556,MICROSOFT,True,18%,TRUE,Software,0,5723.468321146516,4
TXN0002846,2024-10-25,4024.25,INR,!neft swiggy india pvt ltd taxinv/2410/846 fy24 - meals exp,SWIGGY INDIA PVT LTD,True,5%,FALSE,Meals,0,3582.6680303173525,4
TXN0002847,2024-10-25,13610.11,INR,upi airtel rcpt/2410/847 q1 - utilities exp,AIRTEL,True,18%,TRUE,Utilities,0,12808.655771273541,4
TXN0002848,2024-10-25,6324.09,INR,!rtgs airtel taxinv/2410/848 subs - utilities exp,AIRTEL,True,18%,TRUE,Utilities,0,5794.597703242291,4
TXN0002849,2024-10-25,6552.3,INR, auto-debit canva rcpt/2410/849 adv - software exp,CANVA,True,18%,TRUE,Software,0,6154.0018929473845,4
TXN0002850,2024-10-25,4133.58,INR, AUTO-DEBIT STAPLES Pvt Ltd INV/2410/850 FY25 - office supplies exp! ref 6039,STAPLES Pvt Ltd,True,12%,TRUE,Office Supplies,0,3910.7293176717444,4
TXN0002851,2024-10-25,9716.2,INR,NEFT KSEB RCPT/2410/851 Q1 - utilities exp,KSEB,True,18%,TRUE,Utilities,0,9183.491073474897,4
TXN0002852,2024-10-25,11131.38,INR,*RTGS Jiofiber TAXINV/2410/852 SUBS - utilities exp,Jiofiber,True,18%,TRUE,Utilities,0,12058.995643891307,4
TXN0002853,2024-10-26,48857.72,INR,RTGS Indiqube INV/2410/853 TDS - rent exp* ref 4389,Indiqube,True,18%,TRUE,Rent,0,34767.68984145068,5
TXN0002854,2024-10-26,102006.23,INR,AUTO-DEBIT Indiqube INV/2410/854 TDS - rent exp,Indiqube,True,18%,TRUE,Rent,0,83404.71196228039,5
TXN0002855,2024-10-26,47116.51,INR,NEFT HCL INV/2410/855 ADV - it services exp- ref 3169,HCL,True,18%,TRUE,IT Services,0,42284.08676633571,5
TXN0002856,2024-10-26,5347.82,INR,*rtgs ikea pvt ltd taxinv/2410/856 fy24 - office supplies exp,IKEA Pvt Ltd,True,12%,TRUE,Office Supplies,0,4058.697457434237,5
TXN0002857,2024-10-26,11304.59,INR, / RTGS KSEB RCPT/2410/857 RENT - utilities exp! ref 8848,KSEB,True,18%,TRUE,Utilities,0,8394.409702947485,5
TXN0002858,2024-10-26,7862.51,INR,*AUTO-DEBIT FIGMA Pvt Ltd INV/2410/858 GST - software exp,FIGMA Pvt Ltd,True,18%,TRUE,Software,0,6145.007826341923,5
TXN0002859,2024-10-26,10086.93,INR,CARD JIOFIBER BILL/2410/859 FY25 - utilities exp,JIOFIBER,True,18%,TRUE,Utilities,0,9021.528447677592,5
TXN0002860,2024-10-26,9272.18,INR,CARD MICROSOFT INDIA PVT LTD TAXINV/2410/860 TDS - software exp! ref 6778,MICROSOFT INDIA PVT LTD,True,18%,TRUE,Software,0,7561.728071485849,5
TXN0002861,2024-10-26,55887.1,INR,-UPI WEW.ork INV/2410/861 Q1 - rent exp,WEW.ork,True,18%,TRUE,Rent,0,42334.63788766686,5
TXN0002862,2024-10-26,4671.9,INR,*imps uber taxinv/2410/862 rent - travel exp* ref 1586,UBER,True,5%,FALSE,Travel,0,3918.3698661348317,5
TXN0002863,2024-10-26,7549.6,INR, RTGS STAPLES INV/2410/863 Q1 - office supplies exp  ref 9586,STAPLES,True,12%,TRUE,Office Supplies,0,5373.930814847596,5
TXN0002864,2024-10-26,8538.49,INR,*imps microsoft india pvt ltd rcpt/2410/864 q2 - software exp,MICROSOFT INDIA PVT LTD,True,18%,TRUE,Software,0,7296.21450930576,5
TXN0002865,2024-10-26,8236.09,INR,*imps staples inv/2410/865 adv - office supplies exp,Staples,True,12%,TRUE,Office Supplies,0,6858.098124871156,5
TXN0002866,2024-10-26,32205.1,INR,#RTGS INF.y TAXINV/2410/866 Q2 - it services exp,INF.y,True,18%,TRUE,IT Services,0,24971.03979249001,5
TXN0002867,2024-10-26,5837.11,INR, NEFT STAMP DUTY INDIA PVT LTD TAXINV/2410/867 Q2 - exempt services exp,STAMP DUTY INDIA PVT LTD,False,exempt,FALSE,Exempt Services,0,4278.0945960020545,5
TXN0002868,2024-10-26,41240.09,INR,neft tcs bill/2410/868 rent - it services exp,TCS,True,18%,TRUE,IT Services,0,30066.727917099775,5
TXN0002869,2024-10-26,5506.26,INR,UPI OLA TAXINV/2410/869 SUBS - travel exp,OLA,True,5%,FALSE,Travel,0,4640.595464514243,5
TXN0002870,2024-10-27,36763.9,INR,!rtgs tcs pvt ltd rcpt/2410/870 rent - it services exp,TCS Pvt Ltd,True,18%,TRUE,IT Services,0,33025.68930363661,6
TXN0002871,2024-10-27,26503.22,INR, / UPI TCS RCPT/2410/871 GST - it services exp,TCS,True,18%,TRUE,IT Services,0,19851.31940582332,6
TXN0002872,2024-10-27,36617.35,INR,imps wip.ro inv/2410/872 gst - it services exp,WIP.ro,True,18%,TRUE,IT Services,0,30636.67250874327,6
TXN0002873,2024-10-27,6886.39,INR,card uber taxinv/2410/873 q2 - travel exp,Uber,True,5%,FALSE,Travel,0,4359.345440749512,6
TXN0002874,2024-10-27,7244.46,INR,AUTO-DEBIT STA.ples TAXINV/2410/874 Q1 - office supplies exp# ref 5747,STA.ples,True,12%,TRUE,Office Supplies,0,5456.748818797052,6
TXN0002875,2024-10-27,35771.91,INR,*AUTO-DEBIT INFY Pvt Ltd RCPT/2410/875 FY25 - it services exp,INFY Pvt Ltd,True,18%,TRUE,IT Services,0,28528.645011891687,6
TXN0002876,2024-10-27,8243.44,INR,card staples taxinv/2410/876 tds - office supplies exp,Staples,True,12%,TRUE,Office Supplies,0,5994.838346649223,6
TXN0002877,2024-10-27,33387.95,INR, NEFT Awfis TAXINV/2410/877 RENT - rent exp,Awfis,True,18%,TRUE,Rent,0,24208.917758707496,6
TXN0002878,2024-10-27,7366.16,INR,RTGS UBER BILL/2410/878 FY24 - travel exp! ref 7570,UBER,True,5%,unknown,Travel,1,5499.410315385692,6
TXN0002879,2024-10-27,16149.58,INR,NEFT SIMPLILEARN INV/2410/879 FY24 - training exp,SIMPLILEARN,True,18%,unknown,Training,0,13297.167187322002,6
TXN0002880,2024-10-27,23796.61,INR, / rtgs hcl rcpt/2410/880 gst - it services exp! ref 7296,HCL,True,18%,TRUE,IT Services,0,18680.664352584055,6
TXN0002881,2024-10-27,102647.95,INR,-auto-debit awfis bill/2410/881 rent - rent exp /  ref 5864,Awfis,True,18%,TRUE,Rent,0,63738.3721818576,6
TXN0002882,2024-10-27,14180.82,INR,#RTGS KSE.b INV/2410/882 ADV - utilities exp! ref 6364,KSE.b,True,18%,TRUE,Utilities,0,8938.794628920767,6
TXN0002883,2024-10-27,107495.66,INR,AUTO-DEBIT WEWORK INDIA PVT LTD RCPT/2410/883 Q1 - rent exp,WEWORK INDIA PVT LTD,True,18%,TRUE,Rent,0,80777.69817401805,6
TXN0002884,2024-10-27,4730.85,INR,#imps stamp duty india pvt ltd rcpt/2410/884 q1 - exempt services exp,STAMP DUTY INDIA PVT LTD,False,exempt,FALSE,Exempt Services,0,3957.8997268505163,6
TXN0002885,2024-10-28,18867.26,INR,*rtgs jio.fiber inv/2410/885 fy24 - utilities exp,JIO.fiber,True,18%,TRUE,Utilities,0,13683.471178104388,0
TXN0002886,2024-10-28,13765.2,INR, / card jiofiber taxinv/2410/886 gst - utilities exp,Jiofiber,True,18%,TRUE,Utilities,0,13077.311417923758,0
TXN0002887,2024-10-28,6603.3,INR, AUTO-DEBIT AIRTEL Pvt Ltd TAXINV/2410/887 RENT - utilities exp,AIRTEL Pvt Ltd,True,18%,TRUE,Utilities,0,6255.802752905852,0
TXN0002888,2024-10-28,7745.62,INR,*RTGS Adobe TAXINV/2410/888 FY24 - software exp,Adobe,True,18%,TRUE,Software,0,8820.973686164692,0
TXN0002889,2024-10-28,109938.53,INR,!rtgs indiqube pvt ltd inv/2410/889 q1 - rent exp  ref 5626,INDIQUBE Pvt Ltd,True,18%,TRUE,Rent,0,105705.6568002351,0
TXN0002890,2024-10-28,8903.53,INR,#upi airtel india pvt ltd taxinv/2410/890 adv - utilities exp,AIRTEL INDIA PVT LTD,True,18%,TRUE,Utilities,0,9244.52539153104,0
TXN0002891,2024-10-28,5916.87,INR,RTGS UBER Pvt Ltd TAXINV/2410/891 GST - travel exp,UBER Pvt Ltd,True,5%,FALSE,Travel,0,6000.450013446931,0
TXN0002892,2024-10-28,28299.45,INR,-NEFT INFY Pvt Ltd RCPT/2410/892 FY25 - it services exp,INFY Pvt Ltd,True,18%,TRUE,IT Services,0,22270.064043302013,0
TXN0002893,2024-10-28,2564.67,INR,*NEFT Ola BILL/2410/893 Q2 - travel exp,Ola,True,5%,FALSE,Travel,0,2761.6898002278917,0
TXN0002894,2024-10-28,9015.56,INR,!NEFT ADOBE TAXINV/2410/894 SUBS - software exp,ADOBE,True,18%,TRUE,Software,0,9209.75201187315,0
TXN0002895,2024-10-28,39163.28,INR,!UPI HCL RCPT/2410/895 ADV - it services exp* ref 3050,HCL,True,18%,TRUE,IT Services,0,41153.826705079504,0
TXN0002896,2024-10-28,16343.95,INR,!imps kseb rcpt/2410/896 gst - utilities exp,KSEB,True,18%,TRUE,Utilities,0,22760.973276211,0
TXN0002897,2024-10-28,117677.68,INR,!IMPS Awfis RCPT/2410/897 ADV - rent exp /  ref 1092,Awfis,True,18%,TRUE,Rent,0,93152.32244218257,0
TXN0002898,2024-10-28,101863.41,INR,CARD INDIQUBE RCPT/2410/898 ADV - rent exp* ref 8906,INDIQUBE,True,18%,TRUE,Rent,0,119431.75819602422,0
TXN0002899,2024-10-29,3633.89,INR,card ola pvt ltd taxinv/2410/899 adv - travel exp,OLA Pvt Ltd,True,5%,FALSE,Travel,0,3529.434733372624,1
TXN0002900,2024-10-29,2897.41,INR,#RTGS KFC INDIA PVT LTD RCPT/2410/900 ADV - meals exp,KFC INDIA PVT LTD,True,5%,FALSE,Meals,0,2980.6609640906327,1
TXN0002901,2024-10-29,4011.77,INR,RTGS KFC TAXINV/2410/901 RENT - meals exp,KFC,True,5%,FALSE,Meals,0,3993.5115339667836,1
TXN0002902,2024-10-29,48541.07,INR,!NEFT WIPRO INDIA PVT LTD RCPT/2410/902 SUBS - it services exp,WIPRO INDIA PVT LTD,True,18%,TRUE,IT Services,0,46481.78144439822,1
TXN0002903,2024-10-29,5780.72,INR, CARD OFFICE DEPOT RCPT/2410/903 TDS - office supplies exp,OFFICE DEPOT,True,12%,TRUE,Office Supplies,0,5451.315539507164,1
TXN0002904,2024-10-29,34166.33,INR,IMPS INFY INV/2410/904 FY24 - it services exp,INFY,True,18%,TRUE,IT Services,0,35292.14041974702,1
TXN0002905,2024-10-29,148160.18,INR,AUTO-DEBIT AWFIS INDIA PVT LTD RCPT/2410/905 TDS - rent exp# ref 7141,AWFIS INDIA PVT LTD,True,18%,TRUE,Rent,0,125681.70720098587,1
TXN0002906,2024-10-29,30304.35,INR,imps upgrad bill/2410/906 fy25 - training exp,UPGRAD,True,18%,unknown,Training,0,32578.931379528818,1
TXN0002907,2024-10-29,38498.0,INR,!UPI Hcl RCPT/2410/907 Q1 - it services exp,Hcl,True,18%,TRUE,IT Services,0,36895.73478007275,1
TXN0002908,2024-10-29,73541.48,INR,#neft wew.ork taxinv/2410/908 tds - rent exp,WEW.ork,True,18%,TRUE,Rent,0,65230.782830435026,1
TXN0002909,2024-10-29,7857.45,INR,neft rapido pvt ltd rcpt/2410/909 adv - travel exp,RAPIDO Pvt Ltd,True,5%,FALSE,Travel,0,7503.8546468940785,1
TXN0002910,2024-10-29,5894.32,INR,AUTO-DEBIT STAPLES INV/2410/910 FY25 - office supplies exp,STAPLES,True,12%,TRUE,Office Supplies,0,6635.323977193739,1
TXN0002911,2024-10-29,28988.85,INR,!AUTO-DEBIT WIPRO RCPT/2410/911 SUBS - it services exp,WIPRO,True,18%,TRUE,IT Services,0,27436.975146274974,1
TXN0002912,2024-10-29,2798.78,INR,UPI DOMINOS Pvt Ltd INV/2410/912 Q2 - meals exp,DOMINOS Pvt Ltd,True,5%,FALSE,Meals,1,2899.1032817572723,1
TXN0002913,2024-10-29,7173.67,INR,!RTGS IND.igo BILL/2410/913 RENT - travel exp,IND.igo,True,5%,FALSE,Travel,0,6649.306089358818,1
TXN0002914,2024-10-29,7657.07,INR,imps canva inv/2410/914 q2 - software exp* ref 9379,CANVA,True,18%,TRUE,Software,0,8237.416065939464,1
TXN0002915,2024-10-30,6632.89,INR, / imps rapido india pvt ltd bill/2410/915 adv - travel exp* ref 6557,RAPIDO INDIA PVT LTD,True,5%,FALSE,Travel,0,7087.579742554415,2
TXN0002916,2024-10-30,27153.21,INR,AUTO-DEBIT WIP.ro INV/2410/916 Q1 - it services exp,WIP.ro,True,18%,TRUE,IT Services,0,32172.77638583525,2
TXN0002917,2024-10-30,48356.24,INR, / AUTO-DEBIT STAMP DUTY INDIA PVT LTD BILL/2410/917 Q1 - exempt services exp,STAMP DUTY INDIA PVT LTD,False,exempt,FALSE,Exempt Services,1,47507.2787716093,2
TXN0002918,2024-10-30,5128.19,INR,RTGS CANVA Pvt Ltd INV/2410/918 FY24 - software exp,CANVA Pvt Ltd,True,18%,TRUE,Software,0,5471.088888321145,2
TXN0002919,2024-10-30,7238.1,INR,neft kseb inv/2410/919 rent - utilities exp,KSEB,True,18%,TRUE,Utilities,0,7309.082265793683,2
TXN0002920,2024-10-30,27236.6,INR,neft simplilearn taxinv/2410/920 subs - training exp,SIMPLILEARN,True,18%,unknown,Training,0,30766.114137389013,2
TXN0002921,2024-10-30,100071.1,INR, imps ind.iqube inv/2410/921 gst - rent exp,IND.iqube,True,18%,TRUE,Rent,0,92877.66522563681,2
TXN0002922,2024-10-30,10540.51,INR,NEFT Adobe BILL/2410/922 FY25 - software exp,Adobe,True,18%,TRUE,Software,0,11325.783595043611,2
TXN0002923,2024-10-30,2197.31,INR,*NEFT ZOM.ato INV/2410/923 SUBS - meals exp- ref 4336,ZOM.ato,True,5%,FALSE,Meals,0,2154.5289684269856,2
TXN0002924,2024-10-30,6443.79,INR, / RTGS Jiofiber TAXINV/2410/924 Q2 - utilities exp,Jiofiber,True,18%,TRUE,Utilities,0,6402.428486623004,2
TXN0002925,2024-10-30,2120.48,INR, IMPS ZOMATO Pvt Ltd TAXINV/2410/925 RENT - meals exp,ZOMATO Pvt Ltd,True,5%,FALSE,Meals,0,2139.935930822309,2
TXN0002926,2024-10-30,6368.45,INR,NEFT OLA TAXINV/2410/926 FY24 - travel exp- ref 9347,OLA,True,5%,FALSE,Travel,0,6529.088035262347,2
TXN0002927,2024-10-30,3948.09,INR,-CARD Kfc BILL/2410/927 SUBS - meals exp,Kfc,True,5%,FALSE,Meals,0,3902.201727714063,2
TXN0002928,2024-10-30,25086.71,INR,neft infy bill/2410/928 adv - it services exp  ref 3507,INFY,True,18%,TRUE,IT Services,0,25625.354735937588,2
TXN0002929,2024-10-30,13750.49,INR,RTGS KSEB RCPT/2410/929 ADV - utilities exp,KSEB,True,18%,TRUE,Utilities,0,15920.479656932823,2
TXN0002930,2024-10-30,8466.15,INR,*UPI KSEB INV/2410/930 FY24 - utilities exp,KSEB,True,18%,TRUE,Utilities,0,9300.446485587128,2
TXN0002931,2024-10-31,34564.29,INR,*NEFT TECHM INDIA PVT LTD BILL/2410/931 Q2 - it services exp /  ref 3771,TECHM INDIA PVT LTD,True,18%,TRUE,IT Services,0,37568.461138989456,3
TXN0002932,2024-10-31,89023.21,INR,!rtgs indiqube india pvt ltd taxinv/2410/932 gst - rent exp /  ref 5191,INDIQUBE INDIA PVT LTD,True,18%,TRUE,Rent,0,84967.85091114766,3
TXN0002933,2024-10-31,39137.77,INR,IMPS TECHM INV/2410/933 Q2 - it services exp,TECHM,True,18%,TRUE,IT Services,0,35657.47969901903,3
TXN0002934,2024-10-31,111543.75,INR,RTGS INDIQUBE INDIA PVT LTD RCPT/2410/934 Q1 - rent exp,INDIQUBE INDIA PVT LTD,True,18%,TRUE,Rent,0,122199.53066429323,3
TXN0002935,2024-10-31,7976.45,INR,UPI CANVA BILL/2410/935 GST - software exp! ref 8816,CANVA,True,18%,TRUE,Software,0,8675.224343827427,3
TXN0002936,2024-10-31,10747.12,INR,auto-debit canva taxinv/2410/936 q1 - software exp,CANVA,True,18%,TRUE,Software,0,12329.81684727769,3
TXN0002937,2024-10-31,10433.07,INR,-auto-debit jiofiber pvt ltd taxinv/2410/937 fy24 - utilities exp# ref 6229,JIOFIBER Pvt Ltd,True,18%,TRUE,Utilities,0,9802.932785061921,3
TXN0002938,2024-10-31,28605.12,INR,rtgs tcs rcpt/2410/938 q1 - it services exp,TCS,True,18%,TRUE,IT Services,0,27948.49331675786,3
TXN0002939,2024-10-31,50200.49,INR,UPI INFY RCPT/2410/939 TDS - it services exp,INFY,True,18%,TRUE,IT Services,0,41970.19916939836,3
TXN0002940,2024-10-31,14303.28,INR,neft kseb india pvt ltd inv/2410/940 subs - utilities exp,KSEB INDIA PVT LTD,True,18%,TRUE,Utilities,0,13741.917587810163,3
TXN0002941,2024-10-31,11200.56,INR,RTGS KSE.b TAXINV/2410/941 GST - utilities exp,KSE.b,True,18%,TRUE,Utilities,0,12316.774779797572,3
TXN0002942,2024-10-31,25618.32,INR,-imps tcs rcpt/2410/942 tds - it services exp,TCS,True,18%,TRUE,IT Services,0,24423.237209641065,3
TXN0002943,2024-10-31,120332.93,INR,NEFT IND.iqube INV/2410/943 RENT - rent exp,IND.iqube,True,18%,TRUE,Rent,0,128040.01103623149,3
TXN0002944,2024-11-01,41890.8,INR,!auto-debit hcl inv/2411/944 adv - it services exp,HCL,True,18%,TRUE,IT Services,0,41092.76724872669,4
TXN0002945,2024-11-01,121213.02,INR,RTGS INDIQUBE INDIA PVT LTD INV/2411/945 FY24 - rent exp,INDIQUBE INDIA PVT LTD,True,18%,TRUE,Rent,0,125141.01310429606,4
TXN0002946,2024-11-01,77941.93,INR,imps wework inv/2411/946 tds - rent exp,WEWORK,True,18%,TRUE,Rent,0,68996.60180333845,4
TXN0002947,2024-11-01,3103.31,INR,-AUTO-DEBIT KFC TAXINV/2411/947 Q2 - meals exp* ref 4322,KFC,True,5%,FALSE,Meals,0,3129.7531337143378,4
TXN0002948,2024-11-01,4685.39,INR, / NEFT GOV.t fees TAXINV/2411/948 ADV - exempt services exp,GOV.t fees,False,exempt,FALSE,Exempt Services,0,3283.9261433301463,4
TXN0002949,2024-11-01,17528.98,INR,*RTGS WIP.ro RCPT/2411/949 FY24 - it services exp,WIP.ro,True,18%,TRUE,IT Services,0,17201.370098150175,4
TXN0002950,2024-11-01,3030.02,INR,card indigo inv/2411/950 fy25 - travel exp,INDIGO,True,5%,FALSE,Travel,0,2535.983346207825,4
TXN0002951,2024-11-01,2556.76,INR,AUTO-DEBIT KFC INDIA PVT LTD TAXINV/2411/951 RENT - meals exp* ref 4001,KFC INDIA PVT LTD,True,5%,FALSE,Meals,0,2865.1038540126237,4
TXN0002952,2024-11-01,10771.47,INR,AUTO-DEBIT FIGMA INDIA PVT LTD BILL/2411/952 SUBS - software exp,FIGMA INDIA PVT LTD,True,18%,TRUE,Software,0,11608.851997808235,4
TXN0002953,2024-11-01,7573.35,INR,*CARD STA.ples RCPT/2411/953 FY24 - office supplies exp,STA.ples,True,12%,TRUE,Office Supplies,0,7926.776268127283,4
TXN0002954,2024-11-01,13344.03,INR,#neft airtel taxinv/2411/954 adv - utilities exp,Airtel,True,18%,TRUE,Utilities,0,15373.66527254016,4
TXN0002955,2024-11-01,22503.57,INR,#CARD Coursera INV/2411/955 FY25 - training exp,Coursera,True,18%,unknown,Training,0,20368.16906494618,4
TXN0002956,2024-11-01,15043.57,INR,imps kseb taxinv/2411/956 q2 - utilities exp- ref 3964,KSEB,True,18%,TRUE,Utilities,0,17672.228058326655,4
TXN0002957,2024-11-01,15372.42,INR,rtgs coursera bill/2411/957 gst - training exp- ref 1981,COURSERA,True,18%,unknown,Training,0,16805.424024626762,4
TXN0002958,2024-11-01,10217.41,INR,#card canva pvt ltd rcpt/2411/958 gst - software exp,CANVA Pvt Ltd,True,18%,TRUE,Software,0,9975.711764281627,4
TXN0002959,2024-11-02,15861.4,INR,*card jiofiber bill/2411/959 subs - utilities exp,JIOFIBER,True,18%,TRUE,Utilities,0,14130.122032202205,5
TXN0002960,2024-11-02,26955.63,INR, / NEFT HCL TAXINV/2411/960 Q1 - it services exp,HCL,True,18%,TRUE,IT Services,0,19178.836912642528,5
TXN0002961,2024-11-02,17885.24,INR,IMPS BES.com RCPT/2411/961 Q2 - utilities exp,BES.com,True,18%,TRUE,Utilities,0,13128.461307014304,5
TXN0002962,2024-11-02,5887.35,INR,rtgs office depot pvt ltd bill/2411/962 adv - office supplies exp,OFFICE DEPOT Pvt Ltd,True,12%,TRUE,Office Supplies,0,4423.2415434307795,5
TXN0002963,2024-11-02,4255.58,INR,UPI STA.ples RCPT/2411/963 Q2 - office supplies exp,STA.ples,True,12%,TRUE,Office Supplies,0,3224.375443609355,5
TXN0002964,2024-11-02,2167.26,INR,rtgs swiggy taxinv/2411/964 fy24 - meals exp,SWIGGY,True,5%,FALSE,Meals,0,1550.6211906521135,5
TXN0002965,2024-11-02,3836.84,INR, / auto-debit govt fees pvt ltd taxinv/2411/965 q2 - exempt services exp,GOVT FEES Pvt Ltd,False,exempt,TRUE,Exempt Services,1,3444.893922812322,5
TXN0002966,2024-11-02,2875.91,INR,NEFT KFC INV/2411/966 FY25 - meals exp,KFC,True,5%,FALSE,Meals,0,2241.172643314592,5
TXN0002967,2024-11-02,3355.47,INR,neft swiggy taxinv/2411/967 fy24 - meals exp,Swiggy,True,5%,FALSE,Meals,0,2779.0015876937964,5
TXN0002968,2024-11-02,18825.52,INR,UPI SIMPLILEARN TAXINV/2411/968 SUBS - training exp,SIMPLILEARN,True,18%,unknown,Training,0,14201.443115564154,5
TXN0002969,2024-11-02,9325.46,INR,-auto-debit kseb taxinv/2411/969 gst - utilities exp,KSEB,True,18%,TRUE,Utilities,0,6102.130939589345,5
TXN0002970,2024-11-02,51165.69,INR,auto-debit infy pvt ltd taxinv/2411/970 rent - it services exp- ref 3385,INFY Pvt Ltd,True,18%,TRUE,IT Services,0,42037.96568653396,5
TXN0002971,2024-11-02,31456.32,INR,RTGS TECHM INDIA PVT LTD INV/2411/971 RENT - it services exp,TECHM INDIA PVT LTD,True,18%,TRUE,IT Services,0,20352.85564572827,5
TXN0002972,2024-11-02,26429.92,INR,card roc fees inv/2411/972 q1 - exempt services exp* ref 1400,ROC FEES,False,exempt,FALSE,Exempt Services,1,20998.81661221478,5
TXN0002973,2024-11-02,25141.28,INR,RTGS TCS RCPT/2411/973 ADV - it services exp,TCS,True,18%,TRUE,IT Services,1,17360.928678439475,5
TXN0002974,2024-11-03,84294.02,INR,NEFT Indiqube TAXINV/2411/974 RENT - rent exp! ref 1058,Indiqube,True,18%,TRUE,Rent,0,80836.45462597455,6
TXN0002975,2024-11-03,18348.11,INR,UPI KSEB Pvt Ltd RCPT/2411/975 SUBS - utilities exp,KSEB Pvt Ltd,True,18%,TRUE,Utilities,0,16016.2306781089,6
TXN0002976,2024-11-03,58603.06,INR, / UPI Tcs INV/2411/976 FY24 - it services exp* ref 3943,Tcs,True,18%,TRUE,IT Services,0,47378.247662008805,6
TXN0002977,2024-11-03,2039.32,INR,!neft zomato bill/2411/977 rent - meals exp- ref 5406,ZOMATO,True,5%,FALSE,Meals,0,1837.6241841499775,6
TXN0002978,2024-11-03,6256.63,INR,#auto-debit staples pvt ltd taxinv/2411/978 adv - office supplies exp- ref 8938,STAPLES Pvt Ltd,True,12%,TRUE,Office Supplies,0,4581.697125272684,6
TXN0002979,2024-11-03,5293.46,INR,IMPS MIC.rosoft TAXINV/2411/979 ADV - software exp,MIC.rosoft,True,18%,TRUE,Software,0,4464.9189081452,6
TXN0002980,2024-11-03,5819.31,INR,CARD MICROSOFT INV/2411/980 TDS - software exp,MICROSOFT,True,18%,TRUE,Software,0,4748.468708403492,6
TXN0002981,2024-11-03,13193.92,INR,UPI AIRTEL TAXINV/2411/981 TDS - utilities exp,AIRTEL,True,18%,TRUE,Utilities,0,10833.812786520793,6
TXN0002982,2024-11-03,25372.59,INR,imps upgrad inv/2411/982 rent - training exp,UPGRAD,True,18%,unknown,Training,0,22880.70429546192,6
TXN0002983,2024-11-04,71391.68,INR,!CARD ADOBE Pvt Ltd TAXINV/2411/983 RENT - software exp,ADOBE Pvt Ltd,True,18%,TRUE,Software,1,76621.06418041827,0
TXN0002984,2024-11-04,116690.37,INR, rtgs indiqube inv/2411/984 q2 - rent exp- ref 6255,Indiqube,True,18%,TRUE,Rent,0,120059.49710428072,0
TXN0002985,2024-11-04,8177.37,INR, / UPI JIO.fiber TAXINV/2411/985 FY24 - utilities exp,JIO.fiber,True,18%,TRUE,Utilities,0,6824.107312560982,0
TXN0002986,2024-11-04,16137.08,INR,UPI AIRTEL INV/2411/986 ADV - utilities exp,AIRTEL,True,18%,TRUE,Utilities,0,14587.845612937166,0
TXN0002987,2024-11-04,17549.85,INR, CARD JIOFIBER Pvt Ltd BILL/2411/987 FY25 - utilities exp,JIOFIBER Pvt Ltd,True,18%,TRUE,Utilities,0,17334.497662173508,0
TXN0002988,2024-11-04,28450.49,INR,!IMPS TECHM INV/2411/988 Q2 - it services exp,TECHM,True,18%,TRUE,IT Services,0,28716.13898006341,0
TXN0002989,2024-11-04,15085.38,INR, / UPI Kseb INV/2411/989 Q1 - utilities exp# ref 7765,Kseb,True,18%,TRUE,Utilities,0,13380.424733587848,0
TXN0002990,2024-11-04,3420.34,INR,UPI SWIGGY Pvt Ltd RCPT/2411/990 RENT - meals exp,SWIGGY Pvt Ltd,True,5%,FALSE,Meals,0,4245.21542005479,0
TXN0002991,2024-11-04,28117.48,INR,NEFT Wipro RCPT/2411/991 FY25 - it services exp,Wipro,True,18%,TRUE,IT Services,0,32381.197952071125,0
TXN0002992,2024-11-05,90090.48,INR,card wework rcpt/2411/992 fy25 - rent exp,WEWORK,True,18%,TRUE,Rent,0,95514.99285009527,1
TXN0002993,2024-11-05,34510.36,INR,imps techm rcpt/2411/993 fy24 - it services exp,TECHM,True,18%,TRUE,IT Services,0,34758.96180161721,1
TXN0002994,2024-11-05,6116.17,INR,!upi staples rcpt/2411/994 gst - office supplies exp,STAPLES,True,12%,TRUE,Office Supplies,0,5986.3793864559675,1
TXN0002995,2024-11-05,4816.71,INR,CARD OLA INV/2411/995 Q1 - travel exp,OLA,True,5%,FALSE,Travel,0,4358.19848344263,1
TXN0002996,2024-11-05,49705.05,INR, CARD INFY Pvt Ltd BILL/2411/996 SUBS - it services exp,INFY Pvt Ltd,True,18%,TRUE,IT Services,0,50090.1673047006,1
TXN0002997,2024-11-05,20092.62,INR,RTGS HCL TAXINV/2411/997 SUBS - it services exp,HCL,True,18%,TRUE,IT Services,0,20610.512384312304,1
TXN0002998,2024-11-05,3851.3,INR, auto-debit uber taxinv/2411/998 q2 - travel exp  ref 2428,Uber,True,5%,FALSE,Travel,0,3373.0607495647623,1
TXN0002999,2024-11-05,5457.24,INR,card rapido pvt ltd taxinv/2411/999 rent - travel exp# ref 6674,RAPIDO Pvt Ltd,True,5%,FALSE,Travel,0,5639.608091124554,1
TXN0003000,2024-11-05,3303.41,INR,card staples bill/2411/000 rent - office supplies exp,STAPLES,True,12%,TRUE,Office Supplies,0,3252.1215705521836,1
TXN0003001,2024-11-05,3406.79,INR,!auto-debit dominos inv/2411/001 fy24 - meals exp,Dominos,True,5%,FALSE,Meals,0,2756.840028989888,1
TXN0003002,2024-11-05,11337.41,INR,AUTO-DEBIT KSE.b RCPT/2411/002 FY25 - utilities exp,KSE.b,True,18%,TRUE,Utilities,0,10361.956237493836,1
TXN0003003,2024-11-05,4270.41,INR, / UPI OLA RCPT/2411/003 TDS - travel exp,OLA,True,5%,FALSE,Travel,0,4093.783479402088,1
TXN0003004,2024-11-06,8464.09,INR,UPI OFFICE DEPOT BILL/2411/004 GST - office supplies exp,OFFICE DEPOT,True,12%,TRUE,Office Supplies,0,10061.845822361654,2
TXN0003005,2024-11-06,8035.44,INR,NEFT OLA Pvt Ltd TAXINV/2411/005 TDS - travel exp,OLA Pvt Ltd,True,5%,FALSE,Travel,0,8482.654923900354,2
TXN0003006,2024-11-06,6409.56,INR,auto-debit govt fees india pvt ltd taxinv/2411/006 adv - exempt services exp,GOVT FEES INDIA PVT LTD,False,exempt,FALSE,Exempt Services,0,5553.57507539601,2
TXN0003007,2024-11-06,15731.25,INR,AUTO-DEBIT KSEB INDIA PVT LTD BILL/2411/007 FY25 - utilities exp,KSEB INDIA PVT LTD,True,18%,TRUE,Utilities,0,16495.845837790122,2
TXN0003008,2024-11-06,13008.09,INR, rtgs coursera bill/2411/008 q2 - training exp,COURSERA,True,18%,unknown,Training,0,10995.343045453074,2
TXN0003009,2024-11-06,29901.6,INR,CARD WIP.ro TAXINV/2411/009 RENT - it services exp,WIP.ro,True,18%,TRUE,IT Services,0,33139.019481690964,2
TXN0003010,2024-11-06,6983.68,INR,upi rapido bill/2411/010 rent - travel exp,RAPIDO,True,5%,FALSE,Travel,0,6654.661619159252,2
TXN0003011,2024-11-06,1678.4,INR,imps zomato pvt ltd inv/2411/011 fy25 - meals exp,ZOMATO Pvt Ltd,True,5%,FALSE,Meals,0,1662.6841020820175,2
TXN0003012,2024-11-06,12790.64,INR,-AUTO-DEBIT AIRTEL Pvt Ltd TAXINV/2411/012 FY25 - utilities exp,AIRTEL Pvt Ltd,True,18%,TRUE,Utilities,0,14486.418763191903,2
TXN0003013,2024-11-06,12180.76,INR,UPI BESCOM BILL/2411/013 GST - utilities exp,BESCOM,True,18%,TRUE,Utilities,0,10612.896949033171,2
TXN0003014,2024-11-06,1737.94,INR,-upi kfc rcpt/2411/014 q1 - meals exp,KFC,True,5%,FALSE,Meals,0,1495.1292421364728,2
TXN0003015,2024-11-06,15593.2,INR,*RTGS BESCOM INV/2411/015 TDS - utilities exp,BESCOM,True,18%,TRUE,Utilities,0,14683.181898442148,2
TXN0003016,2024-11-06,3419.11,INR,rtgs ola bill/2411/016 q1 - travel exp,OLA,True,5%,FALSE,Travel,0,3774.1431513308657,2
TXN0003017,2024-11-07,94648.71,INR,imps indiqube inv/2411/017 q1 - rent exp,Indiqube,True,18%,TRUE,Rent,0,80268.29539125542,3
TXN0003018,2024-11-07,9995.54,INR,CARD KSEB INDIA PVT LTD TAXINV/2411/018 Q1 - utilities exp,KSEB INDIA PVT LTD,True,18%,TRUE,Utilities,0,7164.64754328619,3
TXN0003019,2024-11-07,4441.68,INR, / RTGS OFFICE DEPOT INV/2411/019 ADV - office supplies exp,OFFICE DEPOT,True,12%,TRUE,Office Supplies,0,4241.289672178192,3
TXN0003020,2024-11-07,3732.21,INR,!auto-debit indigo rcpt/2411/020 tds - travel exp,INDIGO,True,5%,FALSE,Travel,0,3938.1312530835535,3
TXN0003021,2024-11-07,8974.84,INR,IMPS CANVA INDIA PVT LTD BILL/2411/021 RENT - software exp,CANVA INDIA PVT LTD,True,18%,TRUE,Software,0,10052.055716202603,3
TXN0003022,2024-11-07,31905.76,INR,CARD INFY Pvt Ltd RCPT/2411/022 TDS - it services exp,INFY Pvt Ltd,True,18%,TRUE,IT Services,0,30428.008474003014,3
TXN0003023,2024-11-07,45258.94,INR,CARD TCS BILL/2411/023 Q2 - it services exp! ref 2433,TCS,True,18%,TRUE,IT Services,0,43396.86678741333,3
TXN0003024,2024-11-07,86488.24,INR, / neft awfis pvt ltd bill/2411/024 adv - rent exp,AWFIS Pvt Ltd,True,18%,TRUE,Rent,0,96468.12436404872,3
TXN0003025,2024-11-07,4440.42,INR,UPI OFFICE DEPOT Pvt Ltd BILL/2411/025 TDS - office supplies exp,OFFICE DEPOT Pvt Ltd,True,12%,TRUE,Office Supplies,0,3610.176156183846,3
TXN0003026,2024-11-07,10335.89,INR,IMPS AIRTEL Pvt Ltd TAXINV/2411/026 FY24 - utilities exp,AIRTEL Pvt Ltd,True,18%,TRUE,Utilities,0,9934.319200499369,3
TXN0003027,2024-11-07,82764.99,INR,neft ind.iqube rcpt/2411/027 q2 - rent exp,IND.iqube,True,18%,TRUE,Rent,0,84341.03313454085,3
TXN0003028,2024-11-07,49345.21,INR, / RTGS INDIQUBE INDIA PVT LTD BILL/2411/028 Q2 - rent exp- ref 7361,INDIQUBE INDIA PVT LTD,True,18%,TRUE,Rent,0,51561.88921377415,3
TXN0003029,2024-11-07,6470.22,INR,*AUTO-DEBIT STAPLES RCPT/2411/029 ADV - office supplies exp# ref 6666,STAPLES,True,12%,TRUE,Office Supplies,0,6140.363853758249,3
TXN0003030,2024-11-07,10369.95,INR,AUTO-DEBIT COU.rsera TAXINV/2411/030 RENT - training exp,COU.rsera,True,18%,unknown,Training,0,10405.6651569339,3
TXN0003031,2024-11-07,6426.48,INR,RTGS STAPLES TAXINV/2411/031 ADV - office supplies exp,STAPLES,True,12%,TRUE,Office Supplies,0,4827.361402983849,3
TXN0003032,2024-11-08,9127.42,INR,-card can.va taxinv/2411/032 adv - software exp# ref 9925,CAN.va,True,18%,TRUE,Software,0,8526.609027629578,4
TXN0003033,2024-11-08,37098.23,INR,!auto-debit hcl bill/2411/033 q2 - it services exp- ref 2662,HCL,True,18%,TRUE,IT Services,0,38780.667052534955,4
TXN0003034,2024-11-08,4048.38,INR,neft staples pvt ltd taxinv/2411/034 tds - office supplies exp,STAPLES Pvt Ltd,True,12%,TRUE,Office Supplies,0,3650.7100477604044,4
TXN0003035,2024-11-08,36334.96,INR,#imps techm bill/2411/035 fy24 - it services exp,TECHM,True,18%,TRUE,IT Services,0,36549.278933208916,4
TXN0003036,2024-11-08,45350.94,INR, / imps techm pvt ltd inv/2411/036 tds - it services exp,TECHM Pvt Ltd,True,18%,TRUE,IT Services,0,47377.54879715531,4
TXN0003037,2024-11-08,89888.91,INR,*NEFT WEWORK INDIA PVT LTD RCPT/2411/037 Q2 - rent exp,WEWORK INDIA PVT LTD,True,18%,TRUE,Rent,0,86809.77257135246,4
TXN0003038,2024-11-08,42354.75,INR, / AUTO-DEBIT TCS TAXINV/2411/038 SUBS - it services exp* ref 7153,TCS,True,18%,TRUE,IT Services,0,43076.745040461705,4
TXN0003039,2024-11-08,4302.76,INR,AUTO-DEBIT FIG.ma RCPT/2411/039 FY24 - software exp,FIG.ma,True,18%,TRUE,Software,0,3888.5192827395986,4
TXN0003040,2024-11-08,5416.28,INR,RTGS MICROSOFT INV/2411/040 Q1 - software exp,MICROSOFT,True,18%,TRUE,Software,0,5304.3735458007895,4
TXN0003041,2024-11-08,32210.24,INR, NEFT HCL Pvt Ltd TAXINV/2411/041 FY25 - it services exp,HCL Pvt Ltd,True,18%,TRUE,IT Services,0,34175.76092743495,4
TXN0003042,2024-11-08,1930.95,INR,card zomato inv/2411/042 subs - meals exp,ZOMATO,True,5%,FALSE,Meals,0,1961.2606938981996,4
TXN0003043,2024-11-08,8378.17,INR,!neft ikea pvt ltd taxinv/2411/043 q2 - office supplies exp,IKEA Pvt Ltd,True,12%,TRUE,Office Supplies,0,7886.764131327752,4
TXN0003044,2024-11-08,45221.85,INR, / AUTO-DEBIT WIPRO RCPT/2411/044 SUBS - it services exp- ref 9203,WIPRO,True,18%,TRUE,IT Services,0,46235.79806023776,4
TXN0003045,2024-11-09,4645.06,INR,upi uber pvt ltd taxinv/2411/045 gst - travel exp,UBER Pvt Ltd,True,5%,FALSE,Travel,0,3981.6004283275624,5
TXN0003046,2024-11-09,6140.33,INR,rtgs ikea pvt ltd inv/2411/046 adv - office supplies exp,IKEA Pvt Ltd,True,12%,TRUE,Office Supplies,0,3905.278725512988,5
TXN0003047,2024-11-09,45894.93,INR,UPI TECHM BILL/2411/047 FY25 - it services exp! ref 9657,TECHM,True,18%,TRUE,IT Services,0,40971.59384607732,5
TXN0003048,2024-11-09,18241.55,INR,*NEFT UPGRAD BILL/2411/048 SUBS - training exp,UPGRAD,True,18%,unknown,Training,0,14102.535389728984,5
TXN0003049,2024-11-09,40919.83,INR,-neft hcl taxinv/2411/049 q2 - it services exp,Hcl,True,18%,TRUE,IT Services,0,34128.74205879213,5
TXN0003050,2024-11-09,8560.99,INR, / CARD CAN.va INV/2411/050 FY25 - software exp,CAN.va,True,18%,TRUE,Software,0,7668.761515268605,5
TXN0003051,2024-11-09,51074.96,INR, / imps hcl taxinv/2411/051 q2 - it services exp,HCL,True,18%,TRUE,IT Services,0,35255.313662472145,5
TXN0003052,2024-11-09,6141.14,INR,UPI MICROSOFT INDIA PVT LTD BILL/2411/052 SUBS - software exp* ref 7876,MICROSOFT INDIA PVT LTD,True,18%,TRUE,Software,0,4564.369878588168,5
TXN0003053,2024-11-09,128237.91,INR,#IMPS AWFIS Pvt Ltd TAXINV/2411/053 FY25 - rent exp,AWFIS Pvt Ltd,True,18%,TRUE,Rent,0,99630.09746461394,5
TXN0003054,2024-11-09,4327.65,INR,#upi stamp duty pvt ltd rcpt/2411/054 adv - exempt services exp,STAMP DUTY Pvt Ltd,False,exempt,FALSE,Exempt Services,0,3190.7751259444694,5
TXN0003055,2024-11-09,3819.7,INR,NEFT STAMP DUTY INV/2411/055 SUBS - exempt services exp- ref 3000,STAMP DUTY,False,exempt,FALSE,Exempt Services,0,3585.9149790979086,5
TXN0003056,2024-11-09,10020.77,INR,RTGS Microsoft BILL/2411/056 GST - software exp,Microsoft,True,28%,TRUE,Software,1,7329.774712427465,5
TXN0003057,2024-11-10,3801.45,INR,neft ola india pvt ltd bill/2411/057 adv - travel exp,OLA INDIA PVT LTD,True,5%,FALSE,Travel,0,2872.209335609572,6
TXN0003058,2024-11-10,9274.38,INR,imps can.va rcpt/2411/058 fy25 - software exp,CAN.va,True,18%,TRUE,Software,0,7571.15052375344,6
TXN0003059,2024-11-10,81173.27,INR,CARD WEWORK INDIA PVT LTD BILL/2411/059 GST - rent exp,WEWORK INDIA PVT LTD,True,18%,TRUE,Rent,0,57132.0233551563,6
TXN0003060,2024-11-10,7301.19,INR,RTGS STAPLES INDIA PVT LTD INV/2411/060 FY24 - office supplies exp,STAPLES INDIA PVT LTD,True,12%,TRUE,Office Supplies,0,5609.836795530583,6
TXN0003061,2024-11-10,25044.78,INR,-AUTO-DEBIT Simplilearn BILL/2411/061 RENT - training exp,Simplilearn,True,18%,unknown,Training,0,20671.867767063453,6
TXN0003062,2024-11-10,5194.13,INR,IMPS OLA Pvt Ltd TAXINV/2411/062 Q2 - travel exp  ref 8895,OLA Pvt Ltd,True,5%,FALSE,Travel,0,4016.9903830227736,6
TXN0003063,2024-11-10,10840.79,INR,#neft jiofiber india pvt ltd bill/2411/063 q1 - utilities exp /  ref 7225,JIOFIBER INDIA PVT LTD,True,18%,TRUE,Utilities,0,8591.641013912484,6
TXN0003064,2024-11-10,7173.0,INR,-rtgs uber india pvt ltd taxinv/2411/064 gst - travel exp,UBER INDIA PVT LTD,True,5%,FALSE,Travel,0,5434.648060592627,6
TXN0003065,2024-11-10,14754.84,INR,*neft kseb taxinv/2411/065 gst - utilities exp,Kseb,True,18%,TRUE,Utilities,0,10016.210632262982,6
TXN0003066,2024-11-10,11320.3,INR,auto-debit bescom pvt ltd taxinv/2411/066 tds - utilities exp,BESCOM Pvt Ltd,True,18%,TRUE,Utilities,0,9347.482530425887,6
TXN0003067,2024-11-11,52172.56,INR, / UPI Techm TAXINV/2411/067 Q1 - it services exp,Techm,True,18%,TRUE,IT Services,0,61328.495097650004,0
TXN0003068,2024-11-11,20922.5,INR,IMPS Coursera TAXINV/2411/068 Q2 - training exp  ref 3767,Coursera,True,18%,unknown,Training,0,20961.00081200665,0
TXN0003069,2024-11-11,127874.88,INR,RTGS AWFIS TAXINV/2411/069 SUBS - rent exp* ref 8080,AWFIS,True,18%,TRUE,Rent,0,130755.44219613365,0
TXN0003070,2024-11-11,3270.56,INR,#neft stamp duty india pvt ltd rcpt/2411/070 fy25 - exempt services exp,STAMP DUTY INDIA PVT LTD,False,exempt,FALSE,Exempt Services,0,3497.1191333974994,0
TXN0003071,2024-11-11,42618.03,INR,card tcs bill/2411/071 tds - it services exp,TCS,True,18%,TRUE,IT Services,0,37208.39348182579,0
TXN0003072,2024-11-11,5444.72,INR,NEFT IKEA Pvt Ltd TAXINV/2411/072 GST - office supplies exp  ref 5186,IKEA Pvt Ltd,True,12%,TRUE,Office Supplies,0,6371.691560941143,0
TXN0003073,2024-11-11,5608.51,INR, imps office depot india pvt ltd bill/2411/073 q1 - office supplies exp,OFFICE DEPOT INDIA PVT LTD,True,12%,TRUE,Office Supplies,0,5721.986307802525,0
TXN0003074,2024-11-11,55695.81,INR,*auto-debit infy pvt ltd bill/2411/074 fy24 - it services exp,INFY Pvt Ltd,True,18%,TRUE,IT Services,0,64784.56917988561,0
TXN0003075,2024-11-11,8968.37,INR,NEFT ADO.be BILL/2411/075 Q1 - software exp* ref 1039,ADO.be,True,18%,TRUE,Software,0,8310.958887393253,0
TXN0003076,2024-11-11,121368.79,INR,-IMPS WEW.ork TAXINV/2411/076 Q2 - rent exp,WEW.ork,True,18%,TRUE,Rent,0,143434.3875685917,0
TXN0003077,2024-11-11,15124.34,INR,!AUTO-DEBIT Airtel RCPT/2411/077 RENT - utilities exp /  ref 8046,Airtel,True,18%,TRUE,Utilities,0,16296.711524465003,0
TXN0003078,2024-11-11,33453.87,INR,#card wipro india pvt ltd rcpt/2411/078 tds - it services exp,WIPRO INDIA PVT LTD,True,18%,TRUE,IT Services,0,35304.00311368937,0
TXN0003079,2024-11-11,8142.05,INR,RTGS AIRTEL Pvt Ltd RCPT/2411/079 FY24 - utilities exp,AIRTEL Pvt Ltd,True,18%,TRUE,Utilities,0,8332.593880856604,0
TXN0003080,2024-11-11,3459.35,INR, upi rapido pvt ltd inv/2411/080 q1 - travel exp,RAPIDO Pvt Ltd,True,5%,FALSE,Travel,0,3373.375252506415,0
TXN0003081,2024-11-11,5521.91,INR, / upi ikea taxinv/2411/081 rent - office supplies exp,IKEA,True,12%,TRUE,Office Supplies,0,6184.832777024347,0
TXN0003082,2024-11-11,11379.68,INR,UPI KSEB TAXINV/2411/082 ADV - utilities exp# ref 2602,KSEB,True,18%,TRUE,Utilities,0,11539.405040371244,0
TXN0003083,2024-11-11,6537.88,INR, / neft office depot rcpt/2411/083 rent - office supplies exp,OFFICE DEPOT,True,12%,TRUE,Office Supplies,0,5251.833432631163,0
TXN0003084,2024-11-12,13453.48,INR,!imps airtel taxinv/2411/084 fy24 - utilities exp  ref 7274,AIRTEL,True,18%,TRUE,Utilities,0,11950.475428115407,1
TXN0003085,2024-11-12,19893.98,INR, / card bescom inv/2411/085 fy24 - utilities exp* ref 4162,BESCOM,True,18%,TRUE,Utilities,0,19524.258832279254,1
TXN0003086,2024-11-12,60170.93,INR,rtgs techm bill/2411/086 q2 - it services exp,TECHM,True,18%,TRUE,IT Services,0,62036.22271161259,1
TXN0003087,2024-11-12,37532.29,INR,#UPI WIPRO TAXINV/2411/087 FY25 - it services exp,WIPRO,True,18%,TRUE,IT Services,0,37319.90044239473,1
TXN0003088,2024-11-12,10936.27,INR,neft jiofiber inv/2411/088 tds - utilities exp,JIOFIBER,True,18%,TRUE,Utilities,0,12269.369367929674,1
TXN0003089,2024-11-12,62176.52,INR,upi indiqube bill/2411/089 adv - rent exp,INDIQUBE,True,18%,TRUE,Rent,0,50045.24759285652,1
TXN0003090,2024-11-12,6941.01,INR,!upi ikea rcpt/2411/090 tds - office supplies exp /  ref 7507,Ikea,True,12%,TRUE,Office Supplies,0,7040.674530316169,1
TXN0003091,2024-11-12,206617.12,INR,imps cou.rsera rcpt/2411/091 fy24 - training exp,COU.rsera,True,18%,unknown,Training,1,169054.5568230675,1
TXN0003092,2024-11-12,73543.57,INR,auto-debit indiqube bill/2411/092 tds - rent exp,INDIQUBE,True,18%,TRUE,Rent,0,79130.76543828007,1
TXN0003093,2024-11-12,5827.81,INR,-CARD Ikea INV/2411/093 RENT - office supplies exp,Ikea,True,12%,TRUE,Office Supplies,0,5772.761255938775,1
TXN0003094,2024-11-13,6969.19,INR, card fig.ma inv/2411/094 tds - software exp* ref 4795,FIG.ma,True,18%,TRUE,Software,0,7261.624162093076,2
TXN0003095,2024-11-13,15741.18,INR, CARD BESCOM Pvt Ltd TAXINV/2411/095 ADV - utilities exp,BESCOM Pvt Ltd,True,18%,TRUE,Utilities,0,14381.32628184236,2
TXN0003096,2024-11-13,43897.9,INR,IMPS Hcl INV/2411/096 GST - it services exp,Hcl,True,18%,TRUE,IT Services,0,49514.48236234188,2
TXN0003097,2024-11-13,6725.44,INR,-neft ikea bill/2411/097 tds - office supplies exp,IKEA,True,12%,TRUE,Office Supplies,0,7426.045672464796,2
TXN0003098,2024-11-13,41856.83,INR,#card wipro pvt ltd inv/2411/098 fy24 - it services exp,WIPRO Pvt Ltd,True,18%,TRUE,IT Services,0,44299.3614688637,2
TXN0003099,2024-11-13,5809.28,INR, AUTO-DEBIT AIRTEL INDIA PVT LTD TAXINV/2411/099 RENT - utilities exp# ref 5482,AIRTEL INDIA PVT LTD,True,18%,TRUE,Utilities,0,5734.039804814115,2
TXN0003100,2024-11-13,38589.42,INR,RTGS TCS INDIA PVT LTD TAXINV/2411/100 TDS - it services exp,TCS INDIA PVT LTD,True,18%,TRUE,IT Services,0,40827.055632231364,2
TXN0003101,2024-11-13,5270.64,INR,imps ike.a inv/2411/101 gst - office supplies exp,IKE.a,True,12%,TRUE,Office Supplies,0,4898.062375546316,2
TXN0003102,2024-11-13,6276.36,INR,#RTGS IKEA Pvt Ltd TAXINV/2411/102 SUBS - office supplies exp,IKEA Pvt Ltd,True,12%,TRUE,Office Supplies,0,6813.337531605123,2
TXN0003103,2024-11-13,59004.38,INR,#IMPS AWFIS INDIA PVT LTD RCPT/2411/103 Q2 - rent exp,AWFIS INDIA PVT LTD,True,18%,TRUE,Rent,0,68737.03974914284,2
TXN0003104,2024-11-13,13456.65,INR,NEFT AIRTEL BILL/2411/104 GST - utilities exp,AIRTEL,True,18%,TRUE,Utilities,0,14897.333159194392,2
TXN0003105,2024-11-13,4183.85,INR,IMPS RAPIDO INDIA PVT LTD INV/2411/105 ADV - travel exp  ref 1959,RAPIDO INDIA PVT LTD,True,5%,FALSE,Travel,0,3878.595270669627,2
TXN0003106,2024-11-13,8713.64,INR, IMPS MICROSOFT Pvt Ltd RCPT/2411/106 Q1 - software exp,MICROSOFT Pvt Ltd,True,18%,TRUE,Software,0,9028.566039248359,2
TXN0003107,2024-11-13,7302.9,INR,#RTGS FIGMA RCPT/2411/107 Q2 - software exp,FIGMA,True,18%,TRUE,Software,0,6358.531662008497,2
TXN0003108,2024-11-13,5075.87,INR,imps staples rcpt/2411/108 subs - office supplies exp# ref 2906,STAPLES,True,12%,TRUE,Office Supplies,0,5366.407880878728,2
TXN0003109,2024-11-13,55490.88,INR,*rtgs indiqube inv/2411/109 gst - rent exp# ref 4200,Indiqube,True,18%,TRUE,Rent,0,57991.31799107455,2
TXN0003110,2024-11-14,10364.62,INR, neft canva india pvt ltd inv/2411/110 tds - software exp,CANVA INDIA PVT LTD,True,18%,TRUE,Software,0,23321.679769644485,3
TXN0003111,2024-11-14,2731.6,INR,-UPI SWI.ggy BILL/2411/111 RENT - meals exp* ref 7482,SWI.ggy,True,5%,FALSE,Meals,0,7776.846083444143,3
TXN0003112,2024-11-14,109272.86,INR,-auto-debit indiqube inv/2411/112 q1 - rent exp,Indiqube,True,18%,TRUE,Rent,0,428224.32361949654,3
TXN0003113,2024-11-14,73636.98,INR,AUTO-DEBIT Wework INV/2411/113 ADV - rent exp- ref 8712,Wework,True,18%,TRUE,Rent,0,191424.2021142589,3
TXN0003114,2024-11-14,10417.97,INR,RTGS KSEB INDIA PVT LTD INV/2411/114 ADV - utilities exp,KSEB INDIA PVT LTD,True,18%,TRUE,Utilities,0,34854.60945531175,3
TXN0003115,2024-11-14,1439.56,INR,UPI ZOMATO INV/2411/115 FY25 - meals exp,ZOMATO,True,5%,FALSE,Meals,0,6120.32812370419,3
TXN0003116,2024-11-14,6350.22,INR,!NEFT ROC FEES RCPT/2411/116 GST - exempt services exp,ROC FEES,False,exempt,FALSE,Exempt Services,0,14787.191415794656,3
TXN0003117,2024-11-14,22581.49,INR,!upi infy rcpt/2411/117 gst - it services exp,Infy,True,18%,TRUE,IT Services,0,77335.68114538435,3
TXN0003118,2024-11-14,98474.22,INR, card awfis pvt ltd rcpt/2411/118 q2 - rent exp,AWFIS Pvt Ltd,True,18%,TRUE,Rent,0,253909.04994876374,3
TXN0003119,2024-11-14,13428.41,INR,#RTGS AIRTEL INDIA PVT LTD RCPT/2411/119 TDS - utilities exp,AIRTEL INDIA PVT LTD,True,18%,TRUE,Utilities,0,61915.72939089188,3
TXN0003120,2024-11-14,3976.74,INR,!imps rapido bill/2411/120 q2 - travel exp,RAPIDO,True,5%,FALSE,Travel,0,11905.90386288039,3
TXN0003121,2024-11-14,2596.03,INR,#auto-debit dom.inos bill/2411/121 adv - meals exp,DOM.inos,True,5%,FALSE,Meals,0,11553.802548544827,3
TXN0003122,2024-11-15,91492.05,INR,imps awf.is rcpt/2411/122 tds - rent exp,AWF.is,True,18%,TRUE,Rent,0,85891.20938073253,4
TXN0003123,2024-11-15,41925.67,INR,AUTO-DEBIT TEC.hm TAXINV/2411/123 ADV - it services exp,TEC.hm,True,18%,TRUE,IT Services,0,43985.09104815338,4
TXN0003124,2024-11-15,90343.66,INR, / AUTO-DEBIT WEWORK INDIA PVT LTD RCPT/2411/124 FY24 - rent exp# ref 1145,WEWORK INDIA PVT LTD,True,18%,TRUE,Rent,0,87109.09154461275,4
TXN0003125,2024-11-15,5194.32,INR,#NEFT RAPIDO INDIA PVT LTD TAXINV/2411/125 Q2 - travel exp,RAPIDO INDIA PVT LTD,True,5%,FALSE,Travel,0,5121.912633265095,4
TXN0003126,2024-11-15,13570.95,INR, / RTGS JIOFIBER Pvt Ltd INV/2411/126 TDS - utilities exp,JIOFIBER Pvt Ltd,True,18%,TRUE,Utilities,0,14574.729593939794,4
TXN0003127,2024-11-15,79790.76,INR,!imps awfis pvt ltd taxinv/2411/127 subs - rent exp,AWFIS Pvt Ltd,True,18%,TRUE,Rent,0,64555.86266671666,4
TXN0003128,2024-11-15,3616.46,INR,UPI Dominos TAXINV/2411/128 FY24 - meals exp,Dominos,True,5%,FALSE,Meals,0,4093.2187625736683,4
TXN0003129,2024-11-15,8629.92,INR,#rtgs bescom bill/2411/129 adv - utilities exp,BESCOM,True,18%,TRUE,Utilities,0,8692.642711052027,4
TXN0003130,2024-11-15,86720.79,INR,-imps awfis pvt ltd rcpt/2411/130 rent - rent exp- ref 2325,AWFIS Pvt Ltd,True,18%,TRUE,Rent,0,83152.28894239834,4
TXN0003131,2024-11-15,8740.35,INR,!neft staples inv/2411/131 gst - office supplies exp,Staples,True,12%,TRUE,Office Supplies,0,8662.356226015056,4
TXN0003132,2024-11-15,17237.21,INR,CARD INFY INV/2411/132 FY25 - it services exp- ref 8393,INFY,True,18%,TRUE,IT Services,0,17172.448690265323,4
TXN0003133,2024-11-15,31588.79,INR, / CARD HCL INV/2411/133 Q1 - it services exp,HCL,True,18%,TRUE,IT Services,0,26120.134557775196,4
TXN0003134,2024-11-16,20686.7,INR,neft simplilearn pvt ltd inv/2411/134 q1 - training exp,SIMPLILEARN Pvt Ltd,True,18%,unknown,Training,0,19023.38709038855,5
TXN0003135,2024-11-16,6716.78,INR,neft staples inv/2411/135 rent - office supplies exp,STAPLES,True,12%,TRUE,Office Supplies,0,5395.630014425812,5
TXN0003136,2024-11-16,3457.86,INR,-imps dominos rcpt/2411/136 q1 - meals exp- ref 1373,Dominos,True,5%,FALSE,Meals,0,2888.8351477431015,5
TXN0003137,2024-11-16,7278.69,INR,rtgs fig.ma bill/2411/137 fy25 - software exp# ref 4325,FIG.ma,True,18%,TRUE,Software,0,6377.034863966366,5
TXN0003138,2024-11-16,5651.36,INR, / card indigo rcpt/2411/138 q1 - travel exp,Indigo,True,5%,FALSE,Travel,0,4059.4114667073613,5
TXN0003139,2024-11-16,18782.2,INR,upi coursera pvt ltd inv/2411/139 tds - training exp /  ref 5938,COURSERA Pvt Ltd,True,18%,unknown,Training,0,15737.187512164759,5
TXN0003140,2024-11-16,5246.45,INR,#imps uber taxinv/2411/140 fy24 - travel exp,UBER,True,5%,FALSE,Travel,0,4084.826751892322,5
TXN0003141,2024-11-16,33742.84,INR,neft hcl bill/2411/141 rent - it services exp,Hcl,True,18%,TRUE,IT Services,0,29280.06806278449,5
TXN0003142,2024-11-16,2906.32,INR,CARD ZOMATO INDIA PVT LTD INV/2411/142 RENT - meals exp* ref 9811,ZOMATO INDIA PVT LTD,True,5%,FALSE,Meals,0,1830.4637122947236,5
TXN0003143,2024-11-16,5323.68,INR,neft microsoft bill/2411/143 tds - software exp,MICROSOFT,True,18%,TRUE,Software,0,4216.740292455325,5
TXN0003144,2024-11-16,23260.33,INR,CARD INFY Pvt Ltd RCPT/2411/144 GST - it services exp,INFY Pvt Ltd,True,18%,TRUE,IT Services,0,17486.51940925189,5
TXN0003145,2024-11-16,44326.31,INR,#RTGS TCS RCPT/2411/145 ADV - it services exp,TCS,True,18%,TRUE,IT Services,0,36993.89772410594,5
TXN0003146,2024-11-16,10288.61,INR,RTGS JIO.fiber BILL/2411/146 Q2 - utilities exp,JIO.fiber,True,18%,TRUE,Utilities,0,8617.776106127869,5
TXN0003147,2024-11-16,39531.51,INR,#NEFT HCL TAXINV/2411/147 Q2 - it services exp* ref 5401,HCL,True,18%,TRUE,IT Services,0,29387.326389006736,5
TXN0003148,2024-11-17,76235.0,INR,*RTGS AWF.is BILL/2411/148 SUBS - rent exp,AWF.is,True,18%,TRUE,Rent,0,56644.594037163144,6
TXN0003149,2024-11-17,45560.97,INR,*imps infy pvt ltd inv/2411/149 fy24 - it services exp,INFY Pvt Ltd,True,18%,TRUE,IT Services,0,36045.41427704965,6
TXN0003150,2024-11-17,7767.48,INR,-RTGS CANVA INDIA PVT LTD RCPT/2411/150 Q1 - software exp* ref 7868,CANVA INDIA PVT LTD,True,18%,TRUE,Software,0,5656.811954573893,6
TXN0003151,2024-11-17,7537.09,INR,auto-debit microsoft india pvt ltd inv/2411/151 fy24 - software exp,MICROSOFT INDIA PVT LTD,True,18%,TRUE,Software,0,6537.360551292422,6
TXN0003152,2024-11-17,140869.83,INR,rtgs wework taxinv/2411/152 fy24 - rent exp,WEWORK,True,18%,TRUE,Rent,0,108535.05155505538,6
TXN0003153,2024-11-17,46555.83,INR,CARD TCS TAXINV/2411/153 Q1 - it services exp,TCS,True,18%,TRUE,IT Services,0,26417.684051940712,6
TXN0003154,2024-11-17,94712.36,INR,auto-debit indiqube bill/2411/154 subs - rent exp,INDIQUBE,True,18%,TRUE,Rent,0,72929.86547498361,6
TXN0003155,2024-11-17,6897.36,INR,card staples bill/2411/155 fy24 - office supplies exp,STAPLES,True,12%,TRUE,Office Supplies,0,4944.83115134909,6
TXN0003156,2024-11-17,8933.68,INR, AUTO-DEBIT Ikea RCPT/2411/156 RENT - office supplies exp,Ikea,True,12%,TRUE,Office Supplies,0,5981.08030983463,6
TXN0003157,2024-11-17,53123.03,INR, card wipro taxinv/2411/157 gst - it services exp,WIPRO,True,18%,TRUE,IT Services,0,37239.55580599225,6
TXN0003158,2024-11-17,3299.68,INR, auto-debit ikea rcpt/2411/158 subs - office supplies exp,Ikea,True,12%,TRUE,Office Supplies,0,2668.6250357070253,6
TXN0003159,2024-11-17,94034.11,INR, NEFT AWF.is BILL/2411/159 TDS - rent exp,AWF.is,True,18%,TRUE,Rent,0,85222.29262351884,6
TXN0003160,2024-11-17,7819.37,INR,!neft staples taxinv/2411/160 fy24 - office supplies exp,STAPLES,True,12%,TRUE,Office Supplies,0,6451.408422352449,6
TXN0003161,2024-11-17,10871.32,INR,#neft canva rcpt/2411/161 fy25 - software exp,CANVA,True,18%,TRUE,Software,0,8169.576606849797,6
TXN0003162,2024-11-17,2596.15,INR,card govt fees bill/2411/162 fy24 - exempt services exp,Govt Fees,False,exempt,FALSE,Exempt Services,0,2171.607654103394,6
TXN0003163,2024-11-17,9502.8,INR,NEFT KSEB TAXINV/2411/163 GST - utilities exp,KSEB,True,18%,TRUE,Utilities,0,7253.228528004078,6
TXN0003164,2024-11-17,10414.22,INR,auto-debit airtel inv/2411/164 subs - utilities exp,AIRTEL,True,18%,TRUE,Utilities,0,7752.678315476303,6
TXN0003165,2024-11-17,75988.59,INR,NEFT WEW.ork BILL/2411/165 GST - rent exp /  ref 3132,WEW.ork,True,18%,TRUE,Rent,0,53773.400679387014,6
TXN0003166,2024-11-17,135729.96,INR,neft wework taxinv/2411/166 fy24 - rent exp,Wework,True,18%,TRUE,Rent,0,89561.91569061931,6
TXN0003167,2024-11-18,20610.47,INR, / imps tcs bill/2411/167 fy25 - it services exp,TCS,True,18%,TRUE,IT Services,0,19806.818914366777,0
TXN0003168,2024-11-18,10685.22,INR,#IMPS ADOBE TAXINV/2411/168 Q2 - software exp,ADOBE,True,18%,TRUE,Software,0,10854.103631156438,0
TXN0003169,2024-11-18,6880.6,INR,-auto-debit microsoft inv/2411/169 subs - software exp,Microsoft,True,18%,TRUE,Software,0,6814.117117609556,0
TXN0003170,2024-11-18,115823.99,INR,CARD AWFIS INDIA PVT LTD RCPT/2411/170 Q2 - rent exp,AWFIS INDIA PVT LTD,True,18%,TRUE,Rent,0,111006.09506970944,0
TXN0003171,2024-11-18,8091.86,INR,neft figma pvt ltd inv/2411/171 gst - software exp,FIGMA Pvt Ltd,True,18%,TRUE,Software,0,7326.575528129014,0
TXN0003172,2024-11-18,2205.2,INR,AUTO-DEBIT STAMP DUTY INV/2411/172 ADV - exempt services exp,STAMP DUTY,False,exempt,FALSE,Exempt Services,0,2339.330450190369,0
TXN0003173,2024-11-18,5484.97,INR,auto-debit canva bill/2411/173 fy25 - software exp /  ref 8420,CANVA,True,18%,TRUE,Software,0,4762.527093305059,0
TXN0003174,2024-11-18,5390.24,INR,-auto-debit rap.ido bill/2411/174 q1 - travel exp,RAP.ido,True,5%,FALSE,Travel,0,5808.537670231565,0
TXN0003175,2024-11-18,27615.42,INR,-AUTO-DEBIT JIOFIBER INDIA PVT LTD BILL/2411/175 FY24 - utilities exp- ref 7050,JIOFIBER INDIA PVT LTD,True,18%,TRUE,Utilities,0,24847.755609119053,0
TXN0003176,2024-11-18,46429.35,INR,auto-debit techm taxinv/2411/176 fy24 - it services exp! ref 2695,TECHM,True,18%,TRUE,IT Services,0,42935.842101260285,0
TXN0003177,2024-11-18,12503.31,INR, NEFT JIOFIBER Pvt Ltd RCPT/2411/177 Q1 - utilities exp,JIOFIBER Pvt Ltd,True,18%,TRUE,Utilities,0,10669.34300583231,0
TXN0003178,2024-11-18,35358.75,INR,rtgs hcl rcpt/2411/178 q2 - it services exp  ref 3344,Hcl,True,18%,TRUE,IT Services,0,33585.85468388075,0
TXN0003179,2024-11-18,6730.94,INR,IMPS FIGMA BILL/2411/179 Q2 - software exp,FIGMA,True,18%,TRUE,Software,0,7387.416963926777,0
TXN0003180,2024-11-18,13368.51,INR,neft airtel taxinv/2411/180 adv - utilities exp,AIRTEL,True,18%,TRUE,Utilities,0,14057.827925664391,0
TXN0003181,2024-11-18,24439.57,INR, UPI WIPRO TAXINV/2411/181 TDS - it services exp,WIPRO,True,18%,TRUE,IT Services,0,26830.7915696457,0
TXN0003182,2024-11-18,3061.14,INR, rtgs dominos bill/2411/182 subs - meals exp,DOMINOS,True,5%,FALSE,Meals,0,3220.975143306021,0
TXN0003183,2024-11-18,23621.58,INR,RTGS COURSERA INDIA PVT LTD TAXINV/2411/183 Q2 - training exp! ref 9914,COURSERA INDIA PVT LTD,True,18%,unknown,Training,0,21014.53748517836,0
TXN0003184,2024-11-18,8300.16,INR,*rtgs ado.be bill/2411/184 subs - software exp,ADO.be,True,18%,TRUE,Software,0,8025.599651180538,0
TXN0003185,2024-11-18,35764.14,INR,*neft wipro india pvt ltd rcpt/2411/185 q2 - it services exp* ref 3728,WIPRO INDIA PVT LTD,True,18%,TRUE,IT Services,0,32973.8249118365,0
TXN0003186,2024-11-18,251013.36,INR,*RTGS INFY Pvt Ltd RCPT/2411/186 GST - it services exp  ref 9763,INFY Pvt Ltd,True,18%,TRUE,IT Services,1,284412.5677394517,0
TXN0003187,2024-11-19,7179.66,INR,neft canva bill/2411/187 adv - software exp,CANVA,True,18%,TRUE,Software,0,6320.406442679886,1
TXN0003188,2024-11-19,16384.27,INR,AUTO-DEBIT SIMPLILEARN BILL/2411/188 Q1 - training exp /  ref 4302,SIMPLILEARN,True,18%,unknown,Training,0,17848.52842413273,1
TXN0003189,2024-11-19,6946.8,INR,imps staples pvt ltd bill/2411/189 subs - office supplies exp,STAPLES Pvt Ltd,True,12%,TRUE,Office Supplies,0,7567.11719448716,1
TXN0003190,2024-11-19,5278.67,INR,CARD IKEA TAXINV/2411/190 FY25 - office supplies exp# ref 5832,IKEA,True,12%,TRUE,Office Supplies,0,6244.4661270192655,1
TXN0003191,2024-11-19,5546.97,INR,imps ikea inv/2411/191 q1 - office supplies exp,IKEA,True,12%,TRUE,Office Supplies,0,5319.718076128196,1
TXN0003192,2024-11-19,4254.55,INR,UPI ZOM.ato TAXINV/2411/192 GST - meals exp  ref 1511,ZOM.ato,True,5%,FALSE,Meals,0,4557.611024404177,1
TXN0003193,2024-11-19,32371.94,INR,*upi hcl india pvt ltd bill/2411/193 tds - it services exp,HCL INDIA PVT LTD,True,18%,TRUE,IT Services,0,39758.08963533252,1
TXN0003194,2024-11-19,17470.07,INR,neft kse.b bill/2411/194 subs - utilities exp,KSE.b,True,18%,TRUE,Utilities,0,16391.045666905095,1
TXN0003195,2024-11-19,47437.26,INR,AUTO-DEBIT WIPRO INDIA PVT LTD INV/2411/195 FY25 - it services exp,WIPRO INDIA PVT LTD,True,18%,TRUE,IT Services,0,40155.44966673431,1
TXN0003196,2024-11-20,2758.17,INR, rtgs kfc india pvt ltd bill/2411/196 rent - meals exp,KFC INDIA PVT LTD,True,5%,FALSE,Meals,0,2239.631272477662,2
TXN0003197,2024-11-20,4293.43,INR, CARD ZOM.ato RCPT/2411/197 Q2 - meals exp* ref 1759,ZOM.ato,True,5%,FALSE,Meals,0,4599.427920607411,2
TXN0003198,2024-11-20,67142.76,INR,*RTGS AWFIS TAXINV/2411/198 GST - rent exp- ref 3235,AWFIS,True,18%,TRUE,Rent,0,54498.76975363724,2
TXN0003199,2024-11-20,7558.51,INR,RTGS MIC.rosoft BILL/2411/199 FY25 - software exp,MIC.rosoft,True,18%,TRUE,Software,0,7277.0922715178185,2
TXN0003200,2024-11-20,2355.99,INR,*AUTO-DEBIT Swiggy TAXINV/2411/200 SUBS - meals exp  ref 2838,Swiggy,True,5%,FALSE,Meals,0,2459.020549553192,2
TXN0003201,2024-11-20,6468.36,INR,!RTGS STAPLES TAXINV/2411/201 Q1 - office supplies exp# ref 3468,STAPLES,True,12%,TRUE,Office Supplies,0,6588.138203540913,2
TXN0003202,2024-11-20,6215.45,INR, UPI INDIGO BILL/2411/202 Q1 - travel exp- ref 2985,INDIGO,True,5%,FALSE,Travel,0,6479.883128109352,2
TXN0003203,2024-11-20,19739.43,INR, RTGS WIPRO Pvt Ltd RCPT/2411/203 FY25 - it services exp! ref 4007,WIPRO Pvt Ltd,True,18%,TRUE,IT Services,0,20178.217504829106,2
TXN0003204,2024-11-20,124777.91,INR, / card wework india pvt ltd bill/2411/204 q2 - rent exp,WEWORK INDIA PVT LTD,True,18%,TRUE,Rent,0,140735.33033556954,2
TXN0003205,2024-11-20,112264.66,INR, NEFT AWFIS BILL/2411/205 RENT - rent exp,AWFIS,True,18%,TRUE,Rent,0,101573.51253039285,2
TXN0003206,2024-11-21,4189.41,INR,!UPI SWI.ggy RCPT/2411/206 Q2 - meals exp,SWI.ggy,True,5%,FALSE,Meals,0,3905.7889796990444,3
TXN0003207,2024-11-21,11228.59,INR,!UPI KSEB INDIA PVT LTD INV/2411/207 SUBS - utilities exp,KSEB INDIA PVT LTD,True,18%,TRUE,Utilities,0,10361.002387942648,3
TXN0003208,2024-11-21,2648.77,INR,-RTGS Dominos RCPT/2411/208 GST - meals exp,Dominos,True,5%,FALSE,Meals,0,2868.668716550733,3
TXN0003209,2024-11-21,6413.53,INR,!CARD AIRTEL TAXINV/2411/209 FY25 - utilities exp,AIRTEL,True,18%,TRUE,Utilities,0,6991.003335862939,3
TXN0003210,2024-11-21,32474.61,INR,#RTGS Wipro RCPT/2411/210 Q2 - it services exp,Wipro,True,18%,TRUE,IT Services,0,33939.946626699406,3
TXN0003211,2024-11-21,25958.87,INR,card coursera rcpt/2411/211 tds - training exp,COURSERA,True,18%,unknown,Training,0,29031.085824461894,3
TXN0003212,2024-11-21,20542.95,INR,RTGS TCS Pvt Ltd BILL/2411/212 RENT - it services exp,TCS Pvt Ltd,True,18%,TRUE,IT Services,0,18122.90653635304,3
TXN0003213,2024-11-21,4790.89,INR,upi staples inv/2411/213 tds - office supplies exp,Staples,True,12%,TRUE,Office Supplies,0,5589.638732378923,3
TXN0003214,2024-11-21,6384.55,INR,UPI IKEA Pvt Ltd INV/2411/214 Q1 - office supplies exp,IKEA Pvt Ltd,True,12%,TRUE,Office Supplies,0,7357.069314225301,3
TXN0003215,2024-11-21,4168.84,INR, upi office depot inv/2411/215 adv - office supplies exp,OFFICE DEPOT,True,12%,TRUE,Office Supplies,0,4475.509040699795,3
TXN0003216,2024-11-22,33936.65,INR, neft tcs india pvt ltd taxinv/2411/216 q1 - it services exp  ref 5784,TCS INDIA PVT LTD,True,18%,TRUE,IT Services,0,39983.47859373454,4
TXN0003217,2024-11-22,4627.49,INR, card ado.be bill/2411/217 q2 - software exp,ADO.be,True,18%,TRUE,Software,0,3860.8892672703173,4
TXN0003218,2024-11-22,34494.34,INR,#CARD INF.y RCPT/2411/218 SUBS - it services exp! ref 4937,INF.y,True,18%,TRUE,IT Services,0,32685.290767538972,4
TXN0003219,2024-11-22,4955.18,INR,*AUTO-DEBIT IKEA RCPT/2411/219 FY25 - office supplies exp# ref 1363,IKEA,True,12%,TRUE,Office Supplies,0,4590.823899769801,4
TXN0003220,2024-11-22,4298.32,INR, NEFT RAPIDO Pvt Ltd RCPT/2411/220 FY24 - travel exp* ref 9496,RAPIDO Pvt Ltd,True,5%,FALSE,Travel,0,4608.434900689266,4
TXN0003221,2024-11-22,84330.21,INR,CARD AWFIS TAXINV/2411/221 Q2 - rent exp! ref 2494,AWFIS,True,18%,TRUE,Rent,0,75474.35108997958,4
TXN0003222,2024-11-23,96831.26,INR,upi awfis inv/2411/222 rent - rent exp,Awfis,True,18%,TRUE,Rent,0,83332.94478033896,5
TXN0003223,2024-11-23,4510.98,INR,*RTGS RAPIDO INDIA PVT LTD INV/2411/223 Q2 - travel exp,RAPIDO INDIA PVT LTD,True,5%,FALSE,Travel,0,4103.380890787704,5
TXN0003224,2024-11-23,9618.18,INR,UPI FIGMA RCPT/2411/224 Q1 - software exp,FIGMA,True,18%,TRUE,Software,0,8229.470930362395,5
TXN0003225,2024-11-23,5345.53,INR,-UPI IKEA TAXINV/2411/225 ADV - office supplies exp! ref 5440,IKEA,True,12%,TRUE,Office Supplies,0,4397.767968761061,5
TXN0003226,2024-11-23,42210.07,INR,auto-debit tcs pvt ltd rcpt/2411/226 tds - it services exp,TCS Pvt Ltd,True,18%,TRUE,IT Services,0,30432.199770355644,5
TXN0003227,2024-11-23,41426.82,INR, AUTO-DEBIT WEWORK Pvt Ltd TAXINV/2411/227 TDS - rent exp,WEWORK Pvt Ltd,True,18%,TRUE,Rent,0,30334.868596759876,5
TXN0003228,2024-11-23,7486.89,INR, / neft uber india pvt ltd rcpt/2411/228 fy24 - travel exp* ref 8685,UBER INDIA PVT LTD,True,5%,FALSE,Travel,0,6737.972742870126,5
TXN0003229,2024-11-23,4325.23,INR,*rtgs dom.inos inv/2411/229 fy24 - meals exp,DOM.inos,True,5%,FALSE,Meals,0,3729.8530953729164,5
TXN0003230,2024-11-23,8588.85,INR,*RTGS KSEB BILL/2411/230 ADV - utilities exp,KSEB,True,18%,TRUE,Utilities,0,6844.269376079535,5
TXN0003231,2024-11-23,90563.35,INR,IMPS IND.iqube INV/2411/231 GST - rent exp* ref 4310,IND.iqube,True,18%,TRUE,Rent,0,69422.89692307702,5
TXN0003232,2024-11-23,10738.03,INR,RTGS MICROSOFT INV/2411/232 Q1 - software exp! ref 1399,MICROSOFT,True,18%,TRUE,Software,0,6850.169142743507,5
TXN0003233,2024-11-23,5547.1,INR, neft uber pvt ltd inv/2411/233 subs - travel exp! ref 7778,UBER Pvt Ltd,True,5%,FALSE,Travel,0,3962.469963865244,5
TXN0003234,2024-11-23,16229.53,INR,!NEFT WIP.ro RCPT/2411/234 Q1 - it services exp- ref 6022,WIP.ro,True,18%,TRUE,IT Services,0,15465.33867338454,5
TXN0003235,2024-11-23,6463.17,INR,RTGS FIGMA INV/2411/235 Q1 - software exp* ref 1187,FIGMA,True,18%,TRUE,Software,0,4508.471837373119,5
TXN0003236,2024-11-23,37967.97,INR,CARD TECHM INV/2411/236 SUBS - it services exp,TECHM,True,18%,TRUE,IT Services,0,30949.90913341819,5
TXN0003237,2024-11-23,33529.62,INR,IMPS WIPRO Pvt Ltd BILL/2411/237 RENT - it services exp,WIPRO Pvt Ltd,True,18%,TRUE,IT Services,0,29526.03308740202,5
TXN0003238,2024-11-23,36376.69,INR,AUTO-DEBIT WIP.ro BILL/2411/238 GST - it services exp,WIP.ro,True,18%,TRUE,IT Services,0,25449.357370568614,5
TXN0003239,2024-11-23,7701.44,INR,neft ikea bill/2411/239 gst - office supplies exp  ref 9703,Ikea,True,12%,TRUE,Office Supplies,0,6274.954931111842,5
TXN0003240,2024-11-23,34999.43,INR,-IMPS TCS Pvt Ltd TAXINV/2411/240 Q2 - it services exp,TCS Pvt Ltd,True,18%,TRUE,IT Services,0,30625.664736081322,5
TXN0003241,2024-11-24,2657.09,INR,#RTGS GOVT FEES Pvt Ltd RCPT/2411/241 GST - exempt services exp,GOVT FEES Pvt Ltd,False,exempt,FALSE,Exempt Services,0,2128.3289458597233,6
TXN0003242,2024-11-24,36895.51,INR,UPI WIP.ro BILL/2411/242 SUBS - it services exp,WIP.ro,True,18%,TRUE,IT Services,0,37982.90348995071,6
TXN0003243,2024-11-24,29511.66,INR,neft inf.y rcpt/2411/243 adv - it services exp,INF.y,True,18%,TRUE,IT Services,0,19669.87727965878,6
TXN0003244,2024-11-24,72935.26,INR, card awfis india pvt ltd bill/2411/244 rent - rent exp,AWFIS INDIA PVT LTD,True,18%,TRUE,Rent,0,64525.69924771987,6
TXN0003245,2024-11-24,4227.02,INR,*RTGS STA.mp duty BILL/2411/245 SUBS - exempt services exp,STA.mp duty,False,exempt,FALSE,Exempt Services,0,3323.181087999232,6
TXN0003246,2024-11-24,85432.23,INR,neft wew.ork bill/2411/246 adv - rent exp  ref 4266,WEW.ork,True,18%,TRUE,Rent,0,73621.5328167714,6
TXN0003247,2024-11-24,4965.07,INR,-rtgs indigo pvt ltd taxinv/2411/247 adv - travel exp,INDIGO Pvt Ltd,True,5%,FALSE,Travel,0,4147.34567197499,6
TXN0003248,2024-11-24,7124.69,INR, rtgs bescom taxinv/2411/248 gst - utilities exp,Bescom,True,18%,TRUE,Utilities,0,5281.87114992099,6
TXN0003249,2024-11-25,32588.93,INR,card tcs india pvt ltd rcpt/2411/249 rent - it services exp,TCS INDIA PVT LTD,True,18%,TRUE,IT Services,0,33335.204740411,0
TXN0003250,2024-11-25,5791.77,INR,CARD IKE.a INV/2411/250 SUBS - office supplies exp,IKE.a,True,12%,TRUE,Office Supplies,0,4715.716211083494,0
TXN0003251,2024-11-25,3986.42,INR, / auto-debit ola bill/2411/251 subs - travel exp# ref 7989,OLA,True,5%,FALSE,Travel,0,4226.899790122781,0
TXN0003252,2024-11-25,10300.78,INR,!IMPS JIOFIBER INDIA PVT LTD RCPT/2411/252 SUBS - utilities exp,JIOFIBER INDIA PVT LTD,True,18%,TRUE,Utilities,0,10607.906476330589,0
TXN0003253,2024-11-25,13331.09,INR,AUTO-DEBIT JIOFIBER TAXINV/2411/253 Q1 - utilities exp,JIOFIBER,True,18%,TRUE,Utilities,0,14182.493618759636,0
TXN0003254,2024-11-25,5063.3,INR,*CARD OLA TAXINV/2411/254 GST - travel exp,OLA,True,5%,FALSE,Travel,0,5599.0570515413765,0
TXN0003255,2024-11-25,29079.53,INR,NEFT HCL RCPT/2411/255 RENT - it services exp /  ref 1816,HCL,True,18%,TRUE,IT Services,0,30148.55121719735,0
TXN0003256,2024-11-25,2010.56,INR,IMPS ZOMATO RCPT/2411/256 FY25 - meals exp,ZOMATO,True,5%,FALSE,Meals,0,2040.334266386962,0
TXN0003257,2024-11-25,5938.69,INR,#auto-debit office depot india pvt ltd bill/2411/257 fy24 - office supplies exp,OFFICE DEPOT INDIA PVT LTD,True,12%,TRUE,Office Supplies,0,5415.4508279752945,0
TXN0003258,2024-11-25,54809.5,INR,#imps wework bill/2411/258 tds - rent exp,WEWORK,True,18%,TRUE,Rent,0,50905.853605477736,0
TXN0003259,2024-11-25,79720.22,INR,*RTGS WEWORK RCPT/2411/259 RENT - rent exp,WEWORK,True,18%,TRUE,Rent,0,89180.89450021533,0
TXN0003260,2024-11-25,3686.66,INR,*IMPS RAP.ido RCPT/2411/260 GST - travel exp,RAP.ido,True,5%,FALSE,Travel,0,4216.188028680001,0
TXN0003261,2024-11-25,9825.33,INR,#UPI JIOFIBER INDIA PVT LTD RCPT/2411/261 TDS - utilities exp /  ref 3577,JIOFIBER INDIA PVT LTD,True,18%,TRUE,Utilities,0,9591.378638679009,0
TXN0003262,2024-11-25,5832.18,INR, upi indigo india pvt ltd rcpt/2411/262 fy24 - travel exp,INDIGO INDIA PVT LTD,True,5%,FALSE,Travel,0,5859.0096302475595,0
TXN0003263,2024-11-25,52943.39,INR,UPI Infy TAXINV/2411/263 Q2 - it services exp,Infy,True,18%,TRUE,IT Services,0,48154.05483450988,0
TXN0003264,2024-11-25,80962.11,INR,card wework taxinv/2411/264 q1 - rent exp,WEWORK,True,18%,TRUE,Rent,0,90456.99687097958,0
TXN0003265,2024-11-26,3692.37,INR,AUTO-DEBIT STAMP DUTY INDIA PVT LTD INV/2411/265 TDS - exempt services exp,STAMP DUTY INDIA PVT LTD,False,exempt,FALSE,Exempt Services,0,3938.0665117294807,1
TXN0003266,2024-11-26,43777.21,INR,#rtgs awfis rcpt/2411/266 q2 - rent exp /  ref 7813,AWFIS,True,18%,TRUE,Rent,0,52275.31833717352,1
TXN0003267,2024-11-26,9028.24,INR,imps airtel pvt ltd bill/2411/267 tds - utilities exp,AIRTEL Pvt Ltd,True,18%,TRUE,Utilities,0,8235.26884616828,1
TXN0003268,2024-11-26,10341.12,INR,#card ikea rcpt/2411/268 tds - office supplies exp  ref 6802,IKEA,True,12%,TRUE,Office Supplies,0,9950.217495530474,1
TXN0003269,2024-11-26,10190.54,INR,NEFT JIOFIBER INDIA PVT LTD RCPT/2411/269 GST - utilities exp,JIOFIBER INDIA PVT LTD,True,18%,TRUE,Utilities,0,10426.395893133376,1
TXN0003270,2024-11-26,5323.39,INR,-UPI Office Depot BILL/2411/270 RENT - office supplies exp,Office Depot,True,12%,TRUE,Office Supplies,0,5667.541594023399,1
TXN0003271,2024-11-26,4182.02,INR,rtgs staples pvt ltd rcpt/2411/271 fy24 - office supplies exp,STAPLES Pvt Ltd,True,12%,TRUE,Office Supplies,0,4091.8273626423056,1
TXN0003272,2024-11-26,50149.76,INR,CARD STAPLES INV/2411/272 RENT - office supplies exp,STAPLES,True,12%,TRUE,Office Supplies,1,45771.881082440865,1
TXN0003273,2024-11-26,33225.21,INR,!auto-debit techm taxinv/2411/273 fy25 - it services exp,TECHM,True,18%,TRUE,IT Services,0,36153.70502440667,1
TXN0003274,2024-11-26,7365.08,INR,#AUTO-DEBIT OLA RCPT/2411/274 Q1 - travel exp,OLA,True,5%,FALSE,Travel,0,7896.201963597721,1
TXN0003275,2024-11-26,170754.94,INR,#card indiqube pvt ltd bill/2411/275 q1 - rent exp,INDIQUBE Pvt Ltd,True,18%,TRUE,Rent,0,155109.10709346872,1
TXN0003276,2024-11-26,12532.69,INR, imps canva taxinv/2411/276 fy25 - software exp,CANVA,True,18%,TRUE,Software,0,14231.424443898684,1
TXN0003277,2024-11-26,33111.86,INR,#upi hcl bill/2411/277 fy24 - it services exp,HCL,True,18%,TRUE,IT Services,0,36986.605583109864,1
TXN0003278,2024-11-26,2697.04,INR,-NEFT KFC Pvt Ltd TAXINV/2411/278 GST - meals exp* ref 5921,KFC Pvt Ltd,True,5%,FALSE,Meals,0,2733.2603024937184,1
TXN0003279,2024-11-26,3865.58,INR,AUTO-DEBIT IKEA INDIA PVT LTD TAXINV/2411/279 RENT - office supplies exp /  ref 9590,IKEA INDIA PVT LTD,True,12%,TRUE,Office Supplies,0,3896.3491904843563,1
TXN0003280,2024-11-26,2277.74,INR,card dom.inos inv/2411/280 q2 - meals exp,DOM.inos,True,5%,FALSE,Meals,0,2403.9399547581547,1
TXN0003281,2024-11-26,18015.6,INR,auto-debit techm inv/2411/281 rent - it services exp,TECHM,True,18%,TRUE,IT Services,0,16463.190216749135,1
TXN0003282,2024-11-26,7552.53,INR,*rtgs office depot pvt ltd taxinv/2411/282 q1 - office supplies exp,OFFICE DEPOT Pvt Ltd,True,5%,TRUE,Office Supplies,1,7575.211364733111,1
TXN0003283,2024-11-26,10151.95,INR,AUTO-DEBIT BESCOM INV/2411/283 Q1 - utilities exp,BESCOM,True,18%,TRUE,Utilities,0,7966.860987430484,1
TXN0003284,2024-11-26,48569.36,INR,#auto-debit office depot pvt ltd bill/2411/284 subs - office supplies exp /  ref 9334,OFFICE DEPOT Pvt Ltd,True,12%,TRUE,Office Supplies,1,52826.248977046445,1
TXN0003285,2024-11-26,10048.7,INR,*RTGS Canva BILL/2411/285 SUBS - software exp,Canva,True,18%,TRUE,Software,0,8479.60230556485,1
TXN0003286,2024-11-26,19306.59,INR,neft coursera inv/2411/286 q2 - training exp,COURSERA,True,18%,unknown,Training,0,22209.181022534904,1
TXN0003287,2024-11-26,14271.08,INR,#rtgs simplilearn india pvt ltd taxinv/2411/287 adv - training exp! ref 3728,SIMPLILEARN INDIA PVT LTD,True,18%,unknown,Training,0,13799.962972939726,1
TXN0003288,2024-11-26,86076.6,INR,neft infy pvt ltd rcpt/2411/288 subs - it services exp,INFY Pvt Ltd,True,18%,TRUE,IT Services,0,84254.64258631029,1
TXN0003289,2024-11-26,5166.44,INR,rtgs roc fees rcpt/2411/289 fy24 - exempt services exp# ref 9851,Roc Fees,False,exempt,FALSE,Exempt Services,0,4842.125043824876,1
TXN0003290,2024-11-26,319969.2,INR,upi hcl pvt ltd inv/2411/290 fy25 - it services exp- ref 4367,HCL Pvt Ltd,True,18%,TRUE,IT Services,1,310752.8431942253,1
TXN0003291,2024-11-26,12067.93,INR,card figma india pvt ltd inv/2411/291 gst - software exp,FIGMA INDIA PVT LTD,True,18%,TRUE,Software,0,13779.803697605235,1
TXN0003292,2024-11-27,3264.6,INR,*NEFT Kfc TAXINV/2411/292 FY24 - meals exp,Kfc,True,5%,FALSE,Meals,0,2452.4299859875578,2
TXN0003293,2024-11-27,5052.35,INR,rtgs ind.igo rcpt/2411/293 fy24 - travel exp,IND.igo,True,5%,FALSE,Travel,0,5697.517606840265,2
TXN0003294,2024-11-27,2139.6,INR,#NEFT ZOM.ato BILL/2411/294 FY25 - meals exp,ZOM.ato,True,5%,FALSE,Meals,0,2211.9235040165213,2
TXN0003295,2024-11-27,6769.07,INR,upi office depot pvt ltd inv/2411/295 fy25 - office supplies exp,OFFICE DEPOT Pvt Ltd,True,12%,TRUE,Office Supplies,0,5952.028597413915,2
TXN0003296,2024-11-27,12816.36,INR,rtgs figma pvt ltd inv/2411/296 fy25 - software exp,FIGMA Pvt Ltd,True,18%,TRUE,Software,0,11438.200925821948,2
TXN0003297,2024-11-27,3557.65,INR, / imps ola rcpt/2411/297 q2 - travel exp,OLA,True,5%,FALSE,Travel,0,4154.051965324727,2
TXN0003298,2024-11-27,41616.84,INR,#RTGS HCL INV/2411/298 GST - it services exp,HCL,True,18%,TRUE,IT Services,0,37681.93914585241,2
TXN0003299,2024-11-27,8682.59,INR,CARD FIGMA BILL/2411/299 TDS - software exp  ref 4695,FIGMA,True,18%,TRUE,Software,0,7681.183039020463,2
TXN0003300,2024-11-27,10877.77,INR,RTGS KSEB RCPT/2411/300 TDS - utilities exp- ref 4157,KSEB,True,18%,TRUE,Utilities,0,12114.914600949878,2
TXN0003301,2024-11-27,108038.29,INR, upi awfis bill/2411/301 q1 - rent exp# ref 5324,AWFIS,True,18%,TRUE,Rent,0,111695.95738285116,2
TXN0003302,2024-11-28,43997.2,INR, / card techm pvt ltd rcpt/2411/302 tds - it services exp,TECHM Pvt Ltd,True,18%,TRUE,IT Services,0,39870.59008240127,3
TXN0003303,2024-11-28,26431.92,INR,RTGS INFY INV/2411/303 GST - it services exp  ref 4238,INFY,True,18%,TRUE,IT Services,0,27004.50140198968,3
TXN0003304,2024-11-28,40771.07,INR,NEFT INF.y TAXINV/2411/304 RENT - it services exp,INF.y,True,18%,TRUE,IT Services,0,36588.96655326144,3
TXN0003305,2024-11-28,22602.35,INR, / RTGS SIMPLILEARN INDIA PVT LTD INV/2411/305 SUBS - training exp,SIMPLILEARN INDIA PVT LTD,True,18%,unknown,Training,0,25090.465053463715,3
TXN0003306,2024-11-28,105114.59,INR,neft awfis india pvt ltd rcpt/2411/306 gst - rent exp,AWFIS INDIA PVT LTD,True,18%,TRUE,Rent,0,116271.14738105438,3
TXN0003307,2024-11-28,3755.83,INR,IMPS ROC FEES RCPT/2411/307 RENT - exempt services exp,ROC FEES,False,exempt,FALSE,Exempt Services,0,3955.642484172142,3
TXN0003308,2024-11-28,24320.29,INR,imps tcs pvt ltd rcpt/2411/308 subs - it services exp,TCS Pvt Ltd,True,18%,TRUE,IT Services,0,25199.86018912352,3
TXN0003309,2024-11-28,100592.96,INR,auto-debit awfis taxinv/2411/309 q1 - rent exp- ref 8193,Awfis,True,18%,TRUE,Rent,0,118309.27265972589,3
TXN0003310,2024-11-28,5683.47,INR,!IMPS FIG.ma TAXINV/2411/310 SUBS - software exp,FIG.ma,True,18%,TRUE,Software,0,5683.291725112116,3
TXN0003311,2024-11-28,8264.26,INR,-auto-debit office depot inv/2411/311 q2 - office supplies exp,OFFICE DEPOT,True,12%,TRUE,Office Supplies,0,7287.528494024989,3
TXN0003312,2024-11-28,3913.76,INR, auto-debit roc fees india pvt ltd taxinv/2411/312 subs - exempt services exp,ROC FEES INDIA PVT LTD,False,exempt,FALSE,Exempt Services,0,4089.6733021086575,3
TXN0003313,2024-11-28,54810.71,INR,RTGS INFY INDIA PVT LTD RCPT/2411/313 Q2 - it services exp,INFY INDIA PVT LTD,True,18%,TRUE,IT Services,0,66244.48198785343,3
TXN0003314,2024-11-28,8167.37,INR, / NEFT OLA TAXINV/2411/314 FY24 - travel exp  ref 5445,OLA,True,5%,FALSE,Travel,0,7338.578375813866,3
TXN0003315,2024-11-28,6702.15,INR, / IMPS STAPLES Pvt Ltd INV/2411/315 Q2 - office supplies exp,STAPLES Pvt Ltd,True,12%,TRUE,Office Supplies,0,6459.892231820189,3
TXN0003316,2024-11-28,98451.71,INR,!AUTO-DEBIT AWF.is RCPT/2411/316 SUBS - rent exp! ref 6308,AWF.is,True,18%,TRUE,Rent,0,102551.69245738132,3
TXN0003317,2024-11-29,3307.12,INR,!imps roc fees taxinv/2411/317 fy25 - exempt services exp,Roc Fees,False,exempt,FALSE,Exempt Services,0,3289.293019575614,4
TXN0003318,2024-11-29,24359.85,INR,CARD TCS RCPT/2411/318 TDS - it services exp,TCS,True,18%,TRUE,IT Services,0,21966.973212754565,4
TXN0003319,2024-11-29,115527.33,INR,IMPS WEW.ork BILL/2411/319 FY25 - rent exp,WEW.ork,True,18%,TRUE,Rent,0,128487.85427698301,4
TXN0003320,2024-11-29,7434.29,INR,RTGS Canva TAXINV/2411/320 TDS - software exp- ref 5506,Canva,True,18%,TRUE,Software,0,9159.07555392857,4
TXN0003321,2024-11-29,3512.25,INR,neft ike.a inv/2411/321 rent - office supplies exp,IKE.a,True,12%,TRUE,Office Supplies,0,3581.136271695672,4
TXN0003322,2024-11-29,9783.79,INR,*neft kseb pvt ltd bill/2411/322 fy24 - utilities exp,KSEB Pvt Ltd,True,18%,TRUE,Utilities,0,8899.268570756383,4
TXN0003323,2024-11-29,29832.94,INR, / auto-debit wipro bill/2411/323 q2 - it services exp,Wipro,True,18%,TRUE,IT Services,0,25211.935359371117,4
TXN0003324,2024-11-29,104604.25,INR,imps hcl india pvt ltd rcpt/2411/324 fy25 - it services exp,HCL INDIA PVT LTD,True,18%,TRUE,IT Services,0,107302.78840336557,4
TXN0003325,2024-11-29,35713.61,INR,!neft hcl india pvt ltd taxinv/2411/325 tds - it services exp* ref 7907,HCL INDIA PVT LTD,True,18%,TRUE,IT Services,0,39655.95449270329,4
TXN0003326,2024-11-29,15033.38,INR, RTGS Jiofiber RCPT/2411/326 ADV - utilities exp,Jiofiber,True,18%,TRUE,Utilities,0,15747.717729680873,4
TXN0003327,2024-11-29,50445.15,INR,*AUTO-DEBIT WIP.ro BILL/2411/327 Q1 - it services exp,WIP.ro,True,18%,TRUE,IT Services,0,50433.02378842723,4
TXN0003328,2024-11-29,15838.51,INR,rtgs kseb taxinv/2411/328 fy25 - utilities exp  ref 9801,KSEB,True,18%,TRUE,Utilities,0,14905.191505041856,4
TXN0003329,2024-11-29,42787.57,INR,-imps tcs bill/2411/329 adv - it services exp,TCS,True,18%,TRUE,IT Services,0,38114.46721136205,4
TXN0003330,2024-11-29,110110.01,INR,imps wework india pvt ltd taxinv/2411/330 rent - rent exp,WEWORK INDIA PVT LTD,True,18%,TRUE,Rent,0,119301.45768891461,4
TXN0003331,2024-11-29,22202.55,INR,-CARD TECHM INV/2411/331 RENT - it services exp,TECHM,True,18%,TRUE,IT Services,0,24231.356011239455,4
TXN0003332,2024-11-29,38055.34,INR,neft hcl inv/2411/332 rent - it services exp,HCL,True,18%,TRUE,IT Services,0,32173.012741935665,4
TXN0003333,2024-11-29,112182.7,INR,*auto-debit awfis inv/2411/333 q2 - rent exp,AWFIS,True,18%,TRUE,Rent,0,130017.94291375502,4
TXN0003334,2024-11-30,67759.81,INR,!imps wework rcpt/2411/334 q2 - rent exp,WEWORK,True,18%,TRUE,Rent,0,57319.76454833965,5
TXN0003335,2024-11-30,2075.18,INR,rtgs kfc rcpt/2411/335 rent - meals exp,KFC,True,5%,FALSE,Meals,0,1892.496865257092,5
TXN0003336,2024-11-30,10352.13,INR,card microsoft bill/2411/336 fy25 - software exp,Microsoft,True,18%,TRUE,Software,0,7170.1935256859815,5
TXN0003337,2024-11-30,18517.5,INR,AUTO-DEBIT KSEB INDIA PVT LTD BILL/2411/337 SUBS - utilities exp,KSEB INDIA PVT LTD,True,18%,TRUE,Utilities,0,12790.668096167568,5
TXN0003338,2024-11-30,8800.88,INR,NEFT FIG.ma TAXINV/2411/338 TDS - software exp,FIG.ma,True,18%,TRUE,Software,0,6935.8191184844145,5
TXN0003339,2024-11-30,15245.3,INR,AUTO-DEBIT SIM.plilearn BILL/2411/339 TDS - training exp  ref 5014,SIM.plilearn,True,18%,unknown,Training,0,12809.447953867624,5
TXN0003340,2024-11-30,44535.59,INR,!rtgs techm bill/2411/340 fy24 - it services exp,TECHM,True,18%,TRUE,IT Services,0,42028.63112815503,5
TXN0003341,2024-11-30,4959.89,INR,*IMPS STAPLES RCPT/2411/341 ADV - office supplies exp,STAPLES,True,12%,TRUE,Office Supplies,0,4248.077899507402,5
TXN0003342,2024-11-30,7462.47,INR,#neft office depot inv/2411/342 subs - office supplies exp,Office Depot,True,12%,TRUE,Office Supplies,0,5825.09586017828,5
TXN0003343,2024-11-30,8523.45,INR,neft adobe pvt ltd bill/2411/343 fy24 - software exp,ADOBE Pvt Ltd,True,18%,TRUE,Software,0,6118.903470153613,5
TXN0003344,2024-12-01,16397.85,INR,NEFT AIR.tel RCPT/2412/344 SUBS - utilities exp,AIR.tel,True,18%,TRUE,Utilities,0,14731.829191309016,6
TXN0003345,2024-12-01,4785.15,INR,imps indigo india pvt ltd inv/2412/345 adv - travel exp,INDIGO INDIA PVT LTD,True,5%,FALSE,Travel,0,3458.8191865575172,6
TXN0003346,2024-12-01,6982.3,INR,AUTO-DEBIT MIC.rosoft RCPT/2412/346 Q2 - software exp* ref 8380,MIC.rosoft,True,18%,TRUE,Software,0,6495.476479198944,6
TXN0003347,2024-12-01,88099.29,INR, / rtgs awfis rcpt/2412/347 fy25 - rent exp,Awfis,True,18%,TRUE,Rent,0,68475.10514262143,6
TXN0003348,2024-12-01,200939.12,INR,neft infy inv/2412/348 q1 - it services exp,Infy,True,18%,TRUE,IT Services,1,186320.10895676856,6
TXN0003349,2024-12-01,2734.34,INR,NEFT ZOMATO INDIA PVT LTD BILL/2412/349 FY25 - meals exp,ZOMATO INDIA PVT LTD,True,5%,FALSE,Meals,0,2335.9863186928555,6
TXN0003350,2024-12-01,33027.43,INR,*CARD WIPRO TAXINV/2412/350 FY24 - it services exp,WIPRO,True,18%,TRUE,IT Services,0,26059.975284969878,6
TXN0003351,2024-12-01,45240.91,INR,#upi hcl pvt ltd inv/2412/351 fy24 - it services exp,HCL Pvt Ltd,True,18%,TRUE,IT Services,0,34312.89083903102,6
TXN0003352,2024-12-01,12936.95,INR,!imps bes.com inv/2412/352 rent - utilities exp,BES.com,True,18%,TRUE,Utilities,0,9996.735346893412,6
TXN0003353,2024-12-01,6662.59,INR,card indigo pvt ltd taxinv/2412/353 subs - travel exp  ref 1489,INDIGO Pvt Ltd,True,5%,FALSE,Travel,0,5558.367880916187,6
TXN0003354,2024-12-01,4821.69,INR,imps office depot pvt ltd inv/2412/354 gst - office supplies exp,OFFICE DEPOT Pvt Ltd,True,12%,TRUE,Office Supplies,0,3887.11397649984,6
TXN0003355,2024-12-01,6248.12,INR,card uber bill/2412/355 q1 - travel exp,UBER,True,5%,FALSE,Travel,0,4701.679605201421,6
TXN0003356,2024-12-01,17777.18,INR,NEFT TCS Pvt Ltd BILL/2412/356 SUBS - it services exp,TCS Pvt Ltd,True,18%,TRUE,IT Services,0,13986.187248410366,6
TXN0003357,2024-12-02,17772.91,INR,-CARD COURSERA RCPT/2412/357 TDS - training exp* ref 9954,COURSERA,True,18%,unknown,Training,0,17912.564247726576,0
TXN0003358,2024-12-02,5378.91,INR,imps ikea pvt ltd taxinv/2412/358 fy24 - office supplies exp,IKEA Pvt Ltd,True,12%,TRUE,Office Supplies,0,4233.883089221122,0
TXN0003359,2024-12-02,7662.52,INR,rtgs office depot india pvt ltd bill/2412/359 tds - office supplies exp,OFFICE DEPOT INDIA PVT LTD,True,12%,TRUE,Office Supplies,0,8013.592234293071,0
TXN0003360,2024-12-02,4781.51,INR, NEFT OLA RCPT/2412/360 TDS - travel exp,OLA,True,5%,FALSE,Travel,0,4313.055316680434,0
TXN0003361,2024-12-02,65273.05,INR,IMPS AWFIS INV/2412/361 RENT - rent exp,AWFIS,True,18%,TRUE,Rent,0,57744.89763789313,0
TXN0003362,2024-12-02,4343.25,INR, / neft govt fees pvt ltd bill/2412/362 adv - exempt services exp,GOVT FEES Pvt Ltd,False,exempt,FALSE,Exempt Services,0,3610.3941664411404,0
TXN0003363,2024-12-02,2585.53,INR, AUTO-DEBIT Roc Fees TAXINV/2412/363 Q2 - exempt services exp,Roc Fees,False,exempt,FALSE,Exempt Services,0,2121.7137129987636,0
TXN0003364,2024-12-02,19971.89,INR,rtgs upgrad inv/2412/364 fy24 - training exp,UPGRAD,True,18%,unknown,Training,0,17264.80515670667,0
TXN0003365,2024-12-03,5019.48,INR, / RTGS MICROSOFT BILL/2412/365 ADV - software exp,MICROSOFT,True,18%,TRUE,Software,0,4663.58834835929,1
TXN0003366,2024-12-03,2245.86,INR,#CARD Kfc TAXINV/2412/366 TDS - meals exp,Kfc,True,5%,FALSE,Meals,0,2684.534656660542,1
TXN0003367,2024-12-03,7485.93,INR,AUTO-DEBIT Staples TAXINV/2412/367 GST - office supplies exp,Staples,True,12%,TRUE,Office Supplies,0,7092.260155782582,1
TXN0003368,2024-12-03,14357.44,INR,AUTO-DEBIT Airtel INV/2412/368 SUBS - utilities exp /  ref 1896,Airtel,True,18%,TRUE,Utilities,0,14612.643648573689,1
TXN0003369,2024-12-03,93927.06,INR, / CARD Awfis RCPT/2412/369 RENT - rent exp* ref 1382,Awfis,True,18%,TRUE,Rent,0,97688.6639219263,1
TXN0003370,2024-12-03,3878.09,INR,CARD STAPLES Pvt Ltd RCPT/2412/370 ADV - office supplies exp,STAPLES Pvt Ltd,True,12%,TRUE,Office Supplies,0,3928.918258801182,1
TXN0003371,2024-12-03,12417.07,INR,UPI MICROSOFT INDIA PVT LTD TAXINV/2412/371 GST - software exp,MICROSOFT INDIA PVT LTD,True,18%,TRUE,Software,0,12320.90791271231,1
TXN0003372,2024-12-03,32421.52,INR,#auto-debit tec.hm bill/2412/372 adv - it services exp,TEC.hm,True,18%,TRUE,IT Services,0,28546.195933759183,1
TXN0003373,2024-12-03,75925.92,INR,rtgs wework taxinv/2412/373 q1 - rent exp! ref 4273,Wework,True,18%,TRUE,Rent,0,86942.22089564436,1
TXN0003374,2024-12-03,24848.49,INR,rtgs tcs bill/2412/374 q2 - it services exp,Tcs,True,18%,TRUE,IT Services,0,29339.100772746955,1
TXN0003375,2024-12-03,6314.46,INR,*imps figma inv/2412/375 subs - software exp  ref 3526,FIGMA,True,18%,TRUE,Software,0,5251.951898231006,1
TXN0003376,2024-12-03,5982.55,INR,!AUTO-DEBIT STAPLES Pvt Ltd RCPT/2412/376 RENT - office supplies exp,STAPLES Pvt Ltd,True,12%,TRUE,Office Supplies,0,5369.919775359269,1
TXN0003377,2024-12-04,12146.43,INR, / IMPS MICROSOFT TAXINV/2412/377 SUBS - software exp,MICROSOFT,True,18%,TRUE,Software,0,38876.92531271365,2
TXN0003378,2024-12-04,7843.27,INR,-rtgs sta.ples inv/2412/378 q2 - office supplies exp,STA.ples,True,12%,TRUE,Office Supplies,0,18383.111992191727,2
TXN0003379,2024-12-04,125970.24,INR,#upi wework pvt ltd inv/2412/379 q2 - rent exp,WEWORK Pvt Ltd,True,18%,TRUE,Rent,0,438596.33917130774,2
TXN0003380,2024-12-04,4359.21,INR,rtgs canva rcpt/2412/380 rent - software exp,CANVA,True,18%,TRUE,Software,0,13039.59080047825,2
TXN0003381,2024-12-04,2431.74,INR,*RTGS DOMINOS INDIA PVT LTD INV/2412/381 SUBS - meals exp,DOMINOS INDIA PVT LTD,True,5%,FALSE,Meals,0,9722.967498254377,2
TXN0003382,2024-12-04,6787.88,INR,NEFT ADOBE Pvt Ltd TAXINV/2412/382 Q2 - software exp! ref 1467,ADOBE Pvt Ltd,True,18%,TRUE,Software,0,28535.80869593693,2
TXN0003383,2024-12-04,2068.85,INR,!UPI KFC RCPT/2412/383 SUBS - meals exp,KFC,True,5%,FALSE,Meals,0,7529.108664762368,2
TXN0003384,2024-12-04,64736.04,INR,neft wew.ork rcpt/2412/384 fy25 - rent exp,WEW.ork,True,18%,TRUE,Rent,0,174843.91091113084,2
TXN0003385,2024-12-04,7726.91,INR,neft office depot inv/2412/385 fy25 - office supplies exp,OFFICE DEPOT,True,12%,TRUE,Office Supplies,0,18851.14513696793,2
TXN0003386,2024-12-04,20677.8,INR,card coursera taxinv/2412/386 q2 - training exp# ref 3038,Coursera,True,18%,unknown,Training,0,81719.72524523192,2
TXN0003387,2024-12-04,34460.64,INR,imps inf.y taxinv/2412/387 tds - it services exp,INF.y,True,18%,TRUE,IT Services,0,116437.4558645369,2
TXN0003388,2024-12-04,2618.56,INR,#rtgs swiggy india pvt ltd inv/2412/388 tds - meals exp,SWIGGY INDIA PVT LTD,True,5%,FALSE,Meals,0,8120.2774823277605,2
TXN0003389,2024-12-04,38385.76,INR,AUTO-DEBIT Wipro BILL/2412/389 RENT - it services exp! ref 6779,Wipro,True,18%,TRUE,IT Services,0,184495.54278200844,2
TXN0003390,2024-12-05,104608.21,INR,neft awf.is taxinv/2412/390 fy24 - rent exp,AWF.is,True,18%,TRUE,Rent,0,106062.89593850204,3
TXN0003391,2024-12-05,12966.27,INR,UPI KSEB INDIA PVT LTD RCPT/2412/391 FY25 - utilities exp! ref 4005,KSEB INDIA PVT LTD,True,18%,TRUE,Utilities,0,10921.493782286134,3
TXN0003392,2024-12-05,5526.14,INR,!imps ola india pvt ltd taxinv/2412/392 gst - travel exp* ref 1208,OLA INDIA PVT LTD,True,5%,FALSE,Travel,0,5082.48797273055,3
TXN0003393,2024-12-05,104842.21,INR,*CARD AWFIS INDIA PVT LTD BILL/2412/393 FY25 - rent exp,AWFIS INDIA PVT LTD,True,18%,TRUE,Rent,0,104066.6621500737,3
TXN0003394,2024-12-05,4369.53,INR, NEFT INDIGO TAXINV/2412/394 SUBS - travel exp,INDIGO,True,5%,FALSE,Travel,0,4336.467687193015,3
TXN0003395,2024-12-05,11073.85,INR,CARD KSEB INDIA PVT LTD TAXINV/2412/395 SUBS - utilities exp,KSEB INDIA PVT LTD,True,18%,TRUE,Utilities,0,13258.213618444383,3
TXN0003396,2024-12-05,25009.74,INR,card simplilearn bill/2412/396 q2 - training exp,SIMPLILEARN,True,18%,unknown,Training,0,21543.42019174661,3
TXN0003397,2024-12-05,98999.16,INR,!card awfis pvt ltd taxinv/2412/397 gst - rent exp,AWFIS Pvt Ltd,True,18%,TRUE,Rent,0,104004.45102467886,3
TXN0003398,2024-12-05,3173.2,INR,UPI ROC. fees TAXINV/2412/398 ADV - exempt services exp  ref 7274,ROC. fees,False,exempt,FALSE,Exempt Services,0,3645.725371534733,3
TXN0003399,2024-12-05,6700.22,INR,upi uber pvt ltd inv/2412/399 fy24 - travel exp,UBER Pvt Ltd,True,5%,FALSE,Travel,0,8222.141301327672,3
TXN0003400,2024-12-05,4369.65,INR,!imps figma bill/2412/400 q1 - software exp! ref 6840,FIGMA,True,18%,TRUE,Software,0,4192.94247997842,3
TXN0003401,2024-12-06,3517.44,INR,UPI SWIGGY RCPT/2412/401 FY25 - meals exp,SWIGGY,True,5%,FALSE,Meals,0,3690.297361417614,4
TXN0003402,2024-12-06,13638.83,INR,IMPS AIRTEL BILL/2412/402 Q2 - utilities exp /  ref 9611,AIRTEL,True,18%,TRUE,Utilities,0,14415.916465257164,4
TXN0003403,2024-12-06,102205.75,INR,#upi awfis taxinv/2412/403 q2 - rent exp,Awfis,True,18%,TRUE,Rent,0,104203.68569847028,4
TXN0003404,2024-12-06,4684.71,INR,IMPS OFFICE DEPOT TAXINV/2412/404 SUBS - office supplies exp,OFFICE DEPOT,True,12%,TRUE,Office Supplies,0,4638.403889730221,4
TXN0003405,2024-12-06,29960.92,INR, / CARD Hcl RCPT/2412/405 GST - it services exp  ref 5537,Hcl,True,18%,TRUE,IT Services,0,31267.142376677966,4
TXN0003406,2024-12-06,13912.31,INR,*card air.tel bill/2412/406 rent - utilities exp,AIR.tel,True,18%,TRUE,Utilities,0,10389.370746613733,4
TXN0003407,2024-12-06,89215.45,INR,IMPS Wework TAXINV/2412/407 ADV - rent exp,Wework,True,18%,TRUE,Rent,0,95300.56364872081,4
TXN0003408,2024-12-06,34665.94,INR,imps tcs taxinv/2412/408 q1 - it services exp# ref 6113,TCS,True,18%,TRUE,IT Services,0,35103.34756376716,4
TXN0003409,2024-12-06,88490.11,INR,NEFT WEWORK BILL/2412/409 ADV - rent exp- ref 2015,WEWORK,True,18%,TRUE,Rent,0,86521.42719118527,4
TXN0003410,2024-12-06,11628.28,INR,-CARD FIGMA INV/2412/410 FY25 - software exp,FIGMA,True,18%,TRUE,Software,0,14008.428673324184,4
TXN0003411,2024-12-06,3129.97,INR,AUTO-DEBIT Dominos INV/2412/411 Q1 - meals exp,Dominos,True,5%,FALSE,Meals,0,2918.7176769206135,4
TXN0003412,2024-12-06,19245.61,INR, / auto-debit infy inv/2412/412 q2 - it services exp- ref 9073,Infy,True,18%,TRUE,IT Services,0,18469.865671409018,4
TXN0003413,2024-12-06,6086.75,INR,auto-debit rapido pvt ltd taxinv/2412/413 gst - travel exp,RAPIDO Pvt Ltd,True,5%,FALSE,Travel,0,7298.958706219466,4
TXN0003414,2024-12-06,3410.82,INR,#CARD ZOMATO BILL/2412/414 ADV - meals exp# ref 2315,ZOMATO,True,5%,FALSE,Meals,0,3127.018866019201,4
TXN0003415,2024-12-06,37706.12,INR,AUTO-DEBIT TCS RCPT/2412/415 RENT - it services exp- ref 5115,TCS,True,18%,TRUE,IT Services,0,35631.8487127761,4
TXN0003416,2024-12-06,10584.41,INR,RTGS ADO.be INV/2412/416 RENT - software exp,ADO.be,True,18%,TRUE,Software,0,10428.792263798428,4
TXN0003417,2024-12-06,5309.02,INR,#IMPS Canva RCPT/2412/417 FY24 - software exp,Canva,True,18%,TRUE,Software,0,5755.3676180315415,4
TXN0003418,2024-12-07,2310.51,INR,-RTGS KFC INDIA PVT LTD RCPT/2412/418 RENT - meals exp,KFC INDIA PVT LTD,True,5%,FALSE,Meals,0,1886.8183817011927,5
TXN0003419,2024-12-07,29634.31,INR, imps wipro pvt ltd inv/2412/419 tds - it services exp,WIPRO Pvt Ltd,True,18%,TRUE,IT Services,0,20642.96317989058,5
TXN0003420,2024-12-07,2475.58,INR,RTGS DOMINOS TAXINV/2412/420 GST - meals exp,DOMINOS,True,5%,FALSE,Meals,0,1875.0699318794873,5
TXN0003421,2024-12-07,21106.58,INR,CARD TCS INV/2412/421 TDS - it services exp,TCS,True,18%,TRUE,IT Services,0,15859.730005364147,5
TXN0003422,2024-12-07,7910.83,INR, imps canva inv/2412/422 q1 - software exp* ref 5021,CANVA,True,18%,TRUE,Software,0,6279.793395105455,5
TXN0003423,2024-12-07,34379.62,INR,-auto-debit tcs bill/2412/423 subs - it services exp,TCS,True,18%,TRUE,IT Services,0,28674.923453048264,5
TXN0003424,2024-12-07,2844.51,INR, / imps swi.ggy rcpt/2412/424 q1 - meals exp /  ref 3577,SWI.ggy,True,5%,FALSE,Meals,0,2370.775236374472,5
TXN0003425,2024-12-07,77833.37,INR,RTGS WEWORK INDIA PVT LTD RCPT/2412/425 Q2 - rent exp,WEWORK INDIA PVT LTD,True,18%,TRUE,Rent,0,51208.05760182414,5
TXN0003426,2024-12-07,33051.61,INR,IMPS TEC.hm TAXINV/2412/426 FY24 - it services exp,TEC.hm,True,18%,TRUE,IT Services,0,29254.485006710103,5
TXN0003427,2024-12-07,34246.97,INR,UPI WIP.ro RCPT/2412/427 FY24 - it services exp,WIP.ro,True,18%,TRUE,IT Services,0,28089.55341534248,5
TXN0003428,2024-12-07,36472.02,INR,-upi techm taxinv/2412/428 fy24 - it services exp- ref 2623,Techm,True,18%,TRUE,IT Services,0,33217.350442438874,5
TXN0003429,2024-12-07,41285.25,INR,UPI WIPRO INDIA PVT LTD INV/2412/429 Q2 - it services exp,WIPRO INDIA PVT LTD,True,18%,TRUE,IT Services,0,34495.30711934218,5
TXN0003430,2024-12-07,33563.93,INR, / CARD WIP.ro TAXINV/2412/430 FY25 - it services exp,WIP.ro,True,18%,TRUE,IT Services,0,29808.322132866888,5
TXN0003431,2024-12-07,4163.99,INR,*UPI Zomato RCPT/2412/431 FY24 - meals exp,Zomato,True,5%,FALSE,Meals,0,3486.607200914017,5
TXN0003432,2024-12-07,6189.91,INR,AUTO-DEBIT OFF.ice depot INV/2412/432 Q2 - office supplies exp,OFF.ice depot,True,12%,TRUE,Office Supplies,0,5618.569301646156,5
TXN0003433,2024-12-07,25342.42,INR,-NEFT Techm TAXINV/2412/433 FY24 - it services exp# ref 4637,Techm,True,18%,TRUE,IT Services,0,21332.743597058376,5
TXN0003434,2024-12-07,6358.08,INR,AUTO-DEBIT OFFICE DEPOT INV/2412/434 RENT - office supplies exp,OFFICE DEPOT,True,12%,TRUE,Office Supplies,0,5036.659762391704,5
TXN0003435,2024-12-07,12070.52,INR,*AUTO-DEBIT Kseb INV/2412/435 FY24 - utilities exp,Kseb,True,18%,TRUE,Utilities,0,11850.77349934788,5
TXN0003436,2024-12-07,5907.46,INR,rtgs staples pvt ltd bill/2412/436 q1 - office supplies exp,STAPLES Pvt Ltd,True,12%,TRUE,Office Supplies,0,5146.1240990706865,5
TXN0003437,2024-12-08,29176.01,INR,imps techm taxinv/2412/437 q2 - it services exp,TECHM,True,18%,TRUE,IT Services,0,24679.97383717352,6
TXN0003438,2024-12-08,46434.55,INR,*imps inf.y rcpt/2412/438 q2 - it services exp  ref 5169,INF.y,True,18%,TRUE,IT Services,0,32406.47030040239,6
TXN0003439,2024-12-08,6034.74,INR,upi can.va inv/2412/439 q1 - software exp /  ref 8897,CAN.va,True,18%,unknown,Software,1,4205.823879087047,6
TXN0003440,2024-12-08,60110.89,INR,#card techm inv/2412/440 gst - it services exp,TECHM,True,18%,TRUE,IT Services,0,49496.343051866075,6
TXN0003441,2024-12-08,1545.78,INR,upi swiggy bill/2412/441 fy25 - meals exp,SWIGGY,True,5%,FALSE,Meals,0,1254.6195005668953,6
TXN0003442,2024-12-08,10298.11,INR,RTGS KSEB RCPT/2412/442 Q1 - utilities exp,KSEB,True,18%,TRUE,Utilities,0,7732.543861764978,6
TXN0003443,2024-12-08,94054.38,INR,!rtgs ind.iqube taxinv/2412/443 gst - rent exp,IND.iqube,True,18%,TRUE,Rent,0,76304.30723221909,6
TXN0003444,2024-12-08,25916.57,INR,rtgs hcl bill/2412/444 fy25 - it services exp /  ref 6009,HCL,True,18%,TRUE,IT Services,0,24026.996878762147,6
TXN0003445,2024-12-08,34675.55,INR,imps wip.ro bill/2412/445 rent - it services exp,WIP.ro,True,18%,TRUE,IT Services,0,29669.517062111416,6
TXN0003446,2024-12-08,96043.38,INR,imps wework rcpt/2412/446 fy25 - rent exp,Wework,True,18%,TRUE,Rent,0,68067.79888916672,6
TXN0003447,2024-12-08,5249.36,INR,RTGS ROC FEES INDIA PVT LTD TAXINV/2412/447 ADV - exempt services exp,ROC FEES INDIA PVT LTD,False,exempt,FALSE,Exempt Services,0,4152.660001851913,6
TXN0003448,2024-12-08,11206.79,INR,NEFT BESCOM RCPT/2412/448 SUBS - utilities exp,BESCOM,True,18%,TRUE,Utilities,0,8243.744775363708,6
TXN0003449,2024-12-08,10717.95,INR,auto-debit bes.com taxinv/2412/449 fy25 - utilities exp,BES.com,True,18%,TRUE,Utilities,0,8241.93213447431,6
TXN0003450,2024-12-09,7220.21,INR,-CARD Canva TAXINV/2412/450 ADV - software exp,Canva,True,18%,TRUE,Software,0,6921.570803486419,0
TXN0003451,2024-12-09,2516.53,INR, CARD Swiggy INV/2412/451 RENT - meals exp,Swiggy,True,5%,FALSE,Meals,0,2396.3290562009547,0
TXN0003452,2024-12-09,12367.82,INR,RTGS Microsoft BILL/2412/452 FY25 - software exp,Microsoft,True,18%,TRUE,Software,0,10815.49116438,0
TXN0003453,2024-12-09,11096.14,INR,#RTGS UPG.rad RCPT/2412/453 RENT - training exp- ref 5920,UPG.rad,True,18%,unknown,Training,0,10954.492578221874,0
TXN0003454,2024-12-09,5424.08,INR,CARD Ikea INV/2412/454 RENT - office supplies exp,Ikea,True,12%,TRUE,Office Supplies,0,5120.0019329129245,0
TXN0003455,2024-12-09,44430.7,INR,card tcs india pvt ltd taxinv/2412/455 rent - it services exp  ref 5592,TCS INDIA PVT LTD,True,18%,TRUE,IT Services,0,31414.954408911624,0
TXN0003456,2024-12-09,7811.82,INR,RTGS CANVA INV/2412/456 FY25 - software exp,CANVA,True,18%,TRUE,Software,0,9415.564792044257,0
TXN0003457,2024-12-09,12692.38,INR,*RTGS AIRTEL INV/2412/457 Q1 - utilities exp /  ref 4755,AIRTEL,True,18%,TRUE,Utilities,0,14074.28781837866,0
TXN0003458,2024-12-09,24316.91,INR,RTGS TECHM RCPT/2412/458 SUBS - it services exp,TECHM,True,18%,TRUE,IT Services,0,23401.86291390641,0
TXN0003459,2024-12-09,7328.35,INR, card adobe rcpt/2412/459 subs - software exp,Adobe,True,18%,TRUE,Software,0,7342.141258316652,0
TXN0003460,2024-12-09,3937.21,INR,!CARD RAPIDO INV/2412/460 FY24 - travel exp,RAPIDO,True,5%,FALSE,Travel,0,3475.905078719782,0
TXN0003461,2024-12-09,15974.25,INR,NEFT UPG.rad TAXINV/2412/461 RENT - training exp,UPG.rad,True,18%,unknown,Training,0,18683.04011808702,0
TXN0003462,2024-12-09,40403.74,INR, UPI INFY INV/2412/462 TDS - it services exp  ref 8408,INFY,True,18%,TRUE,IT Services,0,48069.495912855215,0
TXN0003463,2024-12-09,37747.61,INR,#neft tcs bill/2412/463 fy24 - it services exp,TCS,True,18%,TRUE,IT Services,0,38339.091374329575,0
TXN0003464,2024-12-09,58807.41,INR,upi wework india pvt ltd taxinv/2412/464 rent - rent exp,WEWORK INDIA PVT LTD,True,18%,TRUE,Rent,0,64826.52862401717,0
TXN0003465,2024-12-09,11487.46,INR,NEFT Airtel INV/2412/465 GST - utilities exp,Airtel,True,18%,TRUE,Utilities,0,11688.819986153227,0
TXN0003466,2024-12-09,2749.73,INR, upi kfc pvt ltd bill/2412/466 q1 - meals exp,KFC Pvt Ltd,True,5%,FALSE,Meals,0,2382.166595895969,0
TXN0003467,2024-12-10,33745.61,INR,#RTGS WIPRO INDIA PVT LTD TAXINV/2412/467 TDS - it services exp,WIPRO INDIA PVT LTD,True,18%,TRUE,IT Services,0,32355.88692020663,1
TXN0003468,2024-12-10,84942.25,INR,UPI AWFIS BILL/2412/468 SUBS - rent exp,AWFIS,True,18%,TRUE,Rent,0,86062.87583355352,1
TXN0003469,2024-12-10,3718.25,INR,NEFT Dominos TAXINV/2412/469 SUBS - meals exp,Dominos,True,5%,FALSE,Meals,0,3549.237794478219,1
TXN0003470,2024-12-10,26908.23,INR, / UPI Tcs TAXINV/2412/470 RENT - it services exp,Tcs,True,18%,TRUE,IT Services,0,26319.872732052423,1
TXN0003471,2024-12-10,9144.61,INR,-IMPS IKEA BILL/2412/471 SUBS - office supplies exp,IKEA,True,12%,TRUE,Office Supplies,0,9061.028669240659,1
TXN0003472,2024-12-10,11911.56,INR,*NEFT MICROSOFT Pvt Ltd INV/2412/472 Q1 - software exp* ref 5592,MICROSOFT Pvt Ltd,True,18%,TRUE,Software,0,11815.22109199657,1
TXN0003473,2024-12-10,31287.12,INR,upi hcl taxinv/2412/473 fy24 - it services exp,HCL,True,18%,TRUE,IT Services,0,31450.62176632136,1
TXN0003474,2024-12-10,9104.24,INR, card jiofiber pvt ltd bill/2412/474 adv - utilities exp,JIOFIBER Pvt Ltd,True,18%,TRUE,Utilities,0,8138.639693030941,1
TXN0003475,2024-12-10,7175.71,INR,-IMPS FIGMA INDIA PVT LTD RCPT/2412/475 FY24 - software exp,FIGMA INDIA PVT LTD,True,18%,TRUE,Software,0,6661.200004854118,1
TXN0003476,2024-12-10,4696.6,INR,-IMPS STAPLES TAXINV/2412/476 SUBS - office supplies exp- ref 3221,STAPLES,True,12%,TRUE,Office Supplies,0,4093.2821537713526,1
TXN0003477,2024-12-10,3330.33,INR,UPI SWI.ggy RCPT/2412/477 SUBS - meals exp  ref 2792,SWI.ggy,True,5%,FALSE,Meals,0,3655.9748459586444,1
TXN0003478,2024-12-10,62494.41,INR,#UPI TECHM BILL/2412/478 RENT - it services exp,TECHM,True,18%,TRUE,IT Services,0,49335.29367013846,1
TXN0003479,2024-12-10,8638.02,INR,AUTO-DEBIT INDIGO INDIA PVT LTD RCPT/2412/479 GST - travel exp# ref 5113,INDIGO INDIA PVT LTD,True,5%,FALSE,Travel,0,9634.493645737848,1
TXN0003480,2024-12-10,13846.82,INR,-UPI CANVA Pvt Ltd TAXINV/2412/480 TDS - software exp,CANVA Pvt Ltd,True,18%,TRUE,Software,0,15766.473056100707,1
TXN0003481,2024-12-10,10889.29,INR,RTGS JIOFIBER Pvt Ltd BILL/2412/481 ADV - utilities exp  ref 7632,JIOFIBER Pvt Ltd,True,18%,TRUE,Utilities,0,10560.236795597602,1
TXN0003482,2024-12-10,18071.66,INR,#IMPS BES.com TAXINV/2412/482 FY25 - utilities exp- ref 6530,BES.com,True,18%,TRUE,Utilities,0,13367.359161539493,1
TXN0003483,2024-12-10,37619.9,INR,!rtgs tcs india pvt ltd rcpt/2412/483 gst - it services exp,TCS INDIA PVT LTD,True,18%,TRUE,IT Services,0,36260.653278984675,1
TXN0003484,2024-12-10,6579.01,INR,card staples taxinv/2412/484 subs - office supplies exp,STAPLES,True,12%,TRUE,Office Supplies,0,6536.783176103924,1
TXN0003485,2024-12-10,49223.48,INR,!RTGS INDIQUBE Pvt Ltd BILL/2412/485 GST - rent exp /  ref 9639,INDIQUBE Pvt Ltd,True,18%,TRUE,Rent,0,44248.963873329354,1
TXN0003486,2024-12-10,37142.55,INR,RTGS TCS INDIA PVT LTD TAXINV/2412/486 SUBS - it services exp,TCS INDIA PVT LTD,True,18%,TRUE,IT Services,0,35228.89750470577,1
TXN0003487,2024-12-10,5366.25,INR, / UPI STAPLES TAXINV/2412/487 GST - office supplies exp /  ref 8624,STAPLES,True,12%,TRUE,Office Supplies,0,6187.3909985900455,1
TXN0003488,2024-12-11,5719.43,INR,neft rapido rcpt/2412/488 rent - travel exp  ref 1260,Rapido,True,5%,FALSE,Travel,0,6099.730435988345,2
TXN0003489,2024-12-11,66165.59,INR,#NEFT AWFIS TAXINV/2412/489 TDS - rent exp,AWFIS,True,18%,TRUE,Rent,0,60048.15698793455,2
TXN0003490,2024-12-11,41827.38,INR,AUTO-DEBIT Tcs TAXINV/2412/490 Q2 - it services exp,Tcs,True,18%,TRUE,IT Services,0,35145.04124456474,2
TXN0003491,2024-12-11,29777.02,INR, CARD WIPRO TAXINV/2412/491 Q2 - it services exp! ref 1658,WIPRO,True,18%,TRUE,IT Services,0,28803.25987931875,2
TXN0003492,2024-12-11,11344.42,INR,*upi airtel bill/2412/492 subs - utilities exp- ref 3976,AIRTEL,True,18%,TRUE,Utilities,0,11102.26566432013,2
TXN0003493,2024-12-11,47075.02,INR,RTGS TECHM RCPT/2412/493 FY25 - it services exp,TECHM,True,18%,TRUE,IT Services,0,49410.87866691118,2
TXN0003494,2024-12-11,17791.84,INR,CARD BESCOM BILL/2412/494 GST - utilities exp,BESCOM,True,18%,TRUE,Utilities,0,16839.41307006702,2
TXN0003495,2024-12-11,6289.52,INR,rtgs office depot taxinv/2412/495 fy24 - office supplies exp /  ref 2873,OFFICE DEPOT,True,12%,TRUE,Office Supplies,0,6611.2286809229945,2
TXN0003496,2024-12-11,3487.12,INR,#CARD SWIGGY BILL/2412/496 SUBS - meals exp,SWIGGY,True,5%,FALSE,Meals,0,4161.931435617483,2
TXN0003497,2024-12-11,9948.81,INR,upi microsoft bill/2412/497 fy25 - software exp,Microsoft,True,18%,TRUE,Software,0,10760.13647271037,2
TXN0003498,2024-12-11,6604.16,INR, / neft rapido taxinv/2412/498 fy25 - travel exp,RAPIDO,True,5%,FALSE,Travel,0,6572.40158034264,2
TXN0003499,2024-12-11,7468.26,INR,*CARD OLA RCPT/2412/499 Q1 - travel exp,OLA,True,5%,FALSE,Travel,0,7331.478466305152,2
TXN0003500,2024-12-11,30965.44,INR,UPI UBER INDIA PVT LTD BILL/2412/500 FY25 - travel exp,UBER INDIA PVT LTD,True,5%,FALSE,Travel,1,29860.985946394125,2
TXN0003501,2024-12-11,13216.26,INR,!rtgs canva pvt ltd taxinv/2412/501 rent - software exp,CANVA Pvt Ltd,True,18%,TRUE,Software,0,14776.625726560478,2
TXN0003502,2024-12-11,5690.69,INR,CARD IKE.a INV/2412/502 FY24 - office supplies exp,IKE.a,True,12%,TRUE,Office Supplies,0,5333.705364625937,2
TXN0003503,2024-12-11,8133.01,INR,!RTGS ADOBE Pvt Ltd BILL/2412/503 RENT - software exp,ADOBE Pvt Ltd,True,18%,TRUE,Software,0,8169.789674452396,2
TXN0003504,2024-12-11,2489.52,INR,UPI KFC TAXINV/2412/504 ADV - meals exp,KFC,True,5%,FALSE,Meals,0,2502.2658200691003,2
TXN0003505,2024-12-12,22399.57,INR,*upi sim.plilearn taxinv/2412/505 q2 - training exp,SIM.plilearn,True,18%,unknown,Training,0,21275.59498482246,3
TXN0003506,2024-12-12,11850.47,INR,upi bes.com bill/2412/506 q2 - utilities exp,BES.com,True,18%,TRUE,Utilities,0,10224.03381987659,3
TXN0003507,2024-12-12,3963.49,INR,-IMPS OFFICE DEPOT RCPT/2412/507 Q1 - office supplies exp,OFFICE DEPOT,True,12%,TRUE,Office Supplies,0,4091.5006215343587,3
TXN0003508,2024-12-12,5191.77,INR,auto-debit ado.be rcpt/2412/508 tds - software exp,ADO.be,True,18%,TRUE,Software,0,5160.098140904038,3
TXN0003509,2024-12-12,5537.29,INR,AUTO-DEBIT IKEA TAXINV/2412/509 GST - office supplies exp,IKEA,True,12%,TRUE,Office Supplies,0,5814.287654900642,3
TXN0003510,2024-12-12,21892.69,INR,RTGS Kseb RCPT/2412/510 Q2 - utilities exp,Kseb,True,18%,TRUE,Utilities,0,20724.49539072223,3
TXN0003511,2024-12-12,12722.45,INR,card jiofiber taxinv/2412/511 fy25 - utilities exp,JIOFIBER,True,18%,TRUE,Utilities,0,14275.633793308407,3
TXN0003512,2024-12-12,21712.58,INR,!RTGS Wipro TAXINV/2412/512 FY25 - it services exp,Wipro,True,18%,TRUE,IT Services,0,19808.877913353535,3
TXN0003513,2024-12-12,4393.44,INR,UPI ADO.be INV/2412/513 FY24 - software exp,ADO.be,True,18%,TRUE,Software,0,5145.614626541556,3
TXN0003514,2024-12-12,46516.39,INR,AUTO-DEBIT Wipro TAXINV/2412/514 Q2 - it services exp,Wipro,True,18%,TRUE,IT Services,0,38387.015853058976,3
TXN0003515,2024-12-12,34150.76,INR,NEFT TCS INV/2412/515 FY25 - it services exp /  ref 5556,TCS,True,18%,TRUE,IT Services,0,35635.53281298669,3
TXN0003516,2024-12-12,23075.71,INR,#UPI Techm INV/2412/516 FY24 - it services exp,Techm,True,18%,TRUE,IT Services,0,24172.80005550864,3
TXN0003517,2024-12-13,10636.28,INR,imps airtel inv/2412/517 q2 - utilities exp,AIRTEL,True,18%,TRUE,Utilities,0,9790.103226940177,4
TXN0003518,2024-12-13,14666.75,INR,!imps airtel taxinv/2412/518 rent - utilities exp,Airtel,True,18%,TRUE,Utilities,0,15289.197978812299,4
TXN0003519,2024-12-13,12883.86,INR,imps bes.com inv/2412/519 fy25 - utilities exp,BES.com,True,18%,TRUE,Utilities,0,14532.373940857611,4
TXN0003520,2024-12-13,47428.49,INR,NEFT HCL Pvt Ltd TAXINV/2412/520 Q2 - it services exp,HCL Pvt Ltd,True,18%,TRUE,IT Services,0,36914.45298458841,4
TXN0003521,2024-12-13,2545.56,INR,neft dom.inos bill/2412/521 q2 - meals exp,DOM.inos,True,5%,FALSE,Meals,0,2673.5367072156314,4
TXN0003522,2024-12-13,76857.68,INR,UPI Airtel RCPT/2412/522 TDS - utilities exp,Airtel,True,18%,TRUE,Utilities,1,57694.97891377333,4
TXN0003523,2024-12-13,10023.11,INR,*RTGS BESCOM BILL/2412/523 RENT - utilities exp* ref 7192,BESCOM,True,18%,TRUE,Utilities,0,9055.21354511585,4
TXN0003524,2024-12-13,7192.25,INR,-IMPS IKEA BILL/2412/524 TDS - office supplies exp  ref 3563,IKEA,True,12%,TRUE,Office Supplies,0,8363.987178795882,4
TXN0003525,2024-12-13,6155.5,INR,CARD MICROSOFT TAXINV/2412/525 SUBS - software exp /  ref 8034,MICROSOFT,True,18%,TRUE,Software,0,5797.384069345521,4
TXN0003526,2024-12-13,7861.37,INR,-imps figma pvt ltd taxinv/2412/526 q2 - software exp,FIGMA Pvt Ltd,True,18%,TRUE,Software,0,6938.539526419423,4
TXN0003527,2024-12-13,52794.32,INR, RTGS TECHM BILL/2412/527 FY24 - it services exp,TECHM,True,18%,TRUE,IT Services,0,51749.321219590944,4
TXN0003528,2024-12-13,5160.67,INR,NEFT KFC BILL/2412/528 Q2 - meals exp /  ref 6629,KFC,True,5%,FALSE,Meals,0,6227.84822021705,4
TXN0003529,2024-12-14,35507.29,INR,-neft techm india pvt ltd inv/2412/529 fy24 - it services exp,TECHM INDIA PVT LTD,True,18%,TRUE,IT Services,0,73417.68577352629,5
TXN0003530,2024-12-14,19291.84,INR,card upgrad inv/2412/530 subs - training exp,Upgrad,True,18%,unknown,Training,0,60600.939817420476,5
TXN0003531,2024-12-14,5009.01,INR, rtgs staples taxinv/2412/531 tds - office supplies exp# ref 7522,STAPLES,True,12%,TRUE,Office Supplies,0,13440.61399239275,5
TXN0003532,2024-12-14,29845.32,INR,!RTGS TCS TAXINV/2412/532 TDS - it services exp,TCS,True,18%,TRUE,IT Services,0,62810.64170614455,5
TXN0003533,2024-12-14,34258.82,INR,-IMPS TECHM TAXINV/2412/533 FY24 - it services exp,TECHM,True,18%,TRUE,IT Services,0,130136.74906381565,5
TXN0003534,2024-12-14,6678.44,INR,neft ind.igo taxinv/2412/534 tds - travel exp,IND.igo,True,exempt,FALSE,Travel,1,14901.907465408061,5
TXN0003535,2024-12-14,60200.55,INR,UPI TCS Pvt Ltd RCPT/2412/535 FY25 - it services exp,TCS Pvt Ltd,True,18%,TRUE,IT Services,0,255041.04080176205,5
TXN0003536,2024-12-14,52148.99,INR,neft awfis bill/2412/536 subs - rent exp,Awfis,True,18%,TRUE,Rent,0,137249.66059693412,5
TXN0003537,2024-12-14,37023.4,INR, card tec.hm taxinv/2412/537 rent - it services exp,TEC.hm,True,18%,TRUE,IT Services,0,124592.30163006538,5
TXN0003538,2024-12-14,63072.22,INR, / RTGS Wework BILL/2412/538 Q1 - rent exp! ref 9520,Wework,True,18%,TRUE,Rent,0,214173.4901947545,5
TXN0003539,2024-12-14,50696.58,INR,IMPS TECHM INDIA PVT LTD TAXINV/2412/539 Q1 - it services exp,TECHM INDIA PVT LTD,True,18%,TRUE,IT Services,0,85758.88894961454,5
TXN0003540,2024-12-14,47493.05,INR,CARD HCL INDIA PVT LTD INV/2412/540 ADV - it services exp# ref 3817,HCL INDIA PVT LTD,True,18%,TRUE,IT Services,0,167930.6767216947,5
TXN0003541,2024-12-14,7101.71,INR,!UPI AIRTEL Pvt Ltd BILL/2412/541 ADV - utilities exp,AIRTEL Pvt Ltd,True,18%,TRUE,Utilities,0,21798.711098906133,5
TXN0003542,2024-12-14,95447.74,INR,IMPS WEWORK RCPT/2412/542 TDS - rent exp,WEWORK,True,18%,TRUE,Rent,0,334223.49188205233,5
TXN0003543,2024-12-15,7539.67,INR,#imps canva taxinv/2412/543 fy25 - software exp,Canva,True,18%,TRUE,Software,0,6562.177142604195,6
TXN0003544,2024-12-15,84350.87,INR, card wework pvt ltd rcpt/2412/544 q1 - rent exp,WEWORK Pvt Ltd,True,18%,TRUE,Rent,0,60210.487247131896,6
TXN0003545,2024-12-15,25822.29,INR,!IMPS Techm RCPT/2412/545 Q2 - it services exp# ref 6621,Techm,True,18%,TRUE,IT Services,0,23501.37524131,6
TXN0003546,2024-12-15,41281.56,INR,AUTO-DEBIT HCL TAXINV/2412/546 GST - it services exp,HCL,True,18%,TRUE,IT Services,0,34059.37465807052,6
TXN0003547,2024-12-15,19964.84,INR,upi simplilearn pvt ltd rcpt/2412/547 fy25 - training exp,SIMPLILEARN Pvt Ltd,True,18%,unknown,Training,0,17069.244694703677,6
TXN0003548,2024-12-15,69423.39,INR, AUTO-DEBIT Awfis INV/2412/548 GST - rent exp,Awfis,True,18%,TRUE,Rent,0,63683.691041970684,6
TXN0003549,2024-12-15,7291.05,INR,-neft uber pvt ltd inv/2412/549 tds - travel exp,UBER Pvt Ltd,True,5%,FALSE,Travel,0,5184.473025742739,6
TXN0003550,2024-12-15,31949.08,INR, IMPS SIM.plilearn BILL/2412/550 TDS - training exp,SIM.plilearn,True,18%,unknown,Training,0,25467.696457588874,6
TXN0003551,2024-12-15,60068.95,INR, AUTO-DEBIT Awfis RCPT/2412/551 FY25 - rent exp# ref 4745,Awfis,True,5%,TRUE,Rent,1,45501.24665017048,6
TXN0003552,2024-12-15,4202.3,INR,-IMPS OLA BILL/2412/552 TDS - travel exp# ref 9665,OLA,True,5%,FALSE,Travel,0,2834.7507469429397,6
TXN0003553,2024-12-15,10172.5,INR,card airtel bill/2412/553 tds - utilities exp,AIRTEL,True,18%,TRUE,Utilities,0,8420.152579774884,6
TXN0003554,2024-12-16,50971.47,INR,-CARD WEWORK INDIA PVT LTD RCPT/2412/554 Q2 - rent exp! ref 4803,WEWORK INDIA PVT LTD,True,18%,TRUE,Rent,0,63773.242942238896,0
TXN0003555,2024-12-16,3121.45,INR,auto-debit dominos rcpt/2412/555 q1 - meals exp,Dominos,True,5%,FALSE,Meals,0,2547.0789324412517,0
TXN0003556,2024-12-16,13628.54,INR,NEFT COURSERA BILL/2412/556 RENT - training exp,COURSERA,True,18%,unknown,Training,0,13584.546240108786,0
TXN0003557,2024-12-16,9178.48,INR,AUTO-DEBIT JIOFIBER INDIA PVT LTD INV/2412/557 RENT - utilities exp! ref 5166,JIOFIBER INDIA PVT LTD,True,18%,TRUE,Utilities,0,9766.40105187251,0
TXN0003558,2024-12-16,2696.29,INR,CARD KFC Pvt Ltd RCPT/2412/558 Q1 - meals exp,KFC Pvt Ltd,True,5%,FALSE,Meals,0,2729.4754524343543,0
TXN0003559,2024-12-16,16652.07,INR,!rtgs kseb inv/2412/559 tds - utilities exp,Kseb,True,18%,TRUE,Utilities,0,16463.688375054422,0
TXN0003560,2024-12-16,109620.17,INR, / RTGS AWF.is TAXINV/2412/560 GST - rent exp,AWF.is,True,18%,TRUE,Rent,0,95378.1381372287,0
TXN0003561,2024-12-16,36100.33,INR,rtgs tcs inv/2412/561 fy24 - it services exp,TCS,True,18%,TRUE,IT Services,0,36940.69782397651,0
TXN0003562,2024-12-16,123087.82,INR, / auto-debit indiqube bill/2412/562 fy25 - rent exp# ref 6466,INDIQUBE,True,18%,TRUE,Rent,0,113772.97718145796,0
TXN0003563,2024-12-16,26895.65,INR,#UPI WIPRO Pvt Ltd INV/2412/563 FY25 - it services exp,WIPRO Pvt Ltd,True,18%,TRUE,IT Services,0,21005.713229549357,0
TXN0003564,2024-12-16,3107.36,INR,card kfc bill/2412/564 adv - meals exp,Kfc,True,5%,FALSE,Meals,0,3478.5628082335547,0
TXN0003565,2024-12-16,48993.66,INR, RTGS INFY Pvt Ltd INV/2412/565 Q1 - it services exp,INFY Pvt Ltd,True,18%,TRUE,IT Services,0,53689.14290061623,0
TXN0003566,2024-12-16,4555.49,INR,#neft off.ice depot rcpt/2412/566 subs - office supplies exp,OFF.ice depot,True,12%,TRUE,Office Supplies,0,4579.024106343532,0
TXN0003567,2024-12-16,26769.17,INR, upi tcs bill/2412/567 fy25 - it services exp,TCS,True,5%,TRUE,IT Services,1,27382.38392712754,0
TXN0003568,2024-12-16,60110.58,INR,-CARD TECHM TAXINV/2412/568 Q2 - it services exp,TECHM,True,18%,TRUE,IT Services,0,66568.36788487797,0
TXN0003569,2024-12-17,3873.37,INR,neft indigo rcpt/2412/569 q1 - travel exp /  ref 9030,INDIGO,True,5%,FALSE,Travel,0,3960.265049637452,1
TXN0003570,2024-12-17,4064.89,INR,IMPS ZOMATO INDIA PVT LTD BILL/2412/570 ADV - meals exp* ref 3985,ZOMATO INDIA PVT LTD,True,5%,FALSE,Meals,0,4432.363191817371,1
TXN0003571,2024-12-17,33033.85,INR,IMPS INF.y BILL/2412/571 FY24 - it services exp,INF.y,True,18%,TRUE,IT Services,0,32051.151759866338,1
TXN0003572,2024-12-17,7491.2,INR,-upi office depot taxinv/2412/572 fy25 - office supplies exp,Office Depot,True,12%,TRUE,Office Supplies,0,8474.033258240515,1
TXN0003573,2024-12-17,9330.87,INR, NEFT BESCOM INV/2412/573 Q2 - utilities exp,BESCOM,True,18%,TRUE,Utilities,0,9630.190990653351,1
TXN0003574,2024-12-17,37682.84,INR,*UPI HCL Pvt Ltd TAXINV/2412/574 SUBS - it services exp- ref 3665,HCL Pvt Ltd,True,18%,TRUE,IT Services,0,38414.08283425891,1
TXN0003575,2024-12-17,27782.99,INR,RTGS TECHM INDIA PVT LTD TAXINV/2412/575 SUBS - it services exp,TECHM INDIA PVT LTD,True,18%,TRUE,IT Services,0,24254.38054729245,1
TXN0003576,2024-12-17,79604.26,INR,neft indiqube inv/2412/576 q1 - rent exp /  ref 6110,Indiqube,True,18%,TRUE,Rent,0,81888.55084343553,1
TXN0003577,2024-12-18,34235.77,INR,IMPS TEC.hm INV/2412/577 FY24 - it services exp,TEC.hm,True,18%,TRUE,IT Services,0,31387.508279429097,2
TXN0003578,2024-12-18,36398.41,INR,card hcl pvt ltd rcpt/2412/578 q2 - it services exp* ref 1003,HCL Pvt Ltd,True,18%,TRUE,IT Services,0,34075.162362389805,2
TXN0003579,2024-12-18,35310.9,INR,-imps hcl india pvt ltd taxinv/2412/579 tds - it services exp,HCL INDIA PVT LTD,True,18%,TRUE,IT Services,0,32431.73527260923,2
TXN0003580,2024-12-18,8423.15,INR,!IMPS KSEB INV/2412/580 RENT - utilities exp,KSEB,True,18%,TRUE,Utilities,0,7525.044323337304,2
TXN0003581,2024-12-18,39493.84,INR,CARD INFY RCPT/2412/581 Q2 - it services exp,INFY,True,18%,TRUE,IT Services,0,47885.37818273274,2
TXN0003582,2024-12-18,34026.16,INR,RTGS WIPRO INV/2412/582 FY25 - it services exp /  ref 2279,WIPRO,True,18%,TRUE,IT Services,0,38556.195593746736,2
TXN0003583,2024-12-18,4117.16,INR, / imps ikea bill/2412/583 adv - office supplies exp,IKEA,True,12%,TRUE,Office Supplies,0,4907.806026512826,2
TXN0003584,2024-12-18,87057.77,INR,UPI WEW.ork INV/2412/584 Q1 - rent exp,WEW.ork,True,18%,TRUE,Rent,0,76411.51866533862,2
TXN0003585,2024-12-18,102339.84,INR,!upi wework india pvt ltd bill/2412/585 rent - rent exp# ref 4945,WEWORK INDIA PVT LTD,True,18%,TRUE,Rent,0,103069.04973652808,2
TXN0003586,2024-12-18,10139.77,INR,*UPI CANVA TAXINV/2412/586 TDS - software exp,CANVA,True,18%,TRUE,Software,0,8828.183018718428,2
TXN0003587,2024-12-18,1752.38,INR, / IMPS ZOMATO RCPT/2412/587 GST - meals exp,ZOMATO,True,5%,FALSE,Meals,0,1630.467821109741,2
TXN0003588,2024-12-19,5705.18,INR,!IMPS ADOBE INDIA PVT LTD RCPT/2412/588 SUBS - software exp,ADOBE INDIA PVT LTD,True,18%,TRUE,Software,0,5181.372029675143,3
TXN0003589,2024-12-19,18877.69,INR,*UPI Simplilearn TAXINV/2412/589 TDS - training exp,Simplilearn,True,18%,unknown,Training,0,21217.738260256177,3
TXN0003590,2024-12-19,4770.66,INR,IMPS DOMINOS BILL/2412/590 RENT - meals exp,DOMINOS,True,5%,FALSE,Meals,0,4581.632292386706,3
TXN0003591,2024-12-19,16604.73,INR,upi air.tel rcpt/2412/591 fy25 - utilities exp- ref 2951,AIR.tel,True,18%,TRUE,Utilities,0,18378.745037356905,3
TXN0003592,2024-12-19,7243.83,INR,IMPS ADOBE BILL/2412/592 Q2 - software exp- ref 3742,ADOBE,True,18%,TRUE,Software,0,7681.444902362799,3
TXN0003593,2024-12-19,2529.2,INR,NEFT Dominos INV/2412/593 TDS - meals exp,Dominos,True,5%,FALSE,Meals,0,3111.836313182343,3
TXN0003594,2024-12-19,8597.06,INR,AUTO-DEBIT ADOBE INDIA PVT LTD BILL/2412/594 Q2 - software exp! ref 2493,ADOBE INDIA PVT LTD,True,18%,TRUE,Software,0,7325.17292470144,3
TXN0003595,2024-12-19,12462.2,INR,AUTO-DEBIT BESCOM INDIA PVT LTD INV/2412/595 GST - utilities exp,BESCOM INDIA PVT LTD,True,18%,TRUE,Utilities,0,14031.481648087105,3
TXN0003596,2024-12-19,5850.26,INR, / auto-debit uber bill/2412/596 fy24 - travel exp# ref 1749,UBER,True,5%,FALSE,Travel,0,6520.957716647055,3
TXN0003597,2024-12-19,8610.14,INR,#card figma inv/2412/597 q2 - software exp* ref 4912,Figma,True,18%,TRUE,Software,0,7772.04719315499,3
TXN0003598,2024-12-19,8720.46,INR,-RTGS OLA Pvt Ltd RCPT/2412/598 GST - travel exp! ref 1832,OLA Pvt Ltd,True,5%,FALSE,Travel,0,9598.726597538072,3
TXN0003599,2024-12-19,14652.92,INR,CARD KSEB BILL/2412/599 FY25 - utilities exp,KSEB,True,18%,TRUE,Utilities,0,15145.470525162627,3
TXN0003600,2024-12-19,40793.97,INR,CARD WIPRO Pvt Ltd RCPT/2412/600 TDS - it services exp,WIPRO Pvt Ltd,True,18%,TRUE,IT Services,0,39866.00402757485,3
TXN0003601,2024-12-19,31594.75,INR,imps hcl rcpt/2412/601 rent - it services exp,HCL,True,18%,TRUE,IT Services,0,28991.54642729914,3
TXN0003602,2024-12-19,25098.29,INR,IMPS HCL TAXINV/2412/602 Q1 - it services exp* ref 6784,HCL,True,18%,TRUE,IT Services,0,23293.448244578743,3
TXN0003603,2024-12-19,36767.17,INR,*rtgs tcs inv/2412/603 fy24 - it services exp! ref 6181,TCS,True,18%,TRUE,IT Services,0,44303.74897938174,3
TXN0003604,2024-12-20,3664.67,INR, auto-debit microsoft pvt ltd rcpt/2412/604 q2 - software exp# ref 1909,MICROSOFT Pvt Ltd,True,18%,TRUE,Software,0,3664.920230614892,4
TXN0003605,2024-12-20,42731.71,INR,IMPS TCS INDIA PVT LTD TAXINV/2412/605 ADV - it services exp,TCS INDIA PVT LTD,True,18%,TRUE,IT Services,0,46073.88524077418,4
TXN0003606,2024-12-20,5622.97,INR,imps staples pvt ltd inv/2412/606 rent - office supplies exp# ref 1925,STAPLES Pvt Ltd,True,12%,TRUE,Office Supplies,0,5178.2496503864795,4
TXN0003607,2024-12-20,90475.4,INR,NEFT AWF.is INV/2412/607 TDS - rent exp- ref 3872,AWF.is,True,18%,TRUE,Rent,0,83419.64927494187,4
TXN0003608,2024-12-20,46245.71,INR,-AUTO-DEBIT Techm RCPT/2412/608 FY24 - it services exp,Techm,True,18%,TRUE,IT Services,0,51249.42557129782,4
TXN0003609,2024-12-20,114329.4,INR, NEFT AWFIS TAXINV/2412/609 Q2 - rent exp,AWFIS,True,18%,TRUE,Rent,0,98899.77614790402,4
TXN0003610,2024-12-20,15115.29,INR,*CARD KSEB BILL/2412/610 FY25 - utilities exp- ref 9124,KSEB,True,18%,TRUE,Utilities,0,14487.682348611914,4
TXN0003611,2024-12-20,8941.96,INR,-CARD MIC.rosoft RCPT/2412/611 ADV - software exp,MIC.rosoft,True,18%,TRUE,Software,0,8972.387174871144,4
TXN0003612,2024-12-20,65070.77,INR,IMPS WEWORK INV/2412/612 TDS - rent exp,WEWORK,True,18%,TRUE,Rent,0,65795.48009586356,4
TXN0003613,2024-12-20,4489.29,INR,RTGS INDIGO INV/2412/613 TDS - travel exp  ref 9552,INDIGO,True,5%,FALSE,Travel,0,4408.889830650982,4
TXN0003614,2024-12-20,3116.51,INR,RTGS SWIGGY TAXINV/2412/614 Q2 - meals exp,SWIGGY,True,5%,FALSE,Meals,0,3239.867630598326,4
TXN0003615,2024-12-20,12732.55,INR,NEFT SIMPLILEARN INDIA PVT LTD INV/2412/615 GST - training exp,SIMPLILEARN INDIA PVT LTD,True,18%,unknown,Training,0,13614.732055373806,4
TXN0003616,2024-12-20,5821.03,INR,auto-debit ikea india pvt ltd bill/2412/616 fy24 - office supplies exp,IKEA INDIA PVT LTD,True,12%,TRUE,Office Supplies,0,6248.664719124512,4
TXN0003617,2024-12-20,49687.85,INR,CARD INDIQUBE RCPT/2412/617 SUBS - rent exp,INDIQUBE,True,18%,TRUE,Rent,0,44789.60282254843,4
TXN0003618,2024-12-20,135804.56,INR, UPI INDIQUBE RCPT/2412/618 Q2 - rent exp- ref 4853,INDIQUBE,True,18%,TRUE,Rent,0,131945.60419540227,4
TXN0003619,2024-12-20,33802.85,INR,-CARD WIP.ro RCPT/2412/619 Q2 - it services exp /  ref 4706,WIP.ro,True,18%,TRUE,IT Services,0,37841.48898055968,4
TXN0003620,2024-12-20,76459.51,INR,!RTGS INDIQUBE BILL/2412/620 Q2 - rent exp,INDIQUBE,True,18%,TRUE,Rent,0,83299.93855847763,4
TXN0003621,2024-12-21,65474.99,INR,auto-debit awfis rcpt/2412/621 subs - rent exp,AWFIS,True,18%,TRUE,Rent,0,45188.955291429746,5
TXN0003622,2024-12-21,39694.78,INR,-UPI Infy INV/2412/622 FY25 - it services exp,Infy,True,18%,TRUE,IT Services,0,32871.977385512204,5
TXN0003623,2024-12-21,3221.86,INR, / upi dominos pvt ltd inv/2412/623 adv - meals exp,DOMINOS Pvt Ltd,True,5%,FALSE,Meals,0,2067.602815843942,5
TXN0003624,2024-12-21,1770.17,INR,NEFT GOVT FEES Pvt Ltd RCPT/2412/624 FY24 - exempt services exp! ref 9750,GOVT FEES Pvt Ltd,False,exempt,FALSE,Exempt Services,0,1422.7826204464163,5
TXN0003625,2024-12-21,3238.07,INR,-neft dominos pvt ltd rcpt/2412/625 q2 - meals exp,DOMINOS Pvt Ltd,True,5%,FALSE,Meals,0,3082.0641955131723,5
TXN0003626,2024-12-21,6944.9,INR,!RTGS Canva RCPT/2412/626 FY25 - software exp,Canva,True,18%,TRUE,Software,0,5029.27838942709,5
TXN0003627,2024-12-21,30667.31,INR,auto-debit infy pvt ltd inv/2412/627 fy25 - it services exp,INFY Pvt Ltd,True,18%,TRUE,IT Services,0,22486.932521901246,5
TXN0003628,2024-12-21,4765.77,INR,!AUTO-DEBIT STAPLES Pvt Ltd INV/2412/628 FY24 - office supplies exp,STAPLES Pvt Ltd,True,12%,TRUE,Office Supplies,0,4103.911216970119,5
TXN0003629,2024-12-21,8059.24,INR, NEFT BESCOM INDIA PVT LTD RCPT/2412/629 Q2 - utilities exp,BESCOM INDIA PVT LTD,True,18%,TRUE,Utilities,0,5452.687385324945,5
TXN0003630,2024-12-21,59996.24,INR,-imps wipro taxinv/2412/630 fy25 - it services exp,Wipro,True,18%,TRUE,IT Services,0,44959.958189264806,5
TXN0003631,2024-12-21,37247.02,INR,RTGS HCL Pvt Ltd RCPT/2412/631 FY25 - it services exp,HCL Pvt Ltd,True,18%,TRUE,IT Services,0,31574.86839842642,5
TXN0003632,2024-12-22,5928.66,INR,#RTGS IKEA INDIA PVT LTD RCPT/2412/632 ADV - office supplies exp* ref 7910,IKEA INDIA PVT LTD,True,12%,TRUE,Office Supplies,0,4442.09078929902,6
TXN0003633,2024-12-22,26949.09,INR, rtgs hcl india pvt ltd rcpt/2412/633 fy24 - it services exp,HCL INDIA PVT LTD,True,18%,TRUE,IT Services,0,21050.537886188216,6
TXN0003634,2024-12-22,18134.45,INR,UPI COURSERA INDIA PVT LTD TAXINV/2412/634 SUBS - training exp /  ref 4082,COURSERA INDIA PVT LTD,True,18%,unknown,Training,0,15587.1918843538,6
TXN0003635,2024-12-22,2309.31,INR,#AUTO-DEBIT DOMINOS Pvt Ltd RCPT/2412/635 FY25 - meals exp,DOMINOS Pvt Ltd,True,5%,FALSE,Meals,0,1925.3264468937455,6
TXN0003636,2024-12-22,47882.48,INR,!RTGS MICROSOFT Pvt Ltd INV/2412/636 TDS - software exp,MICROSOFT Pvt Ltd,True,18%,TRUE,Software,1,39328.05812193974,6
TXN0003637,2024-12-22,33956.03,INR,!AUTO-DEBIT TCS Pvt Ltd RCPT/2412/637 TDS - it services exp /  ref 8419,TCS Pvt Ltd,True,18%,TRUE,IT Services,0,26243.604296915055,6
TXN0003638,2024-12-22,49178.62,INR,AUTO-DEBIT TCS INDIA PVT LTD TAXINV/2412/638 RENT - it services exp,TCS INDIA PVT LTD,True,18%,TRUE,IT Services,0,40798.82359716706,6
TXN0003639,2024-12-22,18663.92,INR,#rtgs kseb taxinv/2412/639 q2 - utilities exp,KSEB,True,18%,TRUE,Utilities,0,14746.389052578605,6
TXN0003640,2024-12-22,38585.39,INR,#AUTO-DEBIT WIP.ro BILL/2412/640 RENT - it services exp,WIP.ro,True,18%,TRUE,IT Services,0,32281.480640253943,6
TXN0003641,2024-12-22,22056.74,INR,card upg.rad taxinv/2412/641 adv - training exp,UPG.rad,True,18%,unknown,Training,0,16768.535961943944,6
TXN0003642,2024-12-22,5171.6,INR,-neft staples inv/2412/642 fy25 - office supplies exp* ref 4698,Staples,True,12%,TRUE,Office Supplies,0,4061.7461033679015,6
TXN0003643,2024-12-22,45567.3,INR,CARD TCS INV/2412/643 SUBS - it services exp- ref 6095,TCS,True,18%,TRUE,IT Services,0,32845.06370235557,6
TXN0003644,2024-12-22,4339.2,INR,!auto-debit office depot taxinv/2412/644 tds - office supplies exp* ref 7520,OFFICE DEPOT,True,12%,TRUE,Office Supplies,0,3459.207598292875,6
TXN0003645,2024-12-22,2495.18,INR,RTGS DOMINOS INDIA PVT LTD BILL/2412/645 Q2 - meals exp,DOMINOS INDIA PVT LTD,True,5%,FALSE,Meals,0,1834.2565492072463,6
TXN0003646,2024-12-22,4613.08,INR, RTGS UBER INV/2412/646 RENT - travel exp,UBER,True,5%,FALSE,Travel,0,3279.3291681349365,6
TXN0003647,2024-12-22,53836.24,INR,*imps infy bill/2412/647 fy25 - it services exp,Infy,True,18%,TRUE,IT Services,0,44183.01949076945,6
TXN0003648,2024-12-22,12773.86,INR,RTGS BESCOM INV/2412/648 FY24 - utilities exp,BESCOM,True,18%,unknown,Utilities,1,10436.48864905897,6
TXN0003649,2024-12-23,16159.45,INR,#AUTO-DEBIT Bescom INV/2412/649 FY24 - utilities exp,Bescom,True,18%,TRUE,Utilities,0,17424.530897621473,0
TXN0003650,2024-12-23,84972.69,INR,CARD AWF.is TAXINV/2412/650 ADV - rent exp /  ref 5462,AWF.is,True,18%,TRUE,Rent,0,81309.30006254217,0
TXN0003651,2024-12-23,47668.53,INR,!card infy pvt ltd inv/2412/651 fy24 - it services exp,INFY Pvt Ltd,True,18%,TRUE,IT Services,0,49613.657937102325,0
TXN0003652,2024-12-23,4945.95,INR, NEFT STAPLES BILL/2412/652 TDS - office supplies exp- ref 4811,STAPLES,True,12%,TRUE,Office Supplies,0,5218.371725258692,0
TXN0003653,2024-12-23,1805.05,INR,*AUTO-DEBIT KFC RCPT/2412/653 GST - meals exp,KFC,True,5%,FALSE,Meals,0,1885.333896182642,0
TXN0003654,2024-12-23,4860.89,INR,upi staples inv/2412/654 q1 - office supplies exp,STAPLES,True,12%,TRUE,Office Supplies,0,4459.54882698039,0
TXN0003655,2024-12-23,3101.44,INR,imps dominos pvt ltd taxinv/2412/655 tds - meals exp,DOMINOS Pvt Ltd,True,5%,unknown,Meals,1,3147.764187845516,0
TXN0003656,2024-12-23,50570.5,INR,neft tcs bill/2412/656 q2 - it services exp,TCS,True,18%,TRUE,IT Services,0,52411.97568416323,0
TXN0003657,2024-12-23,43944.84,INR,*CARD Wipro RCPT/2412/657 ADV - it services exp- ref 3638,Wipro,True,18%,TRUE,IT Services,0,43976.38565797148,0
TXN0003658,2024-12-23,8528.67,INR,auto-debit office depot rcpt/2412/658 adv - office supplies exp,OFFICE DEPOT,True,12%,TRUE,Office Supplies,0,6749.182058938029,0
TXN0003659,2024-12-23,5790.29,INR,UPI OFFICE DEPOT INDIA PVT LTD TAXINV/2412/659 TDS - office supplies exp,OFFICE DEPOT INDIA PVT LTD,True,12%,TRUE,Office Supplies,0,5883.21814647974,0
TXN0003660,2024-12-23,5811.86,INR,-upi ikea india pvt ltd rcpt/2412/660 q1 - office supplies exp /  ref 8712,IKEA INDIA PVT LTD,True,12%,TRUE,Office Supplies,0,7097.752064663126,0
TXN0003661,2024-12-23,47171.44,INR,imps indiqube taxinv/2412/661 adv - rent exp,INDIQUBE,True,18%,TRUE,Rent,0,45473.08292361861,0
TXN0003662,2024-12-24,79916.88,INR,CARD AWFIS INDIA PVT LTD RCPT/2412/662 TDS - rent exp# ref 6557,AWFIS INDIA PVT LTD,True,18%,TRUE,Rent,0,74098.3149939948,1
TXN0003663,2024-12-24,33772.52,INR, / RTGS WIPRO BILL/2412/663 SUBS - it services exp,WIPRO,True,18%,TRUE,IT Services,0,35033.41216998243,1
TXN0003664,2024-12-24,50280.26,INR,*neft wipro india pvt ltd taxinv/2412/664 adv - it services exp,WIPRO INDIA PVT LTD,True,18%,TRUE,IT Services,0,51850.90576405939,1
TXN0003665,2024-12-24,130003.67,INR,rtgs awfis taxinv/2412/665 q2 - rent exp,AWFIS,True,18%,TRUE,Rent,0,145509.6648842191,1
TXN0003666,2024-12-24,13264.61,INR,-NEFT KSE.b INV/2412/666 GST - utilities exp- ref 3373,KSE.b,True,18%,TRUE,Utilities,0,11596.096948044942,1
TXN0003667,2024-12-24,23160.4,INR,NEFT UPGRAD INDIA PVT LTD INV/2412/667 FY25 - training exp,UPGRAD INDIA PVT LTD,True,18%,unknown,Training,0,24854.30592017379,1
TXN0003668,2024-12-24,11405.78,INR,#rtgs kseb rcpt/2412/668 gst - utilities exp,KSEB,True,18%,TRUE,Utilities,0,12079.202413778072,1
TXN0003669,2024-12-24,51824.85,INR,IMPS INFY Pvt Ltd BILL/2412/669 Q1 - it services exp# ref 9689,INFY Pvt Ltd,True,18%,TRUE,IT Services,0,51088.17770450367,1
TXN0003670,2024-12-24,3862.13,INR,card swiggy bill/2412/670 tds - meals exp,SWIGGY,True,5%,FALSE,Meals,0,3992.93544511649,1
TXN0003671,2024-12-24,154628.32,INR,*CARD JIOFIBER RCPT/2412/671 GST - utilities exp,JIOFIBER,True,18%,TRUE,Utilities,1,170546.64808909848,1
TXN0003672,2024-12-24,32237.9,INR,AUTO-DEBIT COURSERA INDIA PVT LTD INV/2412/672 SUBS - training exp,COURSERA INDIA PVT LTD,True,18%,unknown,Training,0,35050.06159898192,1
TXN0003673,2024-12-24,52240.57,INR,imps awfis india pvt ltd taxinv/2412/673 tds - rent exp,AWFIS INDIA PVT LTD,True,18%,TRUE,Rent,0,46269.37196162605,1
TXN0003674,2024-12-24,4830.78,INR,rtgs staples inv/2412/674 fy24 - office supplies exp! ref 3812,STAPLES,True,12%,TRUE,Office Supplies,0,5226.980376541465,1
TXN0003675,2024-12-24,2162.96,INR,!UPI SWIGGY INV/2412/675 FY24 - meals exp,SWIGGY,True,5%,FALSE,Meals,0,2148.9681134858865,1
TXN0003676,2024-12-24,14666.05,INR,UPI JIOFIBER INV/2412/676 Q2 - utilities exp,JIOFIBER,True,18%,TRUE,Utilities,0,14772.927516520045,1
TXN0003677,2024-12-24,33659.77,INR,*CARD INFY Pvt Ltd INV/2412/677 FY25 - it services exp,INFY Pvt Ltd,True,5%,TRUE,IT Services,1,33906.14938818091,1
TXN0003678,2024-12-24,47925.98,INR, / CARD Hcl BILL/2412/678 ADV - it services exp,Hcl,True,18%,TRUE,IT Services,0,47205.92575237144,1
TXN0003679,2024-12-24,68868.1,INR,IMPS Wework RCPT/2412/679 ADV - rent exp,Wework,True,18%,TRUE,Rent,0,77075.1631081519,1
TXN0003680,2024-12-24,73458.5,INR,CARD INDIQUBE Pvt Ltd RCPT/2412/680 SUBS - rent exp  ref 2057,INDIQUBE Pvt Ltd,True,18%,TRUE,Rent,0,72843.52042464167,1
TXN0003681,2024-12-25,32738.95,INR,NEFT INFY INV/2412/681 TDS - it services exp,INFY,True,18%,TRUE,IT Services,0,29073.673528016985,2
TXN0003682,2024-12-25,6572.58,INR,CARD OFF.ice depot BILL/2412/682 FY25 - office supplies exp,OFF.ice depot,True,12%,TRUE,Office Supplies,0,6313.929353925048,2
TXN0003683,2024-12-25,6030.56,INR, UPI MICROSOFT INV/2412/683 SUBS - software exp,MICROSOFT,True,18%,TRUE,Software,0,6138.322921140858,2
TXN0003684,2024-12-25,3902.39,INR,card ola bill/2412/684 fy24 - travel exp,Ola,True,5%,FALSE,Travel,0,4382.077548209297,2
TXN0003685,2024-12-25,7303.26,INR,NEFT ADOBE TAXINV/2412/685 TDS - software exp* ref 2583,ADOBE,True,18%,TRUE,Software,0,7743.715728879942,2
TXN0003686,2024-12-25,25379.27,INR,IMPS SIMPLILEARN Pvt Ltd TAXINV/2412/686 SUBS - training exp,SIMPLILEARN Pvt Ltd,True,18%,TRUE,Training,1,23220.67355161535,2
TXN0003687,2024-12-25,23184.15,INR,UPI INFY INV/2412/687 FY24 - it services exp,INFY,True,18%,TRUE,IT Services,0,28945.851580677096,2
TXN0003688,2024-12-25,7512.79,INR,#CARD IKEA INDIA PVT LTD RCPT/2412/688 ADV - office supplies exp,IKEA INDIA PVT LTD,True,12%,TRUE,Office Supplies,0,7711.710130856226,2
TXN0003689,2024-12-25,22601.53,INR,IMPS SIMPLILEARN Pvt Ltd BILL/2412/689 GST - training exp,SIMPLILEARN Pvt Ltd,True,18%,unknown,Training,0,25484.108202660682,2
TXN0003690,2024-12-25,7111.87,INR,neft can.va taxinv/2412/690 fy25 - software exp,CAN.va,True,18%,TRUE,Software,0,7003.972667127511,2
TXN0003691,2024-12-25,90205.24,INR, IMPS WEWORK INV/2412/691 Q2 - rent exp,WEWORK,True,18%,TRUE,Rent,0,95016.41986748738,2
TXN0003692,2024-12-25,62655.31,INR,#IMPS WEWORK Pvt Ltd INV/2412/692 RENT - rent exp* ref 4360,WEWORK Pvt Ltd,True,18%,TRUE,Rent,0,67915.02593858371,2
TXN0003693,2024-12-25,4341.46,INR,card staples taxinv/2412/693 adv - office supplies exp,STAPLES,True,12%,TRUE,Office Supplies,0,4870.334361329264,2
TXN0003694,2024-12-26,4304.12,INR,auto-debit uber inv/2412/694 rent - travel exp,Uber,True,5%,FALSE,Travel,0,4759.224007054453,3
TXN0003695,2024-12-26,21774.49,INR,UPI JIOFIBER RCPT/2412/695 GST - utilities exp- ref 6897,JIOFIBER,True,18%,TRUE,Utilities,0,23673.654485611907,3
TXN0003696,2024-12-26,6753.74,INR,-UPI Indigo RCPT/2412/696 TDS - travel exp,Indigo,True,5%,FALSE,Travel,0,6540.93861400651,3
TXN0003697,2024-12-26,8263.38,INR,neft fig.ma bill/2412/697 tds - software exp,FIG.ma,True,18%,TRUE,Software,0,7790.924519182111,3
TXN0003698,2024-12-26,125249.5,INR,-IMPS Indiqube INV/2412/698 TDS - rent exp,Indiqube,True,18%,unknown,Rent,1,129415.39243643504,3
TXN0003699,2024-12-26,5546.56,INR,NEFT GOVT FEES INV/2412/699 FY25 - exempt services exp,GOVT FEES,False,exempt,FALSE,Exempt Services,0,6064.1250840924085,3
TXN0003700,2024-12-26,5717.75,INR,UPI ADOBE Pvt Ltd INV/2412/700 RENT - software exp,ADOBE Pvt Ltd,True,18%,TRUE,Software,0,5590.403871313455,3
TXN0003701,2024-12-26,35094.15,INR,CARD WIPRO RCPT/2412/701 FY24 - it services exp! ref 5022,WIPRO,True,18%,TRUE,IT Services,0,38832.28047405755,3
TXN0003702,2024-12-26,6407.49,INR,RTGS OFFICE DEPOT BILL/2412/702 ADV - office supplies exp,OFFICE DEPOT,True,12%,TRUE,Office Supplies,0,7338.252727053524,3
TXN0003703,2024-12-26,44468.95,INR,-NEFT Techm TAXINV/2412/703 RENT - it services exp,Techm,True,18%,TRUE,IT Services,0,40394.167086577,3
TXN0003704,2024-12-26,155723.43,INR,NEFT WEWORK RCPT/2412/704 Q2 - rent exp,WEWORK,True,18%,TRUE,Rent,0,142690.61373668292,3
TXN0003705,2024-12-26,32016.26,INR,IMPS WIPRO TAXINV/2412/705 GST - it services exp# ref 9497,WIPRO,True,18%,TRUE,IT Services,0,31566.83156165714,3
TXN0003706,2024-12-27,97564.32,INR,-NEFT JIOFIBER Pvt Ltd BILL/2412/706 RENT - utilities exp* ref 2500,JIOFIBER Pvt Ltd,True,18%,TRUE,Utilities,1,100565.52207952646,4
TXN0003707,2024-12-27,5930.8,INR,#AUTO-DEBIT STAPLES Pvt Ltd TAXINV/2412/707 FY24 - office supplies exp,STAPLES Pvt Ltd,True,12%,TRUE,Office Supplies,0,5619.6897954750375,4
TXN0003708,2024-12-27,2719.02,INR,NEFT DOMINOS RCPT/2412/708 ADV - meals exp,DOMINOS,True,5%,FALSE,Meals,0,3086.6866127893345,4
TXN0003709,2024-12-27,28143.57,INR,CARD TCS TAXINV/2412/709 ADV - it services exp,TCS,True,18%,TRUE,IT Services,0,29337.04554018248,4
TXN0003710,2024-12-27,11155.27,INR, / imps kseb india pvt ltd bill/2412/710 gst - utilities exp,KSEB INDIA PVT LTD,True,18%,TRUE,Utilities,0,11199.274247382848,4
TXN0003711,2024-12-27,8722.89,INR,!upi mic.rosoft inv/2412/711 tds - software exp# ref 9877,MIC.rosoft,True,18%,TRUE,Software,0,7470.361917334245,4
TXN0003712,2024-12-27,61741.46,INR,-IMPS AWFIS RCPT/2412/712 GST - rent exp,AWFIS,True,18%,TRUE,Rent,0,53617.42104026737,4
TXN0003713,2024-12-27,6434.48,INR,rtgs microsoft inv/2412/713 fy24 - software exp,MICROSOFT,True,18%,TRUE,Software,0,6615.294840075328,4
TXN0003714,2024-12-27,13052.38,INR, / AUTO-DEBIT JIOFIBER RCPT/2412/714 SUBS - utilities exp,JIOFIBER,True,18%,TRUE,Utilities,0,10268.835150108913,4
TXN0003715,2024-12-27,3945.82,INR,rtgs swiggy india pvt ltd taxinv/2412/715 gst - meals exp,SWIGGY INDIA PVT LTD,True,5%,FALSE,Meals,0,4345.388494372178,4
TXN0003716,2024-12-27,12812.9,INR,IMPS ADOBE Pvt Ltd BILL/2412/716 TDS - software exp /  ref 2431,ADOBE Pvt Ltd,True,18%,TRUE,Software,0,12610.259060744189,4
TXN0003717,2024-12-27,5791.48,INR,#upi microsoft india pvt ltd taxinv/2412/717 fy25 - software exp! ref 3976,MICROSOFT INDIA PVT LTD,True,18%,TRUE,Software,0,7669.710807154851,4
TXN0003718,2024-12-27,9597.92,INR,NEFT Microsoft INV/2412/718 SUBS - software exp,Microsoft,True,18%,TRUE,Software,0,11813.039554011339,4
TXN0003719,2024-12-27,7010.03,INR,upi jiofiber bill/2412/719 fy25 - utilities exp,JIOFIBER,True,18%,TRUE,Utilities,0,6882.833658110283,4
TXN0003720,2024-12-27,27510.59,INR,*rtgs tcs rcpt/2412/720 tds - it services exp,TCS,True,18%,TRUE,IT Services,0,27218.050632153205,4
TXN0003721,2024-12-27,11905.81,INR,card bescom pvt ltd rcpt/2412/721 adv - utilities exp# ref 4669,BESCOM Pvt Ltd,True,18%,TRUE,Utilities,0,13091.13043452205,4
TXN0003722,2024-12-28,5833.2,INR,-NEFT Staples BILL/2412/722 RENT - office supplies exp,Staples,True,12%,TRUE,Office Supplies,0,19494.16725140836,5
TXN0003723,2024-12-28,96743.21,INR,upi wework inv/2412/723 fy25 - rent exp- ref 9632,Wework,True,18%,TRUE,Rent,0,299214.7376367179,5
TXN0003724,2024-12-28,4385.04,INR, AUTO-DEBIT Kfc RCPT/2412/724 TDS - meals exp,Kfc,True,5%,FALSE,Meals,0,6138.173707194893,5
TXN0003725,2024-12-28,34209.79,INR,neft wipro taxinv/2412/725 gst - it services exp,WIPRO,True,18%,TRUE,IT Services,0,71429.15453033602,5
TXN0003726,2024-12-28,33576.41,INR,rtgs techm bill/2412/726 fy25 - it services exp- ref 6058,Techm,True,18%,TRUE,IT Services,0,131537.2530909418,5
TXN0003727,2024-12-28,10737.32,INR,RTGS Canva BILL/2412/727 TDS - software exp,Canva,True,18%,TRUE,Software,0,38384.270081393035,5
TXN0003728,2024-12-28,2790.44,INR, / IMPS UBER INDIA PVT LTD BILL/2412/728 FY24 - travel exp /  ref 2433,UBER INDIA PVT LTD,True,5%,FALSE,Travel,0,5073.137471494982,5
TXN0003729,2024-12-28,4776.37,INR,RTGS Uber INV/2412/729 TDS - travel exp,Uber,True,5%,FALSE,Travel,0,11940.940268798733,5
TXN0003730,2024-12-28,8905.47,INR,*UPI KSEB Pvt Ltd TAXINV/2412/730 Q2 - utilities exp* ref 7387,KSEB Pvt Ltd,True,18%,TRUE,Utilities,0,19645.604428858867,5
TXN0003731,2024-12-28,70091.54,INR, / imps awfis india pvt ltd taxinv/2412/731 gst - rent exp,AWFIS INDIA PVT LTD,True,18%,TRUE,Rent,0,194991.18848084775,5
TXN0003732,2024-12-28,3029.28,INR,!rtgs swiggy india pvt ltd rcpt/2412/732 q1 - meals exp,SWIGGY INDIA PVT LTD,True,5%,FALSE,Meals,0,6428.497435010932,5
TXN0003733,2024-12-28,7135.82,INR,#IMPS Staples TAXINV/2412/733 RENT - office supplies exp! ref 3584,Staples,True,5%,TRUE,Office Supplies,1,18431.314859095895,5
TXN0003734,2024-12-28,38778.2,INR,*UPI TCS INDIA PVT LTD INV/2412/734 ADV - it services exp,TCS INDIA PVT LTD,True,18%,TRUE,IT Services,0,82564.2788632791,5
TXN0003735,2024-12-28,8219.23,INR,UPI JIO.fiber TAXINV/2412/735 RENT - utilities exp* ref 7102,JIO.fiber,True,18%,TRUE,Utilities,0,31204.09494482268,5
TXN0003736,2024-12-28,36180.61,INR,RTGS HCL TAXINV/2412/736 Q1 - it services exp* ref 7986,HCL,True,18%,TRUE,IT Services,0,126061.78768547566,5
TXN0003737,2024-12-28,13659.37,INR, upi upg.rad inv/2412/737 gst - training exp,UPG.rad,True,18%,unknown,Training,0,33844.384927146224,5
TXN0003738,2024-12-28,21313.58,INR,auto-debit coursera india pvt ltd bill/2412/738 gst - training exp,COURSERA INDIA PVT LTD,True,18%,unknown,Training,0,47831.3485458831,5
TXN0003739,2024-12-28,8701.02,INR, / UPI FIGMA INDIA PVT LTD RCPT/2412/739 FY25 - software exp,FIGMA INDIA PVT LTD,True,18%,TRUE,Software,0,19114.107574803926,5
TXN0003740,2024-12-28,74202.36,INR,upi wip.ro inv/2412/740 adv - it services exp! ref 5476,WIP.ro,True,18%,TRUE,IT Services,0,177030.1574921831,5
TXN0003741,2024-12-28,3686.93,INR, RTGS DOMINOS INV/2412/741 GST - meals exp,DOMINOS,True,5%,FALSE,Meals,0,11389.7252959247,5
TXN0003742,2024-12-28,9331.84,INR,IMPS MICROSOFT BILL/2412/742 FY24 - software exp,MICROSOFT,True,18%,TRUE,Software,0,24165.60867684717,5
TXN0003743,2024-12-28,118664.08,INR, / AUTO-DEBIT WEWORK INDIA PVT LTD TAXINV/2412/743 FY25 - rent exp! ref 5004,WEWORK INDIA PVT LTD,True,18%,TRUE,Rent,0,375295.287988642,5
TXN0003744,2024-12-28,106910.4,INR,!IMPS AIRTEL INDIA PVT LTD INV/2412/744 GST - utilities exp,AIRTEL INDIA PVT LTD,True,18%,TRUE,Utilities,1,273720.509494626,5
TXN0003745,2024-12-28,45919.16,INR,RTGS WIP.ro RCPT/2412/745 SUBS - it services exp,WIP.ro,True,18%,TRUE,IT Services,0,96379.7665918367,5
TXN0003746,2024-12-28,73637.99,INR,IMPS WEW.ork TAXINV/2412/746 SUBS - rent exp,WEW.ork,True,18%,TRUE,Rent,0,119996.00846278072,5
TXN0003747,2024-12-28,51874.96,INR,neft techm pvt ltd bill/2412/747 rent - it services exp,TECHM Pvt Ltd,True,18%,TRUE,IT Services,0,65311.526196178434,5
TXN0003748,2024-12-29,30276.93,INR,-AUTO-DEBIT TECHM INV/2412/748 FY25 - it services exp,TECHM,True,18%,TRUE,IT Services,0,66112.31066986025,6
TXN0003749,2024-12-29,7593.41,INR,#RTGS Office Depot TAXINV/2412/749 RENT - office supplies exp,Office Depot,True,12%,TRUE,Office Supplies,0,22350.135786412626,6
TXN0003750,2024-12-29,4890.26,INR,*AUTO-DEBIT IKEA RCPT/2412/750 RENT - office supplies exp,IKEA,True,12%,TRUE,Office Supplies,0,15189.130517668205,6
TXN0003751,2024-12-29,11092.63,INR,*CARD Kseb BILL/2412/751 GST - utilities exp,Kseb,True,18%,TRUE,Utilities,0,36720.2524656548,6
TXN0003752,2024-12-29,7845.88,INR,rtgs figma taxinv/2412/752 q1 - software exp! ref 6806,FIGMA,True,18%,TRUE,Software,0,18162.866436412314,6
TXN0003753,2024-12-29,4426.34,INR,#IMPS ZOMATO BILL/2412/753 ADV - meals exp,ZOMATO,True,5%,FALSE,Meals,0,10892.695345775077,6
TXN0003754,2024-12-29,27596.83,INR,!NEFT TECHM Pvt Ltd BILL/2412/754 FY24 - it services exp,TECHM Pvt Ltd,True,18%,TRUE,IT Services,0,56557.029184548854,6
TXN0003755,2024-12-29,14622.17,INR,UPI BES.com RCPT/2412/755 TDS - utilities exp,BES.com,True,18%,TRUE,Utilities,0,32856.7273004246,6
TXN0003756,2024-12-29,17981.95,INR,CARD JIOFIBER BILL/2412/756 Q1 - utilities exp- ref 5370,JIOFIBER,True,18%,TRUE,Utilities,0,40373.60688996271,6
TXN0003757,2024-12-29,47185.62,INR,neft wipro bill/2412/757 gst - it services exp /  ref 5112,Wipro,True,18%,TRUE,IT Services,0,126468.91577994218,6
TXN0003758,2024-12-29,2850.01,INR, IMPS RAPIDO INV/2412/758 GST - travel exp,RAPIDO,True,5%,FALSE,Travel,0,7289.080570697585,6
TXN0003759,2024-12-29,3332.27,INR,#upi dominos bill/2412/759 gst - meals exp,DOMINOS,True,5%,FALSE,Meals,0,6551.723901021423,6
TXN0003760,2024-12-29,5524.09,INR,-RTGS Adobe INV/2412/760 FY24 - software exp,Adobe,True,18%,TRUE,Software,0,8985.235438234966,6
TXN0003761,2024-12-29,33166.25,INR,imps tcs pvt ltd bill/2412/761 fy24 - it services exp,TCS Pvt Ltd,True,18%,TRUE,IT Services,0,67425.20399808325,6
TXN0003762,2024-12-30,5584.64,INR,IMPS STAPLES Pvt Ltd RCPT/2412/762 Q2 - office supplies exp- ref 7574,STAPLES Pvt Ltd,True,12%,TRUE,Office Supplies,0,5578.445515106849,0
TXN0003763,2024-12-30,110245.79,INR,upi wework pvt ltd rcpt/2412/763 subs - rent exp /  ref 9791,WEWORK Pvt Ltd,True,18%,TRUE,Rent,0,101282.64882488278,0
TXN0003764,2024-12-30,59825.16,INR, / IMPS Wework BILL/2412/764 ADV - rent exp# ref 5116,Wework,True,18%,TRUE,Rent,0,64750.44526802053,0
TXN0003765,2024-12-30,31899.63,INR,card simplilearn pvt ltd rcpt/2412/765 tds - training exp,SIMPLILEARN Pvt Ltd,True,18%,unknown,Training,0,32619.80090555014,0
TXN0003766,2024-12-30,39948.71,INR,!UPI HCL INDIA PVT LTD BILL/2412/766 RENT - it services exp* ref 1380,HCL INDIA PVT LTD,True,18%,TRUE,IT Services,0,40019.07266936546,0
TXN0003767,2024-12-30,16552.66,INR,#NEFT AIRTEL INDIA PVT LTD BILL/2412/767 FY24 - utilities exp,AIRTEL INDIA PVT LTD,True,18%,TRUE,Utilities,0,14938.169777491239,0
TXN0003768,2024-12-30,7856.55,INR,card ind.igo rcpt/2412/768 fy25 - travel exp,IND.igo,True,5%,FALSE,Travel,0,8880.657524264205,0
TXN0003769,2024-12-30,9129.62,INR,!rtgs jio.fiber inv/2412/769 rent - utilities exp,JIO.fiber,True,18%,TRUE,Utilities,0,9736.468347784808,0
TXN0003770,2024-12-30,24253.87,INR,-RTGS INFY INDIA PVT LTD RCPT/2412/770 ADV - it services exp,INFY INDIA PVT LTD,True,18%,TRUE,IT Services,0,22912.82298902023,0
TXN0003771,2024-12-30,6562.52,INR,card canva bill/2412/771 fy24 - software exp,CANVA,True,18%,TRUE,Software,0,7219.969563878479,0
TXN0003772,2024-12-30,44662.31,INR,RTGS Hcl TAXINV/2412/772 GST - it services exp- ref 9891,Hcl,True,18%,TRUE,IT Services,0,42440.043696908,0
TXN0003773,2024-12-30,5293.48,INR, UPI GOVT FEES INV/2412/773 Q1 - exempt services exp* ref 9049,GOVT FEES,False,exempt,FALSE,Exempt Services,0,4879.528015246267,0
TXN0003774,2024-12-30,15474.1,INR,neft kseb pvt ltd inv/2412/774 q2 - utilities exp,KSEB Pvt Ltd,True,18%,TRUE,Utilities,0,14298.527798979829,0
TXN0003775,2024-12-30,10250.97,INR,auto-debit adobe taxinv/2412/775 q2 - software exp,Adobe,True,exempt,TRUE,Software,1,8435.452939435057,0
TXN0003776,2024-12-31,113269.22,INR,!IMPS Indiqube TAXINV/2412/776 GST - rent exp,Indiqube,True,18%,TRUE,Rent,0,488208.3721571684,1
TXN0003777,2024-12-31,5101.24,INR,CARD Ikea TAXINV/2412/777 ADV - office supplies exp /  ref 2814,Ikea,True,12%,TRUE,Office Supplies,0,11380.07818028663,1
TXN0003778,2024-12-31,2716.98,INR, / rtgs kfc pvt ltd inv/2412/778 gst - meals exp,KFC Pvt Ltd,True,5%,FALSE,Meals,0,8116.764095447603,1
TXN0003779,2024-12-31,40185.75,INR,*RTGS WIPRO Pvt Ltd RCPT/2412/779 TDS - it services exp,WIPRO Pvt Ltd,True,18%,TRUE,IT Services,0,120179.36621801119,1
TXN0003780,2024-12-31,4711.59,INR,CARD RAPIDO Pvt Ltd RCPT/2412/780 FY24 - travel exp,RAPIDO Pvt Ltd,True,5%,FALSE,Travel,0,21769.476292578256,1
TXN0003781,2024-12-31,2352.24,INR,IMPS DOM.inos INV/2412/781 ADV - meals exp,DOM.inos,True,5%,FALSE,Meals,0,10811.876561241206,1
TXN0003782,2024-12-31,9294.67,INR, / card microsoft rcpt/2412/782 fy25 - software exp,MICROSOFT,True,18%,TRUE,Software,0,38096.74655145464,1
TXN0003783,2024-12-31,4820.89,INR, UPI Uber TAXINV/2412/783 Q1 - travel exp* ref 8137,Uber,True,5%,FALSE,Travel,0,9092.002177894597,1
TXN0003784,2024-12-31,6741.72,INR,!rtgs figma bill/2412/784 fy24 - software exp,FIGMA,True,18%,TRUE,Software,0,22170.344560138015,1
TXN0003785,2024-12-31,12585.39,INR,IMPS CANVA INV/2412/785 Q1 - software exp,CANVA,True,18%,TRUE,Software,0,57417.117643005105,1
TXN0003786,2025-01-01,49795.91,INR, rtgs techm bill/2501/786 rent - it services exp* ref 5511,TECHM,True,18%,TRUE,IT Services,0,47054.38655583181,2
TXN0003787,2025-01-01,16007.4,INR,#neft simplilearn india pvt ltd taxinv/2501/787 tds - training exp,SIMPLILEARN INDIA PVT LTD,True,18%,unknown,Training,0,16513.80741961577,2
TXN0003788,2025-01-01,7660.68,INR,imps bescom india pvt ltd bill/2501/788 fy24 - utilities exp,BESCOM INDIA PVT LTD,True,18%,TRUE,Utilities,0,6982.519309518189,2
TXN0003789,2025-01-01,3814.36,INR,imps zom.ato inv/2501/789 q2 - meals exp# ref 2492,ZOM.ato,True,5%,FALSE,Meals,0,3883.423848351631,2
TXN0003790,2025-01-01,10396.98,INR, / auto-debit jiofiber india pvt ltd inv/2501/790 fy24 - utilities exp,JIOFIBER INDIA PVT LTD,True,18%,TRUE,Utilities,0,11751.995568841437,2
TXN0003791,2025-01-01,15281.12,INR, / RTGS AIRTEL Pvt Ltd INV/2501/791 ADV - utilities exp  ref 4432,AIRTEL Pvt Ltd,True,18%,TRUE,Utilities,0,16176.84699356982,2
TXN0003792,2025-01-01,19488.12,INR,*RTGS SIMPLILEARN BILL/2501/792 SUBS - training exp! ref 1085,SIMPLILEARN,True,18%,unknown,Training,0,18684.403002093903,2
TXN0003793,2025-01-01,91129.7,INR,neft wework india pvt ltd bill/2501/793 adv - rent exp- ref 2531,WEWORK INDIA PVT LTD,True,18%,TRUE,Rent,0,93473.54650088445,2
TXN0003794,2025-01-01,29473.0,INR,!auto-debit wipro india pvt ltd bill/2501/794 gst - it services exp* ref 2139,WIPRO INDIA PVT LTD,True,18%,TRUE,IT Services,0,28763.6875311071,2
TXN0003795,2025-01-01,12680.83,INR,CARD BESCOM TAXINV/2501/795 FY24 - utilities exp,BESCOM,True,18%,TRUE,Utilities,0,12690.822728248246,2
TXN0003796,2025-01-01,5082.05,INR,AUTO-DEBIT STAPLES TAXINV/2501/796 Q1 - office supplies exp  ref 4099,STAPLES,True,12%,TRUE,Office Supplies,0,4916.57283524287,2
TXN0003797,2025-01-01,18094.69,INR, CARD HCL INDIA PVT LTD TAXINV/2501/797 GST - it services exp,HCL INDIA PVT LTD,True,18%,TRUE,IT Services,0,17797.330539341765,2
TXN0003798,2025-01-01,30931.47,INR,neft hcl rcpt/2501/798 subs - it services exp,HCL,True,18%,TRUE,IT Services,0,31587.505918781324,2
TXN0003799,2025-01-01,4631.72,INR, / imps dominos india pvt ltd inv/2501/799 adv - meals exp,DOMINOS INDIA PVT LTD,True,5%,FALSE,Meals,0,4171.624064397229,2
TXN0003800,2025-01-01,34957.57,INR,card tcs bill/2501/800 rent - it services exp,TCS,True,18%,TRUE,IT Services,0,31406.304479397993,2
TXN0003801,2025-01-01,3296.06,INR, / IMPS Ikea RCPT/2501/801 ADV - office supplies exp,Ikea,True,12%,TRUE,Office Supplies,0,2838.38804300191,2
TXN0003802,2025-01-01,8492.14,INR,*imps microsoft pvt ltd bill/2501/802 adv - software exp,MICROSOFT Pvt Ltd,True,18%,TRUE,Software,0,7133.167374259986,2
TXN0003803,2025-01-01,16076.32,INR,!RTGS AIRTEL TAXINV/2501/803 RENT - utilities exp,AIRTEL,True,18%,TRUE,Utilities,0,14119.377390940206,2
TXN0003804,2025-01-01,7135.0,INR,IMPS ADOBE Pvt Ltd RCPT/2501/804 SUBS - software exp,ADOBE Pvt Ltd,True,18%,TRUE,Software,0,7248.776498604746,2
TXN0003805,2025-01-01,29442.34,INR,IMPS TCS RCPT/2501/805 ADV - it services exp,TCS,True,18%,TRUE,IT Services,0,26813.764642113267,2
TXN0003806,2025-01-02,21692.61,INR,IMPS BESCOM RCPT/2501/806 SUBS - utilities exp,BESCOM,True,18%,TRUE,Utilities,0,22806.77382629241,3
TXN0003807,2025-01-02,21830.62,INR,NEFT HCL RCPT/2501/807 FY24 - it services exp,HCL,True,18%,TRUE,IT Services,0,21906.402265779263,3
TXN0003808,2025-01-02,14695.79,INR,NEFT AIRTEL INDIA PVT LTD RCPT/2501/808 Q2 - utilities exp! ref 5453,AIRTEL INDIA PVT LTD,True,12%,TRUE,Utilities,1,11802.917546519919,3
TXN0003809,2025-01-02,3386.41,INR, / upi roc fees bill/2501/809 fy25 - exempt services exp,Roc Fees,False,exempt,FALSE,Exempt Services,0,3608.2115868164174,3
TXN0003810,2025-01-02,5171.1,INR,IMPS STAPLES INDIA PVT LTD BILL/2501/810 RENT - office supplies exp,STAPLES INDIA PVT LTD,True,12%,TRUE,Office Supplies,0,5590.3720876219295,3
TXN0003811,2025-01-02,38605.97,INR, / AUTO-DEBIT TCS Pvt Ltd INV/2501/811 ADV - it services exp,TCS Pvt Ltd,True,18%,TRUE,IT Services,0,34769.06673912059,3
TXN0003812,2025-01-02,11353.03,INR,CARD AIRTEL INDIA PVT LTD RCPT/2501/812 Q1 - utilities exp,AIRTEL INDIA PVT LTD,True,18%,TRUE,Utilities,0,11830.074719223314,3
TXN0003813,2025-01-02,70735.62,INR,!imps wework pvt ltd taxinv/2501/813 fy25 - rent exp,WEWORK Pvt Ltd,True,18%,TRUE,Rent,0,64677.12661479531,3
TXN0003814,2025-01-02,128433.25,INR,*auto-debit indiqube pvt ltd bill/2501/814 fy24 - rent exp* ref 6671,INDIQUBE Pvt Ltd,True,18%,TRUE,Rent,0,129687.66239145132,3
TXN0003815,2025-01-02,54410.4,INR,card indigo rcpt/2501/815 rent - travel exp- ref 3604,INDIGO,True,5%,FALSE,Travel,1,47530.21358782175,3
TXN0003816,2025-01-02,3490.91,INR,IMPS OFFICE DEPOT Pvt Ltd RCPT/2501/816 FY24 - office supplies exp,OFFICE DEPOT Pvt Ltd,True,12%,TRUE,Office Supplies,0,2864.952675378252,3
TXN0003817,2025-01-02,31545.81,INR, / neft coursera india pvt ltd bill/2501/817 fy24 - training exp,COURSERA INDIA PVT LTD,True,18%,unknown,Training,0,30338.182167173534,3
TXN0003818,2025-01-02,33375.47,INR,UPI HCL BILL/2501/818 RENT - it services exp,HCL,True,18%,TRUE,IT Services,0,32962.51882654726,3
TXN0003819,2025-01-03,25732.94,INR,*auto-debit hcl pvt ltd bill/2501/819 q2 - it services exp,HCL Pvt Ltd,True,18%,TRUE,IT Services,0,24709.5932304997,4
TXN0003820,2025-01-03,5452.0,INR,*IMPS OFFICE DEPOT INDIA PVT LTD INV/2501/820 FY24 - office supplies exp,OFFICE DEPOT INDIA PVT LTD,True,12%,TRUE,Office Supplies,0,4806.466539657061,4
TXN0003821,2025-01-03,3912.63,INR,NEFT GOVT FEES INV/2501/821 TDS - exempt services exp,GOVT FEES,False,exempt,FALSE,Exempt Services,0,3756.164293253385,4
TXN0003822,2025-01-03,9498.7,INR,UPI MIC.rosoft INV/2501/822 FY24 - software exp,MIC.rosoft,True,18%,TRUE,Software,0,9754.495006633862,4
TXN0003823,2025-01-03,4927.54,INR,AUTO-DEBIT IKEA TAXINV/2501/823 SUBS - office supplies exp /  ref 3676,IKEA,True,12%,TRUE,Office Supplies,0,4905.418779834999,4
TXN0003824,2025-01-03,196338.08,INR,*card infy rcpt/2501/824 subs - it services exp,INFY,True,18%,TRUE,IT Services,1,199921.27019458706,4
TXN0003825,2025-01-03,46970.06,INR,AUTO-DEBIT Techm TAXINV/2501/825 Q2 - it services exp,Techm,True,18%,TRUE,IT Services,0,43822.52488277526,4
TXN0003826,2025-01-03,4934.37,INR,-upi swiggy taxinv/2501/826 rent - meals exp,Swiggy,True,5%,FALSE,Meals,0,5512.5389726837975,4
TXN0003827,2025-01-03,88577.26,INR,#NEFT WEWORK INV/2501/827 TDS - rent exp* ref 8967,WEWORK,True,18%,TRUE,Rent,0,78159.03885629195,4
TXN0003828,2025-01-03,30939.46,INR,*NEFT TECHM TAXINV/2501/828 FY24 - it services exp,TECHM,True,18%,TRUE,IT Services,0,32447.94523093026,4
TXN0003829,2025-01-03,6658.75,INR,UPI IKEA Pvt Ltd TAXINV/2501/829 ADV - office supplies exp  ref 2184,IKEA Pvt Ltd,True,12%,TRUE,Office Supplies,0,7445.741731524714,4
TXN0003830,2025-01-03,3191.02,INR,CARD STAMP DUTY TAXINV/2501/830 FY24 - exempt services exp,STAMP DUTY,False,exempt,FALSE,Exempt Services,0,3344.4787342123577,4
TXN0003831,2025-01-03,41838.91,INR,#IMPS TECHM INDIA PVT LTD TAXINV/2501/831 FY24 - it services exp,TECHM INDIA PVT LTD,True,18%,TRUE,IT Services,0,40991.57070910151,4
TXN0003832,2025-01-03,8385.42,INR,*neft ola pvt ltd bill/2501/832 q1 - travel exp# ref 7533,OLA Pvt Ltd,True,5%,FALSE,Travel,0,7942.420737897132,4
TXN0003833,2025-01-04,41798.08,INR,UPI Indiqube INV/2501/833 Q1 - rent exp,Indiqube,True,18%,TRUE,Rent,0,36902.98196203548,5
TXN0003834,2025-01-04,24236.06,INR,!upi wipro rcpt/2501/834 tds - it services exp,Wipro,True,18%,TRUE,IT Services,0,16629.86354662901,5
TXN0003835,2025-01-04,33681.94,INR,AUTO-DEBIT INFY TAXINV/2501/835 SUBS - it services exp /  ref 1173,INFY,True,18%,TRUE,IT Services,0,24331.49862954788,5
TXN0003836,2025-01-04,38255.01,INR,NEFT WIPRO RCPT/2501/836 RENT - it services exp,WIPRO,True,18%,TRUE,IT Services,0,29387.321896442925,5
TXN0003837,2025-01-04,3374.29,INR, / neft rapido bill/2501/837 q1 - travel exp,Rapido,True,5%,FALSE,Travel,0,3033.528215794813,5
TXN0003838,2025-01-04,9680.38,INR,#RTGS AIRTEL RCPT/2501/838 Q2 - utilities exp,AIRTEL,True,18%,TRUE,Utilities,0,8038.4076022862055,5
TXN0003839,2025-01-04,12726.8,INR,-AUTO-DEBIT JIOFIBER Pvt Ltd TAXINV/2501/839 Q1 - utilities exp,JIOFIBER Pvt Ltd,True,18%,TRUE,Utilities,0,9195.830019247345,5
TXN0003840,2025-01-04,9460.53,INR,RTGS Ikea RCPT/2501/840 FY25 - office supplies exp* ref 9852,Ikea,True,12%,TRUE,Office Supplies,0,7333.569971517998,5
TXN0003841,2025-01-04,3695.83,INR,*neft ola rcpt/2501/841 fy25 - travel exp,OLA,True,5%,FALSE,Travel,0,2775.0292875483674,5
TXN0003842,2025-01-04,3498.79,INR,imps zomato bill/2501/842 tds - meals exp,Zomato,True,5%,FALSE,Meals,0,2600.359789749058,5
TXN0003843,2025-01-04,6644.86,INR,AUTO-DEBIT STAMP DUTY TAXINV/2501/843 FY24 - exempt services exp,STAMP DUTY,False,exempt,FALSE,Exempt Services,0,5836.254725765728,5
TXN0003844,2025-01-04,6844.8,INR,rtgs ikea pvt ltd bill/2501/844 subs - office supplies exp# ref 9589,IKEA Pvt Ltd,True,12%,TRUE,Office Supplies,0,4724.695410305373,5
TXN0003845,2025-01-04,39710.0,INR,rtgs tcs india pvt ltd bill/2501/845 q1 - it services exp,TCS INDIA PVT LTD,True,18%,TRUE,IT Services,0,36878.77502249696,5
TXN0003846,2025-01-04,1723.18,INR,*imps zomato pvt ltd inv/2501/846 fy25 - meals exp,ZOMATO Pvt Ltd,True,5%,FALSE,Meals,0,1492.7191070025874,5
TXN0003847,2025-01-04,87724.35,INR,AUTO-DEBIT WEWORK Pvt Ltd RCPT/2501/847 SUBS - rent exp# ref 1714,WEWORK Pvt Ltd,True,18%,TRUE,Rent,0,77835.09047948988,5
TXN0003848,2025-01-04,29788.33,INR,-UPI TECHM INDIA PVT LTD RCPT/2501/848 ADV - it services exp /  ref 4436,TECHM INDIA PVT LTD,True,18%,TRUE,IT Services,0,22727.448403660215,5
TXN0003849,2025-01-04,4225.75,INR,-auto-debit ikea pvt ltd taxinv/2501/849 q1 - office supplies exp,IKEA Pvt Ltd,True,12%,TRUE,Office Supplies,0,3329.9110405081165,5
TXN0003850,2025-01-04,11262.46,INR,UPI ADOBE INDIA PVT LTD TAXINV/2501/850 ADV - software exp,ADOBE INDIA PVT LTD,True,18%,TRUE,Software,0,7718.702801199041,5
TXN0003851,2025-01-05,4026.45,INR,-RTGS SWI.ggy RCPT/2501/851 GST - meals exp,SWI.ggy,True,5%,FALSE,Meals,0,3052.15784408527,6
TXN0003852,2025-01-05,11147.81,INR,#neft kse.b taxinv/2501/852 fy25 - utilities exp,KSE.b,True,18%,TRUE,Utilities,0,9358.501635768383,6
TXN0003853,2025-01-05,102055.95,INR, auto-debit indiqube pvt ltd bill/2501/853 q2 - rent exp,INDIQUBE Pvt Ltd,True,18%,TRUE,Rent,0,92226.43576240074,6
TXN0003854,2025-01-05,7041.19,INR,AUTO-DEBIT Rapido RCPT/2501/854 GST - travel exp,Rapido,True,5%,FALSE,Travel,0,5009.2958794479,6
TXN0003855,2025-01-05,6119.69,INR, / RTGS FIGMA BILL/2501/855 GST - software exp,FIGMA,True,18%,TRUE,Software,0,4716.809357799251,6
TXN0003856,2025-01-05,1765.84,INR,CARD KFC Pvt Ltd INV/2501/856 FY25 - meals exp,KFC Pvt Ltd,True,5%,FALSE,Meals,0,1391.2983827955682,6
TXN0003857,2025-01-05,16024.91,INR,CARD JIOFIBER BILL/2501/857 SUBS - utilities exp,JIOFIBER,True,18%,TRUE,Utilities,0,11030.53629247149,6
TXN0003858,2025-01-05,6059.81,INR,RTGS Ikea BILL/2501/858 RENT - office supplies exp- ref 2053,Ikea,True,12%,TRUE,Office Supplies,0,5134.525123895999,6
TXN0003859,2025-01-05,39594.32,INR,-CARD WIPRO Pvt Ltd BILL/2501/859 FY24 - it services exp! ref 1779,WIPRO Pvt Ltd,True,18%,TRUE,IT Services,0,29382.183610246164,6
TXN0003860,2025-01-05,2702.1,INR,RTGS DOM.inos RCPT/2501/860 Q1 - meals exp /  ref 7376,DOM.inos,True,5%,FALSE,Meals,0,2119.442858566765,6
TXN0003861,2025-01-05,4679.8,INR,IMPS OFF.ice depot TAXINV/2501/861 FY25 - office supplies exp,OFF.ice depot,True,12%,TRUE,Office Supplies,0,3574.6373863461445,6
TXN0003862,2025-01-06,143539.1,INR,imps awfis pvt ltd inv/2501/862 adv - rent exp /  ref 1487,AWFIS Pvt Ltd,True,18%,TRUE,Rent,0,132209.00612936533,0
TXN0003863,2025-01-06,13920.56,INR,IMPS Upgrad RCPT/2501/863 ADV - training exp  ref 8882,Upgrad,True,18%,unknown,Training,0,13910.75298569188,0
TXN0003864,2025-01-06,5599.45,INR,*IMPS INDIGO Pvt Ltd BILL/2501/864 FY25 - travel exp,INDIGO Pvt Ltd,True,5%,FALSE,Travel,0,5478.7204945287285,0
TXN0003865,2025-01-06,112320.89,INR,CARD IND.iqube TAXINV/2501/865 GST - rent exp,IND.iqube,True,18%,TRUE,Rent,0,108144.14917089451,0
TXN0003866,2025-01-06,6705.64,INR, / UPI IKEA RCPT/2501/866 ADV - office supplies exp,IKEA,True,12%,TRUE,Office Supplies,0,6217.159861119543,0
TXN0003867,2025-01-06,21113.22,INR,-auto-debit wipro india pvt ltd taxinv/2501/867 tds - it services exp,WIPRO INDIA PVT LTD,True,18%,TRUE,IT Services,0,21787.839466966812,0
TXN0003868,2025-01-06,21436.38,INR,#upi wipro taxinv/2501/868 q2 - it services exp,WIPRO,True,18%,TRUE,IT Services,0,24981.136814196267,0
TXN0003869,2025-01-06,23525.69,INR,IMPS UPG.rad BILL/2501/869 Q2 - training exp,UPG.rad,True,18%,unknown,Training,0,23854.78436747311,0
TXN0003870,2025-01-06,81847.6,INR,*upi indiqube inv/2501/870 fy24 - rent exp,INDIQUBE,True,18%,TRUE,Rent,0,90000.58852067601,0
TXN0003871,2025-01-06,17982.77,INR,RTGS JIOFIBER RCPT/2501/871 FY25 - utilities exp  ref 5058,JIOFIBER,True,18%,TRUE,Utilities,0,15482.765887100806,0
TXN0003872,2025-01-06,3305.9,INR,UPI INDIGO RCPT/2501/872 TDS - travel exp,INDIGO,True,5%,FALSE,Travel,0,3358.054354216127,0
TXN0003873,2025-01-06,23590.75,INR,!upi techm inv/2501/873 fy25 - it services exp,Techm,True,18%,TRUE,IT Services,0,21001.97583292333,0
TXN0003874,2025-01-06,35480.18,INR,*AUTO-DEBIT TCS Pvt Ltd BILL/2501/874 GST - it services exp,TCS Pvt Ltd,True,18%,TRUE,IT Services,0,30240.023772468117,0
TXN0003875,2025-01-06,10819.76,INR,NEFT AIRTEL TAXINV/2501/875 Q1 - utilities exp,AIRTEL,True,18%,TRUE,Utilities,0,10019.777882043101,0
TXN0003876,2025-01-06,13640.66,INR, / rtgs bescom india pvt ltd inv/2501/876 q2 - utilities exp,BESCOM INDIA PVT LTD,True,18%,TRUE,Utilities,0,15266.489357496184,0
TXN0003877,2025-01-06,31585.83,INR, / upi tcs rcpt/2501/877 fy25 - it services exp,TCS,True,18%,TRUE,IT Services,0,34586.53384616686,0
TXN0003878,2025-01-06,34754.1,INR, / NEFT INFY Pvt Ltd TAXINV/2501/878 SUBS - it services exp,INFY Pvt Ltd,True,18%,TRUE,IT Services,0,35598.64104107508,0
TXN0003879,2025-01-06,2285.5,INR,IMPS SWIGGY Pvt Ltd RCPT/2501/879 TDS - meals exp,SWIGGY Pvt Ltd,True,5%,FALSE,Meals,0,1935.2012870371561,0
TXN0003880,2025-01-07,30280.46,INR,RTGS UPGRAD BILL/2501/880 ADV - training exp,UPGRAD,True,18%,unknown,Training,0,29686.113158687363,1
TXN0003881,2025-01-07,68908.12,INR,rtgs wework india pvt ltd taxinv/2501/881 subs - rent exp,WEWORK INDIA PVT LTD,True,18%,TRUE,Rent,0,70987.07804174018,1
TXN0003882,2025-01-07,31807.33,INR,IMPS WIP.ro INV/2501/882 RENT - it services exp,WIP.ro,True,18%,TRUE,IT Services,0,32365.66387811623,1
TXN0003883,2025-01-07,14509.68,INR,rtgs kseb pvt ltd taxinv/2501/883 fy25 - utilities exp,KSEB Pvt Ltd,True,18%,TRUE,Utilities,0,11834.394511764109,1
TXN0003884,2025-01-07,39787.33,INR,imps techm taxinv/2501/884 q1 - it services exp,Techm,True,18%,TRUE,IT Services,0,36244.99299759435,1
TXN0003885,2025-01-07,22894.78,INR,neft techm pvt ltd inv/2501/885 fy25 - it services exp  ref 1647,TECHM Pvt Ltd,True,18%,TRUE,IT Services,0,22748.075368692324,1
TXN0003886,2025-01-07,5394.02,INR, / rtgs office depot pvt ltd rcpt/2501/886 fy25 - office supplies exp,OFFICE DEPOT Pvt Ltd,True,12%,TRUE,Office Supplies,0,5683.296389175392,1
TXN0003887,2025-01-07,3007.02,INR,card swiggy india pvt ltd inv/2501/887 rent - meals exp,SWIGGY INDIA PVT LTD,True,5%,FALSE,Meals,0,2346.6399719396036,1
TXN0003888,2025-01-07,37794.58,INR,neft hcl inv/2501/888 subs - it services exp,HCL,True,18%,TRUE,IT Services,0,37181.839243880844,1
TXN0003889,2025-01-07,3044.82,INR, / NEFT ZOMATO RCPT/2501/889 ADV - meals exp,ZOMATO,True,5%,FALSE,Meals,0,3088.3757755502834,1
TXN0003890,2025-01-07,4058.71,INR,AUTO-DEBIT OFFICE DEPOT TAXINV/2501/890 Q1 - office supplies exp /  ref 5112,OFFICE DEPOT,True,12%,TRUE,Office Supplies,0,4403.542867391064,1
TXN0003891,2025-01-07,103175.49,INR,AUTO-DEBIT WEWORK TAXINV/2501/891 ADV - rent exp,WEWORK,True,18%,TRUE,Rent,0,110324.08207539139,1
TXN0003892,2025-01-08,10425.74,INR,AUTO-DEBIT STAMP DUTY Pvt Ltd TAXINV/2501/892 RENT - exempt services exp- ref 4287,STAMP DUTY Pvt Ltd,False,exempt,FALSE,Exempt Services,0,11033.11371013577,2
TXN0003893,2025-01-08,17509.03,INR,*AUTO-DEBIT COURSERA TAXINV/2501/893 Q1 - training exp* ref 5079,COURSERA,True,18%,unknown,Training,0,16108.411766994062,2
TXN0003894,2025-01-08,135157.06,INR,IMPS AWFIS TAXINV/2501/894 FY24 - rent exp- ref 9206,AWFIS,True,18%,TRUE,Rent,0,109369.06406726968,2
TXN0003895,2025-01-08,5102.61,INR,RTGS Staples RCPT/2501/895 TDS - office supplies exp,Staples,True,12%,TRUE,Office Supplies,0,4902.050507129093,2
TXN0003896,2025-01-08,39197.48,INR,imps wipro india pvt ltd inv/2501/896 q1 - it services exp- ref 3380,WIPRO INDIA PVT LTD,True,18%,TRUE,IT Services,0,43123.62434359761,2
TXN0003897,2025-01-08,12690.74,INR, / NEFT MICROSOFT INDIA PVT LTD BILL/2501/897 Q2 - software exp,MICROSOFT INDIA PVT LTD,True,18%,TRUE,Software,0,14459.13691106354,2
TXN0003898,2025-01-08,23847.96,INR, / AUTO-DEBIT UPGRAD INDIA PVT LTD RCPT/2501/898 TDS - training exp,UPGRAD INDIA PVT LTD,True,18%,unknown,Training,0,25542.47465696335,2
TXN0003899,2025-01-08,10636.85,INR,-rtgs figma inv/2501/899 tds - software exp* ref 9807,FIGMA,True,18%,TRUE,Software,0,11093.533393101863,2
TXN0003900,2025-01-08,3448.29,INR,UPI RAPIDO INDIA PVT LTD INV/2501/900 ADV - travel exp- ref 4276,RAPIDO INDIA PVT LTD,True,5%,FALSE,Travel,0,3579.200760313284,2
TXN0003901,2025-01-08,43111.46,INR,RTGS Wework INV/2501/901 Q2 - rent exp,Wework,True,18%,TRUE,Rent,0,40713.95088937724,2
TXN0003902,2025-01-08,12712.12,INR,!IMPS MICROSOFT RCPT/2501/902 TDS - software exp,MICROSOFT,True,18%,TRUE,Software,0,12546.785794111116,2
TXN0003903,2025-01-08,50440.67,INR,!RTGS HCL INDIA PVT LTD BILL/2501/903 FY25 - it services exp,HCL INDIA PVT LTD,True,18%,TRUE,IT Services,0,58859.56851592625,2
TXN0003904,2025-01-08,629145.76,INR,*IMPS INDIQUBE TAXINV/2501/904 TDS - rent exp,INDIQUBE,True,18%,TRUE,Rent,1,569845.1227101986,2
TXN0003905,2025-01-08,15153.51,INR,card kseb inv/2501/905 q1 - utilities exp# ref 8866,KSEB,True,18%,TRUE,Utilities,0,17600.466655280965,2
TXN0003906,2025-01-08,11487.73,INR,!UPI AIR.tel BILL/2501/906 Q1 - utilities exp /  ref 4928,AIR.tel,True,18%,TRUE,Utilities,0,11117.792750879693,2
TXN0003907,2025-01-08,86206.54,INR,#imps awfis india pvt ltd inv/2501/907 subs - rent exp  ref 7316,AWFIS INDIA PVT LTD,True,18%,TRUE,Rent,0,97632.63161299893,2
TXN0003908,2025-01-08,4818.46,INR,UPI ADO.be BILL/2501/908 GST - software exp,ADO.be,True,18%,TRUE,Software,0,4140.591814933649,2
TXN0003909,2025-01-08,20070.62,INR,#upi coursera taxinv/2501/909 q1 - training exp- ref 3069,COURSERA,True,18%,unknown,Training,0,21246.56605779792,2
TXN0003910,2025-01-08,30791.37,INR,card tcs bill/2501/910 subs - it services exp,Tcs,True,18%,TRUE,IT Services,0,28522.753813908646,2
TXN0003911,2025-01-09,4340.74,INR,CARD IND.igo RCPT/2501/911 TDS - travel exp* ref 9042,IND.igo,True,5%,FALSE,Travel,0,3726.4093089327,3
TXN0003912,2025-01-09,89382.37,INR,#rtgs awfis pvt ltd taxinv/2501/912 fy24 - rent exp,AWFIS Pvt Ltd,True,18%,TRUE,Rent,0,91335.67906363707,3
TXN0003913,2025-01-09,3420.02,INR,RTGS DOMINOS RCPT/2501/913 RENT - meals exp! ref 4765,DOMINOS,True,5%,FALSE,Meals,0,3765.261370643398,3
TXN0003914,2025-01-09,25132.57,INR,-AUTO-DEBIT HCL BILL/2501/914 SUBS - it services exp,HCL,True,18%,TRUE,IT Services,0,23009.015014864824,3
TXN0003915,2025-01-09,11144.82,INR,*rtgs airtel inv/2501/915 fy25 - utilities exp,AIRTEL,True,18%,TRUE,Utilities,0,9474.1936943564,3
TXN0003916,2025-01-09,3832.98,INR,AUTO-DEBIT INDIGO RCPT/2501/916 SUBS - travel exp,INDIGO,True,5%,FALSE,Travel,0,3797.7760855199404,3
TXN0003917,2025-01-09,11131.6,INR,upi bescom taxinv/2501/917 adv - utilities exp* ref 2053,Bescom,True,18%,TRUE,Utilities,0,11034.270489418393,3
TXN0003918,2025-01-09,4975.54,INR,CARD RAPIDO BILL/2501/918 Q1 - travel exp* ref 2202,RAPIDO,True,5%,FALSE,Travel,0,5248.358623968251,3
TXN0003919,2025-01-09,4817.34,INR,!UPI Office Depot RCPT/2501/919 FY24 - office supplies exp /  ref 7141,Office Depot,True,12%,TRUE,Office Supplies,0,5274.791991241701,3
TXN0003920,2025-01-09,37829.03,INR, / NEFT TCS INDIA PVT LTD INV/2501/920 FY24 - it services exp! ref 4086,TCS INDIA PVT LTD,True,18%,TRUE,IT Services,0,37604.26813251874,3
TXN0003921,2025-01-09,4536.56,INR,IMPS OFFICE DEPOT Pvt Ltd TAXINV/2501/921 ADV - office supplies exp,OFFICE DEPOT Pvt Ltd,True,12%,TRUE,Office Supplies,0,5378.320211776307,3
TXN0003922,2025-01-09,12451.62,INR,!imps airtel pvt ltd bill/2501/922 q1 - utilities exp /  ref 9596,AIRTEL Pvt Ltd,True,18%,TRUE,Utilities,0,12730.828582975055,3
TXN0003923,2025-01-09,24142.8,INR,UPI GOVT FEES BILL/2501/923 ADV - exempt services exp,GOVT FEES,False,exempt,FALSE,Exempt Services,1,23306.429415077662,3
TXN0003924,2025-01-09,7715.27,INR,!UPI UBER INDIA PVT LTD TAXINV/2501/924 Q2 - travel exp  ref 7593,UBER INDIA PVT LTD,True,5%,FALSE,Travel,0,6471.9022701334725,3
TXN0003925,2025-01-09,4583.37,INR,-RTGS CANVA Pvt Ltd TAXINV/2501/925 SUBS - software exp,CANVA Pvt Ltd,True,18%,TRUE,Software,0,4462.983423436849,3
TXN0003926,2025-01-09,8500.08,INR,#NEFT Airtel INV/2501/926 FY25 - utilities exp- ref 4615,Airtel,True,18%,TRUE,Utilities,0,8214.148405304972,3
TXN0003927,2025-01-09,4746.78,INR,*card office depot inv/2501/927 fy25 - office supplies exp,Office Depot,True,12%,TRUE,Office Supplies,0,5202.615560089295,3
TXN0003928,2025-01-09,13680.94,INR,AUTO-DEBIT CANVA Pvt Ltd INV/2501/928 FY24 - software exp! ref 4667,CANVA Pvt Ltd,True,18%,TRUE,Software,0,14313.661071184119,3
TXN0003929,2025-01-09,27049.5,INR,card hcl inv/2501/929 subs - it services exp,Hcl,True,18%,TRUE,IT Services,0,23859.36549443985,3
TXN0003930,2025-01-09,4143.17,INR,!AUTO-DEBIT RAPIDO INDIA PVT LTD RCPT/2501/930 RENT - travel exp* ref 3479,RAPIDO INDIA PVT LTD,True,5%,FALSE,Travel,0,4214.537920614662,3
TXN0003931,2025-01-09,4858.2,INR,CARD OLA INV/2501/931 SUBS - travel exp,OLA,True,5%,FALSE,Travel,0,5184.443273849409,3
TXN0003932,2025-01-09,37167.88,INR, / UPI WIPRO INV/2501/932 TDS - it services exp,WIPRO,True,18%,TRUE,IT Services,0,42847.248620196384,3
TXN0003933,2025-01-10,28883.71,INR, / upi hcl bill/2501/933 fy25 - it services exp,HCL,True,18%,TRUE,IT Services,0,31447.150721863716,4
TXN0003934,2025-01-10,4375.38,INR,NEFT STAMP DUTY INDIA PVT LTD RCPT/2501/934 Q2 - exempt services exp- ref 4060,STAMP DUTY INDIA PVT LTD,False,exempt,FALSE,Exempt Services,0,4708.279323434135,4
TXN0003935,2025-01-10,14425.59,INR, / card jio.fiber bill/2501/935 tds - utilities exp,JIO.fiber,True,18%,TRUE,Utilities,0,14512.267592306058,4
TXN0003936,2025-01-10,33708.52,INR,auto-debit techm bill/2501/936 rent - it services exp,Techm,True,18%,TRUE,IT Services,0,35017.462300105646,4
TXN0003937,2025-01-10,6572.44,INR,IMPS OLA Pvt Ltd INV/2501/937 RENT - travel exp,OLA Pvt Ltd,True,5%,FALSE,Travel,0,7393.669598959717,4
TXN0003938,2025-01-10,6305.1,INR,-imps ola bill/2501/938 fy24 - travel exp,Ola,True,5%,FALSE,Travel,0,5464.770523115107,4
TXN0003939,2025-01-10,101808.54,INR, / imps wework pvt ltd taxinv/2501/939 fy24 - rent exp# ref 4469,WEWORK Pvt Ltd,True,18%,TRUE,Rent,0,98250.94922774594,4
TXN0003940,2025-01-10,8403.2,INR, UPI JIOFIBER Pvt Ltd BILL/2501/940 RENT - utilities exp,JIOFIBER Pvt Ltd,True,18%,TRUE,Utilities,0,7753.995029045157,4
TXN0003941,2025-01-10,54621.06,INR,-neft indiqube pvt ltd taxinv/2501/941 adv - rent exp  ref 4140,INDIQUBE Pvt Ltd,True,18%,TRUE,Rent,0,56692.03452471267,4
TXN0003942,2025-01-10,24966.6,INR,AUTO-DEBIT SIM.plilearn TAXINV/2501/942 TDS - training exp,SIM.plilearn,True,18%,unknown,Training,0,28038.046497060295,4
TXN0003943,2025-01-10,5976.81,INR, / imps staples inv/2501/943 rent - office supplies exp# ref 1649,Staples,True,12%,TRUE,Office Supplies,0,5620.009811338262,4
TXN0003944,2025-01-10,4857.33,INR,rtgs staples taxinv/2501/944 gst - office supplies exp- ref 1901,Staples,True,12%,TRUE,Office Supplies,0,3696.2802886759673,4
TXN0003945,2025-01-10,4203.65,INR,AUTO-DEBIT STAPLES TAXINV/2501/945 FY24 - office supplies exp,STAPLES,True,12%,TRUE,Office Supplies,0,4030.3668265177885,4
TXN0003946,2025-01-11,6035.91,INR,RTGS MIC.rosoft BILL/2501/946 TDS - software exp- ref 5475,MIC.rosoft,True,18%,TRUE,Software,0,5269.819618705696,5
TXN0003947,2025-01-11,33566.26,INR,*card infy inv/2501/947 q2 - it services exp,INFY,True,18%,TRUE,IT Services,0,28296.706008495235,5
TXN0003948,2025-01-11,12517.73,INR,AUTO-DEBIT AIRTEL RCPT/2501/948 FY24 - utilities exp* ref 7160,AIRTEL,True,18%,TRUE,Utilities,0,10442.97758718447,5
TXN0003949,2025-01-11,3187.69,INR,-IMPS Zomato RCPT/2501/949 TDS - meals exp,Zomato,True,5%,FALSE,Meals,0,2478.7494521238195,5
TXN0003950,2025-01-11,12192.18,INR, / card bescom pvt ltd taxinv/2501/950 subs - utilities exp,BESCOM Pvt Ltd,True,18%,TRUE,Utilities,0,8506.210163078069,5
TXN0003951,2025-01-11,6592.2,INR,*NEFT JIOFIBER BILL/2501/951 FY25 - utilities exp,JIOFIBER,True,18%,TRUE,Utilities,0,5545.513858161025,5
TXN0003952,2025-01-11,5018.39,INR,*imps indigo india pvt ltd bill/2501/952 q1 - travel exp,INDIGO INDIA PVT LTD,True,5%,FALSE,Travel,0,3679.7718805872278,5
TXN0003953,2025-01-11,7816.69,INR,UPI MIC.rosoft TAXINV/2501/953 Q1 - software exp,MIC.rosoft,True,18%,TRUE,Software,0,7619.144567587815,5
TXN0003954,2025-01-11,5779.58,INR,-IMPS IKEA Pvt Ltd RCPT/2501/954 TDS - office supplies exp,IKEA Pvt Ltd,True,12%,TRUE,Office Supplies,0,4887.447364100927,5
TXN0003955,2025-01-12,9240.0,INR,UPI KSEB INV/2501/955 FY24 - utilities exp,KSEB,True,18%,TRUE,Utilities,0,6962.78477475212,6
TXN0003956,2025-01-12,25462.95,INR,AUTO-DEBIT Upgrad BILL/2501/956 GST - training exp,Upgrad,True,18%,unknown,Training,0,19124.94624120046,6
TXN0003957,2025-01-12,7488.28,INR,neft office depot india pvt ltd inv/2501/957 q2 - office supplies exp,OFFICE DEPOT INDIA PVT LTD,True,12%,TRUE,Office Supplies,0,5934.944620519967,6
TXN0003958,2025-01-12,13691.31,INR,neft figma rcpt/2501/958 tds - software exp,FIGMA,True,18%,TRUE,Software,0,10690.720395200353,6
TXN0003959,2025-01-12,29307.49,INR,-AUTO-DEBIT TCS RCPT/2501/959 FY24 - it services exp,TCS,True,18%,TRUE,IT Services,0,26064.519576640516,6
TXN0003960,2025-01-12,30950.98,INR,#IMPS TCS INDIA PVT LTD RCPT/2501/960 SUBS - it services exp,TCS INDIA PVT LTD,True,18%,TRUE,IT Services,0,25222.365051313966,6
TXN0003961,2025-01-12,9163.28,INR,RTGS KSEB BILL/2501/961 ADV - utilities exp,KSEB,True,18%,TRUE,Utilities,0,6794.292281559542,6
TXN0003962,2025-01-12,46858.14,INR,IMPS TCS INDIA PVT LTD BILL/2501/962 RENT - it services exp* ref 1337,TCS INDIA PVT LTD,True,18%,TRUE,IT Services,0,44573.11474293805,6
TXN0003963,2025-01-12,97160.65,INR,NEFT WEWORK RCPT/2501/963 GST - rent exp* ref 9434,WEWORK,True,18%,TRUE,Rent,0,78111.78636327363,6
TXN0003964,2025-01-12,4066.58,INR,AUTO-DEBIT INDIGO Pvt Ltd BILL/2501/964 ADV - travel exp,INDIGO Pvt Ltd,True,5%,FALSE,Travel,0,3503.387843960128,6
TXN0003965,2025-01-12,24877.18,INR,card infy rcpt/2501/965 adv - it services exp,Infy,True,18%,TRUE,IT Services,0,18691.26717548203,6
TXN0003966,2025-01-12,50532.28,INR, / card indiqube taxinv/2501/966 q2 - rent exp,INDIQUBE,True,18%,TRUE,Rent,0,41893.74884588496,6
TXN0003967,2025-01-12,8051.87,INR,RTGS UBE.r RCPT/2501/967 RENT - travel exp* ref 6858,UBE.r,True,5%,FALSE,Travel,0,6641.897376350893,6
TXN0003968,2025-01-12,34745.44,INR, / imps tcs taxinv/2501/968 rent - it services exp! ref 5160,Tcs,True,18%,TRUE,IT Services,0,22543.816312034454,6
TXN0003969,2025-01-12,8515.35,INR,RTGS IKE.a RCPT/2501/969 SUBS - office supplies exp,IKE.a,True,12%,TRUE,Office Supplies,0,8185.141832948882,6
TXN0003970,2025-01-12,3296.8,INR,rtgs gov.t fees bill/2501/970 fy24 - exempt services exp* ref 5482,GOV.t fees,False,exempt,FALSE,Exempt Services,0,2977.839732701557,6
TXN0003971,2025-01-12,45739.4,INR, / RTGS WIP.ro TAXINV/2501/971 GST - it services exp,WIP.ro,True,18%,TRUE,IT Services,0,35138.12196453378,6
TXN0003972,2025-01-12,7784.05,INR,CARD Ikea BILL/2501/972 Q2 - office supplies exp  ref 1172,Ikea,True,12%,TRUE,Office Supplies,0,5540.830178144368,6
TXN0003973,2025-01-13,10288.22,INR,IMPS MIC.rosoft INV/2501/973 FY24 - software exp  ref 9413,MIC.rosoft,True,18%,TRUE,Software,0,10645.799034636599,0
TXN0003974,2025-01-13,2696.29,INR,auto-debit zomato inv/2501/974 fy24 - meals exp,ZOMATO,True,5%,FALSE,Meals,0,2719.6662139954046,0
TXN0003975,2025-01-13,2583.52,INR,-auto-debit govt fees india pvt ltd rcpt/2501/975 subs - exempt services exp,GOVT FEES INDIA PVT LTD,False,exempt,FALSE,Exempt Services,0,2675.4077841992075,0
TXN0003976,2025-01-13,29677.11,INR,IMPS HCL Pvt Ltd TAXINV/2501/976 GST - it services exp,HCL Pvt Ltd,True,18%,TRUE,IT Services,0,30245.656346036558,0
TXN0003977,2025-01-13,82787.12,INR,#imps wew.ork taxinv/2501/977 q1 - rent exp- ref 9367,WEW.ork,True,18%,TRUE,Rent,0,86978.14335305884,0
TXN0003978,2025-01-13,5573.7,INR,AUTO-DEBIT Canva RCPT/2501/978 FY25 - software exp  ref 3530,Canva,True,18%,TRUE,Software,0,6380.384777670011,0
TXN0003979,2025-01-13,32079.6,INR,NEFT TCS Pvt Ltd TAXINV/2501/979 FY25 - it services exp,TCS Pvt Ltd,True,18%,TRUE,IT Services,0,33902.05235792449,0
TXN0003980,2025-01-13,22859.56,INR, / IMPS WIPRO INDIA PVT LTD INV/2501/980 TDS - it services exp,WIPRO INDIA PVT LTD,True,18%,TRUE,IT Services,0,20460.093714333827,0
TXN0003981,2025-01-13,102650.23,INR,*imps indiqube bill/2501/981 gst - rent exp,INDIQUBE,True,18%,TRUE,Rent,0,116636.96902203893,0
TXN0003982,2025-01-13,7879.4,INR,!card ikea rcpt/2501/982 q2 - office supplies exp,IKEA,True,12%,TRUE,Office Supplies,0,9172.105839154961,0
TXN0003983,2025-01-13,15904.8,INR,*upi kseb bill/2501/983 fy24 - utilities exp,KSEB,True,18%,TRUE,Utilities,0,20918.08319510678,0
TXN0003984,2025-01-13,51188.89,INR,IMPS INFY INDIA PVT LTD TAXINV/2501/984 TDS - it services exp,INFY INDIA PVT LTD,True,18%,TRUE,IT Services,0,45437.848751684185,0
TXN0003985,2025-01-13,54941.23,INR,!CARD TCS INDIA PVT LTD BILL/2501/985 GST - it services exp,TCS INDIA PVT LTD,True,18%,TRUE,IT Services,0,56275.65365473523,0
TXN0003986,2025-01-13,69684.81,INR,#imps awfis taxinv/2501/986 rent - rent exp,AWFIS,True,18%,TRUE,Rent,0,55175.744746702905,0
TXN0003987,2025-01-13,6560.97,INR,UPI IKEA RCPT/2501/987 FY25 - office supplies exp  ref 9125,IKEA,True,12%,TRUE,Office Supplies,0,6923.88950205293,0
TXN0003988,2025-01-14,10846.42,INR,rtgs airtel rcpt/2501/988 adv - utilities exp,Airtel,True,18%,TRUE,Utilities,0,10251.818932195796,1
TXN0003989,2025-01-14,18771.52,INR,!RTGS UBER INV/2501/989 Q2 - travel exp* ref 3861,UBER,True,5%,FALSE,Travel,1,22382.120120647254,1
TXN0003990,2025-01-14,42558.44,INR,*NEFT TECHM BILL/2501/990 GST - it services exp,TECHM,True,18%,TRUE,IT Services,0,39261.79952753624,1
TXN0003991,2025-01-14,6551.91,INR,-IMPS FIGMA RCPT/2501/991 SUBS - software exp- ref 6464,FIGMA,True,18%,TRUE,Software,0,5445.172476171192,1
TXN0003992,2025-01-14,33478.79,INR, / AUTO-DEBIT INFY INV/2501/992 TDS - it services exp,INFY,True,18%,TRUE,IT Services,0,31901.05601904059,1
TXN0003993,2025-01-14,42526.66,INR,card wip.ro inv/2501/993 subs - it services exp  ref 1490,WIP.ro,True,18%,TRUE,IT Services,0,34125.5703219291,1
TXN0003994,2025-01-14,32526.48,INR,AUTO-DEBIT SIMPLILEARN BILL/2501/994 SUBS - training exp,SIMPLILEARN,True,18%,unknown,Training,0,34969.54213850429,1
TXN0003995,2025-01-14,9721.68,INR,*AUTO-DEBIT BESCOM RCPT/2501/995 FY25 - utilities exp /  ref 4427,BESCOM,True,18%,TRUE,Utilities,0,7714.0723450870855,1
TXN0003996,2025-01-15,7171.3,INR,!card rapido pvt ltd taxinv/2501/996 adv - travel exp# ref 6831,RAPIDO Pvt Ltd,True,18%,FALSE,Travel,1,7191.707785193879,2
TXN0003997,2025-01-15,17198.79,INR,card simplilearn taxinv/2501/997 fy25 - training exp,Simplilearn,True,18%,unknown,Training,0,13625.205085077545,2
TXN0003998,2025-01-15,39400.37,INR,*auto-debit techm taxinv/2501/998 adv - it services exp,Techm,True,18%,TRUE,IT Services,0,38138.38479910686,2
TXN0003999,2025-01-15,17668.65,INR,UPI Bescom INV/2501/999 FY24 - utilities exp# ref 7712,Bescom,True,18%,TRUE,Utilities,0,20572.277345255578,2
TXN0004000,2025-01-15,9547.18,INR,NEFT ADOBE RCPT/2501/000 GST - software exp,ADOBE,True,18%,TRUE,Software,0,9891.497033615799,2
TXN0004001,2025-01-15,89654.44,INR,neft wework bill/2501/001 subs - rent exp,Wework,True,18%,TRUE,Rent,0,81912.83644032876,2
TXN0004002,2025-01-15,3761.6,INR,card zomato pvt ltd inv/2501/002 fy24 - meals exp- ref 3324,ZOMATO Pvt Ltd,True,5%,FALSE,Meals,0,3749.862495600674,2
TXN0004003,2025-01-15,12753.62,INR,#UPI KSEB Pvt Ltd INV/2501/003 SUBS - utilities exp,KSEB Pvt Ltd,True,18%,TRUE,Utilities,0,12776.59803396435,2
TXN0004004,2025-01-15,1838.17,INR,-UPI ZOMATO Pvt Ltd TAXINV/2501/004 Q1 - meals exp* ref 2118,ZOMATO Pvt Ltd,True,5%,FALSE,Meals,0,1925.0474922818973,2
TXN0004005,2025-01-15,4971.35,INR,neft indigo rcpt/2501/005 gst - travel exp,INDIGO,True,5%,FALSE,Travel,0,4291.836867570387,2
TXN0004006,2025-01-15,2528.84,INR,NEFT DOM.inos TAXINV/2501/006 TDS - meals exp,DOM.inos,True,5%,FALSE,Meals,0,2678.6907824796085,2
TXN0004007,2025-01-15,6362.98,INR,card can.va rcpt/2501/007 rent - software exp,CAN.va,True,18%,TRUE,Software,0,4642.181013594416,2
TXN0004008,2025-01-15,3802.59,INR,RTGS RAP.ido BILL/2501/008 Q2 - travel exp! ref 2034,RAP.ido,True,5%,FALSE,Travel,0,3563.0707300026897,2
TXN0004009,2025-01-15,4088.73,INR,CARD INDIGO Pvt Ltd TAXINV/2501/009 FY24 - travel exp,INDIGO Pvt Ltd,True,5%,FALSE,Travel,0,3889.0880092153097,2
TXN0004010,2025-01-15,8540.16,INR,!CARD Airtel INV/2501/010 RENT - utilities exp /  ref 5765,Airtel,True,18%,TRUE,Utilities,0,9081.031242694055,2
TXN0004011,2025-01-15,11238.25,INR, / imps airtel taxinv/2501/011 tds - utilities exp,AIRTEL,True,18%,TRUE,Utilities,0,11263.683118009581,2
TXN0004012,2025-01-15,124557.19,INR,!rtgs awfis india pvt ltd taxinv/2501/012 tds - rent exp,AWFIS INDIA PVT LTD,True,18%,TRUE,Rent,0,107049.89156438422,2
TXN0004013,2025-01-15,6918.25,INR,upi adobe inv/2501/013 q2 - software exp* ref 8719,Adobe,True,18%,TRUE,Software,0,6236.807130731643,2
TXN0004014,2025-01-15,3952.68,INR,-upi office depot inv/2501/014 rent - office supplies exp,Office Depot,True,12%,TRUE,Office Supplies,0,4031.2118500137844,2
TXN0004015,2025-01-15,14492.82,INR,*CARD AIRTEL Pvt Ltd RCPT/2501/015 FY25 - utilities exp,AIRTEL Pvt Ltd,True,18%,TRUE,Utilities,0,14378.229124647853,2
TXN0004016,2025-01-16,9077.94,INR, / CARD KSEB Pvt Ltd RCPT/2501/016 Q2 - utilities exp- ref 8925,KSEB Pvt Ltd,True,18%,TRUE,Utilities,0,8552.214608017328,3
TXN0004017,2025-01-16,6782.45,INR,#CARD MICROSOFT Pvt Ltd INV/2501/017 FY25 - software exp,MICROSOFT Pvt Ltd,True,18%,TRUE,Software,0,6456.326886432447,3
TXN0004018,2025-01-16,59216.33,INR, / auto-debit tcs taxinv/2501/018 adv - it services exp,TCS,True,18%,TRUE,IT Services,0,63338.78138552236,3
TXN0004019,2025-01-16,36469.56,INR,*CARD Techm TAXINV/2501/019 TDS - it services exp,Techm,True,18%,TRUE,IT Services,0,34581.557965219174,3
TXN0004020,2025-01-16,6181.42,INR,*IMPS OFFICE DEPOT RCPT/2501/020 SUBS - office supplies exp,OFFICE DEPOT,True,12%,TRUE,Office Supplies,0,6126.9671022333805,3
TXN0004021,2025-01-16,4531.53,INR,!NEFT UBER Pvt Ltd INV/2501/021 Q2 - travel exp,UBER Pvt Ltd,True,5%,FALSE,Travel,0,5514.843274698462,3
TXN0004022,2025-01-16,54365.52,INR,AUTO-DEBIT TCS INDIA PVT LTD BILL/2501/022 Q1 - it services exp,TCS INDIA PVT LTD,True,18%,TRUE,IT Services,0,46625.59531308343,3
TXN0004023,2025-01-16,5117.16,INR,#RTGS RAPIDO Pvt Ltd RCPT/2501/023 GST - travel exp  ref 4832,RAPIDO Pvt Ltd,True,5%,FALSE,Travel,0,4169.542444769541,3
TXN0004024,2025-01-16,3322.96,INR,*imps kfc pvt ltd rcpt/2501/024 rent - meals exp,KFC Pvt Ltd,True,5%,FALSE,Meals,0,3583.343711253918,3
TXN0004025,2025-01-16,6258.79,INR,upi staples inv/2501/025 q1 - office supplies exp- ref 5037,Staples,True,12%,TRUE,Office Supplies,0,5834.041559440308,3
TXN0004026,2025-01-16,88479.6,INR,upi indiqube rcpt/2501/026 tds - rent exp! ref 3241,INDIQUBE,True,18%,TRUE,Rent,0,85663.84708403441,3
TXN0004027,2025-01-16,40455.65,INR,CARD Techm INV/2501/027 FY25 - it services exp,Techm,True,18%,TRUE,IT Services,0,37295.431097106004,3
TXN0004028,2025-01-16,6490.94,INR,UPI Canva INV/2501/028 Q2 - software exp,Canva,True,18%,TRUE,Software,0,6322.305287428652,3
TXN0004029,2025-01-16,5180.95,INR,!RTGS RAPIDO INDIA PVT LTD TAXINV/2501/029 FY24 - travel exp,RAPIDO INDIA PVT LTD,True,5%,FALSE,Travel,0,6009.1446031865535,3
TXN0004030,2025-01-16,13897.3,INR,card simplilearn rcpt/2501/030 rent - training exp,Simplilearn,True,18%,unknown,Training,0,15012.041982795357,3
TXN0004031,2025-01-16,4196.83,INR, / imps figma pvt ltd rcpt/2501/031 q1 - software exp,FIGMA Pvt Ltd,True,18%,TRUE,Software,0,4558.690550139262,3
TXN0004032,2025-01-17,3107.29,INR,rtgs dominos india pvt ltd taxinv/2501/032 q1 - meals exp,DOMINOS INDIA PVT LTD,True,5%,FALSE,Meals,0,2667.227183180607,4
TXN0004033,2025-01-17,74763.08,INR,UPI AWFIS INV/2501/033 FY24 - rent exp- ref 5176,AWFIS,True,18%,TRUE,Rent,0,66156.7001101799,4
TXN0004034,2025-01-17,10704.97,INR,!auto-debit sta.ples bill/2501/034 q1 - office supplies exp# ref 2266,STA.ples,True,12%,TRUE,Office Supplies,0,7665.744812256828,4
TXN0004035,2025-01-17,16790.92,INR, / RTGS KSE.b TAXINV/2501/035 ADV - utilities exp,KSE.b,True,18%,TRUE,Utilities,0,15431.895138366513,4
TXN0004036,2025-01-17,6287.71,INR,*imps bescom india pvt ltd rcpt/2501/036 rent - utilities exp  ref 3276,BESCOM INDIA PVT LTD,True,18%,TRUE,Utilities,0,6889.257219206897,4
TXN0004037,2025-01-17,15544.89,INR,rtgs air.tel bill/2501/037 fy24 - utilities exp- ref 9894,AIR.tel,True,18%,TRUE,Utilities,0,16348.477672319168,4
TXN0004038,2025-01-17,44467.88,INR,card tec.hm taxinv/2501/038 fy25 - it services exp# ref 1456,TEC.hm,True,18%,TRUE,IT Services,0,43482.857480463645,4
TXN0004039,2025-01-17,2421.38,INR,rtgs kfc inv/2501/039 gst - meals exp,KFC,True,5%,FALSE,Meals,0,2415.980253901078,4
TXN0004040,2025-01-17,5514.21,INR,#rtgs microsoft inv/2501/040 q1 - software exp,MICROSOFT,True,18%,TRUE,Software,0,5134.344045227527,4
TXN0004041,2025-01-17,13358.11,INR, / NEFT JIO.fiber TAXINV/2501/041 SUBS - utilities exp,JIO.fiber,True,18%,TRUE,Utilities,0,13631.629167460009,4
TXN0004042,2025-01-17,10726.0,INR,-NEFT Adobe INV/2501/042 ADV - software exp,Adobe,True,18%,TRUE,Software,0,11547.481042570907,4
TXN0004043,2025-01-17,11360.7,INR,#CARD ADOBE Pvt Ltd TAXINV/2501/043 RENT - software exp- ref 1023,ADOBE Pvt Ltd,True,18%,TRUE,Software,0,9524.939497426585,4
TXN0004044,2025-01-17,7119.91,INR,AUTO-DEBIT BESCOM INDIA PVT LTD BILL/2501/044 Q1 - utilities exp,BESCOM INDIA PVT LTD,True,18%,TRUE,Utilities,0,7333.256456911001,4
TXN0004045,2025-01-17,10437.34,INR, / AUTO-DEBIT ADOBE Pvt Ltd RCPT/2501/045 Q1 - software exp,ADOBE Pvt Ltd,True,18%,TRUE,Software,0,11410.553977601,4
TXN0004046,2025-01-17,23810.04,INR,#RTGS UPGRAD Pvt Ltd RCPT/2501/046 FY24 - training exp! ref 9330,UPGRAD Pvt Ltd,True,18%,unknown,Training,0,22821.684551577062,4
TXN0004047,2025-01-17,14842.67,INR,IMPS Jiofiber RCPT/2501/047 FY25 - utilities exp,Jiofiber,True,18%,TRUE,Utilities,0,15882.696795450383,4
TXN0004048,2025-01-17,15096.58,INR,RTGS AIRTEL Pvt Ltd INV/2501/048 FY24 - utilities exp,AIRTEL Pvt Ltd,True,18%,TRUE,Utilities,0,19345.745599333546,4
TXN0004049,2025-01-17,2696.03,INR,UPI RAP.ido INV/2501/049 Q2 - travel exp! ref 3033,RAP.ido,True,5%,FALSE,Travel,0,2667.898869982355,4
TXN0004050,2025-01-18,52548.16,INR,imps techm bill/2501/050 fy24 - it services exp,TECHM,True,18%,TRUE,IT Services,0,43691.93294342462,5
TXN0004051,2025-01-18,1881.41,INR,CARD Kfc INV/2501/051 FY24 - meals exp,Kfc,True,5%,FALSE,Meals,0,1394.0409617782898,5
TXN0004052,2025-01-18,4177.4,INR,-upi rapido india pvt ltd taxinv/2501/052 gst - travel exp# ref 5424,RAPIDO INDIA PVT LTD,True,5%,FALSE,Travel,0,3402.492688532304,5
TXN0004053,2025-01-18,21330.25,INR,-NEFT TECHM INDIA PVT LTD RCPT/2501/053 FY25 - it services exp,TECHM INDIA PVT LTD,True,18%,TRUE,IT Services,0,17849.616706302306,5
TXN0004054,2025-01-18,113835.35,INR,#UPI Awfis TAXINV/2501/054 ADV - rent exp,Awfis,True,18%,TRUE,Rent,0,92842.67567995763,5
TXN0004055,2025-01-18,65516.32,INR,RTGS JIOFIBER RCPT/2501/055 RENT - utilities exp,JIOFIBER,True,18%,TRUE,Utilities,1,47068.521210516185,5
TXN0004056,2025-01-18,82049.15,INR,UPI AWFIS Pvt Ltd BILL/2501/056 RENT - rent exp- ref 2389,AWFIS Pvt Ltd,True,18%,TRUE,Rent,0,66993.86463437982,5
TXN0004057,2025-01-18,115004.87,INR,imps wew.ork rcpt/2501/057 adv - rent exp! ref 6203,WEW.ork,True,18%,TRUE,Rent,0,105456.66830774,5
TXN0004058,2025-01-18,85455.16,INR,#CARD INDIQUBE BILL/2501/058 TDS - rent exp# ref 8135,INDIQUBE,True,18%,TRUE,Rent,0,71431.18728306491,5
TXN0004059,2025-01-18,9880.44,INR,-CARD BESCOM INV/2501/059 Q1 - utilities exp- ref 3474,BESCOM,True,18%,TRUE,Utilities,0,8664.740536191439,5
TXN0004060,2025-01-19,5110.94,INR,card dominos bill/2501/060 fy25 - meals exp,Dominos,True,5%,FALSE,Meals,0,3991.8436833586925,6
TXN0004061,2025-01-19,24809.56,INR,*AUTO-DEBIT TCS RCPT/2501/061 FY24 - it services exp,TCS,True,18%,TRUE,IT Services,0,21336.023598719756,6
TXN0004062,2025-01-19,15454.54,INR,*CARD KSE.b INV/2501/062 Q2 - utilities exp,KSE.b,True,18%,TRUE,Utilities,0,12708.908478114468,6
TXN0004063,2025-01-19,6029.59,INR,AUTO-DEBIT IKEA INDIA PVT LTD TAXINV/2501/063 FY24 - office supplies exp,IKEA INDIA PVT LTD,True,12%,TRUE,Office Supplies,0,4364.983853870813,6
TXN0004064,2025-01-19,7285.92,INR,card adobe india pvt ltd inv/2501/064 adv - software exp /  ref 2575,ADOBE INDIA PVT LTD,True,18%,TRUE,Software,0,6014.393484742738,6
TXN0004065,2025-01-19,36600.22,INR, / card hcl taxinv/2501/065 q2 - it services exp  ref 1413,HCL,True,18%,TRUE,IT Services,0,26376.4707155855,6
TXN0004066,2025-01-19,20299.37,INR,*NEFT WIPRO INV/2501/066 GST - it services exp,WIPRO,True,18%,TRUE,IT Services,0,15211.730330752951,6
TXN0004067,2025-01-19,10698.86,INR,#RTGS BESCOM Pvt Ltd TAXINV/2501/067 FY24 - utilities exp- ref 3431,BESCOM Pvt Ltd,True,18%,TRUE,Utilities,0,8721.135764300647,6
TXN0004068,2025-01-19,9986.26,INR,!IMPS ADOBE TAXINV/2501/068 TDS - software exp,ADOBE,True,18%,TRUE,Software,0,8226.4766877988,6
TXN0004069,2025-01-19,71742.83,INR,IMPS WEWORK TAXINV/2501/069 SUBS - rent exp,WEWORK,True,18%,TRUE,Rent,0,50568.751794199256,6
TXN0004070,2025-01-20,81094.44,INR,AUTO-DEBIT Indiqube INV/2501/070 ADV - rent exp /  ref 1891,Indiqube,True,18%,TRUE,Rent,0,89641.67858820436,0
TXN0004071,2025-01-20,2145.19,INR,card swiggy india pvt ltd bill/2501/071 fy24 - meals exp /  ref 6077,SWIGGY INDIA PVT LTD,True,5%,FALSE,Meals,0,2267.896214814739,0
TXN0004072,2025-01-20,2839.6,INR,neft ola pvt ltd inv/2501/072 fy25 - travel exp,OLA Pvt Ltd,True,5%,FALSE,Travel,0,2639.4853134239333,0
TXN0004073,2025-01-20,4801.22,INR, neft jiofiber pvt ltd inv/2501/073 rent - utilities exp,JIOFIBER Pvt Ltd,True,18%,TRUE,Utilities,0,4062.9917123592295,0
TXN0004074,2025-01-20,5373.75,INR,IMPS STAPLES INV/2501/074 Q2 - office supplies exp,STAPLES,True,5%,TRUE,Office Supplies,1,5295.881901816116,0
TXN0004075,2025-01-20,2811.86,INR,NEFT ROC FEES Pvt Ltd RCPT/2501/075 GST - exempt services exp,ROC FEES Pvt Ltd,False,exempt,unknown,Exempt Services,1,2686.466870874236,0
TXN0004076,2025-01-20,33747.22,INR,rtgs techm pvt ltd taxinv/2501/076 fy24 - it services exp,TECHM Pvt Ltd,True,18%,TRUE,IT Services,0,34129.037589506894,0
TXN0004077,2025-01-20,6521.79,INR,upi staples taxinv/2501/077 rent - office supplies exp,Staples,True,12%,TRUE,Office Supplies,0,6284.9729390442235,0
TXN0004078,2025-01-20,186160.72,INR,RTGS SIM.plilearn RCPT/2501/078 FY24 - training exp /  ref 9343,SIM.plilearn,True,18%,unknown,Training,1,148789.75854347693,0
TXN0004079,2025-01-20,43721.78,INR,imps tcs inv/2501/079 tds - it services exp /  ref 4712,Tcs,True,18%,TRUE,IT Services,0,42023.858059992315,0
TXN0004080,2025-01-20,64214.48,INR,*upi jio.fiber inv/2501/080 gst - utilities exp  ref 7604,JIO.fiber,True,18%,TRUE,Utilities,1,62251.962770468606,0
TXN0004081,2025-01-20,193530.72,INR, / imps tcs inv/2501/081 q1 - it services exp,TCS,True,18%,TRUE,IT Services,1,205794.00743604614,0
TXN0004082,2025-01-20,3630.63,INR,-card uber pvt ltd taxinv/2501/082 gst - travel exp,UBER Pvt Ltd,True,5%,FALSE,Travel,0,3377.1395315366885,0
TXN0004083,2025-01-20,9761.55,INR,!UPI IND.igo INV/2501/083 FY24 - travel exp  ref 9577,IND.igo,True,5%,FALSE,Travel,0,11400.196675785997,0
TXN0004084,2025-01-20,20400.6,INR,!NEFT Simplilearn RCPT/2501/084 GST - training exp# ref 1631,Simplilearn,True,18%,unknown,Training,0,16500.738578237375,0
TXN0004085,2025-01-20,21625.68,INR,*rtgs techm taxinv/2501/085 tds - it services exp* ref 1918,TECHM,True,18%,TRUE,IT Services,0,24461.168873388026,0
TXN0004086,2025-01-21,33747.43,INR,AUTO-DEBIT TCS TAXINV/2501/086 Q1 - it services exp,TCS,True,18%,TRUE,IT Services,0,32990.41112326191,1
TXN0004087,2025-01-21,27916.0,INR, CARD TCS Pvt Ltd RCPT/2501/087 SUBS - it services exp,TCS Pvt Ltd,True,18%,TRUE,IT Services,0,30315.617129634276,1
TXN0004088,2025-01-21,7196.87,INR,#auto-debit ikea india pvt ltd taxinv/2501/088 rent - office supplies exp# ref 5071,IKEA INDIA PVT LTD,True,12%,TRUE,Office Supplies,0,7254.302090657777,1
TXN0004089,2025-01-21,12563.06,INR,neft airtel pvt ltd inv/2501/089 adv - utilities exp,AIRTEL Pvt Ltd,True,18%,TRUE,Utilities,0,13994.690457242014,1
TXN0004090,2025-01-21,87444.67,INR,CARD INDIQUBE INDIA PVT LTD BILL/2501/090 FY24 - rent exp* ref 3077,INDIQUBE INDIA PVT LTD,True,18%,TRUE,Rent,0,84057.39608391277,1
TXN0004091,2025-01-21,10044.23,INR,NEFT OFFICE DEPOT BILL/2501/091 FY24 - office supplies exp,OFFICE DEPOT,True,12%,TRUE,Office Supplies,0,8940.750376681626,1
TXN0004092,2025-01-21,58213.73,INR,auto-debit wipro bill/2501/092 rent - it services exp,WIPRO,True,18%,TRUE,IT Services,0,66483.015304304,1
TXN0004093,2025-01-21,36366.42,INR,IMPS TEC.hm TAXINV/2501/093 FY25 - it services exp,TEC.hm,True,18%,TRUE,IT Services,0,35953.731516997876,1
TXN0004094,2025-01-22,73129.59,INR,NEFT INDIQUBE INV/2501/094 TDS - rent exp,INDIQUBE,True,18%,TRUE,Rent,0,74749.83803371643,2
TXN0004095,2025-01-22,40205.74,INR,upi techm inv/2501/095 q2 - it services exp* ref 5812,TECHM,True,18%,TRUE,IT Services,0,45170.15144205874,2
TXN0004096,2025-01-22,42140.97,INR,-AUTO-DEBIT TECHM RCPT/2501/096 FY24 - it services exp* ref 5396,TECHM,True,18%,TRUE,IT Services,0,37792.210510155564,2
TXN0004097,2025-01-22,8728.75,INR,*rtgs staples pvt ltd taxinv/2501/097 fy25 - office supplies exp- ref 1062,STAPLES Pvt Ltd,True,12%,TRUE,Office Supplies,0,9248.539117276867,2
TXN0004098,2025-01-22,9254.6,INR,neft microsoft rcpt/2501/098 q2 - software exp,MICROSOFT,True,18%,TRUE,Software,0,8708.675998683853,2
TXN0004099,2025-01-22,2908.62,INR,auto-debit zomato pvt ltd rcpt/2501/099 gst - meals exp# ref 2589,ZOMATO Pvt Ltd,True,5%,FALSE,Meals,0,2870.1769568785667,2
TXN0004100,2025-01-22,8788.28,INR,NEFT CANVA Pvt Ltd BILL/2501/100 Q2 - software exp! ref 1291,CANVA Pvt Ltd,True,18%,TRUE,Software,0,8851.800778590745,2
TXN0004101,2025-01-22,12733.32,INR,neft airtel inv/2501/101 fy24 - utilities exp- ref 9697,AIRTEL,True,18%,TRUE,Utilities,0,10823.03949672005,2
TXN0004102,2025-01-22,84083.89,INR,IMPS Indiqube BILL/2501/102 GST - rent exp /  ref 3147,Indiqube,True,18%,TRUE,Rent,0,77535.12517635613,2
TXN0004103,2025-01-22,27419.04,INR,*card wipro india pvt ltd taxinv/2501/103 gst - it services exp,WIPRO INDIA PVT LTD,True,18%,TRUE,IT Services,0,31123.552167999154,2
TXN0004104,2025-01-22,2892.23,INR,auto-debit swiggy rcpt/2501/104 gst - meals exp* ref 7077,SWIGGY,True,5%,FALSE,Meals,0,3148.5368741360603,2
TXN0004105,2025-01-22,7540.66,INR,card bescom bill/2501/105 tds - utilities exp* ref 5159,BESCOM,True,18%,TRUE,Utilities,0,7493.425624483161,2
TXN0004106,2025-01-22,52399.77,INR,UPI INFY BILL/2501/106 GST - it services exp,INFY,True,18%,TRUE,IT Services,0,53673.73133076801,2
TXN0004107,2025-01-22,1977.46,INR,rtgs zomato bill/2501/107 q2 - meals exp- ref 4091,ZOMATO,True,5%,FALSE,Meals,0,1919.274721480413,2
TXN0004108,2025-01-22,29843.27,INR,upi inf.y bill/2501/108 adv - it services exp,INF.y,True,18%,TRUE,IT Services,0,33891.75842607787,2
TXN0004109,2025-01-22,6877.54,INR,-IMPS JIO.fiber TAXINV/2501/109 FY24 - utilities exp,JIO.fiber,True,18%,TRUE,Utilities,0,6739.746713211753,2
TXN0004110,2025-01-23,30284.08,INR,imps tcs bill/2501/110 gst - it services exp,TCS,True,18%,TRUE,IT Services,0,30986.192446557914,3
TXN0004111,2025-01-23,18609.63,INR,neft upgrad pvt ltd taxinv/2501/111 tds - training exp,UPGRAD Pvt Ltd,True,18%,unknown,Training,0,20742.349695133053,3
TXN0004112,2025-01-23,15735.73,INR,!NEFT BES.com BILL/2501/112 SUBS - utilities exp# ref 9740,BES.com,True,28%,TRUE,Utilities,1,14512.47922047657,3
TXN0004113,2025-01-23,6917.78,INR,-auto-debit indigo pvt ltd inv/2501/113 q1 - travel exp,INDIGO Pvt Ltd,True,5%,FALSE,Travel,0,7996.116064472892,3
TXN0004114,2025-01-23,3828.52,INR,IMPS RAPIDO Pvt Ltd BILL/2501/114 RENT - travel exp,RAPIDO Pvt Ltd,True,5%,FALSE,Travel,0,3242.579788356929,3
TXN0004115,2025-01-23,3906.16,INR,rtgs roc fees bill/2501/115 q2 - exempt services exp,ROC FEES,False,exempt,FALSE,Exempt Services,0,4542.724290686757,3
TXN0004116,2025-01-23,53911.2,INR,!AUTO-DEBIT IKE.a RCPT/2501/116 GST - office supplies exp- ref 2521,IKE.a,True,12%,TRUE,Office Supplies,1,51902.061205844824,3
TXN0004117,2025-01-23,28030.61,INR,AUTO-DEBIT WIPRO BILL/2501/117 ADV - it services exp /  ref 3094,WIPRO,True,18%,TRUE,IT Services,0,27350.31060522212,3
TXN0004118,2025-01-24,5608.7,INR,rtgs staples bill/2501/118 fy25 - office supplies exp! ref 3329,STAPLES,True,12%,TRUE,Office Supplies,0,4548.649995288622,4
TXN0004119,2025-01-24,21779.9,INR,AUTO-DEBIT Coursera TAXINV/2501/119 Q1 - training exp,Coursera,True,18%,unknown,Training,0,20789.36165349856,4
TXN0004120,2025-01-24,4369.47,INR,rtgs zom.ato rcpt/2501/120 adv - meals exp,ZOM.ato,True,5%,FALSE,Meals,0,3915.1296556873963,4
TXN0004121,2025-01-24,5105.83,INR,-auto-debit office depot taxinv/2501/121 subs - office supplies exp  ref 2297,Office Depot,True,12%,TRUE,Office Supplies,0,4795.5761060401765,4
TXN0004122,2025-01-24,26955.56,INR,!NEFT SIM.plilearn TAXINV/2501/122 RENT - training exp,SIM.plilearn,True,18%,unknown,Training,0,26585.430602301993,4
TXN0004123,2025-01-24,11309.42,INR,RTGS SIMPLILEARN TAXINV/2501/123 SUBS - training exp* ref 2224,SIMPLILEARN,True,18%,unknown,Training,0,12392.626764055216,4
TXN0004124,2025-01-24,7445.26,INR,IMPS MIC.rosoft TAXINV/2501/124 GST - software exp,MIC.rosoft,True,18%,TRUE,Software,0,7599.826092804902,4
TXN0004125,2025-01-24,29188.7,INR,IMPS WIPRO INDIA PVT LTD INV/2501/125 Q2 - it services exp,WIPRO INDIA PVT LTD,True,18%,TRUE,IT Services,0,30086.76815331291,4
TXN0004126,2025-01-24,3609.84,INR,NEFT OFFICE DEPOT TAXINV/2501/126 GST - office supplies exp,OFFICE DEPOT,True,12%,TRUE,Office Supplies,0,3214.3750289369736,4
TXN0004127,2025-01-24,10701.48,INR, IMPS AIRTEL Pvt Ltd INV/2501/127 FY25 - utilities exp  ref 7618,AIRTEL Pvt Ltd,True,18%,TRUE,Utilities,0,9758.942772519817,4
TXN0004128,2025-01-24,75604.36,INR,#upi indiqube bill/2501/128 adv - rent exp /  ref 7827,Indiqube,True,18%,TRUE,Rent,0,89203.50538284393,4
TXN0004129,2025-01-24,6886.49,INR,rtgs staples india pvt ltd taxinv/2501/129 adv - office supplies exp,STAPLES INDIA PVT LTD,True,12%,TRUE,Office Supplies,0,6380.194542611325,4
TXN0004130,2025-01-24,6093.1,INR,AUTO-DEBIT OFFICE DEPOT TAXINV/2501/130 Q2 - office supplies exp* ref 3586,OFFICE DEPOT,True,12%,TRUE,Office Supplies,0,7102.244250061031,4
TXN0004131,2025-01-24,41860.22,INR,UPI HCL INDIA PVT LTD INV/2501/131 GST - it services exp,HCL INDIA PVT LTD,True,18%,TRUE,IT Services,0,40842.76047413832,4
TXN0004132,2025-01-25,34533.72,INR,NEFT WIPRO Pvt Ltd BILL/2501/132 FY24 - it services exp,WIPRO Pvt Ltd,True,18%,TRUE,IT Services,0,27633.296875692613,5
TXN0004133,2025-01-25,6915.01,INR,RTGS IKEA Pvt Ltd BILL/2501/133 GST - office supplies exp,IKEA Pvt Ltd,True,12%,TRUE,Office Supplies,0,6124.134862931325,5
TXN0004134,2025-01-25,228508.0,INR,auto-debit wip.ro rcpt/2501/134 gst - it services exp  ref 9380,WIP.ro,True,18%,TRUE,IT Services,1,206057.40748418868,5
TXN0004135,2025-01-25,5202.01,INR,IMPS SWIGGY TAXINV/2501/135 Q2 - meals exp* ref 9625,SWIGGY,True,5%,FALSE,Meals,0,4115.492156264208,5
TXN0004136,2025-01-25,34468.41,INR,-CARD Wipro RCPT/2501/136 FY25 - it services exp,Wipro,True,18%,TRUE,IT Services,0,26504.158340125417,5
TXN0004137,2025-01-25,30780.27,INR,RTGS TCS Pvt Ltd BILL/2501/137 Q1 - it services exp,TCS Pvt Ltd,True,18%,TRUE,IT Services,0,24486.516279677217,5
TXN0004138,2025-01-25,13183.34,INR,#IMPS BESCOM Pvt Ltd TAXINV/2501/138 Q2 - utilities exp,BESCOM Pvt Ltd,True,18%,TRUE,Utilities,0,10903.10472001949,5
TXN0004139,2025-01-25,134482.71,INR,!AUTO-DEBIT WEWORK INDIA PVT LTD BILL/2501/139 FY24 - rent exp,WEWORK INDIA PVT LTD,True,18%,TRUE,Rent,0,117175.3628194589,5
TXN0004140,2025-01-25,17376.64,INR,card microsoft bill/2501/140 gst - software exp,MICROSOFT,True,18%,TRUE,Software,0,13907.192058959372,5
TXN0004141,2025-01-25,92403.45,INR,CARD AWF.is BILL/2501/141 GST - rent exp,AWF.is,True,18%,TRUE,Rent,0,78497.7383276054,5
TXN0004142,2025-01-26,5094.09,INR, / imps microsoft rcpt/2501/142 q2 - software exp# ref 2784,MICROSOFT,True,18%,TRUE,Software,0,4742.948154285127,6
TXN0004143,2025-01-26,66347.27,INR,imps wework rcpt/2501/143 fy25 - rent exp* ref 4477,WEWORK,True,18%,TRUE,Rent,0,55101.72414388216,6
TXN0004144,2025-01-26,3128.26,INR,auto-debit kfc pvt ltd taxinv/2501/144 q2 - meals exp,KFC Pvt Ltd,True,5%,FALSE,Meals,0,2580.602493066041,6
TXN0004145,2025-01-26,32970.48,INR,CARD INFY INDIA PVT LTD RCPT/2501/145 Q2 - it services exp,INFY INDIA PVT LTD,True,18%,TRUE,IT Services,0,22370.04648156676,6
TXN0004146,2025-01-26,120099.99,INR,!auto-debit wework inv/2501/146 rent - rent exp,WEWORK,True,18%,TRUE,Rent,0,70803.93894993047,6
TXN0004147,2025-01-26,9538.48,INR,RTGS AIR.tel RCPT/2501/147 ADV - utilities exp* ref 4901,AIR.tel,True,18%,TRUE,Utilities,0,7927.14513005979,6
TXN0004148,2025-01-26,91689.16,INR,card indiqube bill/2501/148 fy25 - rent exp,INDIQUBE,True,18%,TRUE,Rent,0,72655.7796708969,6
TXN0004149,2025-01-26,133826.01,INR, / card awfis inv/2501/149 subs - rent exp,AWFIS,True,18%,TRUE,Rent,0,101549.50308792264,6
TXN0004150,2025-01-26,3774.34,INR,upi kfc pvt ltd rcpt/2501/150 gst - meals exp,KFC Pvt Ltd,True,5%,FALSE,Meals,0,3093.005263269495,6
TXN0004151,2025-01-26,3038.39,INR, card roc. fees rcpt/2501/151 fy24 - exempt services exp,ROC. fees,False,exempt,FALSE,Exempt Services,0,2416.0295930596326,6
TXN0004152,2025-01-27,13305.59,INR,rtgs bes.com taxinv/2501/152 fy25 - utilities exp! ref 8609,BES.com,True,18%,TRUE,Utilities,0,14806.168162503189,0
TXN0004153,2025-01-27,2787.76,INR, / CARD SWIGGY Pvt Ltd BILL/2501/153 TDS - meals exp,SWIGGY Pvt Ltd,True,5%,FALSE,Meals,0,2811.765643409765,0
TXN0004154,2025-01-27,4984.89,INR,card ikea india pvt ltd inv/2501/154 rent - office supplies exp,IKEA INDIA PVT LTD,True,12%,TRUE,Office Supplies,0,4612.556958548657,0
TXN0004155,2025-01-27,9473.95,INR,NEFT OLA INV/2501/155 FY25 - travel exp,OLA,True,5%,FALSE,Travel,0,10412.028543958837,0
TXN0004156,2025-01-27,13948.8,INR,#neft jiofiber bill/2501/156 fy25 - utilities exp,JIOFIBER,True,18%,TRUE,Utilities,0,13645.92820617904,0
TXN0004157,2025-01-27,4520.67,INR,AUTO-DEBIT STAPLES INDIA PVT LTD INV/2501/157 TDS - office supplies exp- ref 1045,STAPLES INDIA PVT LTD,True,12%,TRUE,Office Supplies,0,4758.6998589776895,0
TXN0004158,2025-01-27,6952.27,INR,neft jiofiber taxinv/2501/158 gst - utilities exp,JIOFIBER,True,18%,TRUE,Utilities,0,6620.361186965699,0
TXN0004159,2025-01-27,3176.84,INR,card uber taxinv/2501/159 adv - travel exp,Uber,True,5%,FALSE,Travel,0,2970.4003957076325,0
TXN0004160,2025-01-27,5656.88,INR,*card office depot bill/2501/160 rent - office supplies exp,OFFICE DEPOT,True,12%,TRUE,Office Supplies,0,5704.492957797287,0
TXN0004161,2025-01-27,9920.83,INR, / CARD BESCOM TAXINV/2501/161 Q2 - utilities exp,BESCOM,True,18%,TRUE,Utilities,0,9933.55707917275,0
TXN0004162,2025-01-28,29834.23,INR,#UPI INF.y RCPT/2501/162 Q2 - it services exp,INF.y,True,18%,TRUE,IT Services,0,31265.757013335224,1
TXN0004163,2025-01-28,40391.73,INR,!IMPS HCL Pvt Ltd BILL/2501/163 Q1 - it services exp,HCL Pvt Ltd,True,18%,TRUE,IT Services,0,39306.62332666663,1
TXN0004164,2025-01-28,12990.56,INR,!NEFT COURSERA TAXINV/2501/164 ADV - training exp,COURSERA,True,18%,unknown,Training,0,10605.025804734363,1
TXN0004165,2025-01-28,14085.54,INR,CARD BESCOM Pvt Ltd RCPT/2501/165 Q2 - utilities exp,BESCOM Pvt Ltd,True,18%,TRUE,Utilities,0,13475.954615176042,1
TXN0004166,2025-01-28,10788.01,INR,upi canva india pvt ltd bill/2501/166 fy25 - software exp,CANVA INDIA PVT LTD,True,18%,TRUE,Software,0,11644.382156173217,1
TXN0004167,2025-01-28,9889.15,INR, imps kseb bill/2501/167 q2 - utilities exp- ref 4012,KSEB,True,18%,TRUE,Utilities,0,9595.070334595302,1
TXN0004168,2025-01-28,3033.87,INR, / imps dom.inos bill/2501/168 q2 - meals exp* ref 9049,DOM.inos,True,5%,FALSE,Meals,0,2959.1204786613184,1
TXN0004169,2025-01-28,5279.02,INR,upi off.ice depot taxinv/2501/169 q2 - office supplies exp,OFF.ice depot,True,12%,TRUE,Office Supplies,0,5799.730130220756,1
TXN0004170,2025-01-28,7676.98,INR, / CARD OFFICE DEPOT TAXINV/2501/170 FY25 - office supplies exp,OFFICE DEPOT,True,12%,TRUE,Office Supplies,0,7130.399577379779,1
TXN0004171,2025-01-28,80368.83,INR,RTGS INDIQUBE TAXINV/2501/171 FY24 - rent exp,INDIQUBE,True,18%,TRUE,Rent,0,67969.50104295835,1
TXN0004172,2025-01-28,9162.94,INR,!NEFT JIOFIBER BILL/2501/172 RENT - utilities exp- ref 3345,JIOFIBER,True,18%,TRUE,Utilities,0,9015.754668965508,1
TXN0004173,2025-01-28,6380.97,INR,upi microsoft india pvt ltd bill/2501/173 rent - software exp,MICROSOFT INDIA PVT LTD,True,18%,TRUE,Software,0,6072.0200542300345,1
TXN0004174,2025-01-28,20446.51,INR,-AUTO-DEBIT Infy INV/2501/174 Q2 - it services exp,Infy,True,18%,TRUE,IT Services,0,18470.873496070188,1
TXN0004175,2025-01-29,5337.5,INR,rtgs microsoft pvt ltd taxinv/2501/175 adv - software exp# ref 4709,MICROSOFT Pvt Ltd,True,18%,TRUE,Software,0,5243.891749164074,2
TXN0004176,2025-01-29,24752.11,INR, card infy pvt ltd bill/2501/176 tds - it services exp# ref 2851,INFY Pvt Ltd,True,18%,TRUE,IT Services,0,25968.69018462736,2
TXN0004177,2025-01-29,4437.5,INR,UPI Office Depot TAXINV/2501/177 GST - office supplies exp,Office Depot,True,12%,TRUE,Office Supplies,0,4433.378200804282,2
TXN0004178,2025-01-29,5048.56,INR,#IMPS SWIGGY RCPT/2501/178 TDS - meals exp! ref 9580,SWIGGY,True,5%,FALSE,Meals,0,5203.541236432085,2
TXN0004179,2025-01-29,7331.47,INR,!upi canva pvt ltd rcpt/2501/179 adv - software exp- ref 4074,CANVA Pvt Ltd,True,18%,TRUE,Software,0,8660.964413943488,2
TXN0004180,2025-01-29,2101.0,INR,rtgs zomato rcpt/2501/180 q2 - meals exp,Zomato,True,5%,FALSE,Meals,0,2028.9611511867558,2
TXN0004181,2025-01-29,12685.15,INR,!RTGS KSEB TAXINV/2501/181 RENT - utilities exp,KSEB,True,18%,TRUE,Utilities,0,13038.239418276282,2
TXN0004182,2025-01-29,2896.45,INR,UPI Staples INV/2501/182 Q2 - office supplies exp,Staples,True,12%,TRUE,Office Supplies,0,2748.9588955899735,2
TXN0004183,2025-01-29,6707.81,INR,*AUTO-DEBIT MIC.rosoft RCPT/2501/183 SUBS - software exp,MIC.rosoft,True,18%,TRUE,Software,0,6140.087980734496,2
TXN0004184,2025-01-30,91750.55,INR, / IMPS Awfis TAXINV/2501/184 RENT - rent exp,Awfis,True,18%,TRUE,Rent,0,86383.99010997103,3
TXN0004185,2025-01-30,5261.78,INR,#CARD Adobe BILL/2501/185 GST - software exp,Adobe,True,18%,TRUE,Software,0,5009.86777235386,3
TXN0004186,2025-01-30,97182.35,INR, / CARD WEWORK INDIA PVT LTD BILL/2501/186 FY24 - rent exp,WEWORK INDIA PVT LTD,True,18%,TRUE,Rent,0,100675.8202773754,3
TXN0004187,2025-01-30,30262.61,INR,neft tec.hm rcpt/2501/187 fy24 - it services exp,TEC.hm,True,18%,TRUE,IT Services,0,37371.52643933683,3
TXN0004188,2025-01-30,2259.66,INR, UPI SWIGGY RCPT/2501/188 Q1 - meals exp,SWIGGY,True,5%,FALSE,Meals,0,2097.8585288784934,3
TXN0004189,2025-01-30,6286.68,INR, IMPS OLA INDIA PVT LTD TAXINV/2501/189 Q2 - travel exp,OLA INDIA PVT LTD,True,5%,unknown,Travel,1,6024.761002369339,3
TXN0004190,2025-01-30,5268.04,INR,auto-debit ikea bill/2501/190 subs - office supplies exp,IKEA,True,12%,TRUE,Office Supplies,0,5234.786544200942,3
TXN0004191,2025-01-30,23047.92,INR,#upi infy taxinv/2501/191 fy25 - it services exp- ref 3304,Infy,True,18%,TRUE,IT Services,0,23960.154020115435,3
TXN0004192,2025-01-30,72372.77,INR,auto-debit wework india pvt ltd rcpt/2501/192 fy25 - rent exp,WEWORK INDIA PVT LTD,True,18%,TRUE,Rent,0,74280.1602296917,3
TXN0004193,2025-01-30,48747.14,INR,CARD Awfis RCPT/2501/193 FY24 - rent exp,Awfis,True,18%,TRUE,Rent,0,55006.7397441,3
TXN0004194,2025-01-30,25391.69,INR,IMPS HCL RCPT/2501/194 RENT - it services exp! ref 1132,HCL,True,18%,TRUE,IT Services,0,19230.670472651185,3
TXN0004195,2025-01-30,5922.23,INR,IMPS Office Depot TAXINV/2501/195 ADV - office supplies exp# ref 2558,Office Depot,True,12%,FALSE,Office Supplies,1,4508.635231483107,3
TXN0004196,2025-01-30,55029.57,INR,-CARD TCS RCPT/2501/196 TDS - it services exp# ref 5028,TCS,True,18%,TRUE,IT Services,0,52300.77374218954,3
TXN0004197,2025-01-30,7390.95,INR,rtgs sta.ples taxinv/2501/197 adv - office supplies exp,STA.ples,True,12%,TRUE,Office Supplies,0,8201.959082112617,3
TXN0004198,2025-01-31,10143.66,INR,UPI BESCOM Pvt Ltd TAXINV/2501/198 TDS - utilities exp,BESCOM Pvt Ltd,True,18%,TRUE,Utilities,0,8555.519868772357,4
TXN0004199,2025-01-31,90486.0,INR,neft jiofiber inv/2501/199 adv - utilities exp,JIOFIBER,True,18%,TRUE,Utilities,1,63271.13801104706,4
TXN0004200,2025-01-31,19536.96,INR,UPI SIMPLILEARN BILL/2501/200 Q1 - training exp,SIMPLILEARN,True,18%,unknown,Training,0,20652.87092121284,4
TXN0004201,2025-01-31,8307.85,INR,NEFT Microsoft INV/2501/201 FY25 - software exp,Microsoft,True,28%,TRUE,Software,1,8510.276766593859,4
TXN0004202,2025-01-31,13109.3,INR,neft jio.fiber inv/2501/202 rent - utilities exp,JIO.fiber,True,18%,TRUE,Utilities,0,11680.113093274422,4
TXN0004203,2025-01-31,13658.38,INR,NEFT Adobe TAXINV/2501/203 ADV - software exp,Adobe,True,18%,TRUE,Software,0,12312.292562830526,4
TXN0004204,2025-01-31,15503.18,INR,-UPI UPGRAD TAXINV/2501/204 RENT - training exp,UPGRAD,True,18%,unknown,Training,0,13999.76885606341,4
TXN0004205,2025-01-31,8688.48,INR, NEFT JIO.fiber RCPT/2501/205 ADV - utilities exp,JIO.fiber,True,18%,TRUE,Utilities,0,8784.518389516597,4
TXN0004206,2025-01-31,6144.85,INR, upi office depot rcpt/2501/206 subs - office supplies exp# ref 8686,Office Depot,True,12%,TRUE,Office Supplies,0,5759.988657514686,4
TXN0004207,2025-01-31,14494.45,INR, / IMPS JIOFIBER INDIA PVT LTD BILL/2501/207 TDS - utilities exp  ref 6913,JIOFIBER INDIA PVT LTD,True,18%,TRUE,Utilities,0,15210.568477039475,4
TXN0004208,2025-01-31,3549.47,INR,neft ikea pvt ltd rcpt/2501/208 subs - office supplies exp- ref 1980,IKEA Pvt Ltd,True,12%,TRUE,Office Supplies,0,2536.228829882075,4
TXN0004209,2025-01-31,29682.51,INR,rtgs simplilearn pvt ltd taxinv/2501/209 gst - training exp,SIMPLILEARN Pvt Ltd,True,18%,unknown,Training,0,27139.158594482546,4
TXN0004210,2025-01-31,66258.6,INR,-card tcs india pvt ltd taxinv/2501/210 fy24 - it services exp,TCS INDIA PVT LTD,True,18%,TRUE,IT Services,0,58797.52410255791,4
TXN0004211,2025-01-31,61644.29,INR,auto-debit wework inv/2501/211 q1 - rent exp,WEWORK,True,18%,TRUE,Rent,0,60064.09608836094,4
TXN0004212,2025-02-01,4589.48,INR,#CARD ROC FEES TAXINV/2502/212 RENT - exempt services exp,ROC FEES,False,exempt,FALSE,Exempt Services,0,3474.035245869174,5
TXN0004213,2025-02-01,8127.09,INR,AUTO-DEBIT ADO.be RCPT/2502/213 RENT - software exp,ADO.be,True,18%,TRUE,Software,0,7020.4038564122475,5
TXN0004214,2025-02-01,10948.19,INR,RTGS JIOFIBER TAXINV/2502/214 ADV - utilities exp,JIOFIBER,True,18%,TRUE,Utilities,0,7130.042219990326,5
TXN0004215,2025-02-01,25244.56,INR,IMPS SIMPLILEARN Pvt Ltd BILL/2502/215 ADV - training exp  ref 7147,SIMPLILEARN Pvt Ltd,True,18%,unknown,Training,0,20287.520984297622,5
TXN0004216,2025-02-01,5589.16,INR,upi ube.r inv/2502/216 fy25 - travel exp# ref 5550,UBE.r,True,5%,FALSE,Travel,0,4720.9785282526345,5
TXN0004217,2025-02-01,7167.95,INR,imps office depot bill/2502/217 rent - office supplies exp,Office Depot,True,12%,TRUE,Office Supplies,0,6799.028479432342,5
TXN0004218,2025-02-01,4237.49,INR,AUTO-DEBIT STAPLES RCPT/2502/218 SUBS - office supplies exp  ref 6947,STAPLES,True,12%,TRUE,Office Supplies,0,3226.673721212089,5
TXN0004219,2025-02-01,47721.68,INR,UPI WIP.ro INV/2502/219 TDS - it services exp,WIP.ro,True,18%,TRUE,IT Services,0,39416.040775212605,5
TXN0004220,2025-02-01,35909.73,INR,rtgs infy taxinv/2502/220 subs - it services exp,INFY,True,18%,TRUE,IT Services,0,23545.68593296316,5
TXN0004221,2025-02-01,11010.64,INR,CARD AIRTEL INDIA PVT LTD INV/2502/221 FY24 - utilities exp- ref 8079,AIRTEL INDIA PVT LTD,True,18%,TRUE,Utilities,0,6701.554507083427,5
TXN0004222,2025-02-01,10690.87,INR, NEFT Staples RCPT/2502/222 ADV - office supplies exp,Staples,True,12%,TRUE,Office Supplies,0,9275.205842465066,5
TXN0004223,2025-02-01,38277.62,INR, neft infy taxinv/2502/223 q1 - it services exp,Infy,True,18%,TRUE,IT Services,0,30605.069215412062,5
TXN0004224,2025-02-01,3569.13,INR,!RTGS RAPIDO RCPT/2502/224 RENT - travel exp,RAPIDO,True,5%,FALSE,Travel,0,3191.80519972322,5
TXN0004225,2025-02-01,17696.49,INR,rtgs simplilearn pvt ltd bill/2502/225 q2 - training exp,SIMPLILEARN Pvt Ltd,True,18%,unknown,Training,0,12212.83916075006,5
TXN0004226,2025-02-01,4378.37,INR, / CARD CANVA RCPT/2502/226 FY24 - software exp,CANVA,True,18%,TRUE,Software,0,3684.8019144518803,5
TXN0004227,2025-02-02,68949.78,INR, / NEFT Awfis BILL/2502/227 FY25 - rent exp,Awfis,True,18%,TRUE,Rent,0,65468.1903172459,6
TXN0004228,2025-02-02,7391.7,INR,*IMPS MICROSOFT INDIA PVT LTD BILL/2502/228 TDS - software exp,MICROSOFT INDIA PVT LTD,True,18%,TRUE,Software,0,6161.547035623553,6
TXN0004229,2025-02-02,76891.97,INR,IMPS Wework TAXINV/2502/229 FY25 - rent exp /  ref 6481,Wework,True,18%,TRUE,Rent,0,63214.927746436944,6
TXN0004230,2025-02-02,24215.46,INR,*CARD AIRTEL INV/2502/230 RENT - utilities exp,AIRTEL,True,18%,TRUE,Utilities,0,19388.943154636705,6
TXN0004231,2025-02-02,36062.18,INR, / AUTO-DEBIT INFY INDIA PVT LTD INV/2502/231 RENT - it services exp,INFY INDIA PVT LTD,True,18%,TRUE,IT Services,0,24317.791210757045,6
TXN0004232,2025-02-02,10687.91,INR, / UPI CANVA INDIA PVT LTD INV/2502/232 RENT - software exp,CANVA INDIA PVT LTD,True,18%,TRUE,Software,0,9709.387322824638,6
TXN0004233,2025-02-02,5324.92,INR,rtgs ike.a rcpt/2502/233 rent - office supplies exp,IKE.a,True,12%,TRUE,Office Supplies,0,3999.7145549319366,6
TXN0004234,2025-02-02,83067.71,INR,imps awfis bill/2502/234 q1 - rent exp- ref 8322,AWFIS,True,18%,TRUE,Rent,0,69806.66950728642,6
TXN0004235,2025-02-02,8779.76,INR,AUTO-DEBIT INDIGO BILL/2502/235 FY25 - travel exp* ref 1778,INDIGO,True,5%,FALSE,Travel,0,5925.962713323039,6
TXN0004236,2025-02-02,51785.85,INR,auto-debit infy taxinv/2502/236 gst - it services exp! ref 7147,Infy,True,18%,TRUE,IT Services,0,36542.33429861998,6
TXN0004237,2025-02-02,9255.35,INR,AUTO-DEBIT BESCOM INV/2502/237 GST - utilities exp,BESCOM,True,18%,TRUE,Utilities,0,8466.858892831322,6
TXN0004238,2025-02-02,9164.9,INR,RTGS ADOBE INV/2502/238 ADV - software exp,ADOBE,True,18%,TRUE,Software,0,7077.280740154421,6
TXN0004239,2025-02-02,73317.32,INR, / AUTO-DEBIT AWF.is TAXINV/2502/239 TDS - rent exp,AWF.is,True,18%,TRUE,Rent,0,67177.87705001309,6
TXN0004240,2025-02-02,11117.04,INR,#UPI JIOFIBER INDIA PVT LTD INV/2502/240 FY25 - utilities exp,JIOFIBER INDIA PVT LTD,True,18%,TRUE,Utilities,0,8824.056530721607,6
TXN0004241,2025-02-02,26446.44,INR,!upi wipro india pvt ltd rcpt/2502/241 fy24 - it services exp,WIPRO INDIA PVT LTD,True,18%,TRUE,IT Services,0,17260.22088490691,6
TXN0004242,2025-02-02,4253.91,INR,RTGS ADOBE Pvt Ltd TAXINV/2502/242 GST - software exp /  ref 3229,ADOBE Pvt Ltd,True,18%,TRUE,Software,0,3706.7100226539815,6
TXN0004243,2025-02-03,46042.05,INR, / NEFT HCL INV/2502/243 RENT - it services exp,HCL,True,18%,TRUE,IT Services,0,43326.06484112804,0
TXN0004244,2025-02-03,62658.79,INR,CARD Indiqube RCPT/2502/244 ADV - rent exp* ref 3227,Indiqube,True,28%,TRUE,Rent,1,67036.68956415135,0
TXN0004245,2025-02-03,8888.86,INR, / IMPS IKEA BILL/2502/245 Q2 - office supplies exp! ref 5432,IKEA,True,12%,TRUE,Office Supplies,0,8911.269587204233,0
TXN0004246,2025-02-03,4419.49,INR,auto-debit ube.r bill/2502/246 fy25 - travel exp! ref 2230,UBE.r,True,5%,FALSE,Travel,0,3737.5104422788763,0
TXN0004247,2025-02-03,9089.63,INR,CARD BESCOM TAXINV/2502/247 Q1 - utilities exp,BESCOM,True,18%,TRUE,Utilities,0,9238.967862815529,0
TXN0004248,2025-02-03,21669.66,INR,#auto-debit hcl bill/2502/248 fy25 - it services exp,Hcl,True,18%,TRUE,IT Services,0,26428.800877458285,0
TXN0004249,2025-02-03,33831.66,INR, / rtgs techm rcpt/2502/249 subs - it services exp,TECHM,True,18%,TRUE,IT Services,0,35499.515024906534,0
TXN0004250,2025-02-03,44583.55,INR,RTGS INFY Pvt Ltd BILL/2502/250 FY24 - it services exp,INFY Pvt Ltd,True,18%,TRUE,IT Services,0,44327.11543829933,0
TXN0004251,2025-02-03,7637.32,INR,-UPI STAPLES Pvt Ltd BILL/2502/251 RENT - office supplies exp,STAPLES Pvt Ltd,True,12%,TRUE,Office Supplies,0,8458.594167063346,0
TXN0004252,2025-02-03,54719.97,INR,imps techm bill/2502/252 fy25 - it services exp,TECHM,True,18%,TRUE,IT Services,0,55872.74720958602,0
TXN0004253,2025-02-03,81411.23,INR,!card indiqube pvt ltd rcpt/2502/253 fy25 - rent exp,INDIQUBE Pvt Ltd,True,5%,TRUE,Rent,1,83117.07394127971,0
TXN0004254,2025-02-03,3063.69,INR,-upi zomato pvt ltd taxinv/2502/254 subs - meals exp,ZOMATO Pvt Ltd,True,5%,FALSE,Meals,0,2729.2498876307877,0
TXN0004255,2025-02-03,30882.71,INR, / CARD INFY TAXINV/2502/255 ADV - it services exp,INFY,True,18%,TRUE,IT Services,0,31604.896076453268,0
TXN0004256,2025-02-03,5531.41,INR,IMPS OFF.ice depot BILL/2502/256 FY24 - office supplies exp  ref 3116,OFF.ice depot,True,12%,TRUE,Office Supplies,0,6104.156206800286,0
TXN0004257,2025-02-03,24356.0,INR,#rtgs infy pvt ltd rcpt/2502/257 q1 - it services exp# ref 2354,INFY Pvt Ltd,True,18%,TRUE,IT Services,0,22319.68702234518,0
TXN0004258,2025-02-04,25726.34,INR, RTGS SIMPLILEARN BILL/2502/258 TDS - training exp,SIMPLILEARN,True,18%,unknown,Training,0,29391.04638259782,1
TXN0004259,2025-02-04,17585.97,INR,upi kseb india pvt ltd taxinv/2502/259 gst - utilities exp,KSEB INDIA PVT LTD,True,18%,TRUE,Utilities,0,17424.696061056453,1
TXN0004260,2025-02-04,5200.37,INR,card can.va inv/2502/260 fy25 - software exp,CAN.va,True,18%,TRUE,Software,0,4738.697006528032,1
TXN0004261,2025-02-04,12889.32,INR,RTGS JIOFIBER INV/2502/261 ADV - utilities exp# ref 9863,JIOFIBER,True,18%,TRUE,Utilities,0,14175.199908168965,1
TXN0004262,2025-02-04,13526.3,INR,#imps mic.rosoft rcpt/2502/262 fy25 - software exp,MIC.rosoft,True,18%,TRUE,Software,0,13138.373512913344,1
TXN0004263,2025-02-04,8139.69,INR,UPI MICROSOFT INDIA PVT LTD TAXINV/2502/263 RENT - software exp,MICROSOFT INDIA PVT LTD,True,18%,TRUE,Software,0,8757.91157345218,1
TXN0004264,2025-02-04,35207.35,INR,#IMPS Infy TAXINV/2502/264 FY24 - it services exp,Infy,True,18%,TRUE,IT Services,0,34180.145171855234,1
TXN0004265,2025-02-04,35986.04,INR,NEFT WIP.ro INV/2502/265 Q1 - it services exp,WIP.ro,True,18%,TRUE,IT Services,0,35770.74940058871,1
TXN0004266,2025-02-04,5864.16,INR,!AUTO-DEBIT Rapido BILL/2502/266 TDS - travel exp /  ref 5953,Rapido,True,5%,FALSE,Travel,0,6153.591600784897,1
TXN0004267,2025-02-04,14313.77,INR,rtgs upgrad rcpt/2502/267 tds - training exp  ref 1508,UPGRAD,True,18%,unknown,Training,0,14730.153357602008,1
TXN0004268,2025-02-04,93446.63,INR,IMPS INDIQUBE Pvt Ltd RCPT/2502/268 SUBS - rent exp# ref 8269,INDIQUBE Pvt Ltd,True,18%,TRUE,Rent,0,74799.05800588852,1
TXN0004269,2025-02-04,4954.16,INR,IMPS RAPIDO Pvt Ltd TAXINV/2502/269 TDS - travel exp,RAPIDO Pvt Ltd,True,5%,FALSE,Travel,0,4398.677911257397,1
TXN0004270,2025-02-04,81984.2,INR,neft indiqube inv/2502/270 q2 - rent exp- ref 4191,INDIQUBE,True,18%,TRUE,Rent,0,89603.89340750872,1
TXN0004271,2025-02-04,10986.7,INR,CARD CANVA BILL/2502/271 Q1 - software exp! ref 5653,CANVA,True,18%,TRUE,Software,0,10841.525493871539,1
TXN0004272,2025-02-04,7850.97,INR, / imps kseb inv/2502/272 adv - utilities exp /  ref 1500,KSEB,True,18%,TRUE,Utilities,0,7439.7901253880655,1
TXN0004273,2025-02-04,58407.25,INR,RTGS WIPRO Pvt Ltd TAXINV/2502/273 SUBS - it services exp,WIPRO Pvt Ltd,True,18%,TRUE,IT Services,0,50472.192784735285,1
TXN0004274,2025-02-05,11870.38,INR,-auto-debit airtel inv/2502/274 tds - utilities exp,AIRTEL,True,18%,TRUE,Utilities,0,10588.69195666536,2
TXN0004275,2025-02-05,20773.42,INR,#upi upgrad pvt ltd taxinv/2502/275 gst - training exp* ref 9336,UPGRAD Pvt Ltd,True,18%,unknown,Training,0,16573.452769664167,2
TXN0004276,2025-02-05,8285.09,INR, IMPS CANVA Pvt Ltd INV/2502/276 TDS - software exp,CANVA Pvt Ltd,True,18%,TRUE,Software,0,8201.178013029312,2
TXN0004277,2025-02-05,2996.09,INR,-CARD Indigo TAXINV/2502/277 FY24 - travel exp* ref 6502,Indigo,True,5%,FALSE,Travel,0,2816.792714919693,2
TXN0004278,2025-02-05,34282.71,INR, / auto-debit wipro bill/2502/278 fy24 - it services exp,WIPRO,True,18%,TRUE,IT Services,0,30968.98476438388,2
TXN0004279,2025-02-05,4151.61,INR,*AUTO-DEBIT RAPIDO Pvt Ltd INV/2502/279 SUBS - travel exp,RAPIDO Pvt Ltd,True,5%,FALSE,Travel,0,4123.327810683847,2
TXN0004280,2025-02-05,47002.74,INR,IMPS INFY INDIA PVT LTD INV/2502/280 Q1 - it services exp,INFY INDIA PVT LTD,True,18%,TRUE,IT Services,0,48713.50169296072,2
TXN0004281,2025-02-05,5018.34,INR,auto-debit office depot pvt ltd bill/2502/281 adv - office supplies exp,OFFICE DEPOT Pvt Ltd,True,12%,TRUE,Office Supplies,0,6068.777891112645,2
TXN0004282,2025-02-05,102094.89,INR,IMPS INDIQUBE INDIA PVT LTD BILL/2502/282 RENT - rent exp,INDIQUBE INDIA PVT LTD,True,18%,TRUE,Rent,0,86659.33285868699,2
TXN0004283,2025-02-05,34691.33,INR,IMPS WIPRO INDIA PVT LTD BILL/2502/283 ADV - it services exp,WIPRO INDIA PVT LTD,True,18%,TRUE,IT Services,0,38713.377036888276,2
TXN0004284,2025-02-06,4840.23,INR,#imps kfc inv/2502/284 rent - meals exp /  ref 8080,Kfc,True,5%,FALSE,Meals,0,5311.233536867198,3
TXN0004285,2025-02-06,30398.54,INR,UPI INFY INDIA PVT LTD RCPT/2502/285 FY25 - it services exp,INFY INDIA PVT LTD,True,18%,TRUE,IT Services,0,28030.211819834778,3
TXN0004286,2025-02-06,4149.85,INR,AUTO-DEBIT IKE.a INV/2502/286 Q1 - office supplies exp,IKE.a,True,12%,TRUE,Office Supplies,0,4234.189872613885,3
TXN0004287,2025-02-06,93953.78,INR,UPI INDIQUBE Pvt Ltd TAXINV/2502/287 RENT - rent exp,INDIQUBE Pvt Ltd,True,18%,TRUE,Rent,0,89654.14263710484,3
TXN0004288,2025-02-06,42169.92,INR,RTGS TCS RCPT/2502/288 SUBS - it services exp,TCS,True,18%,TRUE,IT Services,0,42952.967258117176,3
TXN0004289,2025-02-06,6479.6,INR,*card microsoft taxinv/2502/289 q2 - software exp,Microsoft,True,18%,TRUE,Software,0,7457.456531445612,3
TXN0004290,2025-02-06,46246.75,INR,NEFT TCS Pvt Ltd RCPT/2502/290 TDS - it services exp,TCS Pvt Ltd,True,18%,TRUE,IT Services,0,49047.48200389422,3
TXN0004291,2025-02-06,33771.95,INR,UPI INFY INV/2502/291 RENT - it services exp# ref 4214,INFY,True,18%,TRUE,IT Services,0,35489.61965504211,3
TXN0004292,2025-02-06,4996.29,INR,CARD Staples TAXINV/2502/292 ADV - office supplies exp,Staples,True,12%,TRUE,Office Supplies,0,4781.294984780382,3
TXN0004293,2025-02-06,39984.21,INR,NEFT SIMPLILEARN INDIA PVT LTD BILL/2502/293 Q2 - training exp,SIMPLILEARN INDIA PVT LTD,True,18%,unknown,Training,0,34050.32666577657,3
TXN0004294,2025-02-06,32826.34,INR,upi wipro rcpt/2502/294 rent - it services exp,WIPRO,True,5%,TRUE,IT Services,1,32142.015164160894,3
TXN0004295,2025-02-06,23155.08,INR,-CARD TCS RCPT/2502/295 RENT - it services exp! ref 3437,TCS,True,18%,TRUE,IT Services,0,25948.990835452638,3
TXN0004296,2025-02-06,26979.92,INR,RTGS TECHM Pvt Ltd TAXINV/2502/296 RENT - it services exp,TECHM Pvt Ltd,True,18%,TRUE,IT Services,0,22859.633340263983,3
TXN0004297,2025-02-07,3514.9,INR,upi ikea bill/2502/297 subs - office supplies exp,IKEA,True,12%,TRUE,Office Supplies,0,3144.0466379795735,4
TXN0004298,2025-02-07,36977.01,INR,!NEFT Wework BILL/2502/298 RENT - rent exp* ref 6397,Wework,True,18%,TRUE,Rent,0,37443.91033454046,4
TXN0004299,2025-02-07,5104.64,INR,CARD IKEA INDIA PVT LTD RCPT/2502/299 GST - office supplies exp,IKEA INDIA PVT LTD,True,12%,TRUE,Office Supplies,0,4602.009179907727,4
TXN0004300,2025-02-07,15661.7,INR, / AUTO-DEBIT UPG.rad RCPT/2502/300 FY25 - training exp* ref 4313,UPG.rad,True,18%,unknown,Training,0,14420.473552831569,4
TXN0004301,2025-02-07,14090.47,INR,RTGS JIOFIBER INV/2502/301 SUBS - utilities exp,JIOFIBER,True,18%,TRUE,Utilities,0,13493.599689211656,4
TXN0004302,2025-02-07,8595.11,INR,*AUTO-DEBIT INDIGO Pvt Ltd BILL/2502/302 FY25 - travel exp# ref 8562,INDIGO Pvt Ltd,True,5%,FALSE,Travel,0,7421.346819307121,4
TXN0004303,2025-02-07,84841.96,INR,UPI INDIQUBE BILL/2502/303 Q2 - rent exp! ref 7225,INDIQUBE,True,18%,TRUE,Rent,0,76577.31932881848,4
TXN0004304,2025-02-07,25116.88,INR,UPI SIMPLILEARN INV/2502/304 TDS - training exp,SIMPLILEARN,True,18%,unknown,Training,0,26883.671457459684,4
TXN0004305,2025-02-07,7127.31,INR,-upi bes.com bill/2502/305 fy24 - utilities exp /  ref 9833,BES.com,True,18%,TRUE,Utilities,0,6195.507027740743,4
TXN0004306,2025-02-07,6883.26,INR,*neft adobe inv/2502/306 gst - software exp  ref 1067,Adobe,True,18%,TRUE,Software,0,5783.403065151707,4
TXN0004307,2025-02-07,5074.73,INR,card sta.ples taxinv/2502/307 rent - office supplies exp  ref 2930,STA.ples,True,12%,TRUE,Office Supplies,0,4755.009333560995,4
TXN0004308,2025-02-07,3722.3,INR,upi kfc inv/2502/308 q1 - meals exp /  ref 1162,Kfc,True,5%,FALSE,Meals,0,3994.7557966992404,4
TXN0004309,2025-02-07,5040.5,INR, / UPI OLA BILL/2502/309 Q2 - travel exp,OLA,True,5%,FALSE,Travel,0,4941.241562679168,4
TXN0004310,2025-02-07,41465.94,INR,CARD INF.y BILL/2502/310 SUBS - it services exp- ref 5693,INF.y,True,18%,TRUE,IT Services,0,39539.51088897225,4
TXN0004311,2025-02-07,58610.52,INR,!card indiqube taxinv/2502/311 gst - rent exp,Indiqube,True,18%,TRUE,Rent,0,58870.50921889644,4
TXN0004312,2025-02-08,12086.3,INR,AUTO-DEBIT Jiofiber RCPT/2502/312 SUBS - utilities exp,Jiofiber,True,18%,TRUE,Utilities,0,7981.1085003382705,5
TXN0004313,2025-02-08,4836.33,INR,*imps indigo bill/2502/313 fy24 - travel exp,Indigo,True,5%,FALSE,Travel,0,4060.4687835617437,5
TXN0004314,2025-02-08,4281.57,INR,*auto-debit ikea rcpt/2502/314 adv - office supplies exp,IKEA,True,12%,TRUE,Office Supplies,0,3556.5923141925523,5
TXN0004315,2025-02-08,47004.91,INR, / neft indiqube pvt ltd taxinv/2502/315 subs - rent exp,INDIQUBE Pvt Ltd,True,18%,TRUE,Rent,0,36064.76736103147,5
TXN0004316,2025-02-08,41146.67,INR,RTGS WIPRO INDIA PVT LTD RCPT/2502/316 ADV - it services exp,WIPRO INDIA PVT LTD,True,18%,TRUE,IT Services,0,36228.571514543866,5
TXN0004317,2025-02-08,3047.53,INR,RTGS KFC BILL/2502/317 GST - meals exp,KFC,True,5%,FALSE,Meals,0,2163.1377450846117,5
TXN0004318,2025-02-08,44699.03,INR,RTGS INFY Pvt Ltd BILL/2502/318 Q2 - it services exp* ref 1321,INFY Pvt Ltd,True,18%,TRUE,IT Services,0,39792.539034136884,5
TXN0004319,2025-02-08,10227.19,INR,auto-debit office depot bill/2502/319 tds - office supplies exp /  ref 4732,OFFICE DEPOT,True,12%,TRUE,Office Supplies,0,8308.15488574713,5
TXN0004320,2025-02-08,27392.39,INR,*NEFT Wipro BILL/2502/320 TDS - it services exp,Wipro,True,18%,TRUE,IT Services,0,21176.393616203764,5
TXN0004321,2025-02-08,75860.16,INR,imps awfis india pvt ltd taxinv/2502/321 q1 - rent exp,AWFIS INDIA PVT LTD,True,18%,TRUE,Rent,0,60567.51862729426,5
TXN0004322,2025-02-08,13178.2,INR,UPI KSEB INV/2502/322 RENT - utilities exp,KSEB,True,18%,TRUE,Utilities,0,10429.47547705522,5
TXN0004323,2025-02-08,75053.57,INR,-rtgs awfis bill/2502/323 q2 - rent exp# ref 6422,AWFIS,True,18%,TRUE,Rent,0,67369.7830228872,5
TXN0004324,2025-02-08,87796.52,INR, / card indiqube pvt ltd inv/2502/324 tds - rent exp,INDIQUBE Pvt Ltd,True,18%,TRUE,Rent,0,62674.921556112684,5
TXN0004325,2025-02-08,42881.41,INR,upi wipro india pvt ltd rcpt/2502/325 subs - it services exp  ref 5374,WIPRO INDIA PVT LTD,True,18%,TRUE,IT Services,0,31689.295989861334,5
TXN0004326,2025-02-08,78717.59,INR,#IMPS WEWORK BILL/2502/326 TDS - rent exp,WEWORK,True,18%,TRUE,Rent,0,69500.09329391805,5
TXN0004327,2025-02-08,21254.92,INR,rtgs wipro taxinv/2502/327 fy25 - it services exp* ref 3626,WIPRO,True,18%,TRUE,IT Services,0,15991.29220763695,5
TXN0004328,2025-02-08,14643.29,INR,neft jiofiber taxinv/2502/328 subs - utilities exp,JIOFIBER,True,18%,TRUE,Utilities,0,12769.573360476716,5
TXN0004329,2025-02-09,16030.75,INR, RTGS AIRTEL RCPT/2502/329 TDS - utilities exp* ref 5858,AIRTEL,True,18%,TRUE,Utilities,0,15004.058670769351,6
TXN0004330,2025-02-09,9624.05,INR,-AUTO-DEBIT Jiofiber BILL/2502/330 FY25 - utilities exp /  ref 9927,Jiofiber,True,18%,TRUE,Utilities,0,7389.888365676989,6
TXN0004331,2025-02-09,123204.71,INR,AUTO-DEBIT AWF.is TAXINV/2502/331 SUBS - rent exp,AWF.is,True,18%,TRUE,Rent,0,105279.53182805088,6
TXN0004332,2025-02-09,4470.15,INR,UPI Ikea RCPT/2502/332 Q1 - office supplies exp,Ikea,True,12%,TRUE,Office Supplies,0,3163.5457958854904,6
TXN0004333,2025-02-09,21316.96,INR, neft jio.fiber bill/2502/333 q2 - utilities exp- ref 9520,JIO.fiber,True,18%,TRUE,Utilities,0,18340.657562046366,6
TXN0004334,2025-02-09,15706.07,INR,CARD UPG.rad INV/2502/334 Q1 - training exp,UPG.rad,True,18%,unknown,Training,0,12815.429366686974,6
TXN0004335,2025-02-09,10042.24,INR,#rtgs adobe india pvt ltd taxinv/2502/335 fy24 - software exp,ADOBE INDIA PVT LTD,True,18%,TRUE,Software,0,8413.821116691248,6
TXN0004336,2025-02-09,11809.38,INR,rtgs airtel bill/2502/336 q2 - utilities exp  ref 4290,AIRTEL,True,18%,TRUE,Utilities,0,8837.599526715732,6
TXN0004337,2025-02-09,5318.45,INR,auto-debit sta.ples inv/2502/337 gst - office supplies exp,STA.ples,True,12%,TRUE,Office Supplies,0,3548.008872678142,6
TXN0004338,2025-02-09,44977.16,INR,#NEFT AWF.is TAXINV/2502/338 FY25 - rent exp- ref 4309,AWF.is,True,18%,TRUE,Rent,0,37792.515890925504,6
TXN0004339,2025-02-09,13964.72,INR,neft coursera inv/2502/339 adv - training exp# ref 5376,COURSERA,True,18%,unknown,Training,1,8866.588218280569,6
TXN0004340,2025-02-09,4995.21,INR,AUTO-DEBIT OFFICE DEPOT RCPT/2502/340 GST - office supplies exp* ref 6738,OFFICE DEPOT,True,12%,TRUE,Office Supplies,0,3869.3494118116137,6
TXN0004341,2025-02-09,3183.06,INR,#imps kfc bill/2502/341 fy25 - meals exp- ref 3817,KFC,True,5%,FALSE,Meals,0,2786.11506813814,6
TXN0004342,2025-02-09,34496.13,INR,rtgs infy taxinv/2502/342 fy24 - it services exp,Infy,True,18%,TRUE,IT Services,0,28126.482339470556,6
TXN0004343,2025-02-09,67975.98,INR,CARD WEWORK Pvt Ltd BILL/2502/343 ADV - rent exp,WEWORK Pvt Ltd,True,18%,TRUE,Rent,0,64976.02405243035,6
TXN0004344,2025-02-10,2737.55,INR,#CARD Ola BILL/2502/344 GST - travel exp,Ola,True,5%,FALSE,Travel,0,3018.1787560650237,0
TXN0004345,2025-02-10,19451.0,INR,#UPI TECHM INDIA PVT LTD INV/2502/345 ADV - it services exp,TECHM INDIA PVT LTD,True,18%,TRUE,IT Services,0,18179.10224486792,0
TXN0004346,2025-02-10,3391.92,INR,upi zomato pvt ltd bill/2502/346 fy24 - meals exp! ref 7538,ZOMATO Pvt Ltd,True,5%,FALSE,Meals,0,3401.1844799385694,0
TXN0004347,2025-02-10,31273.39,INR,UPI TECHM INDIA PVT LTD RCPT/2502/347 Q1 - it services exp! ref 3683,TECHM INDIA PVT LTD,True,18%,TRUE,IT Services,0,31125.245754475385,0
TXN0004348,2025-02-10,37098.68,INR,RTGS INFY BILL/2502/348 FY24 - it services exp  ref 1042,INFY,True,18%,TRUE,IT Services,0,31229.01305531863,0
TXN0004349,2025-02-10,22284.64,INR,NEFT JIOFIBER INDIA PVT LTD INV/2502/349 TDS - utilities exp,JIOFIBER INDIA PVT LTD,True,18%,TRUE,Utilities,0,20188.994868975613,0
TXN0004350,2025-02-10,12279.5,INR,card simplilearn pvt ltd inv/2502/350 gst - training exp,SIMPLILEARN Pvt Ltd,True,18%,unknown,Training,0,11590.91364427408,0
TXN0004351,2025-02-10,52700.86,INR, RTGS INFY TAXINV/2502/351 GST - it services exp! ref 9614,INFY,True,18%,TRUE,IT Services,0,41969.80283498597,0
TXN0004352,2025-02-10,6274.49,INR,imps adobe taxinv/2502/352 q1 - software exp# ref 4897,Adobe,True,18%,TRUE,Software,0,6304.289729161024,0
TXN0004353,2025-02-10,34653.58,INR,NEFT INFY Pvt Ltd TAXINV/2502/353 Q1 - it services exp,INFY Pvt Ltd,True,18%,TRUE,IT Services,0,33790.45689055683,0
TXN0004354,2025-02-10,3373.72,INR,neft sta.ples taxinv/2502/354 q1 - office supplies exp,STA.ples,True,12%,TRUE,Office Supplies,0,2809.3324387267116,0
TXN0004355,2025-02-10,2226.19,INR,neft zom.ato inv/2502/355 subs - meals exp,ZOM.ato,True,5%,FALSE,Meals,0,2316.1754638551743,0
TXN0004356,2025-02-10,10446.85,INR,RTGS BESCOM BILL/2502/356 SUBS - utilities exp,BESCOM,True,18%,TRUE,Utilities,0,11194.711518287475,0
TXN0004357,2025-02-10,74257.26,INR, IMPS INDIQUBE TAXINV/2502/357 ADV - rent exp,INDIQUBE,True,18%,TRUE,Rent,0,75943.15583260346,0
TXN0004358,2025-02-10,9116.6,INR, / AUTO-DEBIT IKEA INV/2502/358 Q2 - office supplies exp,IKEA,True,12%,TRUE,Office Supplies,0,8821.160007388991,0
TXN0004359,2025-02-11,42875.59,INR,#AUTO-DEBIT WIPRO INV/2502/359 RENT - it services exp,WIPRO,True,18%,TRUE,IT Services,0,45411.43312072303,1
TXN0004360,2025-02-11,24856.45,INR,NEFT INFY RCPT/2502/360 RENT - it services exp,INFY,True,18%,TRUE,IT Services,0,26547.236337917086,1
TXN0004361,2025-02-11,58007.22,INR,-auto-debit wework pvt ltd inv/2502/361 adv - rent exp,WEWORK Pvt Ltd,True,18%,TRUE,Rent,0,59790.38264975153,1
TXN0004362,2025-02-11,7864.12,INR,AUTO-DEBIT JIOFIBER INDIA PVT LTD BILL/2502/362 Q2 - utilities exp* ref 5925,JIOFIBER INDIA PVT LTD,True,18%,TRUE,Utilities,0,7215.6350309110985,1
TXN0004363,2025-02-11,12137.79,INR,-upi jiofiber pvt ltd inv/2502/363 rent - utilities exp,JIOFIBER Pvt Ltd,True,18%,TRUE,Utilities,0,12473.522200561398,1
TXN0004364,2025-02-11,1884.02,INR, / UPI DOMINOS TAXINV/2502/364 Q1 - meals exp,DOMINOS,True,5%,FALSE,Meals,0,2109.250945576822,1
TXN0004365,2025-02-11,5487.29,INR,rtgs rapido rcpt/2502/365 fy25 - travel exp /  ref 1463,RAPIDO,True,5%,FALSE,Travel,0,5159.902333297044,1
TXN0004366,2025-02-11,41766.79,INR,rtgs techm rcpt/2502/366 tds - it services exp,TECHM,True,18%,TRUE,IT Services,0,50529.2091810283,1
TXN0004367,2025-02-11,8090.89,INR,*RTGS STAPLES INDIA PVT LTD TAXINV/2502/367 GST - office supplies exp! ref 9569,STAPLES INDIA PVT LTD,True,12%,TRUE,Office Supplies,0,7665.6077932527,1
TXN0004368,2025-02-11,4522.28,INR,AUTO-DEBIT RAPIDO BILL/2502/368 FY25 - travel exp  ref 8143,RAPIDO,True,5%,FALSE,Travel,0,4536.935358828783,1
TXN0004369,2025-02-11,80613.91,INR,UPI WEW.ork TAXINV/2502/369 RENT - rent exp,WEW.ork,True,18%,TRUE,Rent,0,75192.74066872489,1
TXN0004370,2025-02-11,3999.04,INR,CARD IND.igo INV/2502/370 Q2 - travel exp,IND.igo,True,5%,FALSE,Travel,0,4088.3269003678565,1
TXN0004371,2025-02-11,5909.45,INR,-NEFT STAPLES Pvt Ltd BILL/2502/371 RENT - office supplies exp  ref 7373,STAPLES Pvt Ltd,True,12%,TRUE,Office Supplies,0,4879.892801845647,1
TXN0004372,2025-02-11,30170.73,INR,!RTGS Wipro TAXINV/2502/372 FY25 - it services exp,Wipro,True,18%,TRUE,IT Services,0,28523.28203191864,1
TXN0004373,2025-02-11,3830.36,INR,*auto-debit stamp duty rcpt/2502/373 q2 - exempt services exp /  ref 2869,Stamp Duty,False,exempt,FALSE,Exempt Services,0,3412.0382639032864,1
TXN0004374,2025-02-11,127128.04,INR,rtgs wework bill/2502/374 subs - rent exp  ref 9476,WEWORK,True,18%,TRUE,Rent,0,128848.5698904385,1
TXN0004375,2025-02-11,109725.35,INR,#NEFT INDIQUBE TAXINV/2502/375 Q1 - rent exp! ref 7424,INDIQUBE,True,18%,TRUE,Rent,0,120636.95863342963,1
TXN0004376,2025-02-11,10476.67,INR,RTGS BES.com RCPT/2502/376 TDS - utilities exp,BES.com,True,18%,TRUE,Utilities,0,11153.469364035742,1
TXN0004377,2025-02-11,64663.52,INR,-CARD TCS INV/2502/377 ADV - it services exp,TCS,True,18%,TRUE,IT Services,0,49327.53574859138,1
TXN0004378,2025-02-12,40297.92,INR,rtgs ikea rcpt/2502/378 adv - office supplies exp,IKEA,True,12%,TRUE,Office Supplies,1,48527.03595081154,2
TXN0004379,2025-02-12,22397.93,INR,CARD SIMPLILEARN INDIA PVT LTD TAXINV/2502/379 SUBS - training exp,SIMPLILEARN INDIA PVT LTD,True,18%,unknown,Training,0,23059.295944043035,2
TXN0004380,2025-02-12,106869.12,INR,AUTO-DEBIT WEWORK BILL/2502/380 FY24 - rent exp,WEWORK,True,18%,TRUE,Rent,0,98570.74201747567,2
TXN0004381,2025-02-12,17064.97,INR,IMPS TCS INDIA PVT LTD RCPT/2502/381 SUBS - it services exp  ref 6622,TCS INDIA PVT LTD,True,18%,TRUE,IT Services,0,17333.108322374283,2
TXN0004382,2025-02-12,4519.22,INR, auto-debit sta.mp duty bill/2502/382 tds - exempt services exp,STA.mp duty,False,exempt,FALSE,Exempt Services,0,4598.844056965062,2
TXN0004383,2025-02-12,55128.3,INR,!NEFT Techm TAXINV/2502/383 GST - it services exp,Techm,True,18%,TRUE,IT Services,0,51452.07638772792,2
TXN0004384,2025-02-12,23524.26,INR,RTGS HCL INV/2502/384 FY25 - it services exp,HCL,True,18%,TRUE,IT Services,0,23989.84431408885,2
TXN0004385,2025-02-12,5569.44,INR,CARD STA.ples INV/2502/385 SUBS - office supplies exp,STA.ples,True,12%,TRUE,Office Supplies,0,5231.111954243595,2
TXN0004386,2025-02-12,8360.13,INR,RTGS Microsoft BILL/2502/386 Q2 - software exp* ref 8234,Microsoft,True,18%,TRUE,Software,0,8022.0781174052345,2
TXN0004387,2025-02-12,40040.54,INR,AUTO-DEBIT Techm INV/2502/387 Q2 - it services exp,Techm,True,18%,TRUE,IT Services,0,37292.641281363314,2
TXN0004388,2025-02-12,9900.75,INR,!AUTO-DEBIT AIRTEL INDIA PVT LTD TAXINV/2502/388 FY24 - utilities exp! ref 2565,AIRTEL INDIA PVT LTD,True,18%,TRUE,Utilities,0,8482.297972811013,2
TXN0004389,2025-02-12,74067.2,INR,*auto-debit awfis pvt ltd bill/2502/389 q2 - rent exp,AWFIS Pvt Ltd,True,18%,TRUE,Rent,0,75147.36990067369,2
TXN0004390,2025-02-12,7190.16,INR,IMPS GOV.t fees RCPT/2502/390 GST - exempt services exp /  ref 7223,GOV.t fees,False,exempt,FALSE,Exempt Services,0,7610.999659646231,2
TXN0004391,2025-02-13,37812.4,INR,RTGS TECHM TAXINV/2502/391 Q2 - it services exp,TECHM,True,18%,TRUE,IT Services,0,39759.29844882782,3
TXN0004392,2025-02-13,41337.27,INR,!upi infy bill/2502/392 tds - it services exp- ref 9724,Infy,True,18%,TRUE,IT Services,0,44726.617154800086,3
TXN0004393,2025-02-13,3165.9,INR,#rtgs dominos india pvt ltd rcpt/2502/393 fy24 - meals exp,DOMINOS INDIA PVT LTD,True,5%,FALSE,Meals,0,3268.582867088607,3
TXN0004394,2025-02-13,18770.64,INR,RTGS SIMPLILEARN BILL/2502/394 ADV - training exp,SIMPLILEARN,True,18%,unknown,Training,0,17770.680145414986,3
TXN0004395,2025-02-13,6147.53,INR,#UPI Staples RCPT/2502/395 RENT - office supplies exp,Staples,True,12%,TRUE,Office Supplies,0,6663.715879650666,3
TXN0004396,2025-02-13,18905.16,INR,RTGS SIMPLILEARN TAXINV/2502/396 TDS - training exp,SIMPLILEARN,True,18%,unknown,Training,0,16338.751370648184,3
TXN0004397,2025-02-13,9771.71,INR,*upi kseb rcpt/2502/397 fy24 - utilities exp,KSEB,True,18%,TRUE,Utilities,0,8891.600044478897,3
TXN0004398,2025-02-13,3177.73,INR,auto-debit dominos bill/2502/398 gst - meals exp,Dominos,True,5%,FALSE,Meals,0,2871.333250703621,3
TXN0004399,2025-02-13,8865.99,INR,UPI Office Depot RCPT/2502/399 GST - office supplies exp,Office Depot,True,12%,TRUE,Office Supplies,0,9823.566621976852,3
TXN0004400,2025-02-13,13479.46,INR,!card bes.com taxinv/2502/400 subs - utilities exp,BES.com,True,18%,TRUE,Utilities,0,14750.288006481058,3
TXN0004401,2025-02-13,141052.47,INR,RTGS AWFIS BILL/2502/401 RENT - rent exp,AWFIS,True,18%,TRUE,Rent,0,147926.0307329132,3
TXN0004402,2025-02-13,40138.02,INR,-NEFT Infy RCPT/2502/402 FY24 - it services exp- ref 5984,Infy,True,18%,TRUE,IT Services,0,44440.53423684684,3
TXN0004403,2025-02-13,9357.25,INR,IMPS FIGMA INV/2502/403 SUBS - software exp,FIGMA,True,18%,TRUE,Software,0,8534.483118427543,3
TXN0004404,2025-02-13,35714.59,INR,AUTO-DEBIT INF.y INV/2502/404 FY25 - it services exp,INF.y,True,18%,TRUE,IT Services,0,36959.58317818357,3
TXN0004405,2025-02-13,89265.75,INR, / UPI INDIQUBE RCPT/2502/405 ADV - rent exp,INDIQUBE,True,18%,TRUE,Rent,0,88148.37107695555,3
TXN0004406,2025-02-13,23296.46,INR,RTGS WIPRO Pvt Ltd RCPT/2502/406 Q1 - it services exp! ref 3326,WIPRO Pvt Ltd,True,18%,TRUE,IT Services,0,25269.395505787073,3
TXN0004407,2025-02-14,52730.39,INR,CARD INF.y BILL/2502/407 FY24 - it services exp,INF.y,True,18%,TRUE,IT Services,0,52122.80812800719,4
TXN0004408,2025-02-14,68272.58,INR,-neft indiqube taxinv/2502/408 adv - rent exp,Indiqube,True,18%,TRUE,Rent,0,65644.47558555916,4
TXN0004409,2025-02-14,5897.53,INR,rtgs indigo rcpt/2502/409 fy24 - travel exp,INDIGO,True,5%,FALSE,Travel,0,6216.532421546899,4
TXN0004410,2025-02-14,6267.6,INR,*IMPS INDIGO Pvt Ltd RCPT/2502/410 ADV - travel exp,INDIGO Pvt Ltd,True,5%,FALSE,Travel,0,6816.747787228777,4
TXN0004411,2025-02-14,167118.44,INR,imps wework taxinv/2502/411 tds - rent exp /  ref 7838,Wework,True,18%,TRUE,Rent,0,155949.15936557064,4
TXN0004412,2025-02-14,5061.28,INR,!NEFT RAPIDO Pvt Ltd BILL/2502/412 FY24 - travel exp- ref 2258,RAPIDO Pvt Ltd,True,5%,FALSE,Travel,0,5030.367892609765,4
TXN0004413,2025-02-14,4485.13,INR,imps microsoft inv/2502/413 rent - software exp,MICROSOFT,True,18%,TRUE,Software,0,4010.4056160834816,4
TXN0004414,2025-02-14,13676.86,INR,rtgs airtel taxinv/2502/414 fy25 - utilities exp /  ref 3895,AIRTEL,True,18%,TRUE,Utilities,0,10260.296919229151,4
TXN0004415,2025-02-14,8271.51,INR,#CARD BESCOM TAXINV/2502/415 Q2 - utilities exp,BESCOM,True,18%,TRUE,Utilities,0,8437.320384583498,4
TXN0004416,2025-02-14,3538.7,INR,-UPI IKEA INDIA PVT LTD TAXINV/2502/416 FY25 - office supplies exp,IKEA INDIA PVT LTD,True,12%,TRUE,Office Supplies,0,3754.1733384178265,4
TXN0004417,2025-02-14,13478.21,INR,auto-debit airtel india pvt ltd inv/2502/417 q2 - utilities exp,AIRTEL INDIA PVT LTD,True,18%,TRUE,Utilities,0,13831.429148690078,4
TXN0004418,2025-02-14,8573.31,INR,CARD FIGMA Pvt Ltd TAXINV/2502/418 Q1 - software exp,FIGMA Pvt Ltd,True,18%,TRUE,Software,0,6901.890302955931,4
TXN0004419,2025-02-14,12325.88,INR,card air.tel taxinv/2502/419 tds - utilities exp,AIR.tel,True,18%,TRUE,Utilities,1,11893.427202680898,4
TXN0004420,2025-02-14,9850.0,INR,IMPS Kseb INV/2502/420 GST - utilities exp,Kseb,True,18%,TRUE,Utilities,0,7664.927456349685,4
TXN0004421,2025-02-15,34885.4,INR,RTGS TECHM INV/2502/421 TDS - it services exp# ref 1891,TECHM,True,18%,TRUE,IT Services,0,31730.925681676745,5
TXN0004422,2025-02-15,36258.64,INR,AUTO-DEBIT Techm RCPT/2502/422 GST - it services exp,Techm,True,18%,TRUE,IT Services,0,25856.603030930393,5
TXN0004423,2025-02-15,33002.07,INR,AUTO-DEBIT INF.y TAXINV/2502/423 SUBS - it services exp,INF.y,True,18%,TRUE,IT Services,0,29716.129423811853,5
TXN0004424,2025-02-15,2053.53,INR,auto-debit swiggy taxinv/2502/424 fy25 - meals exp,SWIGGY,True,5%,FALSE,Meals,0,1798.2137351515767,5
TXN0004425,2025-02-15,12316.71,INR,rtgs bescom pvt ltd taxinv/2502/425 q1 - utilities exp,BESCOM Pvt Ltd,True,18%,TRUE,Utilities,0,8965.983183921246,5
TXN0004426,2025-02-15,12171.5,INR,NEFT KSEB Pvt Ltd RCPT/2502/426 FY24 - utilities exp,KSEB Pvt Ltd,True,18%,TRUE,Utilities,0,8634.184637251572,5
TXN0004427,2025-02-15,5698.48,INR, IMPS OFF.ice depot RCPT/2502/427 GST - office supplies exp,OFF.ice depot,True,12%,TRUE,Office Supplies,0,4718.510213653857,5
TXN0004428,2025-02-15,4765.52,INR,CARD KFC Pvt Ltd RCPT/2502/428 FY24 - meals exp* ref 1185,KFC Pvt Ltd,True,5%,FALSE,Meals,0,3490.5245531458672,5
TXN0004429,2025-02-15,59344.7,INR,!NEFT INDIQUBE RCPT/2502/429 TDS - rent exp  ref 4004,INDIQUBE,True,18%,TRUE,Rent,0,47962.31362747889,5
TXN0004430,2025-02-15,23528.96,INR,*UPI Coursera RCPT/2502/430 Q2 - training exp,Coursera,True,18%,unknown,Training,0,17914.333514320613,5
TXN0004431,2025-02-15,4735.5,INR,auto-debit indigo pvt ltd taxinv/2502/431 fy25 - travel exp,INDIGO Pvt Ltd,True,5%,FALSE,Travel,0,3113.6259462638395,5
TXN0004432,2025-02-15,6579.55,INR,imps microsoft inv/2502/432 rent - software exp,MICROSOFT,True,18%,TRUE,Software,0,4089.601931581574,5
TXN0004433,2025-02-15,47472.8,INR,AUTO-DEBIT WEWORK Pvt Ltd BILL/2502/433 Q1 - rent exp,WEWORK Pvt Ltd,True,18%,TRUE,Rent,0,38839.14687935475,5
TXN0004434,2025-02-15,2289.08,INR,rtgs swiggy bill/2502/434 q1 - meals exp,SWIGGY,True,5%,FALSE,Meals,0,1728.4279515223593,5
TXN0004435,2025-02-15,34368.5,INR,upi wipro inv/2502/435 q2 - it services exp,Wipro,True,18%,TRUE,IT Services,0,25974.090610190935,5
TXN0004436,2025-02-15,3614.21,INR,#UPI ZOMATO INDIA PVT LTD INV/2502/436 FY24 - meals exp! ref 1224,ZOMATO INDIA PVT LTD,True,5%,unknown,Meals,1,3092.567843671292,5
TXN0004437,2025-02-15,13894.15,INR,UPI SIM.plilearn TAXINV/2502/437 Q2 - training exp- ref 3084,SIM.plilearn,True,18%,unknown,Training,0,12419.638640629813,5
TXN0004438,2025-02-15,28236.96,INR, / NEFT RAPIDO INV/2502/438 ADV - travel exp,RAPIDO,True,5%,FALSE,Travel,1,21973.901248375638,5
TXN0004439,2025-02-15,4123.44,INR,!imps ola inv/2502/439 q2 - travel exp,OLA,True,5%,FALSE,Travel,0,3186.396933438368,5
TXN0004440,2025-02-15,116382.53,INR,-NEFT Wework RCPT/2502/440 Q1 - rent exp /  ref 6014,Wework,True,18%,TRUE,Rent,0,97762.65692445342,5
TXN0004441,2025-02-15,8212.86,INR, CARD FIGMA BILL/2502/441 ADV - software exp,FIGMA,True,18%,TRUE,Software,0,5678.742250962972,5
TXN0004442,2025-02-15,69164.31,INR,#UPI AWF.is RCPT/2502/442 FY25 - rent exp,AWF.is,True,18%,TRUE,Rent,0,56566.18616448133,5
TXN0004443,2025-02-15,48458.71,INR,auto-debit tcs india pvt ltd taxinv/2502/443 gst - it services exp /  ref 7460,TCS INDIA PVT LTD,True,18%,TRUE,IT Services,0,40906.46258092784,5
TXN0004444,2025-02-15,16399.54,INR,card airtel pvt ltd taxinv/2502/444 fy24 - utilities exp,AIRTEL Pvt Ltd,True,18%,TRUE,Utilities,0,14012.06900097226,5
TXN0004445,2025-02-15,81458.95,INR,-IMPS AWFIS INV/2502/445 RENT - rent exp,AWFIS,True,18%,TRUE,Rent,0,52545.89267555895,5
TXN0004446,2025-02-16,10075.69,INR,upi adobe inv/2502/446 q2 - software exp,ADOBE,True,18%,TRUE,Software,0,7446.857625723101,6
TXN0004447,2025-02-16,76184.48,INR,upi wew.ork inv/2502/447 adv - rent exp* ref 5749,WEW.ork,True,18%,TRUE,Rent,0,55594.78166244285,6
TXN0004448,2025-02-16,18565.06,INR,#NEFT Upgrad BILL/2502/448 GST - training exp! ref 7685,Upgrad,True,18%,unknown,Training,0,15000.400584145948,6
TXN0004449,2025-02-16,12940.73,INR,*NEFT BESCOM INDIA PVT LTD INV/2502/449 SUBS - utilities exp,BESCOM INDIA PVT LTD,True,18%,TRUE,Utilities,0,10850.278864459277,6
TXN0004450,2025-02-16,46997.49,INR,#neft tcs india pvt ltd taxinv/2502/450 q2 - it services exp,TCS INDIA PVT LTD,True,18%,TRUE,IT Services,0,43225.322592547076,6
TXN0004451,2025-02-16,3638.4,INR,card sta.mp duty rcpt/2502/451 adv - exempt services exp,STA.mp duty,False,exempt,FALSE,Exempt Services,0,2766.649407698305,6
TXN0004452,2025-02-16,95479.33,INR,-IMPS WEW.ork TAXINV/2502/452 SUBS - rent exp,WEW.ork,True,18%,TRUE,Rent,0,72582.83289880083,6
TXN0004453,2025-02-16,30858.07,INR, / upi inf.y taxinv/2502/453 subs - it services exp,INF.y,True,18%,TRUE,IT Services,0,27524.588770848135,6
TXN0004454,2025-02-16,26384.28,INR,RTGS COURSERA INV/2502/454 ADV - training exp,COURSERA,True,18%,unknown,Training,0,21733.421519018106,6
TXN0004455,2025-02-16,16271.94,INR,AUTO-DEBIT AIRTEL RCPT/2502/455 TDS - utilities exp* ref 8442,AIRTEL,True,18%,TRUE,Utilities,0,14667.723946476804,6
TXN0004456,2025-02-16,8461.44,INR,#AUTO-DEBIT FIG.ma RCPT/2502/456 FY24 - software exp  ref 5894,FIG.ma,True,18%,TRUE,Software,0,6964.596373903005,6
TXN0004457,2025-02-16,6084.19,INR,rtgs adobe taxinv/2502/457 q2 - software exp,ADOBE,True,18%,TRUE,Software,0,4304.142611167273,6
TXN0004458,2025-02-16,4823.31,INR,IMPS IKEA BILL/2502/458 SUBS - office supplies exp,IKEA,True,12%,TRUE,Office Supplies,0,3344.2406940093333,6
TXN0004459,2025-02-16,11182.06,INR,rtgs adobe pvt ltd taxinv/2502/459 adv - software exp,ADOBE Pvt Ltd,True,18%,TRUE,Software,0,7557.719755223049,6
TXN0004460,2025-02-17,100362.53,INR,CARD Indiqube RCPT/2502/460 FY24 - rent exp# ref 6079,Indiqube,True,18%,TRUE,Rent,0,107007.04971275022,0
TXN0004461,2025-02-17,8861.08,INR,RTGS MICROSOFT TAXINV/2502/461 FY24 - software exp,MICROSOFT,True,18%,TRUE,Software,0,9914.30515371198,0
TXN0004462,2025-02-17,41876.6,INR,NEFT INFY INDIA PVT LTD BILL/2502/462 FY25 - it services exp,INFY INDIA PVT LTD,True,18%,TRUE,IT Services,0,49621.09986499809,0
TXN0004463,2025-02-17,13900.59,INR,NEFT OFF.ice depot BILL/2502/463 GST - office supplies exp,OFF.ice depot,True,12%,TRUE,Office Supplies,0,15072.55615514391,0
TXN0004464,2025-02-17,11550.3,INR,UPI CANVA INDIA PVT LTD INV/2502/464 GST - software exp,CANVA INDIA PVT LTD,True,18%,TRUE,Software,0,12893.413442210234,0
TXN0004465,2025-02-17,3229.64,INR, upi office depot india pvt ltd inv/2502/465 rent - office supplies exp- ref 4040,OFFICE DEPOT INDIA PVT LTD,True,12%,TRUE,Office Supplies,0,3042.3156051408355,0
TXN0004466,2025-02-17,8040.46,INR,upi ikea inv/2502/466 subs - office supplies exp,IKEA,True,12%,TRUE,Office Supplies,0,7110.64848821037,0
TXN0004467,2025-02-17,45809.15,INR,UPI Techm RCPT/2502/467 SUBS - it services exp,Techm,True,18%,TRUE,IT Services,0,49703.29116506156,0
TXN0004468,2025-02-17,11939.61,INR,*NEFT AIRTEL INDIA PVT LTD INV/2502/468 FY24 - utilities exp,AIRTEL INDIA PVT LTD,True,5%,TRUE,Utilities,1,12438.304528624507,0
TXN0004469,2025-02-17,66644.9,INR,CARD INDIQUBE TAXINV/2502/469 ADV - rent exp,INDIQUBE,True,18%,TRUE,Rent,0,67360.96195835112,0
TXN0004470,2025-02-17,26305.24,INR,*IMPS WIP.ro RCPT/2502/470 Q1 - it services exp* ref 7186,WIP.ro,True,18%,TRUE,IT Services,0,27324.229976720617,0
TXN0004471,2025-02-17,32450.58,INR,neft infy rcpt/2502/471 rent - it services exp,INFY,True,18%,TRUE,IT Services,0,33499.335635334864,0
TXN0004472,2025-02-17,8445.08,INR, card adobe rcpt/2502/472 adv - software exp! ref 1751,ADOBE,True,18%,TRUE,Software,0,9529.273608681211,0
TXN0004473,2025-02-17,9262.19,INR,RTGS Kseb BILL/2502/473 SUBS - utilities exp- ref 6194,Kseb,True,18%,TRUE,Utilities,0,10461.630253383577,0
TXN0004474,2025-02-17,67075.89,INR,-UPI WIP.ro INV/2502/474 FY25 - it services exp! ref 6075,WIP.ro,True,18%,TRUE,IT Services,0,70726.29644893424,0
TXN0004475,2025-02-17,82121.4,INR,UPI AWF.is TAXINV/2502/475 TDS - rent exp# ref 7969,AWF.is,True,18%,TRUE,Rent,0,89067.25160188891,0
TXN0004476,2025-02-17,40616.64,INR,rtgs infy taxinv/2502/476 fy24 - it services exp,INFY,True,18%,TRUE,IT Services,0,42704.58936293183,0
TXN0004477,2025-02-18,45218.04,INR,upi techm pvt ltd inv/2502/477 q1 - it services exp,TECHM Pvt Ltd,True,18%,TRUE,IT Services,0,43132.720861006936,1
TXN0004478,2025-02-18,12655.41,INR,CARD Bescom BILL/2502/478 SUBS - utilities exp* ref 7150,Bescom,True,18%,TRUE,Utilities,0,13612.873615254251,1
TXN0004479,2025-02-18,34617.58,INR,CARD Tcs INV/2502/479 FY24 - it services exp,Tcs,True,18%,TRUE,IT Services,0,29790.1755394159,1
TXN0004480,2025-02-18,15582.99,INR,AUTO-DEBIT FIGMA TAXINV/2502/480 FY24 - software exp,FIGMA,True,18%,TRUE,Software,0,17225.26815205112,1
TXN0004481,2025-02-18,87552.91,INR,#card wework taxinv/2502/481 q1 - rent exp,WEWORK,True,18%,TRUE,Rent,0,77094.51405617289,1
TXN0004482,2025-02-18,27061.52,INR,-imps hcl pvt ltd inv/2502/482 subs - it services exp,HCL Pvt Ltd,True,18%,TRUE,IT Services,0,27834.947136166138,1
TXN0004483,2025-02-18,4053.55,INR,RTGS OLA INV/2502/483 TDS - travel exp# ref 5826,OLA,True,5%,FALSE,Travel,0,3710.9626171821646,1
TXN0004484,2025-02-18,29330.81,INR,AUTO-DEBIT Wipro BILL/2502/484 Q1 - it services exp# ref 9988,Wipro,True,18%,TRUE,IT Services,0,30953.944711864926,1
TXN0004485,2025-02-18,5073.43,INR,*AUTO-DEBIT INDIGO INDIA PVT LTD INV/2502/485 Q1 - travel exp,INDIGO INDIA PVT LTD,True,5%,FALSE,Travel,0,5056.218274102057,1
TXN0004486,2025-02-18,8615.74,INR,NEFT ADO.be RCPT/2502/486 TDS - software exp,ADO.be,True,18%,TRUE,Software,0,7241.739730101385,1
TXN0004487,2025-02-18,76102.13,INR,*auto-debit wework bill/2502/487 subs - rent exp,WEWORK,True,18%,TRUE,Rent,0,79303.74380107204,1
TXN0004488,2025-02-18,45284.71,INR, / card hcl india pvt ltd inv/2502/488 gst - it services exp,HCL INDIA PVT LTD,True,18%,TRUE,IT Services,0,42667.612521815594,1
TXN0004489,2025-02-18,5608.29,INR,RTGS IKEA INV/2502/489 FY24 - office supplies exp- ref 9032,IKEA,True,12%,TRUE,Office Supplies,0,6102.462634287041,1
TXN0004490,2025-02-18,5762.55,INR,RTGS OFF.ice depot INV/2502/490 SUBS - office supplies exp# ref 8913,OFF.ice depot,True,12%,TRUE,Office Supplies,0,5763.313934761646,1
TXN0004491,2025-02-18,29829.57,INR,NEFT Upgrad RCPT/2502/491 SUBS - training exp* ref 1001,Upgrad,True,18%,unknown,Training,0,31009.093796310142,1
TXN0004492,2025-02-19,29537.02,INR,upi hcl inv/2502/492 q1 - it services exp! ref 8385,HCL,True,18%,TRUE,IT Services,0,26708.646662433657,2
TXN0004493,2025-02-19,8333.34,INR,#IMPS AIRTEL INV/2502/493 FY24 - utilities exp! ref 8600,AIRTEL,True,18%,TRUE,Utilities,0,7842.229414255711,2
TXN0004494,2025-02-19,7114.92,INR,upi mic.rosoft bill/2502/494 rent - software exp,MIC.rosoft,True,18%,TRUE,Software,0,6788.602279523167,2
TXN0004495,2025-02-19,376177.36,INR,CARD TCS INV/2502/495 Q2 - it services exp- ref 6019,TCS,True,18%,TRUE,IT Services,1,408404.56773230963,2
TXN0004496,2025-02-19,11438.14,INR,imps bescom rcpt/2502/496 tds - utilities exp,BESCOM,True,18%,TRUE,Utilities,0,13356.747396311148,2
TXN0004497,2025-02-19,14856.13,INR,CARD UPGRAD Pvt Ltd BILL/2502/497 FY25 - training exp* ref 9876,UPGRAD Pvt Ltd,True,18%,unknown,Training,0,13659.956378378009,2
TXN0004498,2025-02-19,37585.72,INR,#RTGS Wipro RCPT/2502/498 ADV - it services exp,Wipro,True,18%,TRUE,IT Services,0,41633.13128476231,2
TXN0004499,2025-02-19,4270.62,INR,card indigo taxinv/2502/499 q2 - travel exp,Indigo,True,5%,FALSE,Travel,0,3344.033222631226,2
TXN0004500,2025-02-19,5331.61,INR,imps staples india pvt ltd taxinv/2502/500 fy25 - office supplies exp,STAPLES INDIA PVT LTD,True,12%,TRUE,Office Supplies,0,4694.914784724234,2
TXN0004501,2025-02-19,2464.27,INR,#NEFT ZOM.ato BILL/2502/501 FY25 - meals exp,ZOM.ato,True,5%,FALSE,Meals,0,2228.0011013772614,2
TXN0004502,2025-02-19,15295.75,INR,auto-debit jiofiber taxinv/2502/502 adv - utilities exp,Jiofiber,True,18%,TRUE,Utilities,0,13226.986521348706,2
TXN0004503,2025-02-19,106648.53,INR,*card ind.iqube rcpt/2502/503 rent - rent exp,IND.iqube,True,18%,TRUE,Rent,0,89759.79261040875,2
TXN0004504,2025-02-19,6947.39,INR,imps mic.rosoft inv/2502/504 fy25 - software exp,MIC.rosoft,True,18%,TRUE,Software,0,7234.316451219703,2
TXN0004505,2025-02-20,5022.56,INR,CARD Indigo TAXINV/2502/505 SUBS - travel exp,Indigo,True,5%,FALSE,Travel,0,4915.043214409996,3
TXN0004506,2025-02-20,26966.38,INR, neft techm inv/2502/506 rent - it services exp* ref 9445,TECHM,True,18%,TRUE,IT Services,0,27989.49901258705,3
TXN0004507,2025-02-20,23800.68,INR,rtgs upg.rad taxinv/2502/507 fy25 - training exp /  ref 3944,UPG.rad,True,18%,unknown,Training,0,25444.051945111856,3
TXN0004508,2025-02-20,4730.12,INR,*rtgs office depot bill/2502/508 rent - office supplies exp# ref 1770,Office Depot,True,12%,TRUE,Office Supplies,0,4855.760025174526,3
TXN0004509,2025-02-20,4406.72,INR,NEFT UBER INDIA PVT LTD INV/2502/509 FY24 - travel exp,UBER INDIA PVT LTD,True,5%,FALSE,Travel,0,4696.5778143605385,3
TXN0004510,2025-02-20,6619.5,INR,RTGS RAPIDO TAXINV/2502/510 RENT - travel exp# ref 7588,RAPIDO,True,5%,FALSE,Travel,0,6573.47310312193,3
TXN0004511,2025-02-20,61900.87,INR, / RTGS WEWORK INV/2502/511 FY25 - rent exp,WEWORK,True,18%,TRUE,Rent,0,54553.27765796266,3
TXN0004512,2025-02-20,82723.43,INR, / imps awf.is bill/2502/512 q1 - rent exp  ref 3289,AWF.is,True,18%,TRUE,Rent,0,91474.03173401364,3
TXN0004513,2025-02-20,55131.27,INR,IMPS TCS BILL/2502/513 GST - it services exp,TCS,True,18%,TRUE,IT Services,0,51883.41999473678,3
TXN0004514,2025-02-21,2331.61,INR,!NEFT KFC INV/2502/514 FY25 - meals exp,KFC,True,5%,FALSE,Meals,0,2113.4654313842543,4
TXN0004515,2025-02-21,38013.76,INR,!rtgs tcs inv/2502/515 rent - it services exp,TCS,True,18%,TRUE,IT Services,0,37337.42725694618,4
TXN0004516,2025-02-21,3492.96,INR,-CARD ROC FEES INDIA PVT LTD INV/2502/516 Q1 - exempt services exp,ROC FEES INDIA PVT LTD,False,exempt,FALSE,Exempt Services,0,3174.118797133405,4
TXN0004517,2025-02-21,93888.94,INR, neft wework rcpt/2502/517 fy25 - rent exp,WEWORK,True,18%,TRUE,Rent,0,89969.73039112172,4
TXN0004518,2025-02-21,107018.61,INR,NEFT Awfis RCPT/2502/518 SUBS - rent exp* ref 5585,Awfis,True,18%,TRUE,Rent,0,110700.62724507714,4
TXN0004519,2025-02-21,3812.47,INR,NEFT STAPLES TAXINV/2502/519 FY24 - office supplies exp# ref 8227,STAPLES,True,12%,TRUE,Office Supplies,0,3945.274243062368,4
TXN0004520,2025-02-21,4142.7,INR,RTGS INDIGO RCPT/2502/520 FY25 - travel exp- ref 4943,INDIGO,True,5%,FALSE,Travel,0,3770.755938381855,4
TXN0004521,2025-02-21,4489.7,INR,RTGS IKE.a RCPT/2502/521 RENT - office supplies exp,IKE.a,True,12%,TRUE,Office Supplies,0,4270.734918707202,4
TXN0004522,2025-02-21,1943.74,INR,UPI KFC INV/2502/522 SUBS - meals exp# ref 4056,KFC,True,5%,FALSE,Meals,0,2152.5624034692114,4
TXN0004523,2025-02-21,5671.46,INR, imps uber india pvt ltd taxinv/2502/523 q2 - travel exp,UBER INDIA PVT LTD,True,5%,FALSE,Travel,0,5952.991341172334,4
TXN0004524,2025-02-21,5871.84,INR,IMPS IKEA Pvt Ltd BILL/2502/524 TDS - office supplies exp,IKEA Pvt Ltd,True,12%,TRUE,Office Supplies,0,7090.284990064835,4
TXN0004525,2025-02-21,3724.89,INR,IMPS INDIGO BILL/2502/525 GST - travel exp,INDIGO,True,5%,FALSE,Travel,0,4164.474763308808,4
TXN0004526,2025-02-21,8262.65,INR,-rtgs kseb india pvt ltd inv/2502/526 rent - utilities exp,KSEB INDIA PVT LTD,True,18%,TRUE,Utilities,0,9208.139312293677,4
TXN0004527,2025-02-22,74916.78,INR,RTGS WEWORK Pvt Ltd BILL/2502/527 RENT - rent exp,WEWORK Pvt Ltd,True,18%,TRUE,Rent,0,51615.4525709267,5
TXN0004528,2025-02-22,31465.6,INR,CARD WIPRO RCPT/2502/528 GST - it services exp- ref 2944,WIPRO,True,18%,TRUE,IT Services,0,27095.30594242853,5
TXN0004529,2025-02-22,30730.34,INR,neft tcs pvt ltd rcpt/2502/529 fy24 - it services exp,TCS Pvt Ltd,True,18%,TRUE,IT Services,0,24453.71279420331,5
TXN0004530,2025-02-22,5971.93,INR, card airtel pvt ltd inv/2502/530 fy24 - utilities exp,AIRTEL Pvt Ltd,True,18%,TRUE,Utilities,0,4514.310019039666,5
TXN0004531,2025-02-22,3912.13,INR,*RTGS SWIGGY BILL/2502/531 FY25 - meals exp,SWIGGY,True,5%,FALSE,Meals,0,3182.2878283326017,5
TXN0004532,2025-02-22,130454.57,INR,card awfis bill/2502/532 gst - rent exp,AWFIS,True,18%,TRUE,Rent,0,114228.2291445425,5
TXN0004533,2025-02-22,9552.75,INR, / neft microsoft india pvt ltd rcpt/2502/533 q2 - software exp,MICROSOFT INDIA PVT LTD,True,18%,TRUE,Software,0,8024.94551847724,5
TXN0004534,2025-02-22,32436.19,INR,-imps tcs rcpt/2502/534 tds - it services exp,TCS,True,18%,TRUE,IT Services,0,23669.404549571736,5
TXN0004535,2025-02-22,10302.66,INR,IMPS ADOBE RCPT/2502/535 FY24 - software exp# ref 6344,ADOBE,True,12%,TRUE,Software,1,8854.072140057133,5
TXN0004536,2025-02-22,33712.95,INR,AUTO-DEBIT TCS RCPT/2502/536 Q1 - it services exp,TCS,True,18%,TRUE,IT Services,0,25250.763445869612,5
TXN0004537,2025-02-22,19084.72,INR, / NEFT UPGRAD BILL/2502/537 GST - training exp /  ref 5924,UPGRAD,True,18%,unknown,Training,0,15598.60293233281,5
TXN0004538,2025-02-22,4246.34,INR,upi staples india pvt ltd taxinv/2502/538 fy24 - office supplies exp! ref 2090,STAPLES INDIA PVT LTD,True,12%,TRUE,Office Supplies,0,3294.021797957532,5
TXN0004539,2025-02-22,6115.2,INR,#AUTO-DEBIT IKEA RCPT/2502/539 GST - office supplies exp,IKEA,True,12%,TRUE,Office Supplies,0,4785.087127790905,5
TXN0004540,2025-02-22,6759.61,INR,rtgs canva india pvt ltd taxinv/2502/540 fy25 - software exp  ref 1961,CANVA INDIA PVT LTD,True,18%,TRUE,Software,0,5822.048294121087,5
TXN0004541,2025-02-22,14398.32,INR,NEFT AIRTEL TAXINV/2502/541 FY25 - utilities exp  ref 2238,AIRTEL,True,18%,TRUE,Utilities,0,10320.492636808029,5
TXN0004542,2025-02-23,7801.12,INR,card canva inv/2502/542 q1 - software exp,Canva,True,18%,TRUE,Software,0,7454.872015827463,6
TXN0004543,2025-02-23,4181.4,INR,IMPS Office Depot INV/2502/543 SUBS - office supplies exp* ref 8420,Office Depot,True,12%,TRUE,Office Supplies,0,2735.944856788159,6
TXN0004544,2025-02-23,34523.15,INR,!CARD INF.y RCPT/2502/544 Q2 - it services exp,INF.y,True,18%,TRUE,IT Services,0,25967.850313667208,6
TXN0004545,2025-02-23,36593.29,INR,-IMPS INF.y BILL/2502/545 Q1 - it services exp /  ref 1568,INF.y,True,18%,TRUE,IT Services,0,30358.413684006897,6
TXN0004546,2025-02-23,51824.24,INR,IMPS TCS TAXINV/2502/546 FY25 - it services exp,TCS,True,18%,TRUE,IT Services,0,43881.923007739475,6
TXN0004547,2025-02-23,3881.85,INR,imps govt fees pvt ltd rcpt/2502/547 gst - exempt services exp,GOVT FEES Pvt Ltd,False,18%,FALSE,Exempt Services,1,3074.2774659278984,6
TXN0004548,2025-02-23,6551.35,INR,RTGS Microsoft TAXINV/2502/548 FY24 - software exp,Microsoft,True,18%,TRUE,Software,0,5211.001073431268,6
TXN0004549,2025-02-23,1851.93,INR,#RTGS SWI.ggy TAXINV/2502/549 Q2 - meals exp,SWI.ggy,True,5%,FALSE,Meals,0,1542.368801561662,6
TXN0004550,2025-02-23,5875.81,INR,-RTGS OFFICE DEPOT INDIA PVT LTD RCPT/2502/550 Q2 - office supplies exp! ref 8137,OFFICE DEPOT INDIA PVT LTD,True,12%,TRUE,Office Supplies,0,4592.030372292752,6
TXN0004551,2025-02-23,6221.09,INR,CARD CANVA Pvt Ltd INV/2502/551 SUBS - software exp,CANVA Pvt Ltd,True,18%,TRUE,Software,0,5670.240479354102,6
TXN0004552,2025-02-23,76884.09,INR,*AUTO-DEBIT WEW.ork TAXINV/2502/552 Q1 - rent exp,WEW.ork,True,18%,TRUE,Rent,0,66669.87942720023,6
TXN0004553,2025-02-23,78151.46,INR,card awfis bill/2502/553 subs - rent exp- ref 9408,Awfis,True,18%,TRUE,Rent,0,67978.16778837143,6
TXN0004554,2025-02-23,5586.28,INR, / rtgs govt fees taxinv/2502/554 adv - exempt services exp,Govt Fees,False,exempt,FALSE,Exempt Services,0,4037.2462415496248,6
TXN0004555,2025-02-24,13019.6,INR,!UPI BESCOM Pvt Ltd RCPT/2502/555 GST - utilities exp,BESCOM Pvt Ltd,True,18%,TRUE,Utilities,0,12916.239446960752,0
TXN0004556,2025-02-24,58278.28,INR,AUTO-DEBIT WIPRO Pvt Ltd INV/2502/556 ADV - it services exp,WIPRO Pvt Ltd,True,18%,TRUE,IT Services,0,56527.21613099892,0
TXN0004557,2025-02-24,7675.5,INR, / auto-debit canva rcpt/2502/557 fy24 - software exp- ref 9560,Canva,True,18%,TRUE,Software,1,6903.65066408955,0
TXN0004558,2025-02-24,5597.49,INR,neft microsoft taxinv/2502/558 tds - software exp,MICROSOFT,True,18%,TRUE,Software,0,5799.091541799458,0
TXN0004559,2025-02-24,45641.74,INR,-RTGS TCS INV/2502/559 TDS - it services exp,TCS,True,18%,TRUE,IT Services,0,43187.83121113106,0
TXN0004560,2025-02-24,2956.21,INR,#imps dom.inos rcpt/2502/560 q1 - meals exp,DOM.inos,True,5%,FALSE,Meals,0,3149.9611355841566,0
TXN0004561,2025-02-24,3236.69,INR,#RTGS KFC TAXINV/2502/561 Q1 - meals exp,KFC,True,5%,FALSE,Meals,0,2890.3021670295548,0
TXN0004562,2025-02-24,2861.51,INR,card rap.ido inv/2502/562 subs - travel exp /  ref 3552,RAP.ido,True,5%,FALSE,Travel,0,3353.4151904053006,0
TXN0004563,2025-02-24,11305.82,INR,rtgs bescom pvt ltd rcpt/2502/563 q1 - utilities exp! ref 7934,BESCOM Pvt Ltd,True,18%,TRUE,Utilities,0,10292.44243018367,0
TXN0004564,2025-02-24,85190.44,INR, imps indiqube india pvt ltd rcpt/2502/564 q2 - rent exp- ref 7568,INDIQUBE INDIA PVT LTD,True,18%,TRUE,Rent,0,87058.68625991335,0
TXN0004565,2025-02-24,78409.78,INR,#AUTO-DEBIT WEWORK TAXINV/2502/565 SUBS - rent exp,WEWORK,True,18%,TRUE,Rent,0,84618.731431848,0
TXN0004566,2025-02-24,6469.83,INR,-CARD CANVA Pvt Ltd RCPT/2502/566 FY24 - software exp,CANVA Pvt Ltd,True,18%,TRUE,Software,0,6100.63534254784,0
TXN0004567,2025-02-24,12748.92,INR,*RTGS JIOFIBER RCPT/2502/567 Q1 - utilities exp,JIOFIBER,True,18%,TRUE,Utilities,0,13835.725453763522,0
TXN0004568,2025-02-24,6530.18,INR, NEFT Office Depot RCPT/2502/568 RENT - office supplies exp  ref 1917,Office Depot,True,12%,TRUE,Office Supplies,0,5727.500985331568,0
TXN0004569,2025-02-24,15005.79,INR, / card jio.fiber taxinv/2502/569 q2 - utilities exp,JIO.fiber,True,18%,TRUE,Utilities,0,17184.80732492167,0
TXN0004570,2025-02-25,71683.91,INR,-AUTO-DEBIT WIPRO INDIA PVT LTD INV/2502/570 RENT - it services exp,WIPRO INDIA PVT LTD,True,18%,TRUE,IT Services,0,71785.33746363717,1
TXN0004571,2025-02-25,39845.76,INR,neft wipro taxinv/2502/571 fy24 - it services exp,Wipro,True,18%,TRUE,IT Services,0,37469.313417681,1
TXN0004572,2025-02-25,7144.75,INR,NEFT IKEA INDIA PVT LTD INV/2502/572 GST - office supplies exp,IKEA INDIA PVT LTD,True,12%,TRUE,Office Supplies,0,6930.9921031449085,1
TXN0004573,2025-02-25,2056.75,INR,rtgs zomato rcpt/2502/573 fy24 - meals exp* ref 1995,ZOMATO,True,5%,FALSE,Meals,0,2223.124470732347,1
TXN0004574,2025-02-25,33769.8,INR,auto-debit tcs india pvt ltd rcpt/2502/574 fy24 - it services exp* ref 6864,TCS INDIA PVT LTD,True,18%,TRUE,IT Services,0,31796.10616852691,1
TXN0004575,2025-02-25,6859.69,INR,-neft office depot taxinv/2502/575 subs - office supplies exp,OFFICE DEPOT,True,12%,TRUE,Office Supplies,0,6345.653855144346,1
TXN0004576,2025-02-25,12547.61,INR,RTGS KSEB BILL/2502/576 Q2 - utilities exp# ref 8610,KSEB,True,18%,TRUE,Utilities,0,12269.634517279232,1
TXN0004577,2025-02-25,116873.55,INR,UPI WEWORK INDIA PVT LTD INV/2502/577 ADV - rent exp! ref 2161,WEWORK INDIA PVT LTD,True,18%,TRUE,Rent,0,103117.97596650735,1
TXN0004578,2025-02-25,7596.73,INR,!imps rapido rcpt/2502/578 fy25 - travel exp,RAPIDO,True,5%,FALSE,Travel,0,8979.748052177883,1
TXN0004579,2025-02-25,8836.69,INR,UPI MIC.rosoft RCPT/2502/579 Q1 - software exp,MIC.rosoft,True,18%,TRUE,Software,0,8336.184657975879,1
TXN0004580,2025-02-26,18034.54,INR,!NEFT JIOFIBER BILL/2502/580 RENT - utilities exp! ref 3364,JIOFIBER,True,18%,TRUE,Utilities,0,19534.322619504197,2
TXN0004581,2025-02-26,34527.6,INR,*card tcs rcpt/2502/581 q1 - it services exp,TCS,True,18%,TRUE,IT Services,0,35250.84992601568,2
TXN0004582,2025-02-26,80261.39,INR,imps awfis pvt ltd inv/2502/582 q1 - rent exp  ref 9228,AWFIS Pvt Ltd,True,18%,TRUE,Rent,0,72359.38286059871,2
TXN0004583,2025-02-26,6478.9,INR,!IMPS RAPIDO Pvt Ltd INV/2502/583 TDS - travel exp* ref 8264,RAPIDO Pvt Ltd,True,5%,FALSE,Travel,0,6475.042003448164,2
TXN0004584,2025-02-26,3127.76,INR,!UPI OFFICE DEPOT Pvt Ltd INV/2502/584 FY24 - office supplies exp,OFFICE DEPOT Pvt Ltd,True,12%,TRUE,Office Supplies,0,3372.977253301699,2
TXN0004585,2025-02-26,9895.9,INR,NEFT STA.ples INV/2502/585 Q1 - office supplies exp,STA.ples,True,12%,TRUE,Office Supplies,0,9709.598465411942,2
TXN0004586,2025-02-26,11445.35,INR,-AUTO-DEBIT ADOBE INDIA PVT LTD BILL/2502/586 FY24 - software exp,ADOBE INDIA PVT LTD,True,18%,TRUE,Software,0,12810.909525479605,2
TXN0004587,2025-02-26,12250.88,INR,#auto-debit kseb bill/2502/587 tds - utilities exp# ref 7916,KSEB,True,18%,TRUE,Utilities,0,13502.326249512347,2
TXN0004588,2025-02-26,18585.18,INR,auto-debit kseb taxinv/2502/588 q2 - utilities exp,KSEB,True,18%,TRUE,Utilities,0,20292.99979784989,2
TXN0004589,2025-02-26,16696.04,INR,UPI Simplilearn BILL/2502/589 GST - training exp,Simplilearn,True,18%,unknown,Training,0,15928.595214385916,2
TXN0004590,2025-02-27,12436.61,INR,IMPS IKEA Pvt Ltd RCPT/2502/590 FY24 - office supplies exp,IKEA Pvt Ltd,True,12%,TRUE,Office Supplies,0,11093.652061549628,3
TXN0004591,2025-02-27,30085.95,INR,auto-debit infy pvt ltd taxinv/2502/591 adv - it services exp,INFY Pvt Ltd,True,18%,TRUE,IT Services,0,28239.913398443525,3
TXN0004592,2025-02-27,33769.14,INR,rtgs wipro rcpt/2502/592 adv - it services exp,Wipro,True,18%,TRUE,IT Services,0,34431.82877991062,3
TXN0004593,2025-02-27,87666.07,INR,#rtgs ind.iqube bill/2502/593 tds - rent exp,IND.iqube,True,18%,TRUE,Rent,0,92450.76762335974,3
TXN0004594,2025-02-27,4276.51,INR,UPI SWIGGY Pvt Ltd RCPT/2502/594 GST - meals exp,SWIGGY Pvt Ltd,True,5%,FALSE,Meals,0,3347.8353171827903,3
TXN0004595,2025-02-27,43458.58,INR,AUTO-DEBIT WIP.ro RCPT/2502/595 FY24 - it services exp,WIP.ro,True,18%,FALSE,IT Services,1,43423.32117786996,3
TXN0004596,2025-02-27,5923.46,INR,upi office depot pvt ltd rcpt/2502/596 gst - office supplies exp /  ref 9754,OFFICE DEPOT Pvt Ltd,True,12%,TRUE,Office Supplies,0,6017.103520263287,3
TXN0004597,2025-02-27,8802.75,INR, / CARD Office Depot RCPT/2502/597 Q2 - office supplies exp,Office Depot,True,12%,TRUE,Office Supplies,0,8558.434729771829,3
TXN0004598,2025-02-27,6132.04,INR,!RTGS OFFICE DEPOT Pvt Ltd BILL/2502/598 GST - office supplies exp# ref 1812,OFFICE DEPOT Pvt Ltd,True,12%,TRUE,Office Supplies,0,6923.854283179892,3
TXN0004599,2025-02-27,125842.83,INR,RTGS Wework INV/2502/599 FY25 - rent exp,Wework,True,18%,TRUE,Rent,0,131150.62981813398,3
TXN0004600,2025-02-27,15971.46,INR, card kseb rcpt/2502/600 fy25 - utilities exp,KSEB,True,18%,TRUE,Utilities,0,18064.02776522377,3
TXN0004601,2025-02-27,7061.12,INR,upi figma taxinv/2502/601 subs - software exp! ref 4709,FIGMA,True,18%,TRUE,Software,0,6908.627685054456,3
TXN0004602,2025-02-28,89225.44,INR,RTGS INDIQUBE INDIA PVT LTD TAXINV/2502/602 TDS - rent exp,INDIQUBE INDIA PVT LTD,True,18%,TRUE,Rent,0,97590.1241759027,4
TXN0004603,2025-02-28,132692.2,INR,!imps wew.ork inv/2502/603 fy24 - rent exp,WEW.ork,True,18%,TRUE,Rent,0,154388.25570359247,4
TXN0004604,2025-02-28,10394.43,INR,*NEFT FIGMA Pvt Ltd TAXINV/2502/604 FY24 - software exp,FIGMA Pvt Ltd,True,18%,TRUE,Software,0,11757.860573992324,4
TXN0004605,2025-02-28,54353.2,INR,#neft wework pvt ltd bill/2502/605 q2 - rent exp! ref 2755,WEWORK Pvt Ltd,True,18%,TRUE,Rent,0,48417.06095440494,4
TXN0004606,2025-02-28,31304.56,INR,*UPI Wipro INV/2502/606 Q2 - it services exp# ref 1252,Wipro,True,18%,TRUE,IT Services,0,30510.43820100099,4
TXN0004607,2025-02-28,69679.61,INR,-neft indiqube pvt ltd bill/2502/607 tds - rent exp /  ref 6574,INDIQUBE Pvt Ltd,True,18%,TRUE,Rent,0,67274.51579384934,4
TXN0004608,2025-02-28,7676.99,INR, upi adobe pvt ltd taxinv/2502/608 gst - software exp,ADOBE Pvt Ltd,True,18%,TRUE,Software,0,8052.590217323561,4
TXN0004609,2025-02-28,12826.14,INR,AUTO-DEBIT FIGMA INDIA PVT LTD RCPT/2502/609 ADV - software exp,FIGMA INDIA PVT LTD,True,18%,TRUE,Software,0,13706.46667861141,4
TXN0004610,2025-02-28,43345.1,INR, auto-debit tcs pvt ltd taxinv/2502/610 adv - it services exp,TCS Pvt Ltd,True,18%,TRUE,IT Services,0,39708.9113155087,4
TXN0004611,2025-02-28,36327.82,INR,neft techm rcpt/2502/611 fy24 - it services exp- ref 5061,TECHM,True,18%,TRUE,IT Services,0,36574.2625322642,4
TXN0004612,2025-02-28,14471.76,INR,CARD JIOFIBER Pvt Ltd TAXINV/2502/612 GST - utilities exp,JIOFIBER Pvt Ltd,True,18%,TRUE,Utilities,0,11548.569643159612,4
TXN0004613,2025-02-28,18832.33,INR,-AUTO-DEBIT COURSERA INDIA PVT LTD BILL/2502/613 FY24 - training exp,COURSERA INDIA PVT LTD,True,18%,unknown,Training,0,21547.848419111313,4
TXN0004614,2025-02-28,10947.44,INR,UPI BESCOM INDIA PVT LTD BILL/2502/614 FY25 - utilities exp,BESCOM INDIA PVT LTD,True,18%,TRUE,Utilities,0,10386.521374264634,4
TXN0004615,2025-02-28,120952.57,INR,AUTO-DEBIT WEWORK TAXINV/2502/615 Q2 - rent exp- ref 9611,WEWORK,True,18%,TRUE,Rent,0,121628.25870945172,4
TXN0004616,2025-02-28,29542.53,INR,!neft hcl rcpt/2502/616 q1 - it services exp /  ref 2634,HCL,True,18%,TRUE,IT Services,0,28627.746403501627,4
TXN0004617,2025-02-28,80227.82,INR, / card tcs pvt ltd rcpt/2502/617 tds - it services exp- ref 5519,TCS Pvt Ltd,True,18%,TRUE,IT Services,0,89422.14940032129,4
TXN0004618,2025-02-28,84000.68,INR,CARD Awfis BILL/2502/618 FY25 - rent exp,Awfis,True,18%,TRUE,Rent,0,60165.432941823994,4
TXN0004619,2025-02-28,7916.66,INR,!rtgs office depot taxinv/2502/619 fy24 - office supplies exp- ref 2423,OFFICE DEPOT,True,12%,TRUE,Office Supplies,0,7903.510156732217,4
TXN0004620,2025-02-28,3870.48,INR,#CARD Indigo INV/2502/620 Q1 - travel exp- ref 5475,Indigo,True,5%,FALSE,Travel,0,3829.5230615480314,4
TXN0004621,2025-03-01,14474.15,INR,-CARD AIR.tel INV/2503/621 RENT - utilities exp,AIR.tel,True,18%,FALSE,Utilities,1,11054.039910443187,5
TXN0004622,2025-03-01,16895.09,INR,#IMPS INFY Pvt Ltd RCPT/2503/622 TDS - it services exp,INFY Pvt Ltd,True,18%,TRUE,IT Services,0,15849.25222791225,5
TXN0004623,2025-03-01,24572.43,INR,*AUTO-DEBIT Tcs RCPT/2503/623 Q2 - it services exp,Tcs,True,18%,TRUE,IT Services,0,17913.636718826296,5
TXN0004624,2025-03-01,4192.35,INR,NEFT ZOMATO RCPT/2503/624 FY24 - meals exp,ZOMATO,True,5%,FALSE,Meals,0,3612.7311762907143,5
TXN0004625,2025-03-01,3536.01,INR,UPI OFF.ice depot RCPT/2503/625 SUBS - office supplies exp,OFF.ice depot,True,12%,TRUE,Office Supplies,0,2929.5850738714084,5
TXN0004626,2025-03-01,48615.59,INR,auto-debit awfis taxinv/2503/626 adv - rent exp,Awfis,True,18%,TRUE,Rent,0,43798.83222066985,5
TXN0004627,2025-03-01,32844.6,INR,auto-debit wipro pvt ltd bill/2503/627 gst - it services exp,WIPRO Pvt Ltd,True,18%,TRUE,IT Services,0,24522.59531088934,5
TXN0004628,2025-03-01,10454.72,INR,rtgs canva india pvt ltd bill/2503/628 gst - software exp! ref 9212,CANVA INDIA PVT LTD,True,18%,TRUE,Software,0,7750.737231276228,5
TXN0004629,2025-03-01,22856.97,INR,-imps coursera taxinv/2503/629 adv - training exp,COURSERA,True,18%,unknown,Training,0,20289.802959449098,5
TXN0004630,2025-03-01,12325.64,INR,*NEFT ADOBE RCPT/2503/630 SUBS - software exp,ADOBE,True,18%,TRUE,Software,0,10279.900586464477,5
TXN0004631,2025-03-01,3918.38,INR,!auto-debit off.ice depot inv/2503/631 gst - office supplies exp,OFF.ice depot,True,12%,TRUE,Office Supplies,0,2650.411871962298,5
TXN0004632,2025-03-01,12654.82,INR,*card airtel pvt ltd inv/2503/632 q2 - utilities exp,AIRTEL Pvt Ltd,True,18%,TRUE,Utilities,0,9577.871369349594,5
TXN0004633,2025-03-01,6532.12,INR, / auto-debit canva pvt ltd rcpt/2503/633 fy25 - software exp# ref 8309,CANVA Pvt Ltd,True,18%,TRUE,Software,0,5427.60782886832,5
TXN0004634,2025-03-01,2324.81,INR,!upi swiggy rcpt/2503/634 tds - meals exp,SWIGGY,True,5%,FALSE,Meals,0,2015.659411191498,5
TXN0004635,2025-03-01,10081.23,INR,auto-debit kseb bill/2503/635 q2 - utilities exp,KSEB,True,18%,TRUE,Utilities,0,7517.185564968928,5
TXN0004636,2025-03-01,4515.78,INR,auto-debit ikea inv/2503/636 q1 - office supplies exp,IKEA,True,12%,TRUE,Office Supplies,0,2559.812886904356,5
TXN0004637,2025-03-02,32753.22,INR,imps infy pvt ltd rcpt/2503/637 tds - it services exp! ref 2083,INFY Pvt Ltd,True,18%,TRUE,IT Services,0,27573.55552892368,6
TXN0004638,2025-03-02,10156.61,INR,RTGS AIRTEL INV/2503/638 ADV - utilities exp,AIRTEL,True,18%,TRUE,Utilities,0,7133.74229418465,6
TXN0004639,2025-03-02,115711.48,INR,imps wew.ork rcpt/2503/639 fy25 - rent exp,WEW.ork,True,18%,TRUE,Rent,0,73894.84336062676,6
TXN0004640,2025-03-02,121552.24,INR,-RTGS AWFIS INDIA PVT LTD TAXINV/2503/640 TDS - rent exp,AWFIS INDIA PVT LTD,True,18%,TRUE,Rent,0,69699.74715264847,6
TXN0004641,2025-03-02,35494.79,INR,auto-debit hcl bill/2503/641 rent - it services exp,HCL,True,18%,TRUE,IT Services,0,30707.198375739055,6
TXN0004642,2025-03-02,99371.9,INR,#NEFT Indiqube TAXINV/2503/642 FY24 - rent exp* ref 3565,Indiqube,True,18%,TRUE,Rent,0,80519.99683359178,6
TXN0004643,2025-03-02,29018.2,INR,IMPS TCS INDIA PVT LTD BILL/2503/643 TDS - it services exp- ref 9431,TCS INDIA PVT LTD,True,18%,TRUE,IT Services,0,22690.708641057263,6
TXN0004644,2025-03-02,6148.86,INR, rtgs adobe bill/2503/644 gst - software exp,ADOBE,True,18%,TRUE,Software,0,5602.361307555777,6
TXN0004645,2025-03-02,17032.67,INR,AUTO-DEBIT Coursera INV/2503/645 TDS - training exp,Coursera,True,18%,unknown,Training,0,14494.563280702927,6
TXN0004646,2025-03-02,11533.05,INR,card adobe bill/2503/646 fy25 - software exp,Adobe,True,18%,TRUE,Software,0,10717.70953661712,6
TXN0004647,2025-03-02,6857.72,INR,#NEFT STAPLES TAXINV/2503/647 RENT - office supplies exp,STAPLES,True,12%,TRUE,Office Supplies,0,4722.096807824876,6
TXN0004648,2025-03-02,36847.85,INR,AUTO-DEBIT Wipro TAXINV/2503/648 GST - it services exp,Wipro,True,18%,TRUE,IT Services,0,29376.430703291036,6
TXN0004649,2025-03-02,5639.27,INR,*CARD IKEA BILL/2503/649 GST - office supplies exp,IKEA,True,12%,TRUE,Office Supplies,0,3782.049341284553,6
TXN0004650,2025-03-02,85576.0,INR,card awfis bill/2503/650 q1 - rent exp- ref 6124,Awfis,True,18%,TRUE,Rent,0,66890.43020553092,6
TXN0004651,2025-03-02,8520.27,INR,UPI Jiofiber INV/2503/651 Q2 - utilities exp# ref 4446,Jiofiber,True,18%,TRUE,Utilities,0,6646.754063970193,6
TXN0004652,2025-03-03,16164.54,INR,-CARD CANVA INV/2503/652 TDS - software exp  ref 1304,CANVA,True,18%,TRUE,Software,0,17177.43212040844,0
TXN0004653,2025-03-03,5980.79,INR,card sta.ples taxinv/2503/653 q1 - office supplies exp,STA.ples,True,12%,TRUE,Office Supplies,0,6008.0408004694655,0
TXN0004654,2025-03-03,2437.66,INR,neft kfc india pvt ltd rcpt/2503/654 fy25 - meals exp,KFC INDIA PVT LTD,True,5%,FALSE,Meals,0,2589.625464469942,0
TXN0004655,2025-03-03,14482.55,INR, UPI JIOFIBER TAXINV/2503/655 ADV - utilities exp,JIOFIBER,True,18%,TRUE,Utilities,0,15501.31069001907,0
TXN0004656,2025-03-03,15011.33,INR,!neft airtel bill/2503/656 q1 - utilities exp,Airtel,True,18%,TRUE,Utilities,0,18246.16455026619,0
TXN0004657,2025-03-03,8515.34,INR,NEFT FIG.ma RCPT/2503/657 Q1 - software exp,FIG.ma,True,18%,TRUE,Software,0,8246.854177937585,0
TXN0004658,2025-03-03,10223.51,INR,*imps kseb pvt ltd rcpt/2503/658 q2 - utilities exp! ref 8467,KSEB Pvt Ltd,True,18%,TRUE,Utilities,0,9261.454500951028,0
TXN0004659,2025-03-03,32442.59,INR,#auto-debit wipro taxinv/2503/659 q2 - it services exp,Wipro,True,18%,TRUE,IT Services,0,33240.9489837428,0
TXN0004660,2025-03-03,2983.81,INR,card govt fees india pvt ltd taxinv/2503/660 fy24 - exempt services exp,GOVT FEES INDIA PVT LTD,False,exempt,FALSE,Exempt Services,0,2744.424883222076,0
TXN0004661,2025-03-03,2854.74,INR,#auto-debit dominos pvt ltd inv/2503/661 subs - meals exp,DOMINOS Pvt Ltd,True,5%,FALSE,Meals,0,3277.8012684086516,0
TXN0004662,2025-03-03,16194.1,INR,RTGS KSEB TAXINV/2503/662 Q1 - utilities exp- ref 7548,KSEB,True,18%,TRUE,Utilities,0,15735.453875551702,0
TXN0004663,2025-03-03,2595.62,INR,*card zomato india pvt ltd taxinv/2503/663 q1 - meals exp,ZOMATO INDIA PVT LTD,True,5%,FALSE,Meals,0,2448.8178668018913,0
TXN0004664,2025-03-03,7491.64,INR,*upi microsoft pvt ltd rcpt/2503/664 rent - software exp,MICROSOFT Pvt Ltd,True,18%,TRUE,Software,0,7138.547229079544,0
TXN0004665,2025-03-04,9905.57,INR,upi staples rcpt/2503/665 gst - office supplies exp,Staples,True,12%,TRUE,Office Supplies,0,10617.203407741797,1
TXN0004666,2025-03-04,46447.48,INR,!NEFT INDIQUBE INDIA PVT LTD TAXINV/2503/666 SUBS - rent exp,INDIQUBE INDIA PVT LTD,True,18%,TRUE,Rent,0,45714.78501512953,1
TXN0004667,2025-03-04,39040.48,INR,upi wipro pvt ltd rcpt/2503/667 gst - it services exp,WIPRO Pvt Ltd,True,18%,TRUE,IT Services,0,36535.38193420362,1
TXN0004668,2025-03-04,1931.17,INR,*neft dominos inv/2503/668 tds - meals exp,Dominos,True,5%,FALSE,Meals,0,2252.777766275704,1
TXN0004669,2025-03-04,37361.92,INR,AUTO-DEBIT HCL TAXINV/2503/669 Q2 - it services exp,HCL,True,18%,TRUE,IT Services,1,34163.10509067829,1
TXN0004670,2025-03-04,30398.66,INR,auto-debit inf.y taxinv/2503/670 tds - it services exp,INF.y,True,18%,TRUE,IT Services,0,30506.776099206378,1
TXN0004671,2025-03-04,9002.76,INR,-RTGS JIOFIBER Pvt Ltd TAXINV/2503/671 RENT - utilities exp  ref 2099,JIOFIBER Pvt Ltd,True,18%,TRUE,Utilities,0,9590.015572947053,1
TXN0004672,2025-03-04,7282.03,INR,*UPI Office Depot INV/2503/672 ADV - office supplies exp  ref 8929,Office Depot,True,12%,TRUE,Office Supplies,0,6094.086878588955,1
TXN0004673,2025-03-04,7267.42,INR,#neft ola bill/2503/673 q1 - travel exp,OLA,True,5%,FALSE,Travel,0,7616.4454773127445,1
TXN0004674,2025-03-04,110964.75,INR,!CARD Wework INV/2503/674 FY25 - rent exp,Wework,True,18%,TRUE,Rent,0,99256.77405672308,1
TXN0004675,2025-03-04,3496.16,INR,IMPS Indigo RCPT/2503/675 ADV - travel exp,Indigo,True,5%,FALSE,Travel,0,3783.81802470406,1
TXN0004676,2025-03-04,16292.61,INR,-auto-debit kseb taxinv/2503/676 adv - utilities exp /  ref 2016,KSEB,True,18%,TRUE,Utilities,0,14724.200249669879,1
TXN0004677,2025-03-04,12985.64,INR,#CARD Canva TAXINV/2503/677 FY25 - software exp,Canva,True,18%,TRUE,Software,0,13885.244925073785,1
TXN0004678,2025-03-05,7289.28,INR, IMPS IKE.a TAXINV/2503/678 FY24 - office supplies exp,IKE.a,True,12%,TRUE,Office Supplies,0,16610.563829494673,2
TXN0004679,2025-03-05,7013.78,INR,NEFT UBER INDIA PVT LTD TAXINV/2503/679 Q2 - travel exp,UBER INDIA PVT LTD,True,5%,FALSE,Travel,0,27798.392276690996,2
TXN0004680,2025-03-05,9531.19,INR, IMPS OFFICE DEPOT INDIA PVT LTD TAXINV/2503/680 Q2 - office supplies exp,OFFICE DEPOT INDIA PVT LTD,True,12%,TRUE,Office Supplies,0,44684.38125203305,2
TXN0004681,2025-03-05,127430.16,INR,AUTO-DEBIT WEWORK INV/2503/681 ADV - rent exp,WEWORK,True,18%,TRUE,Rent,0,426017.87967389665,2
TXN0004682,2025-03-05,4895.47,INR,IMPS IKE.a RCPT/2503/682 FY24 - office supplies exp,IKE.a,True,12%,TRUE,Office Supplies,0,9283.40031050473,2
TXN0004683,2025-03-05,36659.75,INR,NEFT TECHM RCPT/2503/683 TDS - it services exp,TECHM,True,18%,TRUE,IT Services,0,85494.47142784092,2
TXN0004684,2025-03-05,7703.07,INR,rtgs airtel rcpt/2503/684 q2 - utilities exp,Airtel,True,18%,TRUE,Utilities,0,23283.134483856196,2
TXN0004685,2025-03-05,3440.58,INR,rtgs sta.ples taxinv/2503/685 fy24 - office supplies exp,STA.ples,True,12%,TRUE,Office Supplies,0,7601.571067855483,2
TXN0004686,2025-03-05,98563.5,INR,RTGS AWFIS BILL/2503/686 SUBS - rent exp,AWFIS,True,18%,TRUE,Rent,0,419787.584934812,2
TXN0004687,2025-03-05,7641.6,INR,!upi canva taxinv/2503/687 tds - software exp,CANVA,True,18%,TRUE,Software,0,29021.880417969067,2
TXN0004688,2025-03-06,34431.85,INR,NEFT WIPRO BILL/2503/688 Q2 - it services exp# ref 4156,WIPRO,True,18%,TRUE,IT Services,0,31160.605616477093,3
TXN0004689,2025-03-06,14926.24,INR,#IMPS COURSERA BILL/2503/689 Q1 - training exp,COURSERA,True,18%,unknown,Training,0,12771.481631783116,3
TXN0004690,2025-03-06,5202.21,INR,CARD Office Depot RCPT/2503/690 ADV - office supplies exp,Office Depot,True,12%,TRUE,Office Supplies,0,4950.99016040601,3
TXN0004691,2025-03-06,6004.18,INR,neft ube.r taxinv/2503/691 subs - travel exp- ref 2703,UBE.r,True,5%,FALSE,Travel,0,5954.516410782116,3
TXN0004692,2025-03-06,122501.63,INR,*RTGS WEWORK INV/2503/692 TDS - rent exp* ref 2218,WEWORK,True,18%,TRUE,Rent,0,125479.54328779517,3
TXN0004693,2025-03-06,3857.62,INR,*auto-debit rap.ido taxinv/2503/693 q1 - travel exp,RAP.ido,True,5%,FALSE,Travel,0,4224.597799413457,3
TXN0004694,2025-03-06,96243.04,INR,card indiqube taxinv/2503/694 q2 - rent exp,INDIQUBE,True,18%,TRUE,Rent,0,101314.06579432839,3
TXN0004695,2025-03-06,76637.42,INR, CARD INDIQUBE RCPT/2503/695 Q2 - rent exp  ref 1996,INDIQUBE,True,18%,TRUE,Rent,0,75174.62455437708,3
TXN0004696,2025-03-06,11753.12,INR,upi rapido pvt ltd bill/2503/696 adv - travel exp,RAPIDO Pvt Ltd,True,5%,FALSE,Travel,0,11520.1782432028,3
TXN0004697,2025-03-06,5255.03,INR,#upi ola taxinv/2503/697 gst - travel exp,Ola,True,5%,FALSE,Travel,0,5523.1192803873355,3
TXN0004698,2025-03-06,80912.96,INR,*RTGS WEWORK RCPT/2503/698 FY24 - rent exp,WEWORK,True,18%,TRUE,Rent,0,91209.7018690233,3
TXN0004699,2025-03-06,32926.06,INR,card infy rcpt/2503/699 subs - it services exp,INFY,True,18%,TRUE,IT Services,0,33341.962891103576,3
TXN0004700,2025-03-06,3606.67,INR,!CARD MIC.rosoft RCPT/2503/700 Q2 - software exp,MIC.rosoft,True,18%,TRUE,Software,0,3437.4699822044945,3
TXN0004701,2025-03-06,5180.39,INR,*IMPS Uber RCPT/2503/701 TDS - travel exp- ref 2455,Uber,True,5%,FALSE,Travel,0,4666.046689663645,3
TXN0004702,2025-03-07,6626.46,INR,rtgs uber pvt ltd inv/2503/702 subs - travel exp,UBER Pvt Ltd,True,5%,FALSE,Travel,1,5668.800512358296,4
TXN0004703,2025-03-07,75382.32,INR, / rtgs wework rcpt/2503/703 fy25 - rent exp,WEWORK,True,18%,TRUE,Rent,0,80404.815362428,4
TXN0004704,2025-03-07,133750.48,INR,-imps kse.b bill/2503/704 q2 - utilities exp* ref 1540,KSE.b,True,18%,TRUE,Utilities,1,141480.97049664822,4
TXN0004705,2025-03-07,4816.55,INR, RTGS OFFICE DEPOT TAXINV/2503/705 TDS - office supplies exp,OFFICE DEPOT,True,12%,TRUE,Office Supplies,0,5094.6400286852495,4
TXN0004706,2025-03-07,12493.35,INR, CARD Kseb INV/2503/706 FY24 - utilities exp,Kseb,True,18%,TRUE,Utilities,0,12332.611250591754,4
TXN0004707,2025-03-07,4281.5,INR,card ola bill/2503/707 q1 - travel exp- ref 3718,OLA,True,5%,FALSE,Travel,0,4883.8791114535525,4
TXN0004708,2025-03-07,9611.59,INR,RTGS CANVA INV/2503/708 FY25 - software exp  ref 7280,CANVA,True,18%,TRUE,Software,0,9146.275151863352,4
TXN0004709,2025-03-07,4200.02,INR,NEFT STAPLES BILL/2503/709 SUBS - office supplies exp,STAPLES,True,12%,TRUE,Office Supplies,0,4601.234990165502,4
TXN0004710,2025-03-07,9824.91,INR,#AUTO-DEBIT KSEB INDIA PVT LTD TAXINV/2503/710 GST - utilities exp,KSEB INDIA PVT LTD,True,18%,TRUE,Utilities,0,9786.845454358829,4
TXN0004711,2025-03-07,8992.03,INR,AUTO-DEBIT AIRTEL Pvt Ltd INV/2503/711 SUBS - utilities exp# ref 8527,AIRTEL Pvt Ltd,True,18%,TRUE,Utilities,0,8444.999167348047,4
TXN0004712,2025-03-07,113704.17,INR,IMPS AWFIS INV/2503/712 TDS - rent exp  ref 1217,AWFIS,True,18%,TRUE,Rent,0,120441.4866793411,4
TXN0004713,2025-03-07,11574.3,INR,upi airtel pvt ltd inv/2503/713 q2 - utilities exp,AIRTEL Pvt Ltd,True,18%,TRUE,Utilities,0,12048.425132848413,4
TXN0004714,2025-03-07,8685.31,INR,*CARD MICROSOFT RCPT/2503/714 ADV - software exp,MICROSOFT,True,18%,TRUE,Software,0,8995.351907578863,4
TXN0004715,2025-03-07,7197.43,INR,IMPS MIC.rosoft BILL/2503/715 FY25 - software exp* ref 7776,MIC.rosoft,True,18%,TRUE,Software,0,7255.929575325995,4
TXN0004716,2025-03-07,3017.08,INR, / AUTO-DEBIT ROC FEES Pvt Ltd BILL/2503/716 TDS - exempt services exp# ref 5902,ROC FEES Pvt Ltd,False,exempt,FALSE,Exempt Services,0,3005.6473541013784,4
TXN0004717,2025-03-07,36980.28,INR,imps wew.ork taxinv/2503/717 q2 - rent exp! ref 8629,WEW.ork,True,18%,TRUE,Rent,0,45812.54650405068,4
TXN0004718,2025-03-07,28848.09,INR,#NEFT HCL INDIA PVT LTD TAXINV/2503/718 ADV - it services exp,HCL INDIA PVT LTD,True,18%,TRUE,IT Services,0,32264.44422837173,4
TXN0004719,2025-03-08,2401.58,INR,*CARD DOMINOS INV/2503/719 TDS - meals exp,DOMINOS,True,5%,FALSE,Meals,0,2060.1381291567445,5
TXN0004720,2025-03-08,12943.05,INR,AUTO-DEBIT BES.com BILL/2503/720 GST - utilities exp,BES.com,True,18%,TRUE,Utilities,0,10470.201767566748,5
TXN0004721,2025-03-08,59439.62,INR,neft awfis pvt ltd taxinv/2503/721 fy24 - rent exp# ref 1104,AWFIS Pvt Ltd,True,18%,TRUE,Rent,0,52340.89930269839,5
TXN0004722,2025-03-08,6667.26,INR,-auto-debit office depot rcpt/2503/722 fy24 - office supplies exp,OFFICE DEPOT,True,12%,TRUE,Office Supplies,0,5610.096468227494,5
TXN0004723,2025-03-08,4991.66,INR,IMPS ROC FEES Pvt Ltd BILL/2503/723 Q1 - exempt services exp,ROC FEES Pvt Ltd,False,exempt,FALSE,Exempt Services,0,4003.792417298563,5
TXN0004724,2025-03-08,5726.75,INR,-card rapido bill/2503/724 gst - travel exp* ref 4868,RAPIDO,True,5%,FALSE,Travel,0,4442.325040022674,5
TXN0004725,2025-03-08,10564.4,INR,*IMPS FIGMA BILL/2503/725 RENT - software exp,FIGMA,True,18%,TRUE,Software,0,8383.132550239705,5
TXN0004726,2025-03-08,41667.38,INR,RTGS HCL INV/2503/726 TDS - it services exp,HCL,True,18%,TRUE,IT Services,0,22765.637288111157,5
TXN0004727,2025-03-08,42409.4,INR,rtgs inf.y taxinv/2503/727 q1 - it services exp,INF.y,True,18%,TRUE,IT Services,0,34642.036418728756,5
TXN0004728,2025-03-08,6306.19,INR,auto-debit rap.ido taxinv/2503/728 q2 - travel exp /  ref 6909,RAP.ido,True,5%,FALSE,Travel,0,4798.518162269508,5
TXN0004729,2025-03-08,9267.87,INR, CARD Figma INV/2503/729 TDS - software exp,Figma,True,18%,TRUE,Software,0,8595.148679758879,5
TXN0004730,2025-03-09,7305.34,INR,auto-debit figma pvt ltd taxinv/2503/730 subs - software exp,FIGMA Pvt Ltd,True,18%,TRUE,Software,0,5855.577201141116,6
TXN0004731,2025-03-09,10054.06,INR,!auto-debit canva taxinv/2503/731 subs - software exp /  ref 6254,CANVA,True,18%,TRUE,Software,0,7086.935235375226,6
TXN0004732,2025-03-09,5905.69,INR,IMPS STAPLES BILL/2503/732 RENT - office supplies exp! ref 9908,STAPLES,True,12%,TRUE,Office Supplies,0,4700.985861805369,6
TXN0004733,2025-03-09,5392.38,INR, imps rapido taxinv/2503/733 rent - travel exp,RAPIDO,True,5%,FALSE,Travel,0,3862.617406666452,6
TXN0004734,2025-03-09,11499.86,INR, / NEFT AIRTEL INDIA PVT LTD INV/2503/734 GST - utilities exp- ref 3633,AIRTEL INDIA PVT LTD,True,18%,TRUE,Utilities,0,9635.417520292414,6
TXN0004735,2025-03-09,3579.81,INR,*NEFT IKEA BILL/2503/735 Q2 - office supplies exp,IKEA,True,12%,TRUE,Office Supplies,0,2947.1709027468905,6
TXN0004736,2025-03-09,18686.46,INR,#rtgs sim.plilearn inv/2503/736 fy24 - training exp,SIM.plilearn,True,18%,unknown,Training,0,16381.058556249553,6
TXN0004737,2025-03-09,6120.32,INR,!RTGS OFF.ice depot TAXINV/2503/737 SUBS - office supplies exp,OFF.ice depot,True,12%,TRUE,Office Supplies,0,4509.020028212473,6
TXN0004738,2025-03-09,8713.99,INR,RTGS BESCOM Pvt Ltd TAXINV/2503/738 GST - utilities exp- ref 7011,BESCOM Pvt Ltd,True,18%,TRUE,Utilities,0,6994.899696836088,6
TXN0004739,2025-03-09,6479.0,INR,UPI IKEA INDIA PVT LTD BILL/2503/739 Q1 - office supplies exp,IKEA INDIA PVT LTD,True,12%,TRUE,Office Supplies,0,4475.681902994466,6
TXN0004740,2025-03-10,6795.25,INR,AUTO-DEBIT OFFICE DEPOT RCPT/2503/740 Q1 - office supplies exp,OFFICE DEPOT,True,12%,TRUE,Office Supplies,0,7271.933241687391,0
TXN0004741,2025-03-10,4594.49,INR,-UPI IKEA INDIA PVT LTD RCPT/2503/741 GST - office supplies exp,IKEA INDIA PVT LTD,True,12%,TRUE,Office Supplies,0,4832.884844982033,0
TXN0004742,2025-03-10,5159.78,INR,card staples rcpt/2503/742 tds - office supplies exp,STAPLES,True,12%,TRUE,Office Supplies,0,5415.604483139764,0
TXN0004743,2025-03-10,69216.7,INR,*AUTO-DEBIT WIPRO Pvt Ltd RCPT/2503/743 TDS - it services exp* ref 6298,WIPRO Pvt Ltd,True,18%,TRUE,IT Services,0,69227.9064007724,0
TXN0004744,2025-03-10,94577.83,INR,AUTO-DEBIT AWFIS Pvt Ltd RCPT/2503/744 FY25 - rent exp* ref 4527,AWFIS Pvt Ltd,True,18%,TRUE,Rent,0,98500.66199536309,0
TXN0004745,2025-03-10,6359.74,INR,IMPS IKEA BILL/2503/745 FY24 - office supplies exp,IKEA,True,12%,TRUE,Office Supplies,0,7380.057960067451,0
TXN0004746,2025-03-10,91482.54,INR,neft awfis pvt ltd inv/2503/746 subs - rent exp,AWFIS Pvt Ltd,True,18%,TRUE,Rent,0,88874.42532263837,0
TXN0004747,2025-03-10,1939.22,INR,!RTGS KFC Pvt Ltd RCPT/2503/747 GST - meals exp,KFC Pvt Ltd,True,5%,FALSE,Meals,0,1966.106351315427,0
TXN0004748,2025-03-10,37556.97,INR,*IMPS TCS INDIA PVT LTD INV/2503/748 TDS - it services exp* ref 3445,TCS INDIA PVT LTD,True,18%,TRUE,IT Services,0,33477.80871654327,0
TXN0004749,2025-03-10,2378.91,INR,#neft indigo bill/2503/749 rent - travel exp,Indigo,True,5%,FALSE,Travel,0,2172.3585315844107,0
TXN0004750,2025-03-10,6227.68,INR,!imps adobe pvt ltd bill/2503/750 tds - software exp# ref 9795,ADOBE Pvt Ltd,True,18%,TRUE,Software,0,6288.594988913133,0
TXN0004751,2025-03-10,31888.18,INR, / rtgs hcl taxinv/2503/751 rent - it services exp,HCL,True,18%,TRUE,IT Services,0,35408.42316452688,0
TXN0004752,2025-03-10,34614.67,INR,imps hcl taxinv/2503/752 subs - it services exp,HCL,True,18%,TRUE,IT Services,0,33727.56238412038,0
TXN0004753,2025-03-10,9447.23,INR,#IMPS Kseb RCPT/2503/753 RENT - utilities exp# ref 9251,Kseb,True,18%,TRUE,Utilities,0,9224.354228678661,0
TXN0004754,2025-03-10,6964.54,INR,*upi office depot india pvt ltd rcpt/2503/754 fy25 - office supplies exp- ref 6028,OFFICE DEPOT INDIA PVT LTD,True,12%,TRUE,Office Supplies,0,6681.16314392395,0
TXN0004755,2025-03-10,104405.42,INR, / imps indiqube bill/2503/755 subs - rent exp,Indiqube,True,18%,TRUE,Rent,0,98822.27051826967,0
TXN0004756,2025-03-10,21904.51,INR,CARD SIMPLILEARN INDIA PVT LTD TAXINV/2503/756 RENT - training exp,SIMPLILEARN INDIA PVT LTD,True,18%,unknown,Training,0,22550.63052012884,0
TXN0004757,2025-03-10,32424.73,INR,*rtgs wipro rcpt/2503/757 gst - it services exp,WIPRO,True,18%,TRUE,IT Services,0,27569.912511464663,0
TXN0004758,2025-03-10,98435.93,INR, / IMPS AWFIS TAXINV/2503/758 RENT - rent exp  ref 7990,AWFIS,True,18%,TRUE,Rent,0,111044.97785029956,0
TXN0004759,2025-03-10,64431.29,INR,neft hcl bill/2503/759 q2 - it services exp* ref 3696,Hcl,True,18%,TRUE,IT Services,0,60143.88829367542,0
TXN0004760,2025-03-10,6711.03,INR, rtgs staples rcpt/2503/760 fy25 - office supplies exp,Staples,True,12%,TRUE,Office Supplies,0,7195.501594787994,0
TXN0004761,2025-03-10,72778.08,INR,AUTO-DEBIT IND.iqube RCPT/2503/761 ADV - rent exp- ref 5883,IND.iqube,True,18%,TRUE,Rent,0,63535.27404789808,0
TXN0004762,2025-03-11,54834.26,INR,*neft wework pvt ltd rcpt/2503/762 fy25 - rent exp! ref 8276,WEWORK Pvt Ltd,True,18%,TRUE,Rent,0,58501.795361680524,1
TXN0004763,2025-03-11,9683.5,INR,-card office depot inv/2503/763 rent - office supplies exp- ref 5814,OFFICE DEPOT,True,12%,TRUE,Office Supplies,0,10334.177560977168,1
TXN0004764,2025-03-11,16197.62,INR, / UPI Airtel TAXINV/2503/764 RENT - utilities exp,Airtel,True,18%,TRUE,Utilities,0,16819.935916556416,1
TXN0004765,2025-03-11,5779.55,INR,-neft dominos inv/2503/765 subs - meals exp,DOMINOS,True,5%,FALSE,Meals,0,5204.815063683201,1
TXN0004766,2025-03-11,9873.18,INR,NEFT FIGMA INV/2503/766 FY24 - software exp,FIGMA,True,18%,TRUE,Software,0,10119.563419457594,1
TXN0004767,2025-03-11,54054.15,INR,IMPS TCS BILL/2503/767 Q2 - it services exp,TCS,True,18%,TRUE,IT Services,0,47659.24035319396,1
TXN0004768,2025-03-11,757058.24,INR, CARD WEWORK INDIA PVT LTD INV/2503/768 TDS - rent exp,WEWORK INDIA PVT LTD,True,18%,TRUE,Rent,1,737922.589496021,1
TXN0004769,2025-03-11,1558.48,INR,-AUTO-DEBIT Zomato INV/2503/769 TDS - meals exp- ref 5629,Zomato,True,5%,FALSE,Meals,0,1718.9119729576855,1
TXN0004770,2025-03-11,25329.65,INR,!rtgs kseb rcpt/2503/770 fy25 - utilities exp,KSEB,True,18%,TRUE,Utilities,0,27347.668096702742,1
TXN0004771,2025-03-11,49406.42,INR, / RTGS TEC.hm TAXINV/2503/771 RENT - it services exp,TEC.hm,True,18%,TRUE,IT Services,0,49481.43348359885,1
TXN0004772,2025-03-11,11641.67,INR,-neft bescom rcpt/2503/772 tds - utilities exp,BESCOM,True,18%,TRUE,Utilities,0,10506.832352927633,1
TXN0004773,2025-03-11,8818.93,INR,#imps adobe taxinv/2503/773 q2 - software exp,Adobe,True,18%,TRUE,Software,0,9388.269284252436,1
TXN0004774,2025-03-11,48557.51,INR,AUTO-DEBIT AWF.is TAXINV/2503/774 SUBS - rent exp,AWF.is,True,18%,TRUE,Rent,0,48651.62046433343,1
TXN0004775,2025-03-11,6874.32,INR,neft microsoft bill/2503/775 fy25 - software exp,MICROSOFT,True,18%,TRUE,Software,0,5279.260807677263,1
TXN0004776,2025-03-11,2987.05,INR,UPI Zomato INV/2503/776 SUBS - meals exp,Zomato,True,5%,FALSE,Meals,0,3220.825442269876,1
TXN0004777,2025-03-11,38715.66,INR,auto-debit infy rcpt/2503/777 fy24 - it services exp,INFY,True,18%,TRUE,IT Services,0,38621.84098430646,1
TXN0004778,2025-03-12,15175.07,INR, / upi bescom pvt ltd taxinv/2503/778 adv - utilities exp,BESCOM Pvt Ltd,True,18%,TRUE,Utilities,0,16999.798185973046,2
TXN0004779,2025-03-12,24262.41,INR, / rtgs infy india pvt ltd inv/2503/779 fy24 - it services exp,INFY INDIA PVT LTD,True,18%,TRUE,IT Services,0,21605.019761092313,2
TXN0004780,2025-03-12,7960.97,INR,NEFT AIR.tel BILL/2503/780 TDS - utilities exp,AIR.tel,True,18%,TRUE,Utilities,0,5432.005624426104,2
TXN0004781,2025-03-12,11102.19,INR,imps airtel bill/2503/781 fy25 - utilities exp,Airtel,True,18%,TRUE,Utilities,0,11412.034202128134,2
TXN0004782,2025-03-12,7324.86,INR,RTGS FIGMA TAXINV/2503/782 Q2 - software exp,FIGMA,True,18%,TRUE,Software,0,7538.426311278071,2
TXN0004783,2025-03-12,4495.47,INR,#AUTO-DEBIT SWIGGY INV/2503/783 Q1 - meals exp# ref 5826,SWIGGY,True,5%,FALSE,Meals,0,3735.4336418244025,2
TXN0004784,2025-03-12,5520.91,INR,!AUTO-DEBIT STAPLES Pvt Ltd INV/2503/784 FY25 - office supplies exp,STAPLES Pvt Ltd,True,12%,TRUE,Office Supplies,0,4980.689207222959,2
TXN0004785,2025-03-12,14838.43,INR,#AUTO-DEBIT ADOBE Pvt Ltd BILL/2503/785 SUBS - software exp,ADOBE Pvt Ltd,True,18%,TRUE,Software,0,18926.74056249457,2
TXN0004786,2025-03-12,129205.2,INR, / rtgs awfis pvt ltd taxinv/2503/786 q1 - rent exp,AWFIS Pvt Ltd,True,18%,TRUE,Rent,0,125256.55194761351,2
TXN0004787,2025-03-12,8894.33,INR, / card canva india pvt ltd taxinv/2503/787 rent - software exp,CANVA INDIA PVT LTD,True,18%,TRUE,Software,0,9544.469035235228,2
TXN0004788,2025-03-12,94006.04,INR,-auto-debit awf.is bill/2503/788 fy25 - rent exp,AWF.is,True,18%,TRUE,Rent,0,87889.44462420145,2
TXN0004789,2025-03-12,8504.07,INR,*auto-debit ikea india pvt ltd taxinv/2503/789 gst - office supplies exp! ref 8597,IKEA INDIA PVT LTD,True,12%,TRUE,Office Supplies,0,6726.461782694983,2
TXN0004790,2025-03-12,3361.8,INR,rtgs ikea pvt ltd bill/2503/790 gst - office supplies exp,IKEA Pvt Ltd,True,12%,TRUE,Office Supplies,0,3304.5625825921525,2
TXN0004791,2025-03-12,3766.62,INR,*rtgs indigo pvt ltd bill/2503/791 fy25 - travel exp# ref 5067,INDIGO Pvt Ltd,True,5%,FALSE,Travel,0,3666.5768551135147,2
TXN0004792,2025-03-12,57396.59,INR,AUTO-DEBIT AWFIS RCPT/2503/792 Q1 - rent exp,AWFIS,True,18%,TRUE,Rent,0,55101.42526852293,2
TXN0004793,2025-03-12,31527.65,INR,card wipro inv/2503/793 fy24 - it services exp,WIPRO,True,18%,TRUE,IT Services,0,31166.21438624469,2
TXN0004794,2025-03-12,20977.7,INR,*CARD Upgrad TAXINV/2503/794 TDS - training exp* ref 3431,Upgrad,True,18%,unknown,Training,0,21532.074052210068,2
TXN0004795,2025-03-12,3704.62,INR, CARD ZOMATO RCPT/2503/795 TDS - meals exp,ZOMATO,True,5%,FALSE,Meals,0,3649.007374004612,2
TXN0004796,2025-03-12,9942.96,INR,UPI CAN.va TAXINV/2503/796 SUBS - software exp,CAN.va,True,18%,TRUE,Software,0,8686.163723234607,2
TXN0004797,2025-03-12,149236.26,INR,-RTGS AWFIS TAXINV/2503/797 RENT - rent exp# ref 4008,AWFIS,True,18%,TRUE,Rent,0,156491.89999615835,2
TXN0004798,2025-03-13,2724.46,INR,IMPS SWIGGY BILL/2503/798 FY24 - meals exp /  ref 9684,SWIGGY,True,5%,FALSE,Meals,0,2193.361462749427,3
TXN0004799,2025-03-13,107136.42,INR,IMPS AWF.is TAXINV/2503/799 Q1 - rent exp,AWF.is,True,18%,TRUE,Rent,0,85169.6242306268,3
TXN0004800,2025-03-13,125139.82,INR,#upi indiqube rcpt/2503/800 q1 - rent exp# ref 7811,Indiqube,True,18%,TRUE,Rent,0,134389.91140544653,3
TXN0004801,2025-03-13,44448.69,INR,auto-debit techm pvt ltd taxinv/2503/801 fy25 - it services exp,TECHM Pvt Ltd,True,18%,TRUE,IT Services,0,46702.32868998601,3
TXN0004802,2025-03-13,4539.0,INR,-upi ikea rcpt/2503/802 rent - office supplies exp,IKEA,True,12%,TRUE,Office Supplies,0,4512.9482437928955,3
TXN0004803,2025-03-13,3958.38,INR,!IMPS ROC FEES BILL/2503/803 RENT - exempt services exp,ROC FEES,False,exempt,FALSE,Exempt Services,0,3406.008454774762,3
TXN0004804,2025-03-13,6062.14,INR,!upi office depot pvt ltd taxinv/2503/804 q1 - office supplies exp* ref 8304,OFFICE DEPOT Pvt Ltd,True,12%,TRUE,Office Supplies,0,5632.9944770102065,3
TXN0004805,2025-03-13,26625.95,INR,*RTGS SIMPLILEARN INV/2503/805 Q2 - training exp,SIMPLILEARN,True,18%,unknown,Training,0,25926.361823343654,3
TXN0004806,2025-03-13,47001.52,INR,neft techm taxinv/2503/806 q2 - it services exp,Techm,True,18%,TRUE,IT Services,0,39500.57577181844,3
TXN0004807,2025-03-13,22185.23,INR,CARD TECHM Pvt Ltd TAXINV/2503/807 Q2 - it services exp,TECHM Pvt Ltd,True,28%,TRUE,IT Services,1,20545.677924516323,3
TXN0004808,2025-03-13,36362.35,INR,*rtgs tec.hm rcpt/2503/808 fy25 - it services exp# ref 8081,TEC.hm,True,18%,TRUE,IT Services,0,38734.37640723988,3
TXN0004809,2025-03-13,70499.17,INR, neft awfis rcpt/2503/809 tds - rent exp! ref 3861,AWFIS,True,18%,TRUE,Rent,0,80561.55435189373,3
TXN0004810,2025-03-13,64474.66,INR,RTGS AWFIS INDIA PVT LTD BILL/2503/810 Q1 - rent exp,AWFIS INDIA PVT LTD,True,exempt,TRUE,Rent,1,61770.36869301559,3
TXN0004811,2025-03-13,14801.37,INR, auto-debit upgrad india pvt ltd inv/2503/811 subs - training exp,UPGRAD INDIA PVT LTD,True,18%,unknown,Training,0,15921.076403292367,3
TXN0004812,2025-03-13,19907.82,INR,IMPS ADOBE Pvt Ltd INV/2503/812 FY24 - software exp,ADOBE Pvt Ltd,True,18%,TRUE,Software,0,16097.34366455574,3
TXN0004813,2025-03-14,2083.13,INR,neft swiggy rcpt/2503/813 subs - meals exp,SWIGGY,True,5%,FALSE,Meals,1,2220.5022663901,4
TXN0004814,2025-03-14,34321.33,INR,CARD TCS INDIA PVT LTD RCPT/2503/814 SUBS - it services exp /  ref 3115,TCS INDIA PVT LTD,True,18%,TRUE,IT Services,0,31562.072115516126,4
TXN0004815,2025-03-14,6186.97,INR,#IMPS MICROSOFT RCPT/2503/815 SUBS - software exp,MICROSOFT,True,18%,TRUE,Software,0,6377.123811020371,4
TXN0004816,2025-03-14,21969.94,INR,!upi tcs taxinv/2503/816 rent - it services exp,TCS,True,18%,TRUE,IT Services,0,21425.629423641865,4
TXN0004817,2025-03-14,33145.0,INR,CARD Hcl BILL/2503/817 SUBS - it services exp# ref 4680,Hcl,True,18%,TRUE,IT Services,0,37521.51223542852,4
TXN0004818,2025-03-14,53385.84,INR,-UPI INFY INV/2503/818 Q1 - it services exp,INFY,True,18%,TRUE,IT Services,0,48717.59183874288,4
TXN0004819,2025-03-14,4555.77,INR,RTGS OFFICE DEPOT Pvt Ltd BILL/2503/819 ADV - office supplies exp,OFFICE DEPOT Pvt Ltd,True,12%,TRUE,Office Supplies,0,4841.692994224327,4
TXN0004820,2025-03-14,31487.85,INR,RTGS TECHM TAXINV/2503/820 Q1 - it services exp,TECHM,True,18%,TRUE,IT Services,0,30607.741092183824,4
TXN0004821,2025-03-14,103473.72,INR, / NEFT AWF.is TAXINV/2503/821 FY25 - rent exp,AWF.is,True,18%,TRUE,Rent,0,101835.67432939619,4
TXN0004822,2025-03-14,50188.4,INR,upi tcs india pvt ltd inv/2503/822 subs - it services exp# ref 2456,TCS INDIA PVT LTD,True,18%,TRUE,IT Services,0,49265.666726856834,4
TXN0004823,2025-03-15,11455.78,INR,#IMPS Bescom INV/2503/823 RENT - utilities exp* ref 3016,Bescom,True,18%,TRUE,Utilities,0,8389.596397039875,5
TXN0004824,2025-03-15,10420.13,INR,#NEFT IKEA BILL/2503/824 SUBS - office supplies exp,IKEA,True,12%,TRUE,Office Supplies,0,8324.350955390952,5
TXN0004825,2025-03-15,5187.84,INR,auto-debit figma inv/2503/825 q2 - software exp,FIGMA,True,18%,TRUE,Software,0,4124.2712837878025,5
TXN0004826,2025-03-15,64821.01,INR,!NEFT IND.iqube RCPT/2503/826 GST - rent exp,IND.iqube,True,18%,TRUE,Rent,0,53107.80292435001,5
TXN0004827,2025-03-15,3424.94,INR,NEFT OLA INDIA PVT LTD INV/2503/827 FY25 - travel exp,OLA INDIA PVT LTD,True,5%,FALSE,Travel,0,2763.1060042951453,5
TXN0004828,2025-03-15,3353.02,INR,neft swiggy bill/2503/828 q2 - meals exp* ref 6714,SWIGGY,True,5%,FALSE,Meals,0,2896.471334779266,5
TXN0004829,2025-03-15,109390.64,INR, IMPS KSEB RCPT/2503/829 SUBS - utilities exp* ref 8677,KSEB,True,18%,TRUE,Utilities,1,95594.36788439489,5
TXN0004830,2025-03-15,19353.88,INR, UPI Tcs INV/2503/830 RENT - it services exp,Tcs,True,18%,TRUE,IT Services,0,13856.412984331468,5
TXN0004831,2025-03-15,37460.46,INR, / auto-debit wipro pvt ltd taxinv/2503/831 fy24 - it services exp,WIPRO Pvt Ltd,True,18%,TRUE,IT Services,0,32571.937400598446,5
TXN0004832,2025-03-15,5842.11,INR,#CARD Staples INV/2503/832 TDS - office supplies exp# ref 8375,Staples,True,12%,TRUE,Office Supplies,0,4119.23136766538,5
TXN0004833,2025-03-15,4263.13,INR,-imps govt fees taxinv/2503/833 adv - exempt services exp,GOVT FEES,False,exempt,FALSE,Exempt Services,0,3610.9924857917304,5
TXN0004834,2025-03-15,4262.22,INR, RTGS KFC RCPT/2503/834 FY25 - meals exp,KFC,True,5%,FALSE,Meals,0,3621.093043434901,5
TXN0004835,2025-03-15,83330.95,INR,card awfis pvt ltd rcpt/2503/835 adv - rent exp* ref 7452,AWFIS Pvt Ltd,True,18%,TRUE,Rent,0,53923.01181333731,5
TXN0004836,2025-03-15,6466.82,INR, / card office depot taxinv/2503/836 fy25 - office supplies exp# ref 5415,OFFICE DEPOT,True,12%,unknown,Office Supplies,1,5221.5584040833055,5
TXN0004837,2025-03-15,7192.68,INR,#CARD Office Depot INV/2503/837 Q1 - office supplies exp,Office Depot,True,12%,TRUE,Office Supplies,0,5484.564590028443,5
TXN0004838,2025-03-15,39942.23,INR,-IMPS TECHM RCPT/2503/838 Q2 - it services exp- ref 3284,TECHM,True,18%,TRUE,IT Services,0,29529.24188412288,5
TXN0004839,2025-03-15,569350.72,INR,IMPS AWFIS Pvt Ltd INV/2503/839 FY24 - rent exp! ref 4308,AWFIS Pvt Ltd,True,18%,TRUE,Rent,1,517009.2757677726,5
TXN0004840,2025-03-15,52272.97,INR,rtgs infy taxinv/2503/840 fy24 - it services exp,INFY,True,28%,TRUE,IT Services,1,39084.79599134676,5
TXN0004841,2025-03-16,3198.13,INR,-upi kfc rcpt/2503/841 rent - meals exp  ref 2944,Kfc,True,5%,FALSE,Meals,0,2352.192140134375,6
TXN0004842,2025-03-16,105258.53,INR,imps indiqube inv/2503/842 tds - rent exp- ref 2568,Indiqube,True,exempt,TRUE,Rent,1,84844.22704906994,6
TXN0004843,2025-03-16,7065.7,INR,NEFT STAPLES INV/2503/843 GST - office supplies exp,STAPLES,True,12%,TRUE,Office Supplies,0,6040.093717633657,6
TXN0004844,2025-03-16,9270.46,INR,#CARD IKEA INV/2503/844 RENT - office supplies exp,IKEA,True,12%,TRUE,Office Supplies,0,7311.316195946925,6
TXN0004845,2025-03-16,30853.26,INR, RTGS HCL TAXINV/2503/845 FY24 - it services exp,HCL,True,18%,TRUE,IT Services,0,27561.514696150025,6
TXN0004846,2025-03-16,47959.64,INR,!AUTO-DEBIT TCS Pvt Ltd RCPT/2503/846 SUBS - it services exp,TCS Pvt Ltd,True,18%,TRUE,IT Services,0,40404.94412772476,6
TXN0004847,2025-03-16,6743.8,INR,-NEFT CANVA TAXINV/2503/847 GST - software exp! ref 1546,CANVA,True,18%,TRUE,Software,0,4219.886280159614,6
TXN0004848,2025-03-16,3806.0,INR,imps office depot taxinv/2503/848 q1 - office supplies exp,Office Depot,True,12%,TRUE,Office Supplies,0,2883.5878989513863,6
TXN0004849,2025-03-16,75304.44,INR,-upi indiqube rcpt/2503/849 tds - rent exp,INDIQUBE,True,18%,TRUE,Rent,0,56858.81562719168,6
TXN0004850,2025-03-16,34066.15,INR,AUTO-DEBIT UPGRAD Pvt Ltd RCPT/2503/850 Q1 - training exp! ref 6565,UPGRAD Pvt Ltd,True,18%,unknown,Training,0,28559.31857149358,6
TXN0004851,2025-03-16,5563.68,INR,-IMPS Staples INV/2503/851 Q1 - office supplies exp,Staples,True,12%,TRUE,Office Supplies,0,3282.652627183399,6
TXN0004852,2025-03-16,47829.83,INR, / CARD HCL Pvt Ltd TAXINV/2503/852 SUBS - it services exp,HCL Pvt Ltd,True,18%,TRUE,IT Services,0,48017.360082905456,6
TXN0004853,2025-03-16,9855.2,INR,#CARD Figma RCPT/2503/853 RENT - software exp,Figma,True,18%,TRUE,Software,0,8302.829469632114,6
TXN0004854,2025-03-16,4226.18,INR,rtgs indigo rcpt/2503/854 fy25 - travel exp- ref 2079,INDIGO,True,5%,FALSE,Travel,0,3431.2784136944692,6
TXN0004855,2025-03-16,3894.76,INR, / auto-debit figma india pvt ltd inv/2503/855 gst - software exp,FIGMA INDIA PVT LTD,True,18%,TRUE,Software,0,3483.9618143360517,6
TXN0004856,2025-03-16,5663.09,INR, / rtgs office depot pvt ltd inv/2503/856 fy24 - office supplies exp- ref 6768,OFFICE DEPOT Pvt Ltd,True,12%,TRUE,Office Supplies,0,5592.257906395413,6
TXN0004857,2025-03-16,2261.41,INR,#AUTO-DEBIT ZOM.ato INV/2503/857 GST - meals exp,ZOM.ato,True,5%,FALSE,Meals,0,1966.6572135630927,6
TXN0004858,2025-03-17,16076.96,INR,-CARD SIMPLILEARN Pvt Ltd RCPT/2503/858 TDS - training exp /  ref 7626,SIMPLILEARN Pvt Ltd,True,18%,unknown,Training,0,17602.363019945038,0
TXN0004859,2025-03-17,8243.99,INR, rtgs kse.b rcpt/2503/859 q2 - utilities exp* ref 1502,KSE.b,True,18%,TRUE,Utilities,0,8351.730725478412,0
TXN0004860,2025-03-17,14052.31,INR, / IMPS KSEB INDIA PVT LTD RCPT/2503/860 Q2 - utilities exp* ref 5712,KSEB INDIA PVT LTD,True,18%,TRUE,Utilities,0,13853.43362407041,0
TXN0004861,2025-03-17,104853.96,INR,NEFT Awfis TAXINV/2503/861 Q2 - rent exp,Awfis,True,18%,TRUE,Rent,0,99865.0563546128,0
TXN0004862,2025-03-17,4706.23,INR,RTGS SWIGGY INV/2503/862 FY25 - meals exp,SWIGGY,True,5%,FALSE,Meals,0,4317.442696123327,0
TXN0004863,2025-03-17,5572.17,INR,*imps zomato bill/2503/863 rent - meals exp* ref 4812,ZOMATO,True,5%,FALSE,Meals,0,5189.354064407745,0
TXN0004864,2025-03-17,79629.18,INR,UPI INDIQUBE Pvt Ltd TAXINV/2503/864 TDS - rent exp,INDIQUBE Pvt Ltd,True,18%,TRUE,Rent,0,68874.8136015259,0
TXN0004865,2025-03-17,4969.66,INR,NEFT Indigo BILL/2503/865 SUBS - travel exp,Indigo,True,5%,FALSE,Travel,0,4931.954468638866,0
TXN0004866,2025-03-17,6405.89,INR,#CARD AIRTEL TAXINV/2503/866 FY24 - utilities exp! ref 6205,AIRTEL,True,18%,TRUE,Utilities,0,5326.710481372126,0
TXN0004867,2025-03-17,103487.99,INR,RTGS AWFIS INDIA PVT LTD BILL/2503/867 FY25 - rent exp,AWFIS INDIA PVT LTD,True,18%,TRUE,Rent,0,105463.74673414193,0
TXN0004868,2025-03-17,22048.3,INR, / RTGS SIM.plilearn RCPT/2503/868 SUBS - training exp,SIM.plilearn,True,18%,unknown,Training,0,21968.197185470002,0
TXN0004869,2025-03-17,17766.32,INR, / AUTO-DEBIT KSEB INV/2503/869 FY24 - utilities exp,KSEB,True,18%,TRUE,Utilities,0,18027.369953043337,0
TXN0004870,2025-03-17,51041.75,INR,-NEFT WEWORK INDIA PVT LTD BILL/2503/870 ADV - rent exp,WEWORK INDIA PVT LTD,True,18%,TRUE,Rent,0,48376.699093593204,0
TXN0004871,2025-03-17,86860.79,INR, neft awfis pvt ltd taxinv/2503/871 rent - rent exp! ref 4770,AWFIS Pvt Ltd,True,18%,TRUE,Rent,0,113586.64224735709,0
TXN0004872,2025-03-17,3298.42,INR, IMPS ZOMATO INV/2503/872 TDS - meals exp,ZOMATO,True,5%,FALSE,Meals,0,3747.0433487472746,0
TXN0004873,2025-03-17,7128.77,INR,neft office depot bill/2503/873 subs - office supplies exp,OFFICE DEPOT,True,12%,TRUE,Office Supplies,0,6241.564276167103,0
TXN0004874,2025-03-17,8774.47,INR,AUTO-DEBIT BESCOM INV/2503/874 Q1 - utilities exp,BESCOM,True,18%,TRUE,Utilities,0,8978.799404708469,0
TXN0004875,2025-03-17,26650.25,INR,#UPI HCL RCPT/2503/875 Q1 - it services exp! ref 1489,HCL,True,18%,TRUE,IT Services,0,25029.89842891846,0
TXN0004876,2025-03-18,3915.85,INR,-NEFT OFF.ice depot RCPT/2503/876 ADV - office supplies exp,OFF.ice depot,True,12%,TRUE,Office Supplies,0,3518.5949562172773,1
TXN0004877,2025-03-18,17093.19,INR,!IMPS Airtel TAXINV/2503/877 Q2 - utilities exp,Airtel,True,18%,TRUE,Utilities,0,14802.579347458506,1
TXN0004878,2025-03-18,46109.23,INR,auto-debit infy bill/2503/878 fy25 - it services exp,Infy,True,18%,TRUE,IT Services,0,48102.14788040573,1
TXN0004879,2025-03-18,5098.16,INR,-IMPS STAPLES INDIA PVT LTD TAXINV/2503/879 FY25 - office supplies exp* ref 6004,STAPLES INDIA PVT LTD,True,12%,TRUE,Office Supplies,0,4750.78145407777,1
TXN0004880,2025-03-18,4271.53,INR,rtgs office depot india pvt ltd bill/2503/880 q2 - office supplies exp,OFFICE DEPOT INDIA PVT LTD,True,12%,TRUE,Office Supplies,0,4684.939789640438,1
TXN0004881,2025-03-18,2648.08,INR,auto-debit kfc bill/2503/881 fy24 - meals exp,Kfc,True,5%,FALSE,Meals,0,2911.2414806653765,1
TXN0004882,2025-03-18,63730.39,INR,NEFT INDIQUBE Pvt Ltd RCPT/2503/882 FY25 - rent exp,INDIQUBE Pvt Ltd,True,18%,TRUE,Rent,0,72486.3999596136,1
TXN0004883,2025-03-18,27949.24,INR,AUTO-DEBIT TECHM BILL/2503/883 GST - it services exp,TECHM,True,18%,TRUE,IT Services,0,25566.883770217104,1
TXN0004884,2025-03-18,16717.68,INR,!CARD JIO.fiber TAXINV/2503/884 FY24 - utilities exp,JIO.fiber,True,18%,TRUE,Utilities,0,17512.381016255364,1
TXN0004885,2025-03-18,15900.31,INR,CARD SIM.plilearn INV/2503/885 TDS - training exp,SIM.plilearn,True,18%,unknown,Training,0,16905.931810541973,1
TXN0004886,2025-03-18,10185.92,INR,upi figma pvt ltd inv/2503/886 fy24 - software exp! ref 7858,FIGMA Pvt Ltd,True,18%,TRUE,Software,0,9702.925904264503,1
TXN0004887,2025-03-18,45791.64,INR,-auto-debit awfis taxinv/2503/887 q2 - rent exp /  ref 4342,Awfis,True,18%,TRUE,Rent,0,42257.56963649701,1
TXN0004888,2025-03-18,40046.49,INR,card infy pvt ltd rcpt/2503/888 adv - it services exp,INFY Pvt Ltd,True,18%,TRUE,IT Services,0,46492.05532467908,1
TXN0004889,2025-03-18,78706.85,INR,card wework rcpt/2503/889 fy25 - rent exp* ref 7707,WEWORK,True,18%,TRUE,Rent,0,80497.39837668615,1
TXN0004890,2025-03-18,16834.0,INR,!card mic.rosoft rcpt/2503/890 fy24 - software exp* ref 5845,MIC.rosoft,True,18%,TRUE,Software,0,17904.588111548142,1
TXN0004891,2025-03-18,11312.11,INR, IMPS BESCOM TAXINV/2503/891 ADV - utilities exp,BESCOM,True,18%,TRUE,Utilities,0,10382.168572584118,1
TXN0004892,2025-03-18,5088.82,INR,#rtgs ola rcpt/2503/892 gst - travel exp- ref 2162,OLA,True,5%,FALSE,Travel,0,4468.348082107253,1
TXN0004893,2025-03-19,26198.07,INR,CARD INFY INV/2503/893 SUBS - it services exp,INFY,True,18%,TRUE,IT Services,0,24706.22149463715,2
TXN0004894,2025-03-19,20415.38,INR,#auto-debit kseb rcpt/2503/894 fy24 - utilities exp,Kseb,True,18%,TRUE,Utilities,0,20162.1856248306,2
TXN0004895,2025-03-19,5603.12,INR,-upi staples inv/2503/895 fy24 - office supplies exp- ref 6953,Staples,True,12%,TRUE,Office Supplies,0,5006.824759540157,2
TXN0004896,2025-03-19,38167.2,INR,!card awfis bill/2503/896 q1 - rent exp,AWFIS,True,18%,TRUE,Rent,0,38129.62512192791,2
TXN0004897,2025-03-19,4700.1,INR,AUTO-DEBIT ZOM.ato BILL/2503/897 Q2 - meals exp,ZOM.ato,True,5%,FALSE,Meals,0,3906.485676555925,2
TXN0004898,2025-03-19,35913.4,INR, / NEFT Wipro TAXINV/2503/898 GST - it services exp* ref 4138,Wipro,True,18%,TRUE,IT Services,0,31890.92888978705,2
TXN0004899,2025-03-19,6037.84,INR,-auto-debit microsoft rcpt/2503/899 fy24 - software exp,MICROSOFT,True,18%,TRUE,Software,0,6442.925477129605,2
TXN0004900,2025-03-19,48415.75,INR,*auto-debit wipro pvt ltd rcpt/2503/900 tds - it services exp /  ref 7458,WIPRO Pvt Ltd,True,18%,TRUE,IT Services,0,51339.047088214444,2
TXN0004901,2025-03-19,3067.86,INR,*upi ube.r bill/2503/901 tds - travel exp,UBE.r,True,5%,FALSE,Travel,0,2947.637694654025,2
TXN0004902,2025-03-20,18551.73,INR,NEFT JIO.fiber TAXINV/2503/902 ADV - utilities exp,JIO.fiber,True,18%,TRUE,Utilities,0,16663.601133436783,3
TXN0004903,2025-03-20,53128.45,INR,*IMPS INFY BILL/2503/903 RENT - it services exp* ref 9462,INFY,True,18%,TRUE,IT Services,0,47670.01417829278,3
TXN0004904,2025-03-20,4070.45,INR,RTGS RAP.ido TAXINV/2503/904 ADV - travel exp  ref 3657,RAP.ido,True,5%,FALSE,Travel,0,3918.5130268308176,3
TXN0004905,2025-03-20,4941.81,INR,#NEFT INDIGO INDIA PVT LTD BILL/2503/905 SUBS - travel exp,INDIGO INDIA PVT LTD,True,5%,FALSE,Travel,0,5260.318792719762,3
TXN0004906,2025-03-20,62767.65,INR, imps awfis rcpt/2503/906 q1 - rent exp* ref 7505,Awfis,True,18%,TRUE,Rent,0,68594.03006683086,3
TXN0004907,2025-03-20,31731.34,INR,!rtgs wipro taxinv/2503/907 q1 - it services exp,WIPRO,True,18%,TRUE,IT Services,0,30155.778268063157,3
TXN0004908,2025-03-20,55564.17,INR,CARD INFY Pvt Ltd TAXINV/2503/908 RENT - it services exp,INFY Pvt Ltd,True,18%,TRUE,IT Services,0,49154.88507488691,3
TXN0004909,2025-03-20,91629.63,INR,*UPI TECHM TAXINV/2503/909 TDS - it services exp- ref 4396,TECHM,True,18%,TRUE,IT Services,0,94083.87134355462,3
TXN0004910,2025-03-20,15169.97,INR,!upi bescom taxinv/2503/910 q1 - utilities exp,BESCOM,True,18%,TRUE,Utilities,0,13920.669920165497,3
TXN0004911,2025-03-20,54349.69,INR,-card indiqube pvt ltd rcpt/2503/911 subs - rent exp,INDIQUBE Pvt Ltd,True,18%,TRUE,Rent,0,51533.002973621165,3
TXN0004912,2025-03-20,39947.71,INR,auto-debit wipro bill/2503/912 subs - it services exp,Wipro,True,18%,TRUE,IT Services,0,45241.88449307125,3
TXN0004913,2025-03-20,6256.63,INR, upi staples pvt ltd bill/2503/913 q1 - office supplies exp,STAPLES Pvt Ltd,True,12%,TRUE,Office Supplies,0,6774.125520382744,3
TXN0004914,2025-03-20,11681.65,INR,upi airtel pvt ltd rcpt/2503/914 q1 - utilities exp,AIRTEL Pvt Ltd,True,18%,TRUE,Utilities,0,11866.190062471218,3
TXN0004915,2025-03-20,43997.5,INR,neft tec.hm bill/2503/915 tds - it services exp,TEC.hm,True,18%,TRUE,IT Services,0,38401.3743748543,3
TXN0004916,2025-03-20,6168.06,INR,#rtgs rapido taxinv/2503/916 q1 - travel exp,RAPIDO,True,5%,FALSE,Travel,0,6298.450671195307,3
TXN0004917,2025-03-20,27391.55,INR,!imps kse.b inv/2503/917 rent - utilities exp,KSE.b,True,18%,TRUE,Utilities,0,30302.3330313471,3
TXN0004918,2025-03-21,14411.54,INR,AUTO-DEBIT CAN.va BILL/2503/918 TDS - software exp# ref 7467,CAN.va,True,18%,TRUE,Software,0,13870.194040047336,4
TXN0004919,2025-03-21,6006.01,INR,rtgs sta.ples bill/2503/919 rent - office supplies exp,STA.ples,True,12%,TRUE,Office Supplies,0,6817.490473560112,4
TXN0004920,2025-03-21,9503.44,INR,-upi airtel bill/2503/920 fy24 - utilities exp! ref 4807,AIRTEL,True,18%,TRUE,Utilities,0,10731.99272942189,4
TXN0004921,2025-03-21,85872.87,INR,-rtgs indiqube taxinv/2503/921 fy25 - rent exp,Indiqube,True,18%,TRUE,Rent,0,100159.82132093883,4
TXN0004922,2025-03-21,7052.47,INR,-auto-debit ikea bill/2503/922 adv - office supplies exp,IKEA,True,12%,TRUE,Office Supplies,0,7267.741799256858,4
TXN0004923,2025-03-21,85882.01,INR,RTGS AWFIS INDIA PVT LTD RCPT/2503/923 RENT - rent exp# ref 1429,AWFIS INDIA PVT LTD,True,18%,TRUE,Rent,0,90926.6479836657,4
TXN0004924,2025-03-21,8663.38,INR,UPI UBER INDIA PVT LTD INV/2503/924 Q1 - travel exp,UBER INDIA PVT LTD,True,5%,FALSE,Travel,0,9888.544186998179,4
TXN0004925,2025-03-21,3393.46,INR,imps swi.ggy rcpt/2503/925 gst - meals exp,SWI.ggy,True,5%,FALSE,Meals,0,3545.281342968609,4
TXN0004926,2025-03-21,16500.56,INR, / UPI JIO.fiber RCPT/2503/926 GST - utilities exp* ref 2075,JIO.fiber,True,18%,TRUE,Utilities,0,15673.495653036114,4
TXN0004927,2025-03-21,29312.86,INR,NEFT WIP.ro TAXINV/2503/927 GST - it services exp,WIP.ro,True,18%,TRUE,IT Services,0,27998.05266288559,4
TXN0004928,2025-03-21,5788.26,INR,#imps staples rcpt/2503/928 tds - office supplies exp,STAPLES,True,12%,TRUE,Office Supplies,0,5926.341809673039,4
TXN0004929,2025-03-21,1842.51,INR, / NEFT GOVT FEES RCPT/2503/929 FY25 - exempt services exp- ref 9340,GOVT FEES,False,exempt,FALSE,Exempt Services,0,1604.722767444987,4
TXN0004930,2025-03-22,5837.54,INR,card uber rcpt/2503/930 rent - travel exp,UBER,True,5%,FALSE,Travel,0,4603.129628096393,5
TXN0004931,2025-03-22,21162.3,INR, / AUTO-DEBIT HCL INDIA PVT LTD INV/2503/931 SUBS - it services exp,HCL INDIA PVT LTD,True,18%,TRUE,IT Services,0,18786.276726409928,5
TXN0004932,2025-03-22,22538.68,INR,*CARD AIRTEL TAXINV/2503/932 Q2 - utilities exp,AIRTEL,True,18%,TRUE,Utilities,0,14079.906451985447,5
TXN0004933,2025-03-22,15891.36,INR,CARD KSEB INDIA PVT LTD BILL/2503/933 Q1 - utilities exp,KSEB INDIA PVT LTD,True,18%,TRUE,Utilities,0,14663.888599453865,5
TXN0004934,2025-03-22,8952.65,INR,*neft jiofiber taxinv/2503/934 fy25 - utilities exp,JIOFIBER,True,18%,TRUE,Utilities,0,7965.977883925828,5
TXN0004935,2025-03-22,4798.7,INR,imps ikea india pvt ltd taxinv/2503/935 q1 - office supplies exp,IKEA INDIA PVT LTD,True,12%,TRUE,Office Supplies,0,3662.458203041144,5
TXN0004936,2025-03-22,16159.48,INR,*imps coursera rcpt/2503/936 rent - training exp,COURSERA,True,18%,unknown,Training,0,13630.057057214239,5
TXN0004937,2025-03-22,8815.56,INR,card can.va bill/2503/937 fy25 - software exp- ref 8662,CAN.va,True,18%,TRUE,Software,0,7054.667918032507,5
TXN0004938,2025-03-22,4271.47,INR,card staples india pvt ltd rcpt/2503/938 fy24 - office supplies exp,STAPLES INDIA PVT LTD,True,12%,TRUE,Office Supplies,0,3837.4853567259825,5
TXN0004939,2025-03-22,9414.18,INR,#upi jio.fiber rcpt/2503/939 gst - utilities exp,JIO.fiber,True,18%,TRUE,Utilities,0,8271.436479120155,5
TXN0004940,2025-03-23,6824.04,INR, / NEFT OFF.ice depot TAXINV/2503/940 RENT - office supplies exp* ref 4018,OFF.ice depot,True,12%,TRUE,Office Supplies,0,4694.900910573618,6
TXN0004941,2025-03-23,6928.94,INR, / upi ikea pvt ltd bill/2503/941 subs - office supplies exp,IKEA Pvt Ltd,True,12%,TRUE,Office Supplies,0,5868.680482171877,6
TXN0004942,2025-03-23,36588.28,INR,-RTGS HCL TAXINV/2503/942 GST - it services exp,HCL,True,18%,TRUE,IT Services,0,28668.738441208145,6
TXN0004943,2025-03-23,3024.77,INR,RTGS INDIGO INDIA PVT LTD BILL/2503/943 SUBS - travel exp,INDIGO INDIA PVT LTD,True,5%,FALSE,Travel,0,2439.859957946083,6
TXN0004944,2025-03-23,7398.7,INR,neft rapido rcpt/2503/944 tds - travel exp,RAPIDO,True,5%,FALSE,Travel,0,5487.95796450357,6
TXN0004945,2025-03-23,6900.56,INR,IMPS ADO.be BILL/2503/945 GST - software exp,ADO.be,True,18%,TRUE,Software,0,6485.497978695398,6
TXN0004946,2025-03-23,3820.3,INR,-NEFT OLA Pvt Ltd BILL/2503/946 ADV - travel exp- ref 6639,OLA Pvt Ltd,True,5%,FALSE,Travel,0,3374.107853645905,6
TXN0004947,2025-03-23,11171.69,INR,#CARD JIO.fiber BILL/2503/947 GST - utilities exp,JIO.fiber,True,18%,TRUE,Utilities,0,8276.192470812388,6
TXN0004948,2025-03-23,77840.69,INR, IMPS AWFIS INDIA PVT LTD INV/2503/948 ADV - rent exp,AWFIS INDIA PVT LTD,True,18%,TRUE,Rent,0,53961.59115814311,6
TXN0004949,2025-03-23,109813.93,INR,-upi awfis taxinv/2503/949 subs - rent exp,Awfis,True,18%,TRUE,Rent,0,84462.96581591062,6
TXN0004950,2025-03-23,76330.92,INR,card indiqube india pvt ltd taxinv/2503/950 adv - rent exp,INDIQUBE INDIA PVT LTD,True,18%,TRUE,Rent,0,63718.0149374867,6
TXN0004951,2025-03-23,5921.14,INR,CARD RAPIDO INDIA PVT LTD INV/2503/951 Q1 - travel exp! ref 4753,RAPIDO INDIA PVT LTD,True,5%,FALSE,Travel,0,4850.6953944659,6
TXN0004952,2025-03-23,6362.66,INR,IMPS Adobe TAXINV/2503/952 Q2 - software exp /  ref 2829,Adobe,True,18%,TRUE,Software,0,5727.988647907194,6
TXN0004953,2025-03-23,5748.61,INR,-IMPS STAPLES INDIA PVT LTD INV/2503/953 RENT - office supplies exp- ref 9701,STAPLES INDIA PVT LTD,True,12%,TRUE,Office Supplies,0,4962.163233130085,6
TXN0004954,2025-03-23,10336.74,INR,!NEFT MICROSOFT INDIA PVT LTD INV/2503/954 FY24 - software exp,MICROSOFT INDIA PVT LTD,True,18%,TRUE,Software,0,9071.166634500889,6
TXN0004955,2025-03-23,33723.25,INR,UPI HCL INDIA PVT LTD INV/2503/955 Q1 - it services exp,HCL INDIA PVT LTD,True,18%,TRUE,IT Services,0,27860.410111090874,6
TXN0004956,2025-03-24,3111.96,INR, upi swi.ggy taxinv/2503/956 gst - meals exp,SWI.ggy,True,5%,FALSE,Meals,0,2679.6157923532605,0
TXN0004957,2025-03-24,18949.22,INR,RTGS TCS INV/2503/957 Q2 - it services exp,TCS,True,18%,TRUE,IT Services,0,18578.38654796205,0
TXN0004958,2025-03-24,7682.03,INR,AUTO-DEBIT Uber RCPT/2503/958 FY25 - travel exp,Uber,True,5%,FALSE,Travel,0,8496.394118467057,0
TXN0004959,2025-03-24,4686.86,INR, / UPI SWI.ggy BILL/2503/959 GST - meals exp,SWI.ggy,True,5%,FALSE,Meals,0,4662.711924721497,0
TXN0004960,2025-03-24,5315.62,INR,-auto-debit office depot pvt ltd bill/2503/960 q2 - office supplies exp,OFFICE DEPOT Pvt Ltd,True,12%,TRUE,Office Supplies,0,5583.043722526376,0
TXN0004961,2025-03-24,4749.41,INR,RTGS INDIGO Pvt Ltd TAXINV/2503/961 TDS - travel exp,INDIGO Pvt Ltd,True,5%,FALSE,Travel,0,4598.023356408686,0
TXN0004962,2025-03-24,31659.68,INR,*rtgs tec.hm taxinv/2503/962 adv - it services exp! ref 8543,TEC.hm,True,18%,TRUE,IT Services,0,28399.32864149567,0
TXN0004963,2025-03-24,27477.19,INR,*RTGS INFY TAXINV/2503/963 RENT - it services exp* ref 9000,INFY,True,18%,TRUE,IT Services,0,27138.275171683286,0
TXN0004964,2025-03-24,10901.71,INR,neft canva taxinv/2503/964 tds - software exp,CANVA,True,18%,TRUE,Software,0,11238.62456001835,0
TXN0004965,2025-03-24,11224.46,INR,UPI JIOFIBER TAXINV/2503/965 RENT - utilities exp,JIOFIBER,True,18%,TRUE,Utilities,0,10488.48594204138,0
TXN0004966,2025-03-24,4726.6,INR,CARD OFFICE DEPOT TAXINV/2503/966 SUBS - office supplies exp,OFFICE DEPOT,True,12%,TRUE,Office Supplies,0,4615.188723006047,0
TXN0004967,2025-03-24,2785.26,INR,#AUTO-DEBIT ZOM.ato BILL/2503/967 SUBS - meals exp,ZOM.ato,True,5%,FALSE,Meals,0,2523.5950610626123,0
TXN0004968,2025-03-24,11251.65,INR,auto-debit ike.a bill/2503/968 fy25 - office supplies exp,IKE.a,True,12%,TRUE,Office Supplies,0,12510.985207671005,0
TXN0004969,2025-03-24,7814.97,INR, upi rapido bill/2503/969 adv - travel exp,RAPIDO,True,5%,FALSE,Travel,0,7584.853708812225,0
TXN0004970,2025-03-24,6403.14,INR, / CARD OFFICE DEPOT Pvt Ltd RCPT/2503/970 FY25 - office supplies exp,OFFICE DEPOT Pvt Ltd,True,12%,TRUE,Office Supplies,0,7333.359714121927,0
TXN0004971,2025-03-25,68204.59,INR,AUTO-DEBIT AWFIS INV/2503/971 Q1 - rent exp,AWFIS,True,18%,TRUE,Rent,0,78631.35203595238,1
TXN0004972,2025-03-25,28533.03,INR,upi infy taxinv/2503/972 q1 - it services exp! ref 7438,Infy,True,18%,TRUE,IT Services,0,28301.78130572155,1
TXN0004973,2025-03-25,9574.92,INR,RTGS JIO.fiber TAXINV/2503/973 SUBS - utilities exp! ref 1664,JIO.fiber,True,18%,TRUE,Utilities,0,8609.338406175773,1
TXN0004974,2025-03-25,44470.81,INR,auto-debit wipro pvt ltd bill/2503/974 gst - it services exp,WIPRO Pvt Ltd,True,18%,TRUE,IT Services,0,35194.65317999175,1
TXN0004975,2025-03-25,28864.41,INR,IMPS TCS BILL/2503/975 FY25 - it services exp  ref 1701,TCS,True,18%,TRUE,IT Services,0,24615.461838895473,1
TXN0004976,2025-03-25,20551.19,INR,neft infy rcpt/2503/976 fy24 - it services exp,Infy,True,18%,TRUE,IT Services,0,17727.79594848909,1
TXN0004977,2025-03-25,26093.63,INR,auto-debit simplilearn rcpt/2503/977 subs - training exp /  ref 4377,SIMPLILEARN,True,18%,unknown,Training,0,29690.557642521835,1
TXN0004978,2025-03-25,5754.51,INR, / UPI KSEB Pvt Ltd RCPT/2503/978 SUBS - utilities exp,KSEB Pvt Ltd,True,18%,TRUE,Utilities,0,5821.161374544334,1
TXN0004979,2025-03-25,7382.75,INR,!IMPS FIGMA INDIA PVT LTD TAXINV/2503/979 FY25 - software exp,FIGMA INDIA PVT LTD,True,18%,TRUE,Software,0,7670.385280024013,1
TXN0004980,2025-03-25,44430.09,INR,IMPS INDIQUBE INDIA PVT LTD RCPT/2503/980 RENT - rent exp! ref 1374,INDIQUBE INDIA PVT LTD,True,18%,TRUE,Rent,0,34564.73947351215,1
TXN0004981,2025-03-25,10793.81,INR,-CARD JIOFIBER INDIA PVT LTD INV/2503/981 Q2 - utilities exp,JIOFIBER INDIA PVT LTD,True,18%,TRUE,Utilities,0,9500.747797665043,1
TXN0004982,2025-03-25,17475.49,INR,neft jio.fiber rcpt/2503/982 tds - utilities exp,JIO.fiber,True,18%,TRUE,Utilities,0,19025.705376248934,1
TXN0004983,2025-03-25,10819.18,INR,NEFT FIGMA RCPT/2503/983 ADV - software exp- ref 3456,FIGMA,True,18%,TRUE,Software,0,11129.446074120744,1
TXN0004984,2025-03-25,7090.94,INR,!upi kseb rcpt/2503/984 q1 - utilities exp,KSEB,True,18%,TRUE,Utilities,0,6986.557620115715,1
TXN0004985,2025-03-25,37376.98,INR, RTGS WIPRO INDIA PVT LTD INV/2503/985 Q1 - it services exp! ref 4983,WIPRO INDIA PVT LTD,True,18%,TRUE,IT Services,0,39488.19015405496,1
TXN0004986,2025-03-25,13141.72,INR,CARD Office Depot RCPT/2503/986 FY25 - office supplies exp# ref 8417,Office Depot,True,12%,TRUE,Office Supplies,0,15291.439674485115,1
TXN0004987,2025-03-25,4030.9,INR,AUTO-DEBIT IND.igo RCPT/2503/987 GST - travel exp* ref 6009,IND.igo,True,5%,FALSE,Travel,0,3941.79999337285,1
TXN0004988,2025-03-26,23784.87,INR,UPI TEC.hm TAXINV/2503/988 Q1 - it services exp,TEC.hm,True,18%,TRUE,IT Services,0,23949.865173814786,2
TXN0004989,2025-03-26,4015.72,INR,auto-debit ola rcpt/2503/989 fy24 - travel exp  ref 3785,OLA,True,5%,FALSE,Travel,0,4093.0615298487673,2
TXN0004990,2025-03-26,3074.32,INR,!imps ola taxinv/2503/990 tds - travel exp,OLA,True,5%,FALSE,Travel,0,3809.7310493915547,2
TXN0004991,2025-03-26,6408.22,INR, AUTO-DEBIT Rapido RCPT/2503/991 TDS - travel exp# ref 8782,Rapido,True,5%,FALSE,Travel,0,5062.906319922471,2
TXN0004992,2025-03-26,8425.05,INR,#upi off.ice depot bill/2503/992 tds - office supplies exp,OFF.ice depot,True,12%,TRUE,Office Supplies,0,9000.668806074644,2
TXN0004993,2025-03-26,5860.73,INR,imps ola bill/2503/993 fy24 - travel exp! ref 8223,OLA,True,5%,FALSE,Travel,0,5793.447501663029,2
TXN0004994,2025-03-26,94372.31,INR,-AUTO-DEBIT WEWORK BILL/2503/994 Q2 - rent exp* ref 7062,WEWORK,True,18%,TRUE,Rent,0,99721.06570426884,2
TXN0004995,2025-03-26,2567.98,INR, auto-debit roc fees pvt ltd rcpt/2503/995 subs - exempt services exp,ROC FEES Pvt Ltd,False,exempt,FALSE,Exempt Services,0,2399.168042879263,2
TXN0004996,2025-03-26,31974.57,INR,-IMPS Tcs BILL/2503/996 TDS - it services exp /  ref 2118,Tcs,True,18%,TRUE,IT Services,0,31818.006419326433,2
TXN0004997,2025-03-26,37106.06,INR,UPI WIPRO BILL/2503/997 SUBS - it services exp,WIPRO,True,18%,TRUE,IT Services,0,39745.82436462814,2
TXN0004998,2025-03-26,52853.08,INR,UPI WEW.ork INV/2503/998 TDS - rent exp,WEW.ork,True,18%,TRUE,Rent,0,69305.76918885863,2
TXN0004999,2025-03-26,110203.66,INR, IMPS WEWORK BILL/2503/999 Q2 - rent exp* ref 8181,WEWORK,True,18%,TRUE,Rent,0,119108.51454845614,2
TXN0005000,2025-03-27,4027.36,INR,card ube.r bill/2503/000 subs - travel exp# ref 3857,UBE.r,True,5%,FALSE,Travel,0,3685.8134533115854,3
